run_id,date,strategy,symbol,trade_id,option_pnl,hedge_pnl,total_pnl,cum_pnl,margin_used,max_risk,vix_close,iv_current,hv_current
sim_2019-02-09_2026-05-21_29c06ed80e5a,2019-05-10,short_straddle,SPY,short_straddle_SPY_000001,-2.461,0.0,-2.461,-2.461,4840.000122,4840.000122,16.040000915527344,0.1398,0.0878
sim_2019-02-09_2026-05-21_29c06ed80e5a,2019-05-10,put_credit_spread,SPY,put_credit_spread_SPY_000002,-2.0945,0.0,-2.0945,-4.5555,1261.0,1261.0,16.040000915527344,0.1398,0.0878
sim_2019-02-09_2026-05-21_29c06ed80e5a,2019-05-13,short_straddle,SPY,short_straddle_SPY_000001,0.0,-0.98301,-0.98301,-5.53851,4840.000122,4840.000122,20.549999237060547,,
sim_2019-02-09_2026-05-21_29c06ed80e5a,2019-05-13,put_credit_spread,SPY,put_credit_spread_SPY_000002,0.0,0.0,0.0,-5.53851,1261.0,1261.0,20.549999237060547,,
sim_2019-02-09_2026-05-21_29c06ed80e5a,2019-05-14,short_straddle,SPY,short_straddle_SPY_000001,0.0,17.78006,17.78006,12.24155,4840.000122,4840.000122,18.059999465942383,,
sim_2019-02-09_2026-05-21_29c06ed80e5a,2019-05-14,put_credit_spread,SPY,put_credit_spread_SPY_000002,0.0,0.0,0.0,12.24155,1261.0,1261.0,18.059999465942383,,
sim_2019-02-09_2026-05-21_29c06ed80e5a,2019-05-15,short_straddle,SPY,short_straddle_SPY_000001,0.0,11.620026,11.620026,23.861576,4840.000122,4840.000122,16.440000534057617,,
sim_2019-02-09_2026-05-21_29c06ed80e5a,2019-05-15,put_credit_spread,SPY,put_credit_spread_SPY_000002,0.0,0.0,0.0,23.861576,1261.0,1261.0,16.440000534057617,,
sim_2019-02-09_2026-05-21_29c06ed80e5a,2019-05-16,short_straddle,SPY,short_straddle_SPY_000001,0.0,18.480103,18.480103,42.341678,4840.000122,4840.000122,15.289999961853027,,
sim_2019-02-09_2026-05-21_29c06ed80e5a,2019-05-16,put_credit_spread,SPY,put_credit_spread_SPY_000002,0.0,0.0,0.0,42.341678,1261.0,1261.0,15.289999961853027,,
sim_2019-02-09_2026-05-21_29c06ed80e5a,2019-05-17,short_straddle,SPY,short_straddle_SPY_000001,0.0,-13.020111,-13.020111,29.321567,4840.000122,4840.000122,15.960000038146973,,
sim_2019-02-09_2026-05-21_29c06ed80e5a,2019-05-17,put_credit_spread,SPY,put_credit_spread_SPY_000002,0.0,0.0,0.0,29.321567,1261.0,1261.0,15.960000038146973,,
sim_2019-02-09_2026-05-21_29c06ed80e5a,2019-05-20,short_straddle,SPY,short_straddle_SPY_000001,0.0,-13.229889,-13.229889,16.091678,4840.000122,4840.000122,16.309999465942383,,
sim_2019-02-09_2026-05-21_29c06ed80e5a,2019-05-20,put_credit_spread,SPY,put_credit_spread_SPY_000002,0.0,0.0,0.0,16.091678,1261.0,1261.0,16.309999465942383,,
sim_2019-02-09_2026-05-21_29c06ed80e5a,2019-05-21,short_straddle,SPY,short_straddle_SPY_000001,0.0,17.919983,17.919983,34.011661,4840.000122,4840.000122,14.949999809265137,,
sim_2019-02-09_2026-05-21_29c06ed80e5a,2019-05-21,put_credit_spread,SPY,put_credit_spread_SPY_000002,0.0,0.0,0.0,34.011661,1261.0,1261.0,14.949999809265137,,
sim_2019-02-09_2026-05-21_29c06ed80e5a,2019-05-22,short_straddle,SPY,short_straddle_SPY_000001,0.0,-6.160034,-6.160034,27.851627,4840.000122,4840.000122,14.75,,
sim_2019-02-09_2026-05-21_29c06ed80e5a,2019-05-22,put_credit_spread,SPY,put_credit_spread_SPY_000002,0.0,0.0,0.0,27.851627,1261.0,1261.0,14.75,,
sim_2019-02-09_2026-05-21_29c06ed80e5a,2019-05-23,short_straddle,SPY,short_straddle_SPY_000001,0.0,-24.429932,-24.429932,3.421695,4840.000122,4840.000122,16.920000076293945,,
sim_2019-02-09_2026-05-21_29c06ed80e5a,2019-05-23,put_credit_spread,SPY,put_credit_spread_SPY_000002,0.0,0.0,0.0,3.421695,1261.0,1261.0,16.920000076293945,,
sim_2019-02-09_2026-05-21_29c06ed80e5a,2019-05-24,short_straddle,SPY,short_straddle_SPY_000001,0.0,4.479889,4.479889,7.901584,4840.000122,4840.000122,15.850000381469728,,
sim_2019-02-09_2026-05-21_29c06ed80e5a,2019-05-24,put_credit_spread,SPY,put_credit_spread_SPY_000002,0.0,0.0,0.0,7.901584,1261.0,1261.0,15.850000381469728,,
sim_2019-02-09_2026-05-21_29c06ed80e5a,2019-05-28,short_straddle,SPY,short_straddle_SPY_000001,0.0,-18.410034,-18.410034,-10.50845,4840.000122,4840.000122,17.5,,
sim_2019-02-09_2026-05-21_29c06ed80e5a,2019-05-28,put_credit_spread,SPY,put_credit_spread_SPY_000002,0.0,0.0,0.0,-10.50845,1261.0,1261.0,17.5,,
sim_2019-02-09_2026-05-21_29c06ed80e5a,2019-05-29,short_straddle,SPY,short_straddle_SPY_000001,0.0,-13.160034,-13.160034,-23.668484,4840.000122,4840.000122,17.899999618530273,,
sim_2019-02-09_2026-05-21_29c06ed80e5a,2019-05-29,put_credit_spread,SPY,put_credit_spread_SPY_000002,0.0,0.0,0.0,-23.668484,1261.0,1261.0,17.899999618530273,,
sim_2019-02-09_2026-05-21_29c06ed80e5a,2019-05-30,short_straddle,SPY,short_straddle_SPY_000001,0.0,5.320068,5.320068,-18.348416,4840.000122,4840.000122,17.299999237060547,,
sim_2019-02-09_2026-05-21_29c06ed80e5a,2019-05-30,put_credit_spread,SPY,put_credit_spread_SPY_000002,0.0,0.0,0.0,-18.348416,1261.0,1261.0,17.299999237060547,,
sim_2019-02-09_2026-05-21_29c06ed80e5a,2019-05-31,short_straddle,SPY,short_straddle_SPY_000001,0.0,-26.320068,-26.320068,-44.668484,4840.000122,4840.000122,18.709999084472656,,
sim_2019-02-09_2026-05-21_29c06ed80e5a,2019-05-31,put_credit_spread,SPY,put_credit_spread_SPY_000002,0.0,0.0,0.0,-44.668484,1261.0,1261.0,18.709999084472656,,
sim_2019-02-09_2026-05-21_29c06ed80e5a,2019-06-03,short_straddle,SPY,short_straddle_SPY_000001,0.0,-4.899872,-4.899872,-49.568356,4840.000122,4840.000122,18.86000061035156,,
sim_2019-02-09_2026-05-21_29c06ed80e5a,2019-06-03,put_credit_spread,SPY,put_credit_spread_SPY_000002,0.0,0.0,0.0,-49.568356,1261.0,1261.0,18.86000061035156,,
sim_2019-02-09_2026-05-21_29c06ed80e5a,2019-06-04,short_straddle,SPY,short_straddle_SPY_000001,0.0,41.71994,41.71994,-7.848416,4840.000122,4840.000122,16.969999313354492,,
sim_2019-02-09_2026-05-21_29c06ed80e5a,2019-06-04,put_credit_spread,SPY,put_credit_spread_SPY_000002,0.0,0.0,0.0,-7.848416,1261.0,1261.0,16.969999313354492,,
sim_2019-02-09_2026-05-21_29c06ed80e5a,2019-06-05,short_straddle,SPY,short_straddle_SPY_000001,-2.461,16.019589,13.558589,5.710173,4840.000122,4840.000122,16.09000015258789,,
sim_2019-02-09_2026-05-21_29c06ed80e5a,2019-06-05,put_credit_spread,SPY,put_credit_spread_SPY_000002,0.0,0.0,0.0,5.710173,1261.0,1261.0,16.09000015258789,,
sim_2019-02-09_2026-05-21_29c06ed80e5a,2019-06-06,put_credit_spread,SPY,put_credit_spread_SPY_000002,0.0,0.0,0.0,5.710173,1261.0,1261.0,15.93000030517578,,
sim_2019-02-09_2026-05-21_29c06ed80e5a,2019-06-07,put_credit_spread,SPY,put_credit_spread_SPY_000002,187.0,0.0,187.0,192.710173,1261.0,1261.0,16.299999237060547,,
sim_2019-02-09_2026-05-21_29c06ed80e5a,2020-01-06,short_straddle,SPY,short_straddle_SPY_000003,-2.39675,0.0,-2.39675,190.313423,5679.300293,5679.300293,13.850000381469728,0.1153,0.0766
sim_2019-02-09_2026-05-21_29c06ed80e5a,2020-01-06,put_credit_spread,SPY,put_credit_spread_SPY_000004,-2.0815,0.0,-2.0815,188.231923,1437.0,1437.0,13.850000381469728,0.1153,0.0766
sim_2019-02-09_2026-05-21_29c06ed80e5a,2020-01-07,short_straddle,SPY,short_straddle_SPY_000003,0.0,-0.161365,-0.161365,188.070558,5679.300293,5679.300293,13.789999961853027,,
sim_2019-02-09_2026-05-21_29c06ed80e5a,2020-01-07,put_credit_spread,SPY,put_credit_spread_SPY_000004,0.0,0.0,0.0,188.070558,1437.0,1437.0,13.789999961853027,,
sim_2019-02-09_2026-05-21_29c06ed80e5a,2020-01-08,short_straddle,SPY,short_straddle_SPY_000003,0.0,-1.720001,-1.720001,186.350557,5679.300293,5679.300293,13.449999809265137,0.1098,0.078
sim_2019-02-09_2026-05-21_29c06ed80e5a,2020-01-08,put_credit_spread,SPY,put_credit_spread_SPY_000004,0.0,0.0,0.0,186.350557,1437.0,1437.0,13.449999809265137,0.1098,0.078
sim_2019-02-09_2026-05-21_29c06ed80e5a,2020-01-09,short_straddle,SPY,short_straddle_SPY_000003,0.0,-2.199982,-2.199982,184.150575,5679.300293,5679.300293,12.539999961853027,,
sim_2019-02-09_2026-05-21_29c06ed80e5a,2020-01-09,put_credit_spread,SPY,put_credit_spread_SPY_000004,0.0,0.0,0.0,184.150575,1437.0,1437.0,12.539999961853027,,
sim_2019-02-09_2026-05-21_29c06ed80e5a,2020-01-10,short_straddle,SPY,short_straddle_SPY_000003,0.0,0.940002,0.940002,185.090577,5679.300293,5679.300293,12.5600004196167,0.1043,0.0782
sim_2019-02-09_2026-05-21_29c06ed80e5a,2020-01-10,put_credit_spread,SPY,put_credit_spread_SPY_000004,0.0,0.0,0.0,185.090577,1437.0,1437.0,12.5600004196167,0.1043,0.0782
sim_2019-02-09_2026-05-21_29c06ed80e5a,2020-01-13,short_straddle,SPY,short_straddle_SPY_000003,0.0,-2.240021,-2.240021,182.850557,5679.300293,5679.300293,12.31999969482422,0.1,0.0794
sim_2019-02-09_2026-05-21_29c06ed80e5a,2020-01-13,put_credit_spread,SPY,put_credit_spread_SPY_000004,0.0,0.0,0.0,182.850557,1437.0,1437.0,12.31999969482422,0.1,0.0794
sim_2019-02-09_2026-05-21_29c06ed80e5a,2020-01-14,short_straddle,SPY,short_straddle_SPY_000003,0.0,0.5,0.5,183.350557,5679.300293,5679.300293,12.390000343322754,,
sim_2019-02-09_2026-05-21_29c06ed80e5a,2020-01-14,put_credit_spread,SPY,put_credit_spread_SPY_000004,0.0,0.0,0.0,183.350557,1437.0,1437.0,12.390000343322754,,
sim_2019-02-09_2026-05-21_29c06ed80e5a,2020-01-15,short_straddle,SPY,short_straddle_SPY_000003,0.0,-0.73999,-0.73999,182.610566,5679.300293,5679.300293,12.420000076293944,0.1053,0.0727
sim_2019-02-09_2026-05-21_29c06ed80e5a,2020-01-15,put_credit_spread,SPY,put_credit_spread_SPY_000004,0.0,0.0,0.0,182.610566,1437.0,1437.0,12.420000076293944,0.1053,0.0727
sim_2019-02-09_2026-05-21_29c06ed80e5a,2020-01-16,short_straddle,SPY,short_straddle_SPY_000003,0.0,-2.730011,-2.730011,179.880555,5679.300293,5679.300293,12.31999969482422,,
sim_2019-02-09_2026-05-21_29c06ed80e5a,2020-01-16,put_credit_spread,SPY,put_credit_spread_SPY_000004,0.0,0.0,0.0,179.880555,1437.0,1437.0,12.31999969482422,,
sim_2019-02-09_2026-05-21_29c06ed80e5a,2020-01-17,short_straddle,SPY,short_straddle_SPY_000003,0.0,-1.029999,-1.029999,178.850557,5679.300293,5679.300293,12.100000381469728,0.098,0.0695
sim_2019-02-09_2026-05-21_29c06ed80e5a,2020-01-17,put_credit_spread,SPY,put_credit_spread_SPY_000004,0.0,0.0,0.0,178.850557,1437.0,1437.0,12.100000381469728,0.098,0.0695
sim_2019-02-09_2026-05-21_29c06ed80e5a,2020-01-21,short_straddle,SPY,short_straddle_SPY_000003,0.0,0.650024,0.650024,179.500581,5679.300293,5679.300293,12.850000381469728,,
sim_2019-02-09_2026-05-21_29c06ed80e5a,2020-01-21,put_credit_spread,SPY,put_credit_spread_SPY_000004,0.0,0.0,0.0,179.500581,1437.0,1437.0,12.850000381469728,,
sim_2019-02-09_2026-05-21_29c06ed80e5a,2020-01-22,short_straddle,SPY,short_straddle_SPY_000003,0.0,-0.040009,-0.040009,179.460572,5679.300293,5679.300293,12.90999984741211,0.1098,0.0674
sim_2019-02-09_2026-05-21_29c06ed80e5a,2020-01-22,put_credit_spread,SPY,put_credit_spread_SPY_000004,0.0,0.0,0.0,179.460572,1437.0,1437.0,12.90999984741211,0.1098,0.0674
sim_2019-02-09_2026-05-21_29c06ed80e5a,2020-01-23,short_straddle,SPY,short_straddle_SPY_000003,0.0,-0.380005,-0.380005,179.080568,5679.300293,5679.300293,12.979999542236328,,
sim_2019-02-09_2026-05-21_29c06ed80e5a,2020-01-23,put_credit_spread,SPY,put_credit_spread_SPY_000004,0.0,0.0,0.0,179.080568,1437.0,1437.0,12.979999542236328,,
sim_2019-02-09_2026-05-21_29c06ed80e5a,2020-01-24,short_straddle,SPY,short_straddle_SPY_000003,0.0,2.950012,2.950012,182.03058,5679.300293,5679.300293,14.5600004196167,0.1269,0.0725
sim_2019-02-09_2026-05-21_29c06ed80e5a,2020-01-24,put_credit_spread,SPY,put_credit_spread_SPY_000004,0.0,0.0,0.0,182.03058,1437.0,1437.0,14.5600004196167,0.1269,0.0725
sim_2019-02-09_2026-05-21_29c06ed80e5a,2020-01-27,short_straddle,SPY,short_straddle_SPY_000003,0.0,5.269989,5.269989,187.300569,5679.300293,5679.300293,18.229999542236328,0.1602,0.0887
sim_2019-02-09_2026-05-21_29c06ed80e5a,2020-01-27,put_credit_spread,SPY,put_credit_spread_SPY_000004,0.0,0.0,0.0,187.300569,1437.0,1437.0,18.229999542236328,0.1602,0.0887
sim_2019-02-09_2026-05-21_29c06ed80e5a,2020-01-28,short_straddle,SPY,short_straddle_SPY_000003,0.0,-3.390015,-3.390015,183.910554,5679.300293,5679.300293,16.280000686645508,,
sim_2019-02-09_2026-05-21_29c06ed80e5a,2020-01-28,put_credit_spread,SPY,put_credit_spread_SPY_000004,0.0,0.0,0.0,183.910554,1437.0,1437.0,16.280000686645508,,
sim_2019-02-09_2026-05-21_29c06ed80e5a,2020-01-29,short_straddle,SPY,short_straddle_SPY_000003,0.0,0.27002,0.27002,184.180574,5679.300293,5679.300293,16.389999389648438,0.1465,0.0904
sim_2019-02-09_2026-05-21_29c06ed80e5a,2020-01-29,put_credit_spread,SPY,put_credit_spread_SPY_000004,0.0,0.0,0.0,184.180574,1437.0,1437.0,16.389999389648438,0.1465,0.0904
sim_2019-02-09_2026-05-21_29c06ed80e5a,2020-01-30,short_straddle,SPY,short_straddle_SPY_000003,0.0,-1.059998,-1.059998,183.120576,5679.300293,5679.300293,15.489999771118164,,
sim_2019-02-09_2026-05-21_29c06ed80e5a,2020-01-30,put_credit_spread,SPY,put_credit_spread_SPY_000004,0.0,0.0,0.0,183.120576,1437.0,1437.0,15.489999771118164,,
sim_2019-02-09_2026-05-21_29c06ed80e5a,2020-01-31,short_straddle,SPY,short_straddle_SPY_000003,0.0,5.949982,5.949982,189.070558,5679.300293,5679.300293,18.84000015258789,0.1615,0.1049
sim_2019-02-09_2026-05-21_29c06ed80e5a,2020-01-31,put_credit_spread,SPY,put_credit_spread_SPY_000004,0.0,0.0,0.0,189.070558,1437.0,1437.0,18.84000015258789,0.1615,0.1049
sim_2019-02-09_2026-05-21_29c06ed80e5a,2020-02-03,short_straddle,SPY,short_straddle_SPY_000003,779.494489,-2.552044,776.942444,966.013002,5679.300293,5679.300293,17.969999313354492,0.1594,0.1069
sim_2019-02-09_2026-05-21_29c06ed80e5a,2020-02-03,put_credit_spread,SPY,put_credit_spread_SPY_000004,161.0,0.0,161.0,1127.013002,1437.0,1437.0,17.969999313354492,0.1594,0.1069
sim_2019-02-09_2026-05-21_29c06ed80e5a,2020-02-03,short_straddle,SPY,short_straddle_SPY_000005,-2.55125,0.0,-2.55125,1124.461752,5379.899902,5379.899902,17.969999313354492,0.1594,0.1069
sim_2019-02-09_2026-05-21_29c06ed80e5a,2020-02-03,put_credit_spread,SPY,put_credit_spread_SPY_000006,-2.12475,0.0,-2.12475,1122.337002,1450.5,1450.5,17.969999313354492,0.1594,0.1069
sim_2019-02-09_2026-05-21_29c06ed80e5a,2020-02-04,short_straddle,SPY,short_straddle_SPY_000005,0.0,-0.65812,-0.65812,1121.678882,5379.899902,5379.899902,16.049999237060547,,
sim_2019-02-09_2026-05-21_29c06ed80e5a,2020-02-04,put_credit_spread,SPY,put_credit_spread_SPY_000006,0.0,0.0,0.0,1121.678882,1450.5,1450.5,16.049999237060547,,
sim_2019-02-09_2026-05-21_29c06ed80e5a,2020-02-05,short_straddle,SPY,short_straddle_SPY_000005,0.0,15.199951,15.199951,1136.878833,5379.899902,5379.899902,15.149999618530272,0.1307,0.1186
sim_2019-02-09_2026-05-21_29c06ed80e5a,2020-02-05,put_credit_spread,SPY,put_credit_spread_SPY_000006,0.0,0.0,0.0,1136.878833,1450.5,1450.5,15.149999618530272,0.1307,0.1186
sim_2019-02-09_2026-05-21_29c06ed80e5a,2020-02-06,short_straddle,SPY,short_straddle_SPY_000005,0.0,4.480103,4.480103,1141.358936,5379.899902,5379.899902,14.960000038146973,,
sim_2019-02-09_2026-05-21_29c06ed80e5a,2020-02-06,put_credit_spread,SPY,put_credit_spread_SPY_000006,0.0,0.0,0.0,1141.358936,1450.5,1450.5,14.960000038146973,,
sim_2019-02-09_2026-05-21_29c06ed80e5a,2020-02-07,short_straddle,SPY,short_straddle_SPY_000005,0.0,-7.119995,-7.119995,1134.238941,5379.899902,5379.899902,15.470000267028809,0.1298,0.1203
sim_2019-02-09_2026-05-21_29c06ed80e5a,2020-02-07,put_credit_spread,SPY,put_credit_spread_SPY_000006,0.0,0.0,0.0,1134.238941,1450.5,1450.5,15.470000267028809,0.1298,0.1203
sim_2019-02-09_2026-05-21_29c06ed80e5a,2020-02-10,short_straddle,SPY,short_straddle_SPY_000005,0.0,9.919922,9.919922,1144.158863,5379.899902,5379.899902,15.039999961853027,0.1264,0.1211
sim_2019-02-09_2026-05-21_29c06ed80e5a,2020-02-10,put_credit_spread,SPY,put_credit_spread_SPY_000006,0.0,0.0,0.0,1144.158863,1450.5,1450.5,15.039999961853027,0.1264,0.1211
sim_2019-02-09_2026-05-21_29c06ed80e5a,2020-02-11,short_straddle,SPY,short_straddle_SPY_000005,0.0,2.320068,2.320068,1146.478931,5379.899902,5379.899902,15.18000030517578,,
sim_2019-02-09_2026-05-21_29c06ed80e5a,2020-02-11,put_credit_spread,SPY,put_credit_spread_SPY_000006,0.0,0.0,0.0,1146.478931,1450.5,1450.5,15.18000030517578,,
sim_2019-02-09_2026-05-21_29c06ed80e5a,2020-02-12,short_straddle,SPY,short_straddle_SPY_000005,0.0,8.640015,8.640015,1155.118946,5379.899902,5379.899902,13.739999771118164,0.1121,0.1202
sim_2019-02-09_2026-05-21_29c06ed80e5a,2020-02-12,put_credit_spread,SPY,put_credit_spread_SPY_000006,0.0,0.0,0.0,1155.118946,1450.5,1450.5,13.739999771118164,0.1121,0.1202
sim_2019-02-09_2026-05-21_29c06ed80e5a,2020-02-13,short_straddle,SPY,short_straddle_SPY_000005,0.0,-1.440063,-1.440063,1153.678882,5379.899902,5379.899902,14.149999618530272,,
sim_2019-02-09_2026-05-21_29c06ed80e5a,2020-02-13,put_credit_spread,SPY,put_credit_spread_SPY_000006,0.0,0.0,0.0,1153.678882,1450.5,1450.5,14.149999618530272,,
sim_2019-02-09_2026-05-21_29c06ed80e5a,2020-02-14,short_straddle,SPY,short_straddle_SPY_000005,0.0,2.160034,2.160034,1155.838916,5379.899902,5379.899902,13.68000030517578,0.1111,0.1181
sim_2019-02-09_2026-05-21_29c06ed80e5a,2020-02-14,put_credit_spread,SPY,put_credit_spread_SPY_000006,0.0,0.0,0.0,1155.838916,1450.5,1450.5,13.68000030517578,0.1111,0.1181
sim_2019-02-09_2026-05-21_29c06ed80e5a,2020-02-18,short_straddle,SPY,short_straddle_SPY_000005,0.0,-3.47998,-3.47998,1152.358936,5379.899902,5379.899902,14.829999923706056,,
sim_2019-02-09_2026-05-21_29c06ed80e5a,2020-02-18,put_credit_spread,SPY,put_credit_spread_SPY_000006,0.0,0.0,0.0,1152.358936,1450.5,1450.5,14.829999923706056,,
sim_2019-02-09_2026-05-21_29c06ed80e5a,2020-02-19,short_straddle,SPY,short_straddle_SPY_000005,0.0,6.439941,6.439941,1158.798877,5379.899902,5379.899902,14.380000114440918,0.1212,0.1159
sim_2019-02-09_2026-05-21_29c06ed80e5a,2020-02-19,put_credit_spread,SPY,put_credit_spread_SPY_000006,0.0,0.0,0.0,1158.798877,1450.5,1450.5,14.380000114440918,0.1212,0.1159
sim_2019-02-09_2026-05-21_29c06ed80e5a,2020-02-20,short_straddle,SPY,short_straddle_SPY_000005,0.0,-5.559937,-5.559937,1153.238941,5379.899902,5379.899902,15.5600004196167,,
sim_2019-02-09_2026-05-21_29c06ed80e5a,2020-02-20,put_credit_spread,SPY,put_credit_spread_SPY_000006,0.0,0.0,0.0,1153.238941,1450.5,1450.5,15.5600004196167,,
sim_2019-02-09_2026-05-21_29c06ed80e5a,2020-02-21,short_straddle,SPY,short_straddle_SPY_000005,0.0,-13.880005,-13.880005,1139.358936,5379.899902,5379.899902,17.079999923706055,0.1476,0.1207
sim_2019-02-09_2026-05-21_29c06ed80e5a,2020-02-21,put_credit_spread,SPY,put_credit_spread_SPY_000006,0.0,0.0,0.0,1139.358936,1450.5,1450.5,17.079999923706055,0.1476,0.1207
sim_2019-02-09_2026-05-21_29c06ed80e5a,2020-02-24,short_straddle,SPY,short_straddle_SPY_000005,0.0,-44.23999,-44.23999,1095.118946,5379.899902,5379.899902,25.030000686645508,0.2152,0.1556
sim_2019-02-09_2026-05-21_29c06ed80e5a,2020-02-24,put_credit_spread,SPY,put_credit_spread_SPY_000006,0.0,0.0,0.0,1095.118946,1450.5,1450.5,25.030000686645508,0.2152,0.1556
sim_2019-02-09_2026-05-21_29c06ed80e5a,2020-02-25,short_straddle,SPY,short_straddle_SPY_000005,0.0,-39.080078,-39.080078,1056.038868,5379.899902,5379.899902,27.850000381469727,,
sim_2019-02-09_2026-05-21_29c06ed80e5a,2020-02-25,put_credit_spread,SPY,put_credit_spread_SPY_000006,0.0,0.0,0.0,1056.038868,1450.5,1450.5,27.850000381469727,,
sim_2019-02-09_2026-05-21_29c06ed80e5a,2020-02-26,short_straddle,SPY,short_straddle_SPY_000005,0.0,-4.599976,-4.599976,1051.438892,5379.899902,5379.899902,27.559999465942383,0.2436,0.1771
sim_2019-02-09_2026-05-21_29c06ed80e5a,2020-02-26,put_credit_spread,SPY,put_credit_spread_SPY_000006,0.0,0.0,0.0,1051.438892,1450.5,1450.5,27.559999465942383,0.2436,0.1771
sim_2019-02-09_2026-05-21_29c06ed80e5a,2020-02-27,short_straddle,SPY,short_straddle_SPY_000005,0.0,-55.959961,-55.959961,995.478931,5379.899902,5379.899902,39.15999984741211,,
sim_2019-02-09_2026-05-21_29c06ed80e5a,2020-02-27,put_credit_spread,SPY,put_credit_spread_SPY_000006,0.0,0.0,0.0,995.478931,1450.5,1450.5,39.15999984741211,,
sim_2019-02-09_2026-05-21_29c06ed80e5a,2020-02-28,short_straddle,SPY,short_straddle_SPY_000005,0.0,-5.0,-5.0,990.478931,5379.899902,5379.899902,40.11000061035156,0.3651,0.218
sim_2019-02-09_2026-05-21_29c06ed80e5a,2020-02-28,put_credit_spread,SPY,put_credit_spread_SPY_000006,0.0,0.0,0.0,990.478931,1450.5,1450.5,40.11000061035156,0.3651,0.218
sim_2019-02-09_2026-05-21_29c06ed80e5a,2020-03-02,short_straddle,SPY,short_straddle_SPY_000005,-391.245866,50.701766,-340.5441,649.934831,5379.899902,5379.899902,33.41999816894531,0.2885,0.2535
sim_2019-02-09_2026-05-21_29c06ed80e5a,2020-03-02,put_credit_spread,SPY,put_credit_spread_SPY_000006,-643.945866,0.0,-643.945866,5.988965,1450.5,1450.5,33.41999816894531,0.2885,0.2535
sim_2019-02-09_2026-05-21_29c06ed80e5a,2020-03-02,short_straddle,SPY,short_straddle_SPY_000007,-2.9395,0.0,-2.9395,3.049465,4302.799927,4302.799927,33.41999816894531,0.2885,0.2535
sim_2019-02-09_2026-05-21_29c06ed80e5a,2020-03-02,put_credit_spread,SPY,put_credit_spread_SPY_000008,-2.1475,0.0,-2.1475,0.901965,1905.0,1905.0,33.41999816894531,0.2885,0.2535
sim_2019-02-09_2026-05-21_29c06ed80e5a,2020-03-03,short_straddle,SPY,short_straddle_SPY_000007,0.0,-1.35108,-1.35108,-0.449115,4302.799927,4302.799927,36.81999969482422,,
sim_2019-02-09_2026-05-21_29c06ed80e5a,2020-03-03,put_credit_spread,SPY,put_credit_spread_SPY_000008,0.0,0.0,0.0,-0.449115,1905.0,1905.0,36.81999969482422,,
sim_2019-02-09_2026-05-21_29c06ed80e5a,2020-03-04,short_straddle,SPY,short_straddle_SPY_000007,0.0,-113.579956,-113.579956,-114.029071,4302.799927,4302.799927,31.989999771118164,0.2648,0.2943
sim_2019-02-09_2026-05-21_29c06ed80e5a,2020-03-04,put_credit_spread,SPY,put_credit_spread_SPY_000008,0.0,0.0,0.0,-114.029071,1905.0,1905.0,31.989999771118164,0.2648,0.2943
sim_2019-02-09_2026-05-21_29c06ed80e5a,2020-03-05,short_straddle,SPY,short_straddle_SPY_000007,0.0,93.599945,93.599945,-20.429126,4302.799927,4302.799927,39.619998931884766,,
sim_2019-02-09_2026-05-21_29c06ed80e5a,2020-03-05,put_credit_spread,SPY,put_credit_spread_SPY_000008,0.0,0.0,0.0,-20.429126,1905.0,1905.0,39.619998931884766,,
sim_2019-02-09_2026-05-21_29c06ed80e5a,2020-03-06,short_straddle,SPY,short_straddle_SPY_000007,0.0,45.0,45.0,24.570874,4302.799927,4302.799927,41.93999862670898,0.3651,0.3105
sim_2019-02-09_2026-05-21_29c06ed80e5a,2020-03-06,put_credit_spread,SPY,put_credit_spread_SPY_000008,0.0,0.0,0.0,24.570874,1905.0,1905.0,41.93999862670898,0.3651,0.3105
sim_2019-02-09_2026-05-21_29c06ed80e5a,2020-03-09,short_straddle,SPY,short_straddle_SPY_000007,0.0,209.069824,209.069824,233.640698,4302.799927,4302.799927,54.459999084472656,0.4896,0.3835
sim_2019-02-09_2026-05-21_29c06ed80e5a,2020-03-09,put_credit_spread,SPY,put_credit_spread_SPY_000008,0.0,0.0,0.0,233.640698,1905.0,1905.0,54.459999084472656,0.4896,0.3835
sim_2019-02-09_2026-05-21_29c06ed80e5a,2020-03-10,short_straddle,SPY,short_straddle_SPY_000007,0.0,-127.710022,-127.710022,105.930676,4302.799927,4302.799927,47.29999923706055,,
sim_2019-02-09_2026-05-21_29c06ed80e5a,2020-03-10,put_credit_spread,SPY,put_credit_spread_SPY_000008,0.0,0.0,0.0,105.930676,1905.0,1905.0,47.29999923706055,,
sim_2019-02-09_2026-05-21_29c06ed80e5a,2020-03-11,short_straddle,SPY,short_straddle_SPY_000007,0.0,126.540253,126.540253,232.470929,4302.799927,4302.799927,53.900001525878906,0.4913,0.434
sim_2019-02-09_2026-05-21_29c06ed80e5a,2020-03-11,put_credit_spread,SPY,put_credit_spread_SPY_000008,0.0,0.0,0.0,232.470929,1905.0,1905.0,53.900001525878906,0.4913,0.434
sim_2019-02-09_2026-05-21_29c06ed80e5a,2020-03-12,short_straddle,SPY,short_straddle_SPY_000007,0.0,236.249863,236.249863,468.720791,4302.799927,4302.799927,75.47000122070312,,
sim_2019-02-09_2026-05-21_29c06ed80e5a,2020-03-12,put_credit_spread,SPY,put_credit_spread_SPY_000008,0.0,0.0,0.0,468.720791,1905.0,1905.0,75.47000122070312,,
sim_2019-02-09_2026-05-21_29c06ed80e5a,2020-03-13,short_straddle,SPY,short_straddle_SPY_000007,0.0,-190.89006,-190.89006,277.830731,4302.799927,4302.799927,57.83000183105469,0.5174,0.5765
sim_2019-02-09_2026-05-21_29c06ed80e5a,2020-03-13,put_credit_spread,SPY,put_credit_spread_SPY_000008,0.0,0.0,0.0,277.830731,1905.0,1905.0,57.83000183105469,0.5174,0.5765
sim_2019-02-09_2026-05-21_29c06ed80e5a,2020-03-16,short_straddle,SPY,short_straddle_SPY_000007,0.0,265.230011,265.230011,543.060742,4302.799927,4302.799927,82.69000244140625,0.7663,0.6575
sim_2019-02-09_2026-05-21_29c06ed80e5a,2020-03-16,put_credit_spread,SPY,put_credit_spread_SPY_000008,0.0,0.0,0.0,543.060742,1905.0,1905.0,82.69000244140625,0.7663,0.6575
sim_2019-02-09_2026-05-21_29c06ed80e5a,2020-03-17,short_straddle,SPY,short_straddle_SPY_000007,0.0,-116.549973,-116.549973,426.510769,4302.799927,4302.799927,75.91000366210938,,
sim_2019-02-09_2026-05-21_29c06ed80e5a,2020-03-17,put_credit_spread,SPY,put_credit_spread_SPY_000008,0.0,0.0,0.0,426.510769,1905.0,1905.0,75.91000366210938,,
sim_2019-02-09_2026-05-21_29c06ed80e5a,2020-03-18,short_straddle,SPY,short_straddle_SPY_000007,0.0,115.200027,115.200027,541.710797,4302.799927,4302.799927,76.44999694824219,0.7341,0.6881
sim_2019-02-09_2026-05-21_29c06ed80e5a,2020-03-18,put_credit_spread,SPY,put_credit_spread_SPY_000008,0.0,0.0,0.0,541.710797,1905.0,1905.0,76.44999694824219,0.7341,0.6881
sim_2019-02-09_2026-05-21_29c06ed80e5a,2020-03-19,short_straddle,SPY,short_straddle_SPY_000007,0.0,-4.589951,-4.589951,537.120846,4302.799927,4302.799927,72.0,,
sim_2019-02-09_2026-05-21_29c06ed80e5a,2020-03-19,put_credit_spread,SPY,put_credit_spread_SPY_000008,0.0,0.0,0.0,537.120846,1905.0,1905.0,72.0,,
sim_2019-02-09_2026-05-21_29c06ed80e5a,2020-03-20,short_straddle,SPY,short_straddle_SPY_000007,0.0,105.389923,105.389923,642.510769,4302.799927,4302.799927,66.04000091552734,0.5918,0.6938
sim_2019-02-09_2026-05-21_29c06ed80e5a,2020-03-20,put_credit_spread,SPY,put_credit_spread_SPY_000008,0.0,0.0,0.0,642.510769,1905.0,1905.0,66.04000091552734,0.5918,0.6938
sim_2019-02-09_2026-05-21_29c06ed80e5a,2020-03-23,short_straddle,SPY,short_straddle_SPY_000007,0.0,52.650055,52.650055,695.160824,4302.799927,4302.799927,61.59000015258789,0.5624,0.6945
sim_2019-02-09_2026-05-21_29c06ed80e5a,2020-03-23,put_credit_spread,SPY,put_credit_spread_SPY_000008,0.0,0.0,0.0,695.160824,1905.0,1905.0,61.59000015258789,0.5624,0.6945
sim_2019-02-09_2026-05-21_29c06ed80e5a,2020-03-24,short_straddle,SPY,short_straddle_SPY_000007,0.0,-181.799973,-181.799973,513.360852,4302.799927,4302.799927,61.66999816894531,,
sim_2019-02-09_2026-05-21_29c06ed80e5a,2020-03-24,put_credit_spread,SPY,put_credit_spread_SPY_000008,0.0,0.0,0.0,513.360852,1905.0,1905.0,61.66999816894531,,
sim_2019-02-09_2026-05-21_29c06ed80e5a,2020-03-25,short_straddle,SPY,short_straddle_SPY_000007,0.0,-32.759995,-32.759995,480.600857,4302.799927,4302.799927,63.95000076293945,0.5826,0.7536
sim_2019-02-09_2026-05-21_29c06ed80e5a,2020-03-25,put_credit_spread,SPY,put_credit_spread_SPY_000008,0.0,0.0,0.0,480.600857,1905.0,1905.0,63.95000076293945,0.5826,0.7536
sim_2019-02-09_2026-05-21_29c06ed80e5a,2020-03-26,short_straddle,SPY,short_straddle_SPY_000007,0.0,-129.69017,-129.69017,350.910687,4302.799927,4302.799927,61.0,,
sim_2019-02-09_2026-05-21_29c06ed80e5a,2020-03-26,put_credit_spread,SPY,put_credit_spread_SPY_000008,0.0,0.0,0.0,350.910687,1905.0,1905.0,61.0,,
sim_2019-02-09_2026-05-21_29c06ed80e5a,2020-03-27,short_straddle,SPY,short_straddle_SPY_000007,0.0,70.020126,70.020126,420.930813,4302.799927,4302.799927,65.54000091552734,0.5796,0.7792
sim_2019-02-09_2026-05-21_29c06ed80e5a,2020-03-27,put_credit_spread,SPY,put_credit_spread_SPY_000008,0.0,0.0,0.0,420.930813,1905.0,1905.0,65.54000091552734,0.5796,0.7792
sim_2019-02-09_2026-05-21_29c06ed80e5a,2020-03-30,short_straddle,SPY,short_straddle_SPY_000007,-2860.368111,-75.247387,-2935.615497,-2514.684684,4302.799927,4302.799927,57.08000183105469,0.4906,0.7879
sim_2019-02-09_2026-05-21_29c06ed80e5a,2020-03-30,put_credit_spread,SPY,put_credit_spread_SPY_000008,-1908.1,0.0,-1908.1,-4422.784684,1905.0,1905.0,57.08000183105469,0.4906,0.7879
sim_2019-02-09_2026-05-21_29c06ed80e5a,2020-03-30,put_credit_spread,SPY,put_credit_spread_SPY_000009,-2.32725,0.0,-2.32725,-4425.111934,3445.5,3445.5,57.08000183105469,0.4906,0.7879
sim_2019-02-09_2026-05-21_29c06ed80e5a,2020-03-31,put_credit_spread,SPY,put_credit_spread_SPY_000009,0.0,0.0,0.0,-4425.111934,3445.5,3445.5,53.540000915527344,,
sim_2019-02-09_2026-05-21_29c06ed80e5a,2020-04-01,put_credit_spread,SPY,put_credit_spread_SPY_000009,0.0,0.0,0.0,-4425.111934,3445.5,3445.5,57.060001373291016,0.5285,0.7939
sim_2019-02-09_2026-05-21_29c06ed80e5a,2020-04-02,put_credit_spread,SPY,put_credit_spread_SPY_000009,0.0,0.0,0.0,-4425.111934,3445.5,3445.5,50.90999984741211,,
sim_2019-02-09_2026-05-21_29c06ed80e5a,2020-04-03,put_credit_spread,SPY,put_credit_spread_SPY_000009,0.0,0.0,0.0,-4425.111934,3445.5,3445.5,46.79999923706055,0.421,0.7998
sim_2019-02-09_2026-05-21_29c06ed80e5a,2020-04-06,put_credit_spread,SPY,put_credit_spread_SPY_000009,0.0,0.0,0.0,-4425.111934,3445.5,3445.5,45.2400016784668,0.3884,0.825
sim_2019-02-09_2026-05-21_29c06ed80e5a,2020-04-07,put_credit_spread,SPY,put_credit_spread_SPY_000009,0.0,0.0,0.0,-4425.111934,3445.5,3445.5,46.70000076293945,,
sim_2019-02-09_2026-05-21_29c06ed80e5a,2020-04-08,put_credit_spread,SPY,put_credit_spread_SPY_000009,0.0,0.0,0.0,-4425.111934,3445.5,3445.5,43.34999847412109,0.3814,0.8296
sim_2019-02-09_2026-05-21_29c06ed80e5a,2020-04-09,put_credit_spread,SPY,put_credit_spread_SPY_000009,0.0,0.0,0.0,-4425.111934,3445.5,3445.5,41.66999816894531,,
sim_2019-02-09_2026-05-21_29c06ed80e5a,2020-04-13,put_credit_spread,SPY,put_credit_spread_SPY_000009,-247.0,0.0,-247.0,-4672.111934,3445.5,3445.5,41.16999816894531,0.3667,0.822
sim_2019-02-09_2026-05-21_29c06ed80e5a,2020-04-14,put_credit_spread,SPY,put_credit_spread_SPY_000009,0.0,0.0,0.0,-4672.111934,3445.5,3445.5,37.7599983215332,,
sim_2019-02-09_2026-05-21_29c06ed80e5a,2020-04-15,put_credit_spread,SPY,put_credit_spread_SPY_000009,0.0,0.0,0.0,-4672.111934,3445.5,3445.5,40.84000015258789,0.3649,0.8147
sim_2019-02-09_2026-05-21_29c06ed80e5a,2020-04-16,put_credit_spread,SPY,put_credit_spread_SPY_000009,0.0,0.0,0.0,-4672.111934,3445.5,3445.5,40.11000061035156,,
sim_2019-02-09_2026-05-21_29c06ed80e5a,2020-04-17,put_credit_spread,SPY,put_credit_spread_SPY_000009,0.0,0.0,0.0,-4672.111934,3445.5,3445.5,38.150001525878906,0.3257,0.804
sim_2019-02-09_2026-05-21_29c06ed80e5a,2020-04-17,short_straddle,SPY,short_straddle_SPY_000010,-3.0565,0.0,-3.0565,-4675.168434,3619.800293,3619.800293,38.150001525878906,0.3257,0.804
sim_2019-02-09_2026-05-21_29c06ed80e5a,2020-04-20,short_straddle,SPY,short_straddle_SPY_000010,0.0,-0.56318,-0.56318,-4675.731614,3619.800293,3619.800293,43.83000183105469,0.3845,0.8042
sim_2019-02-09_2026-05-21_29c06ed80e5a,2020-04-20,put_credit_spread,SPY,put_credit_spread_SPY_000009,0.0,0.0,0.0,-4675.731614,3445.5,3445.5,43.83000183105469,0.3845,0.8042
sim_2019-02-09_2026-05-21_29c06ed80e5a,2020-04-21,short_straddle,SPY,short_straddle_SPY_000010,0.0,-34.199951,-34.199951,-4709.931565,3619.800293,3619.800293,45.40999984741211,,
sim_2019-02-09_2026-05-21_29c06ed80e5a,2020-04-21,put_credit_spread,SPY,put_credit_spread_SPY_000009,0.0,0.0,0.0,-4709.931565,3445.5,3445.5,45.40999984741211,,
sim_2019-02-09_2026-05-21_29c06ed80e5a,2020-04-22,short_straddle,SPY,short_straddle_SPY_000010,0.0,24.23999,24.23999,-4685.691575,3619.800293,3619.800293,41.97999954223633,0.3705,0.7617
sim_2019-02-09_2026-05-21_29c06ed80e5a,2020-04-22,put_credit_spread,SPY,put_credit_spread_SPY_000009,0.0,0.0,0.0,-4685.691575,3445.5,3445.5,41.97999954223633,0.3705,0.7617
sim_2019-02-09_2026-05-21_29c06ed80e5a,2020-04-23,short_straddle,SPY,short_straddle_SPY_000010,0.0,-0.080078,-0.080078,-4685.771653,3619.800293,3619.800293,41.380001068115234,,
sim_2019-02-09_2026-05-21_29c06ed80e5a,2020-04-23,put_credit_spread,SPY,put_credit_spread_SPY_000009,0.0,0.0,0.0,-4685.771653,3445.5,3445.5,41.380001068115234,,
sim_2019-02-09_2026-05-21_29c06ed80e5a,2020-04-24,short_straddle,SPY,short_straddle_SPY_000010,0.0,15.560059,15.560059,-4670.211594,3619.800293,3619.800293,35.93000030517578,0.3066,0.6837
sim_2019-02-09_2026-05-21_29c06ed80e5a,2020-04-24,put_credit_spread,SPY,put_credit_spread_SPY_000009,0.0,0.0,0.0,-4670.211594,3445.5,3445.5,35.93000030517578,0.3066,0.6837
sim_2019-02-09_2026-05-21_29c06ed80e5a,2020-04-27,short_straddle,SPY,short_straddle_SPY_000010,0.0,16.319946,16.319946,-4653.891648,3619.800293,3619.800293,33.290000915527344,0.2793,0.6439
sim_2019-02-09_2026-05-21_29c06ed80e5a,2020-04-27,put_credit_spread,SPY,put_credit_spread_SPY_000009,899.5,0.0,899.5,-3754.391648,3445.5,3445.5,33.290000915527344,0.2793,0.6439
sim_2019-02-09_2026-05-21_29c06ed80e5a,2020-04-27,put_credit_spread,SPY,put_credit_spread_SPY_000011,-2.20875,0.0,-2.20875,-3756.600398,2682.5,2682.5,33.290000915527344,0.2793,0.6439
sim_2019-02-09_2026-05-21_29c06ed80e5a,2020-04-28,short_straddle,SPY,short_straddle_SPY_000010,0.0,-5.279907,-5.279907,-3761.880305,3619.800293,3619.800293,33.56999969482422,,
sim_2019-02-09_2026-05-21_29c06ed80e5a,2020-04-28,put_credit_spread,SPY,put_credit_spread_SPY_000011,0.0,0.0,0.0,-3761.880305,2682.5,2682.5,33.56999969482422,,
sim_2019-02-09_2026-05-21_29c06ed80e5a,2020-04-29,short_straddle,SPY,short_straddle_SPY_000010,0.0,29.919922,29.919922,-3731.960384,3619.800293,3619.800293,31.229999542236328,,
sim_2019-02-09_2026-05-21_29c06ed80e5a,2020-04-29,put_credit_spread,SPY,put_credit_spread_SPY_000011,0.0,0.0,0.0,-3731.960384,2682.5,2682.5,31.229999542236328,,
sim_2019-02-09_2026-05-21_29c06ed80e5a,2020-04-30,short_straddle,SPY,short_straddle_SPY_000010,0.0,-10.919922,-10.919922,-3742.880305,3619.800293,3619.800293,34.150001525878906,,
sim_2019-02-09_2026-05-21_29c06ed80e5a,2020-04-30,put_credit_spread,SPY,put_credit_spread_SPY_000011,0.0,0.0,0.0,-3742.880305,2682.5,2682.5,34.150001525878906,,
sim_2019-02-09_2026-05-21_29c06ed80e5a,2020-05-01,short_straddle,SPY,short_straddle_SPY_000010,0.0,-30.76001,-30.76001,-3773.640315,3619.800293,3619.800293,37.18999862670898,0.3203,0.507
sim_2019-02-09_2026-05-21_29c06ed80e5a,2020-05-01,put_credit_spread,SPY,put_credit_spread_SPY_000011,0.0,0.0,0.0,-3773.640315,2682.5,2682.5,37.18999862670898,0.3203,0.507
sim_2019-02-09_2026-05-21_29c06ed80e5a,2020-05-04,short_straddle,SPY,short_straddle_SPY_000010,0.0,3.119995,3.119995,-3770.52032,3619.800293,3619.800293,35.970001220703125,0.3109,0.4793
sim_2019-02-09_2026-05-21_29c06ed80e5a,2020-05-04,put_credit_spread,SPY,put_credit_spread_SPY_000011,0.0,0.0,0.0,-3770.52032,2682.5,2682.5,35.970001220703125,0.3109,0.4793
sim_2019-02-09_2026-05-21_29c06ed80e5a,2020-05-05,short_straddle,SPY,short_straddle_SPY_000010,0.0,10.47998,10.47998,-3760.04034,3619.800293,3619.800293,33.61000061035156,,
sim_2019-02-09_2026-05-21_29c06ed80e5a,2020-05-05,put_credit_spread,SPY,put_credit_spread_SPY_000011,0.0,0.0,0.0,-3760.04034,2682.5,2682.5,33.61000061035156,,
sim_2019-02-09_2026-05-21_29c06ed80e5a,2020-05-06,short_straddle,SPY,short_straddle_SPY_000010,0.0,-7.76001,-7.76001,-3767.800349,3619.800293,3619.800293,34.119998931884766,0.302,0.4073
sim_2019-02-09_2026-05-21_29c06ed80e5a,2020-05-06,put_credit_spread,SPY,put_credit_spread_SPY_000011,0.0,0.0,0.0,-3767.800349,2682.5,2682.5,34.119998931884766,0.302,0.4073
sim_2019-02-09_2026-05-21_29c06ed80e5a,2020-05-07,short_straddle,SPY,short_straddle_SPY_000010,0.0,13.719971,13.719971,-3754.080379,3619.800293,3619.800293,31.440000534057617,,
sim_2019-02-09_2026-05-21_29c06ed80e5a,2020-05-07,put_credit_spread,SPY,put_credit_spread_SPY_000011,0.0,0.0,0.0,-3754.080379,2682.5,2682.5,31.440000534057617,,
sim_2019-02-09_2026-05-21_29c06ed80e5a,2020-05-08,short_straddle,SPY,short_straddle_SPY_000010,0.0,19.040039,19.040039,-3735.04034,3619.800293,3619.800293,27.979999542236328,0.2293,0.3781
sim_2019-02-09_2026-05-21_29c06ed80e5a,2020-05-08,put_credit_spread,SPY,put_credit_spread_SPY_000011,0.0,0.0,0.0,-3735.04034,2682.5,2682.5,27.979999542236328,0.2293,0.3781
sim_2019-02-09_2026-05-21_29c06ed80e5a,2020-05-11,short_straddle,SPY,short_straddle_SPY_000010,0.0,0.23999,0.23999,-3734.800349,3619.800293,3619.800293,27.56999969482422,0.23,0.3643
sim_2019-02-09_2026-05-21_29c06ed80e5a,2020-05-11,put_credit_spread,SPY,put_credit_spread_SPY_000011,0.0,0.0,0.0,-3734.800349,2682.5,2682.5,27.56999969482422,0.23,0.3643
sim_2019-02-09_2026-05-21_29c06ed80e5a,2020-05-12,short_straddle,SPY,short_straddle_SPY_000010,0.0,-23.319946,-23.319946,-3758.120296,3619.800293,3619.800293,33.040000915527344,,
sim_2019-02-09_2026-05-21_29c06ed80e5a,2020-05-12,put_credit_spread,SPY,put_credit_spread_SPY_000011,0.0,0.0,0.0,-3758.120296,2682.5,2682.5,33.040000915527344,,
sim_2019-02-09_2026-05-21_29c06ed80e5a,2020-05-13,short_straddle,SPY,short_straddle_SPY_000010,-3.0565,-20.843229,-23.899729,-3782.020025,3619.800293,3619.800293,35.279998779296875,0.3139,0.3632
sim_2019-02-09_2026-05-21_29c06ed80e5a,2020-05-13,put_credit_spread,SPY,put_credit_spread_SPY_000011,0.0,0.0,0.0,-3782.020025,2682.5,2682.5,35.279998779296875,0.3139,0.3632
sim_2019-02-09_2026-05-21_29c06ed80e5a,2020-05-13,short_straddle,SPY,short_straddle_SPY_000012,-2.9585,0.0,-2.9585,-3784.978525,3715.000122,3715.000122,35.279998779296875,0.3139,0.3632
sim_2019-02-09_2026-05-21_29c06ed80e5a,2020-05-14,short_straddle,SPY,short_straddle_SPY_000012,0.0,-0.28497,-0.28497,-3785.263495,3715.000122,3715.000122,32.61000061035156,,
sim_2019-02-09_2026-05-21_29c06ed80e5a,2020-05-14,put_credit_spread,SPY,put_credit_spread_SPY_000011,0.0,0.0,0.0,-3785.263495,2682.5,2682.5,32.61000061035156,,
sim_2019-02-09_2026-05-21_29c06ed80e5a,2020-05-15,short_straddle,SPY,short_straddle_SPY_000012,0.0,2.619995,2.619995,-3782.6435,3715.000122,3715.000122,31.88999938964844,0.2788,0.3284
sim_2019-02-09_2026-05-21_29c06ed80e5a,2020-05-15,put_credit_spread,SPY,put_credit_spread_SPY_000011,0.0,0.0,0.0,-3782.6435,2682.5,2682.5,31.88999938964844,0.2788,0.3284
sim_2019-02-09_2026-05-21_29c06ed80e5a,2020-05-18,short_straddle,SPY,short_straddle_SPY_000012,0.0,17.440002,17.440002,-3765.203497,3715.000122,3715.000122,29.299999237060547,0.2421,0.3316
sim_2019-02-09_2026-05-21_29c06ed80e5a,2020-05-18,put_credit_spread,SPY,put_credit_spread_SPY_000011,0.0,0.0,0.0,-3765.203497,2682.5,2682.5,29.299999237060547,0.2421,0.3316
sim_2019-02-09_2026-05-21_29c06ed80e5a,2020-05-19,short_straddle,SPY,short_straddle_SPY_000012,0.0,-6.059998,-6.059998,-3771.263495,3715.000122,3715.000122,30.530000686645508,,
sim_2019-02-09_2026-05-21_29c06ed80e5a,2020-05-19,put_credit_spread,SPY,put_credit_spread_SPY_000011,0.0,0.0,0.0,-3771.263495,2682.5,2682.5,30.530000686645508,,
sim_2019-02-09_2026-05-21_29c06ed80e5a,2020-05-20,short_straddle,SPY,short_straddle_SPY_000012,0.0,9.919983,9.919983,-3761.343512,3715.000122,3715.000122,27.989999771118164,0.244,0.2856
sim_2019-02-09_2026-05-21_29c06ed80e5a,2020-05-20,put_credit_spread,SPY,put_credit_spread_SPY_000011,0.0,0.0,0.0,-3761.343512,2682.5,2682.5,27.989999771118164,0.244,0.2856
sim_2019-02-09_2026-05-21_29c06ed80e5a,2020-05-21,short_straddle,SPY,short_straddle_SPY_000012,0.0,-4.099976,-4.099976,-3765.443488,3715.000122,3715.000122,29.530000686645508,,
sim_2019-02-09_2026-05-21_29c06ed80e5a,2020-05-21,put_credit_spread,SPY,put_credit_spread_SPY_000011,0.0,0.0,0.0,-3765.443488,2682.5,2682.5,29.530000686645508,,
sim_2019-02-09_2026-05-21_29c06ed80e5a,2020-05-22,short_straddle,SPY,short_straddle_SPY_000012,0.0,1.119995,1.119995,-3764.323493,3715.000122,3715.000122,28.15999984741211,0.2441,0.2706
sim_2019-02-09_2026-05-21_29c06ed80e5a,2020-05-22,put_credit_spread,SPY,put_credit_spread_SPY_000011,0.0,0.0,0.0,-3764.323493,2682.5,2682.5,28.15999984741211,0.2441,0.2706
sim_2019-02-09_2026-05-21_29c06ed80e5a,2020-05-26,short_straddle,SPY,short_straddle_SPY_000012,0.0,7.279968,7.279968,-3757.043524,3715.000122,3715.000122,28.01000022888184,,
sim_2019-02-09_2026-05-21_29c06ed80e5a,2020-05-26,put_credit_spread,SPY,put_credit_spread_SPY_000011,415.5,0.0,415.5,-3341.543524,2682.5,2682.5,28.01000022888184,,
sim_2019-02-09_2026-05-21_29c06ed80e5a,2020-05-27,short_straddle,SPY,short_straddle_SPY_000012,0.0,8.900024,8.900024,-3332.6435,3715.000122,3715.000122,27.6200008392334,0.2294,0.2609
sim_2019-02-09_2026-05-21_29c06ed80e5a,2020-05-27,put_credit_spread,SPY,put_credit_spread_SPY_000013,-2.14975,0.0,-2.14975,-3334.79325,2300.5,2300.5,27.6200008392334,0.2294,0.2609
sim_2019-02-09_2026-05-21_29c06ed80e5a,2020-05-28,short_straddle,SPY,short_straddle_SPY_000012,0.0,-1.119995,-1.119995,-3335.913245,3715.000122,3715.000122,28.59000015258789,,
sim_2019-02-09_2026-05-21_29c06ed80e5a,2020-05-28,put_credit_spread,SPY,put_credit_spread_SPY_000013,0.0,0.0,0.0,-3335.913245,2300.5,2300.5,28.59000015258789,,
sim_2019-02-09_2026-05-21_29c06ed80e5a,2020-05-29,short_straddle,SPY,short_straddle_SPY_000012,0.0,2.700012,2.700012,-3333.213233,3715.000122,3715.000122,27.51000022888184,0.2235,0.2514
sim_2019-02-09_2026-05-21_29c06ed80e5a,2020-05-29,put_credit_spread,SPY,put_credit_spread_SPY_000013,0.0,0.0,0.0,-3333.213233,2300.5,2300.5,27.51000022888184,0.2235,0.2514
sim_2019-02-09_2026-05-21_29c06ed80e5a,2020-06-01,short_straddle,SPY,short_straddle_SPY_000012,0.0,2.459961,2.459961,-3330.753272,3715.000122,3715.000122,28.229999542236328,0.2317,0.2412
sim_2019-02-09_2026-05-21_29c06ed80e5a,2020-06-01,put_credit_spread,SPY,put_credit_spread_SPY_000013,0.0,0.0,0.0,-3330.753272,2300.5,2300.5,28.229999542236328,0.2317,0.2412
sim_2019-02-09_2026-05-21_29c06ed80e5a,2020-06-02,short_straddle,SPY,short_straddle_SPY_000012,0.0,5.059998,5.059998,-3325.693274,3715.000122,3715.000122,26.84000015258789,,
sim_2019-02-09_2026-05-21_29c06ed80e5a,2020-06-02,put_credit_spread,SPY,put_credit_spread_SPY_000013,0.0,0.0,0.0,-3325.693274,2300.5,2300.5,26.84000015258789,,
sim_2019-02-09_2026-05-21_29c06ed80e5a,2020-06-03,short_straddle,SPY,short_straddle_SPY_000012,0.0,8.200012,8.200012,-3317.493262,3715.000122,3715.000122,25.65999984741211,0.2084,0.2127
sim_2019-02-09_2026-05-21_29c06ed80e5a,2020-06-03,put_credit_spread,SPY,put_credit_spread_SPY_000013,0.0,0.0,0.0,-3317.493262,2300.5,2300.5,25.65999984741211,0.2084,0.2127
sim_2019-02-09_2026-05-21_29c06ed80e5a,2020-06-04,short_straddle,SPY,short_straddle_SPY_000012,0.0,-1.640015,-1.640015,-3319.133277,3715.000122,3715.000122,25.809999465942383,,
sim_2019-02-09_2026-05-21_29c06ed80e5a,2020-06-04,put_credit_spread,SPY,put_credit_spread_SPY_000013,0.0,0.0,0.0,-3319.133277,2300.5,2300.5,25.809999465942383,,
sim_2019-02-09_2026-05-21_29c06ed80e5a,2020-06-05,short_straddle,SPY,short_straddle_SPY_000012,0.0,15.960022,15.960022,-3303.173255,3715.000122,3715.000122,24.520000457763672,0.1964,0.2159
sim_2019-02-09_2026-05-21_29c06ed80e5a,2020-06-05,put_credit_spread,SPY,put_credit_spread_SPY_000013,0.0,0.0,0.0,-3303.173255,2300.5,2300.5,24.520000457763672,0.1964,0.2159
sim_2019-02-09_2026-05-21_29c06ed80e5a,2020-06-08,short_straddle,SPY,short_straddle_SPY_000012,-2.9585,7.396832,4.438332,-3298.734923,3715.000122,3715.000122,25.809999465942383,,
sim_2019-02-09_2026-05-21_29c06ed80e5a,2020-06-08,put_credit_spread,SPY,put_credit_spread_SPY_000013,0.0,0.0,0.0,-3298.734923,2300.5,2300.5,25.809999465942383,,
sim_2019-02-09_2026-05-21_29c06ed80e5a,2020-06-09,put_credit_spread,SPY,put_credit_spread_SPY_000013,0.0,0.0,0.0,-3298.734923,2300.5,2300.5,27.56999969482422,0.2083,0.2153
sim_2019-02-09_2026-05-21_29c06ed80e5a,2020-06-09,short_straddle,SPY,short_straddle_SPY_000014,-2.75025,0.0,-2.75025,-3301.485173,4915.300171,4915.300171,27.56999969482422,0.2083,0.2153
sim_2019-02-09_2026-05-21_29c06ed80e5a,2020-06-10,short_straddle,SPY,short_straddle_SPY_000014,0.0,-0.4785,-0.4785,-3301.963673,4915.300171,4915.300171,27.56999969482422,0.2289,0.2162
sim_2019-02-09_2026-05-21_29c06ed80e5a,2020-06-10,put_credit_spread,SPY,put_credit_spread_SPY_000013,0.0,0.0,0.0,-3301.963673,2300.5,2300.5,27.56999969482422,0.2289,0.2162
sim_2019-02-09_2026-05-21_29c06ed80e5a,2020-06-11,short_straddle,SPY,short_straddle_SPY_000014,0.0,55.170044,55.170044,-3246.793629,4915.300171,4915.300171,40.790000915527344,,
sim_2019-02-09_2026-05-21_29c06ed80e5a,2020-06-11,put_credit_spread,SPY,put_credit_spread_SPY_000013,0.0,0.0,0.0,-3246.793629,2300.5,2300.5,40.790000915527344,,
sim_2019-02-09_2026-05-21_29c06ed80e5a,2020-06-12,short_straddle,SPY,short_straddle_SPY_000014,0.0,-10.800018,-10.800018,-3257.593647,4915.300171,4915.300171,36.09000015258789,0.2976,0.2738
sim_2019-02-09_2026-05-21_29c06ed80e5a,2020-06-12,put_credit_spread,SPY,put_credit_spread_SPY_000013,0.0,0.0,0.0,-3257.593647,2300.5,2300.5,36.09000015258789,0.2976,0.2738
sim_2019-02-09_2026-05-21_29c06ed80e5a,2020-06-15,short_straddle,SPY,short_straddle_SPY_000014,0.0,-8.519989,-8.519989,-3266.113636,4915.300171,4915.300171,34.400001525878906,0.2823,0.261
sim_2019-02-09_2026-05-21_29c06ed80e5a,2020-06-15,put_credit_spread,SPY,put_credit_spread_SPY_000013,0.0,0.0,0.0,-3266.113636,2300.5,2300.5,34.400001525878906,0.2823,0.261
sim_2019-02-09_2026-05-21_29c06ed80e5a,2020-06-16,short_straddle,SPY,short_straddle_SPY_000014,0.0,-17.730011,-17.730011,-3283.843647,4915.300171,4915.300171,33.66999816894531,,
sim_2019-02-09_2026-05-21_29c06ed80e5a,2020-06-16,put_credit_spread,SPY,put_credit_spread_SPY_000013,0.0,0.0,0.0,-3283.843647,2300.5,2300.5,33.66999816894531,,
sim_2019-02-09_2026-05-21_29c06ed80e5a,2020-06-17,short_straddle,SPY,short_straddle_SPY_000014,0.0,3.899963,3.899963,-3279.943684,4915.300171,4915.300171,33.470001220703125,0.2736,0.2655
sim_2019-02-09_2026-05-21_29c06ed80e5a,2020-06-17,put_credit_spread,SPY,put_credit_spread_SPY_000013,0.0,0.0,0.0,-3279.943684,2300.5,2300.5,33.470001220703125,0.2736,0.2655
sim_2019-02-09_2026-05-21_29c06ed80e5a,2020-06-18,short_straddle,SPY,short_straddle_SPY_000014,0.0,-0.359985,-0.359985,-3280.303669,4915.300171,4915.300171,32.939998626708984,,
sim_2019-02-09_2026-05-21_29c06ed80e5a,2020-06-18,put_credit_spread,SPY,put_credit_spread_SPY_000013,0.0,0.0,0.0,-3280.303669,2300.5,2300.5,32.939998626708984,,
sim_2019-02-09_2026-05-21_29c06ed80e5a,2020-06-19,short_straddle,SPY,short_straddle_SPY_000014,0.0,9.419952,9.419952,-3270.883717,4915.300171,4915.300171,35.119998931884766,0.2921,0.2653
sim_2019-02-09_2026-05-21_29c06ed80e5a,2020-06-19,put_credit_spread,SPY,put_credit_spread_SPY_000013,0.0,0.0,0.0,-3270.883717,2300.5,2300.5,35.119998931884766,0.2921,0.2653
sim_2019-02-09_2026-05-21_29c06ed80e5a,2020-06-22,short_straddle,SPY,short_straddle_SPY_000014,0.0,-5.939941,-5.939941,-3276.823658,4915.300171,4915.300171,31.770000457763672,0.2571,0.2623
sim_2019-02-09_2026-05-21_29c06ed80e5a,2020-06-22,put_credit_spread,SPY,put_credit_spread_SPY_000013,0.0,0.0,0.0,-3276.823658,2300.5,2300.5,31.770000457763672,0.2571,0.2623
sim_2019-02-09_2026-05-21_29c06ed80e5a,2020-06-23,short_straddle,SPY,short_straddle_SPY_000014,0.0,-4.289978,-4.289978,-3281.113636,4915.300171,4915.300171,31.3700008392334,,
sim_2019-02-09_2026-05-21_29c06ed80e5a,2020-06-23,put_credit_spread,SPY,put_credit_spread_SPY_000013,0.0,0.0,0.0,-3281.113636,2300.5,2300.5,31.3700008392334,,
sim_2019-02-09_2026-05-21_29c06ed80e5a,2020-06-24,short_straddle,SPY,short_straddle_SPY_000014,0.0,23.879974,23.879974,-3257.233662,4915.300171,4915.300171,33.84000015258789,0.2862,0.267
sim_2019-02-09_2026-05-21_29c06ed80e5a,2020-06-24,put_credit_spread,SPY,put_credit_spread_SPY_000013,297.5,0.0,297.5,-2959.733662,2300.5,2300.5,33.84000015258789,0.2862,0.267
sim_2019-02-09_2026-05-21_29c06ed80e5a,2020-06-24,put_credit_spread,SPY,put_credit_spread_SPY_000015,-2.19725,0.0,-2.19725,-2961.930912,2305.5,2305.5,33.84000015258789,0.2862,0.267
sim_2019-02-09_2026-05-21_29c06ed80e5a,2020-06-25,short_straddle,SPY,short_straddle_SPY_000014,0.0,-9.780029,-9.780029,-2971.710941,4915.300171,4915.300171,32.220001220703125,,
sim_2019-02-09_2026-05-21_29c06ed80e5a,2020-06-25,put_credit_spread,SPY,put_credit_spread_SPY_000015,0.0,0.0,0.0,-2971.710941,2305.5,2305.5,32.220001220703125,,
sim_2019-02-09_2026-05-21_29c06ed80e5a,2020-06-26,short_straddle,SPY,short_straddle_SPY_000014,0.0,21.900055,21.900055,-2949.810886,4915.300171,4915.300171,34.72999954223633,0.2915,0.2712
sim_2019-02-09_2026-05-21_29c06ed80e5a,2020-06-26,put_credit_spread,SPY,put_credit_spread_SPY_000015,0.0,0.0,0.0,-2949.810886,2305.5,2305.5,34.72999954223633,0.2915,0.2712
sim_2019-02-09_2026-05-21_29c06ed80e5a,2020-06-29,short_straddle,SPY,short_straddle_SPY_000014,0.0,-13.230011,-13.230011,-2963.040897,4915.300171,4915.300171,31.780000686645508,0.2634,0.2736
sim_2019-02-09_2026-05-21_29c06ed80e5a,2020-06-29,put_credit_spread,SPY,put_credit_spread_SPY_000015,0.0,0.0,0.0,-2963.040897,2305.5,2305.5,31.780000686645508,0.2634,0.2736
sim_2019-02-09_2026-05-21_29c06ed80e5a,2020-06-30,short_straddle,SPY,short_straddle_SPY_000014,0.0,-11.699982,-11.699982,-2974.740879,4915.300171,4915.300171,30.43000030517578,,
sim_2019-02-09_2026-05-21_29c06ed80e5a,2020-06-30,put_credit_spread,SPY,put_credit_spread_SPY_000015,0.0,0.0,0.0,-2974.740879,2305.5,2305.5,30.43000030517578,,
sim_2019-02-09_2026-05-21_29c06ed80e5a,2020-07-01,short_straddle,SPY,short_straddle_SPY_000014,0.0,-6.480011,-6.480011,-2981.22089,4915.300171,4915.300171,28.6200008392334,0.2335,0.2607
sim_2019-02-09_2026-05-21_29c06ed80e5a,2020-07-01,put_credit_spread,SPY,put_credit_spread_SPY_000015,0.0,0.0,0.0,-2981.22089,2305.5,2305.5,28.6200008392334,0.2335,0.2607
sim_2019-02-09_2026-05-21_29c06ed80e5a,2020-07-02,short_straddle,SPY,short_straddle_SPY_000014,0.0,-5.130066,-5.130066,-2986.350956,4915.300171,4915.300171,27.68000030517578,,
sim_2019-02-09_2026-05-21_29c06ed80e5a,2020-07-02,put_credit_spread,SPY,put_credit_spread_SPY_000015,0.0,0.0,0.0,-2986.350956,2305.5,2305.5,27.68000030517578,,
sim_2019-02-09_2026-05-21_29c06ed80e5a,2020-07-06,short_straddle,SPY,short_straddle_SPY_000014,1203.351279,-14.935505,1188.415773,-1797.935183,4915.300171,4915.300171,27.940000534057617,0.2239,0.2587
sim_2019-02-09_2026-05-21_29c06ed80e5a,2020-07-06,put_credit_spread,SPY,put_credit_spread_SPY_000015,0.0,0.0,0.0,-1797.935183,2305.5,2305.5,27.940000534057617,0.2239,0.2587
sim_2019-02-09_2026-05-21_29c06ed80e5a,2020-07-06,short_straddle,SPY,short_straddle_SPY_000016,-2.778,0.0,-2.778,-1800.713183,4784.999756,4784.999756,27.940000534057617,0.2239,0.2587
sim_2019-02-09_2026-05-21_29c06ed80e5a,2020-07-07,short_straddle,SPY,short_straddle_SPY_000016,0.0,-0.47067,-0.47067,-1801.183853,4784.999756,4784.999756,29.43000030517578,,
sim_2019-02-09_2026-05-21_29c06ed80e5a,2020-07-07,put_credit_spread,SPY,put_credit_spread_SPY_000015,0.0,0.0,0.0,-1801.183853,2305.5,2305.5,29.43000030517578,,
sim_2019-02-09_2026-05-21_29c06ed80e5a,2020-07-08,short_straddle,SPY,short_straddle_SPY_000016,0.0,7.199982,7.199982,-1793.983871,4784.999756,4784.999756,28.07999992370605,0.2318,0.2602
sim_2019-02-09_2026-05-21_29c06ed80e5a,2020-07-08,put_credit_spread,SPY,put_credit_spread_SPY_000015,0.0,0.0,0.0,-1793.983871,2305.5,2305.5,28.07999992370605,0.2318,0.2602
sim_2019-02-09_2026-05-21_29c06ed80e5a,2020-07-09,short_straddle,SPY,short_straddle_SPY_000016,0.0,-5.399963,-5.399963,-1799.383834,4784.999756,4784.999756,29.26000022888184,,
sim_2019-02-09_2026-05-21_29c06ed80e5a,2020-07-09,put_credit_spread,SPY,put_credit_spread_SPY_000015,0.0,0.0,0.0,-1799.383834,2305.5,2305.5,29.26000022888184,,
sim_2019-02-09_2026-05-21_29c06ed80e5a,2020-07-10,short_straddle,SPY,short_straddle_SPY_000016,0.0,9.629974,9.629974,-1789.75386,4784.999756,4784.999756,27.290000915527344,0.2255,0.2592
sim_2019-02-09_2026-05-21_29c06ed80e5a,2020-07-10,put_credit_spread,SPY,put_credit_spread_SPY_000015,0.0,0.0,0.0,-1789.75386,2305.5,2305.5,27.290000915527344,0.2255,0.2592
sim_2019-02-09_2026-05-21_29c06ed80e5a,2020-07-13,short_straddle,SPY,short_straddle_SPY_000016,0.0,-8.25,-8.25,-1798.00386,4784.999756,4784.999756,32.189998626708984,0.2607,0.2607
sim_2019-02-09_2026-05-21_29c06ed80e5a,2020-07-13,put_credit_spread,SPY,put_credit_spread_SPY_000015,0.0,0.0,0.0,-1798.00386,2305.5,2305.5,32.189998626708984,0.2607,0.2607
sim_2019-02-09_2026-05-21_29c06ed80e5a,2020-07-14,short_straddle,SPY,short_straddle_SPY_000016,0.0,12.240051,12.240051,-1785.763809,4784.999756,4784.999756,29.520000457763672,,
sim_2019-02-09_2026-05-21_29c06ed80e5a,2020-07-14,put_credit_spread,SPY,put_credit_spread_SPY_000015,0.0,0.0,0.0,-1785.763809,2305.5,2305.5,29.520000457763672,,
sim_2019-02-09_2026-05-21_29c06ed80e5a,2020-07-15,short_straddle,SPY,short_straddle_SPY_000016,0.0,8.789978,8.789978,-1776.973831,4784.999756,4784.999756,27.76000022888184,0.2307,0.2631
sim_2019-02-09_2026-05-21_29c06ed80e5a,2020-07-15,put_credit_spread,SPY,put_credit_spread_SPY_000015,0.0,0.0,0.0,-1776.973831,2305.5,2305.5,27.76000022888184,0.2307,0.2631
sim_2019-02-09_2026-05-21_29c06ed80e5a,2020-07-16,short_straddle,SPY,short_straddle_SPY_000016,0.0,-3.179993,-3.179993,-1780.153823,4784.999756,4784.999756,28.0,,
sim_2019-02-09_2026-05-21_29c06ed80e5a,2020-07-16,put_credit_spread,SPY,put_credit_spread_SPY_000015,0.0,0.0,0.0,-1780.153823,2305.5,2305.5,28.0,,
sim_2019-02-09_2026-05-21_29c06ed80e5a,2020-07-17,short_straddle,SPY,short_straddle_SPY_000016,0.0,2.789978,2.789978,-1777.363845,4784.999756,4784.999756,25.68000030517578,0.208,0.2608
sim_2019-02-09_2026-05-21_29c06ed80e5a,2020-07-17,put_credit_spread,SPY,put_credit_spread_SPY_000015,0.0,0.0,0.0,-1777.363845,2305.5,2305.5,25.68000030517578,0.208,0.2608
sim_2019-02-09_2026-05-21_29c06ed80e5a,2020-07-20,short_straddle,SPY,short_straddle_SPY_000016,0.0,7.800018,7.800018,-1769.563827,4784.999756,4784.999756,24.459999084472656,0.197,0.2515
sim_2019-02-09_2026-05-21_29c06ed80e5a,2020-07-20,put_credit_spread,SPY,put_credit_spread_SPY_000015,0.0,0.0,0.0,-1769.563827,2305.5,2305.5,24.459999084472656,0.197,0.2515
sim_2019-02-09_2026-05-21_29c06ed80e5a,2020-07-21,short_straddle,SPY,short_straddle_SPY_000016,0.0,2.070007,2.070007,-1767.49382,4784.999756,4784.999756,24.84000015258789,,
sim_2019-02-09_2026-05-21_29c06ed80e5a,2020-07-21,put_credit_spread,SPY,put_credit_spread_SPY_000015,0.0,0.0,0.0,-1767.49382,2305.5,2305.5,24.84000015258789,,
sim_2019-02-09_2026-05-21_29c06ed80e5a,2020-07-22,short_straddle,SPY,short_straddle_SPY_000016,0.0,5.549927,5.549927,-1761.943893,4784.999756,4784.999756,24.31999969482422,0.196,0.2486
sim_2019-02-09_2026-05-21_29c06ed80e5a,2020-07-22,put_credit_spread,SPY,put_credit_spread_SPY_000015,392.5,0.0,392.5,-1369.443893,2305.5,2305.5,24.31999969482422,0.196,0.2486
sim_2019-02-09_2026-05-21_29c06ed80e5a,2020-07-22,put_credit_spread,SPY,put_credit_spread_SPY_000017,-2.11175,0.0,-2.11175,-1371.555643,1776.5,1776.5,24.31999969482422,0.196,0.2486
sim_2019-02-09_2026-05-21_29c06ed80e5a,2020-07-23,short_straddle,SPY,short_straddle_SPY_000016,0.0,-11.699982,-11.699982,-1383.255625,4784.999756,4784.999756,26.07999992370605,,
sim_2019-02-09_2026-05-21_29c06ed80e5a,2020-07-23,put_credit_spread,SPY,put_credit_spread_SPY_000017,0.0,0.0,0.0,-1383.255625,1776.5,1776.5,26.07999992370605,,
sim_2019-02-09_2026-05-21_29c06ed80e5a,2020-07-24,short_straddle,SPY,short_straddle_SPY_000016,0.0,-6.23996,-6.23996,-1389.495584,4784.999756,4784.999756,25.84000015258789,0.211,0.1772
sim_2019-02-09_2026-05-21_29c06ed80e5a,2020-07-24,put_credit_spread,SPY,put_credit_spread_SPY_000017,0.0,0.0,0.0,-1389.495584,1776.5,1776.5,25.84000015258789,0.211,0.1772
sim_2019-02-09_2026-05-21_29c06ed80e5a,2020-07-27,short_straddle,SPY,short_straddle_SPY_000016,0.0,7.019989,7.019989,-1382.475595,4784.999756,4784.999756,24.739999771118164,0.198,0.1755
sim_2019-02-09_2026-05-21_29c06ed80e5a,2020-07-27,put_credit_spread,SPY,put_credit_spread_SPY_000017,0.0,0.0,0.0,-1382.475595,1776.5,1776.5,24.739999771118164,0.198,0.1755
sim_2019-02-09_2026-05-21_29c06ed80e5a,2020-07-28,short_straddle,SPY,short_straddle_SPY_000016,0.0,-6.149963,-6.149963,-1388.625559,4784.999756,4784.999756,25.440000534057617,,
sim_2019-02-09_2026-05-21_29c06ed80e5a,2020-07-28,put_credit_spread,SPY,put_credit_spread_SPY_000017,0.0,0.0,0.0,-1388.625559,1776.5,1776.5,25.440000534057617,,
sim_2019-02-09_2026-05-21_29c06ed80e5a,2020-07-29,short_straddle,SPY,short_straddle_SPY_000016,0.0,11.849945,11.849945,-1376.775614,4784.999756,4784.999756,24.100000381469727,0.1936,0.1708
sim_2019-02-09_2026-05-21_29c06ed80e5a,2020-07-29,put_credit_spread,SPY,put_credit_spread_SPY_000017,0.0,0.0,0.0,-1376.775614,1776.5,1776.5,24.100000381469727,0.1936,0.1708
sim_2019-02-09_2026-05-21_29c06ed80e5a,2020-07-30,short_straddle,SPY,short_straddle_SPY_000016,0.0,-3.480011,-3.480011,-1380.255625,4784.999756,4784.999756,24.76000022888184,,
sim_2019-02-09_2026-05-21_29c06ed80e5a,2020-07-30,put_credit_spread,SPY,put_credit_spread_SPY_000017,0.0,0.0,0.0,-1380.255625,1776.5,1776.5,24.76000022888184,,
sim_2019-02-09_2026-05-21_29c06ed80e5a,2020-07-31,short_straddle,SPY,short_straddle_SPY_000016,0.0,7.679993,7.679993,-1372.575632,4784.999756,4784.999756,24.459999084472656,0.1952,0.1717
sim_2019-02-09_2026-05-21_29c06ed80e5a,2020-07-31,put_credit_spread,SPY,put_credit_spread_SPY_000017,0.0,0.0,0.0,-1372.575632,1776.5,1776.5,24.459999084472656,0.1952,0.1717
sim_2019-02-09_2026-05-21_29c06ed80e5a,2020-08-03,short_straddle,SPY,short_straddle_SPY_000016,374.409645,6.316874,380.726519,-991.849113,4784.999756,4784.999756,24.280000686645508,0.1963,0.1687
sim_2019-02-09_2026-05-21_29c06ed80e5a,2020-08-03,put_credit_spread,SPY,put_credit_spread_SPY_000017,0.0,0.0,0.0,-991.849113,1776.5,1776.5,24.280000686645508,0.1963,0.1687
sim_2019-02-09_2026-05-21_29c06ed80e5a,2020-08-03,short_straddle,SPY,short_straddle_SPY_000018,-2.69275,0.0,-2.69275,-994.541863,5190.300171,5190.300171,24.280000686645508,0.1963,0.1687
sim_2019-02-09_2026-05-21_29c06ed80e5a,2020-08-04,short_straddle,SPY,short_straddle_SPY_000018,0.0,-0.16503,-0.16503,-994.706893,5190.300171,5190.300171,23.76000022888184,,
sim_2019-02-09_2026-05-21_29c06ed80e5a,2020-08-04,put_credit_spread,SPY,put_credit_spread_SPY_000017,0.0,0.0,0.0,-994.706893,1776.5,1776.5,23.76000022888184,,
sim_2019-02-09_2026-05-21_29c06ed80e5a,2020-08-05,short_straddle,SPY,short_straddle_SPY_000018,0.0,2.049988,2.049988,-992.656906,5190.300171,5190.300171,22.989999771118164,0.1844,0.1686
sim_2019-02-09_2026-05-21_29c06ed80e5a,2020-08-05,put_credit_spread,SPY,put_credit_spread_SPY_000017,0.0,0.0,0.0,-992.656906,1776.5,1776.5,22.989999771118164,0.1844,0.1686
sim_2019-02-09_2026-05-21_29c06ed80e5a,2020-08-06,short_straddle,SPY,short_straddle_SPY_000018,0.0,2.220001,2.220001,-990.436904,5190.300171,5190.300171,22.64999961853028,,
sim_2019-02-09_2026-05-21_29c06ed80e5a,2020-08-06,put_credit_spread,SPY,put_credit_spread_SPY_000017,0.0,0.0,0.0,-990.436904,1776.5,1776.5,22.64999961853028,,
sim_2019-02-09_2026-05-21_29c06ed80e5a,2020-08-07,short_straddle,SPY,short_straddle_SPY_000018,0.0,0.240021,0.240021,-990.196884,5190.300171,5190.300171,22.209999084472656,0.1726,0.1451
sim_2019-02-09_2026-05-21_29c06ed80e5a,2020-08-07,put_credit_spread,SPY,put_credit_spread_SPY_000017,0.0,0.0,0.0,-990.196884,1776.5,1776.5,22.209999084472656,0.1726,0.1451
sim_2019-02-09_2026-05-21_29c06ed80e5a,2020-08-10,short_straddle,SPY,short_straddle_SPY_000018,0.0,1.0,1.0,-989.196884,5190.300171,5190.300171,22.1299991607666,0.1709,0.1207
sim_2019-02-09_2026-05-21_29c06ed80e5a,2020-08-10,put_credit_spread,SPY,put_credit_spread_SPY_000017,0.0,0.0,0.0,-989.196884,1776.5,1776.5,22.1299991607666,0.1709,0.1207
sim_2019-02-09_2026-05-21_29c06ed80e5a,2020-08-11,short_straddle,SPY,short_straddle_SPY_000018,0.0,-2.77002,-2.77002,-991.966903,5190.300171,5190.300171,24.030000686645508,,
sim_2019-02-09_2026-05-21_29c06ed80e5a,2020-08-11,put_credit_spread,SPY,put_credit_spread_SPY_000017,0.0,0.0,0.0,-991.966903,1776.5,1776.5,24.030000686645508,,
sim_2019-02-09_2026-05-21_29c06ed80e5a,2020-08-12,short_straddle,SPY,short_straddle_SPY_000018,0.0,4.640015,4.640015,-987.326888,5190.300171,5190.300171,22.280000686645508,0.1775,0.1219
sim_2019-02-09_2026-05-21_29c06ed80e5a,2020-08-12,put_credit_spread,SPY,put_credit_spread_SPY_000017,0.0,0.0,0.0,-987.326888,1776.5,1776.5,22.280000686645508,0.1775,0.1219
sim_2019-02-09_2026-05-21_29c06ed80e5a,2020-08-13,short_straddle,SPY,short_straddle_SPY_000018,0.0,-0.610016,-0.610016,-987.936904,5190.300171,5190.300171,22.1299991607666,,
sim_2019-02-09_2026-05-21_29c06ed80e5a,2020-08-13,put_credit_spread,SPY,put_credit_spread_SPY_000017,0.0,0.0,0.0,-987.936904,1776.5,1776.5,22.1299991607666,,
sim_2019-02-09_2026-05-21_29c06ed80e5a,2020-08-14,short_straddle,SPY,short_straddle_SPY_000018,0.0,0.01001,0.01001,-987.926895,5190.300171,5190.300171,22.049999237060547,0.1721,0.122
sim_2019-02-09_2026-05-21_29c06ed80e5a,2020-08-14,put_credit_spread,SPY,put_credit_spread_SPY_000017,0.0,0.0,0.0,-987.926895,1776.5,1776.5,22.049999237060547,0.1721,0.122
sim_2019-02-09_2026-05-21_29c06ed80e5a,2020-08-17,short_straddle,SPY,short_straddle_SPY_000018,0.0,1.070007,1.070007,-986.856887,5190.300171,5190.300171,21.350000381469727,0.1686,0.1158
sim_2019-02-09_2026-05-21_29c06ed80e5a,2020-08-17,put_credit_spread,SPY,put_credit_spread_SPY_000017,0.0,0.0,0.0,-986.856887,1776.5,1776.5,21.350000381469727,0.1686,0.1158
sim_2019-02-09_2026-05-21_29c06ed80e5a,2020-08-18,short_straddle,SPY,short_straddle_SPY_000018,0.0,0.730011,0.730011,-986.126876,5190.300171,5190.300171,21.51000022888184,,
sim_2019-02-09_2026-05-21_29c06ed80e5a,2020-08-18,put_credit_spread,SPY,put_credit_spread_SPY_000017,0.0,0.0,0.0,-986.126876,1776.5,1776.5,21.51000022888184,,
sim_2019-02-09_2026-05-21_29c06ed80e5a,2020-08-19,short_straddle,SPY,short_straddle_SPY_000018,0.0,-1.410004,-1.410004,-987.53688,5190.300171,5190.300171,22.540000915527344,0.1804,0.1102
sim_2019-02-09_2026-05-21_29c06ed80e5a,2020-08-19,put_credit_spread,SPY,put_credit_spread_SPY_000017,221.5,0.0,221.5,-766.03688,1776.5,1776.5,22.540000915527344,0.1804,0.1102
sim_2019-02-09_2026-05-21_29c06ed80e5a,2020-08-19,put_credit_spread,SPY,put_credit_spread_SPY_000019,-2.1475,0.0,-2.1475,-768.18438,2205.0,2205.0,22.540000915527344,0.1804,0.1102
sim_2019-02-09_2026-05-21_29c06ed80e5a,2020-08-20,short_straddle,SPY,short_straddle_SPY_000018,0.0,1.049988,1.049988,-767.134392,5190.300171,5190.300171,22.71999931335449,,
sim_2019-02-09_2026-05-21_29c06ed80e5a,2020-08-20,put_credit_spread,SPY,put_credit_spread_SPY_000019,0.0,0.0,0.0,-767.134392,2205.0,2205.0,22.71999931335449,,
sim_2019-02-09_2026-05-21_29c06ed80e5a,2020-08-21,short_straddle,SPY,short_straddle_SPY_000018,0.0,1.200012,1.200012,-765.93438,5190.300171,5190.300171,22.540000915527344,0.1696,0.1052
sim_2019-02-09_2026-05-21_29c06ed80e5a,2020-08-21,put_credit_spread,SPY,put_credit_spread_SPY_000019,0.0,0.0,0.0,-765.93438,2205.0,2205.0,22.540000915527344,0.1696,0.1052
sim_2019-02-09_2026-05-21_29c06ed80e5a,2020-08-24,short_straddle,SPY,short_straddle_SPY_000018,0.0,3.440002,3.440002,-762.494377,5190.300171,5190.300171,22.3700008392334,0.168,0.1023
sim_2019-02-09_2026-05-21_29c06ed80e5a,2020-08-24,put_credit_spread,SPY,put_credit_spread_SPY_000019,0.0,0.0,0.0,-762.494377,2205.0,2205.0,22.3700008392334,0.168,0.1023
sim_2019-02-09_2026-05-21_29c06ed80e5a,2020-08-25,short_straddle,SPY,short_straddle_SPY_000018,0.0,1.199982,1.199982,-761.294396,5190.300171,5190.300171,22.030000686645508,,
sim_2019-02-09_2026-05-21_29c06ed80e5a,2020-08-25,put_credit_spread,SPY,put_credit_spread_SPY_000019,0.0,0.0,0.0,-761.294396,2205.0,2205.0,22.030000686645508,,
sim_2019-02-09_2026-05-21_29c06ed80e5a,2020-08-26,short_straddle,SPY,short_straddle_SPY_000018,0.0,3.450012,3.450012,-757.844384,5190.300171,5190.300171,23.270000457763672,0.1761,0.0984
sim_2019-02-09_2026-05-21_29c06ed80e5a,2020-08-26,put_credit_spread,SPY,put_credit_spread_SPY_000019,0.0,0.0,0.0,-757.844384,2205.0,2205.0,23.270000457763672,0.1761,0.0984
sim_2019-02-09_2026-05-21_29c06ed80e5a,2020-08-27,short_straddle,SPY,short_straddle_SPY_000018,0.0,0.759979,0.759979,-757.084404,5190.300171,5190.300171,24.46999931335449,,
sim_2019-02-09_2026-05-21_29c06ed80e5a,2020-08-27,put_credit_spread,SPY,put_credit_spread_SPY_000019,0.0,0.0,0.0,-757.084404,2205.0,2205.0,24.46999931335449,,
sim_2019-02-09_2026-05-21_29c06ed80e5a,2020-08-28,short_straddle,SPY,short_straddle_SPY_000018,0.0,2.25,2.25,-754.834404,5190.300171,5190.300171,22.959999084472656,0.1765,0.0974
sim_2019-02-09_2026-05-21_29c06ed80e5a,2020-08-28,put_credit_spread,SPY,put_credit_spread_SPY_000019,0.0,0.0,0.0,-754.834404,2205.0,2205.0,22.959999084472656,0.1765,0.0974
sim_2019-02-09_2026-05-21_29c06ed80e5a,2020-08-31,short_straddle,SPY,short_straddle_SPY_000018,-648.515256,-1.444644,-649.9599,-1404.794304,5190.300171,5190.300171,26.40999984741211,0.1934,0.0979
sim_2019-02-09_2026-05-21_29c06ed80e5a,2020-08-31,put_credit_spread,SPY,put_credit_spread_SPY_000019,0.0,0.0,0.0,-1404.794304,2205.0,2205.0,26.40999984741211,0.1934,0.0979
sim_2019-02-09_2026-05-21_29c06ed80e5a,2020-08-31,short_straddle,SPY,short_straddle_SPY_000020,-2.73675,0.0,-2.73675,-1407.531054,5512.699951,5512.699951,26.40999984741211,0.1934,0.0979
sim_2019-02-09_2026-05-21_29c06ed80e5a,2020-09-01,short_straddle,SPY,short_straddle_SPY_000020,0.0,-0.1763,-0.1763,-1407.707354,5512.699951,5512.699951,26.1200008392334,,
sim_2019-02-09_2026-05-21_29c06ed80e5a,2020-09-01,put_credit_spread,SPY,put_credit_spread_SPY_000019,0.0,0.0,0.0,-1407.707354,2205.0,2205.0,26.1200008392334,,
sim_2019-02-09_2026-05-21_29c06ed80e5a,2020-09-02,short_straddle,SPY,short_straddle_SPY_000020,0.0,5.100006,5.100006,-1402.607348,5512.699951,5512.699951,26.56999969482422,0.2011,0.1051
sim_2019-02-09_2026-05-21_29c06ed80e5a,2020-09-02,put_credit_spread,SPY,put_credit_spread_SPY_000019,0.0,0.0,0.0,-1402.607348,2205.0,2205.0,26.56999969482422,0.2011,0.1051
sim_2019-02-09_2026-05-21_29c06ed80e5a,2020-09-03,short_straddle,SPY,short_straddle_SPY_000020,0.0,-12.309998,-12.309998,-1414.917345,5512.699951,5512.699951,33.599998474121094,,
sim_2019-02-09_2026-05-21_29c06ed80e5a,2020-09-03,put_credit_spread,SPY,put_credit_spread_SPY_000019,0.0,0.0,0.0,-1414.917345,2205.0,2205.0,33.599998474121094,,
sim_2019-02-09_2026-05-21_29c06ed80e5a,2020-09-04,short_straddle,SPY,short_straddle_SPY_000020,0.0,-2.820007,-2.820007,-1417.737353,5512.699951,5512.699951,30.75,0.2348,0.1476
sim_2019-02-09_2026-05-21_29c06ed80e5a,2020-09-04,put_credit_spread,SPY,put_credit_spread_SPY_000019,0.0,0.0,0.0,-1417.737353,2205.0,2205.0,30.75,0.2348,0.1476
sim_2019-02-09_2026-05-21_29c06ed80e5a,2020-09-08,short_straddle,SPY,short_straddle_SPY_000020,0.0,-9.360016,-9.360016,-1427.097369,5512.699951,5512.699951,31.459999084472656,,
sim_2019-02-09_2026-05-21_29c06ed80e5a,2020-09-08,put_credit_spread,SPY,put_credit_spread_SPY_000019,0.0,0.0,0.0,-1427.097369,2205.0,2205.0,31.459999084472656,,
sim_2019-02-09_2026-05-21_29c06ed80e5a,2020-09-09,short_straddle,SPY,short_straddle_SPY_000020,0.0,6.580017,6.580017,-1420.517352,5512.699951,5512.699951,28.809999465942383,0.2312,0.1769
sim_2019-02-09_2026-05-21_29c06ed80e5a,2020-09-09,put_credit_spread,SPY,put_credit_spread_SPY_000019,0.0,0.0,0.0,-1420.517352,2205.0,2205.0,28.809999465942383,0.2312,0.1769
sim_2019-02-09_2026-05-21_29c06ed80e5a,2020-09-10,short_straddle,SPY,short_straddle_SPY_000020,0.0,-5.899994,-5.899994,-1426.417345,5512.699951,5512.699951,29.709999084472656,,
sim_2019-02-09_2026-05-21_29c06ed80e5a,2020-09-10,put_credit_spread,SPY,put_credit_spread_SPY_000019,0.0,0.0,0.0,-1426.417345,2205.0,2205.0,29.709999084472656,,
sim_2019-02-09_2026-05-21_29c06ed80e5a,2020-09-11,short_straddle,SPY,short_straddle_SPY_000020,0.0,0.169983,0.169983,-1426.247363,5512.699951,5512.699951,26.8700008392334,0.2249,0.1822
sim_2019-02-09_2026-05-21_29c06ed80e5a,2020-09-11,put_credit_spread,SPY,put_credit_spread_SPY_000019,0.0,0.0,0.0,-1426.247363,2205.0,2205.0,26.8700008392334,0.2249,0.1822
sim_2019-02-09_2026-05-21_29c06ed80e5a,2020-09-14,short_straddle,SPY,short_straddle_SPY_000020,0.0,4.399994,4.399994,-1421.847369,5512.699951,5512.699951,25.850000381469727,0.2131,0.1845
sim_2019-02-09_2026-05-21_29c06ed80e5a,2020-09-14,put_credit_spread,SPY,put_credit_spread_SPY_000019,0.0,0.0,0.0,-1421.847369,2205.0,2205.0,25.850000381469727,0.2131,0.1845
sim_2019-02-09_2026-05-21_29c06ed80e5a,2020-09-15,short_straddle,SPY,short_straddle_SPY_000020,0.0,1.710022,1.710022,-1420.137347,5512.699951,5512.699951,25.59000015258789,,
sim_2019-02-09_2026-05-21_29c06ed80e5a,2020-09-15,put_credit_spread,SPY,put_credit_spread_SPY_000019,0.0,0.0,0.0,-1420.137347,2205.0,2205.0,25.59000015258789,,
sim_2019-02-09_2026-05-21_29c06ed80e5a,2020-09-16,short_straddle,SPY,short_straddle_SPY_000020,0.0,-1.350006,-1.350006,-1421.487353,5512.699951,5512.699951,26.040000915527344,0.2109,0.1845
sim_2019-02-09_2026-05-21_29c06ed80e5a,2020-09-16,put_credit_spread,SPY,put_credit_spread_SPY_000019,293.0,0.0,293.0,-1128.487353,2205.0,2205.0,26.040000915527344,0.2109,0.1845
sim_2019-02-09_2026-05-21_29c06ed80e5a,2020-09-16,put_credit_spread,SPY,put_credit_spread_SPY_000021,-2.129,0.0,-2.129,-1130.616353,1742.0,1742.0,26.040000915527344,0.2109,0.1845
sim_2019-02-09_2026-05-21_29c06ed80e5a,2020-09-17,short_straddle,SPY,short_straddle_SPY_000020,0.0,-2.980011,-2.980011,-1133.596364,5512.699951,5512.699951,26.459999084472656,,
sim_2019-02-09_2026-05-21_29c06ed80e5a,2020-09-17,put_credit_spread,SPY,put_credit_spread_SPY_000021,0.0,0.0,0.0,-1133.596364,1742.0,1742.0,26.459999084472656,,
sim_2019-02-09_2026-05-21_29c06ed80e5a,2020-09-18,short_straddle,SPY,short_straddle_SPY_000020,0.0,-5.190002,-5.190002,-1138.786366,5512.699951,5512.699951,25.82999992370605,0.2163,0.1904
sim_2019-02-09_2026-05-21_29c06ed80e5a,2020-09-18,put_credit_spread,SPY,put_credit_spread_SPY_000021,0.0,0.0,0.0,-1138.786366,1742.0,1742.0,25.82999992370605,0.2163,0.1904
sim_2019-02-09_2026-05-21_29c06ed80e5a,2020-09-21,short_straddle,SPY,short_straddle_SPY_000020,0.0,-3.679993,-3.679993,-1142.466359,5512.699951,5512.699951,27.780000686645508,0.229,0.193
sim_2019-02-09_2026-05-21_29c06ed80e5a,2020-09-21,put_credit_spread,SPY,put_credit_spread_SPY_000021,0.0,0.0,0.0,-1142.466359,1742.0,1742.0,27.780000686645508,0.229,0.193
sim_2019-02-09_2026-05-21_29c06ed80e5a,2020-09-22,short_straddle,SPY,short_straddle_SPY_000020,0.0,3.329987,3.329987,-1139.136372,5512.699951,5512.699951,26.86000061035156,,
sim_2019-02-09_2026-05-21_29c06ed80e5a,2020-09-22,put_credit_spread,SPY,put_credit_spread_SPY_000021,0.0,0.0,0.0,-1139.136372,1742.0,1742.0,26.86000061035156,,
sim_2019-02-09_2026-05-21_29c06ed80e5a,2020-09-23,short_straddle,SPY,short_straddle_SPY_000020,0.0,-7.659973,-7.659973,-1146.796345,5512.699951,5512.699951,28.57999992370605,0.248,0.2052
sim_2019-02-09_2026-05-21_29c06ed80e5a,2020-09-23,put_credit_spread,SPY,put_credit_spread_SPY_000021,0.0,0.0,0.0,-1146.796345,1742.0,1742.0,28.57999992370605,0.248,0.2052
sim_2019-02-09_2026-05-21_29c06ed80e5a,2020-09-24,short_straddle,SPY,short_straddle_SPY_000020,0.0,0.859985,0.859985,-1145.93636,5512.699951,5512.699951,28.51000022888184,,
sim_2019-02-09_2026-05-21_29c06ed80e5a,2020-09-24,put_credit_spread,SPY,put_credit_spread_SPY_000021,0.0,0.0,0.0,-1145.93636,1742.0,1742.0,28.51000022888184,,
sim_2019-02-09_2026-05-21_29c06ed80e5a,2020-09-25,short_straddle,SPY,short_straddle_SPY_000020,0.0,5.230011,5.230011,-1140.706349,5512.699951,5512.699951,26.3799991607666,0.2249,0.2069
sim_2019-02-09_2026-05-21_29c06ed80e5a,2020-09-25,put_credit_spread,SPY,put_credit_spread_SPY_000021,0.0,0.0,0.0,-1140.706349,1742.0,1742.0,26.3799991607666,0.2249,0.2069
sim_2019-02-09_2026-05-21_29c06ed80e5a,2020-09-28,short_straddle,SPY,short_straddle_SPY_000020,-10.240256,5.292896,-4.947359,-1145.653708,5512.699951,5512.699951,26.190000534057617,0.2257,0.2129
sim_2019-02-09_2026-05-21_29c06ed80e5a,2020-09-28,put_credit_spread,SPY,put_credit_spread_SPY_000021,0.0,0.0,0.0,-1145.653708,1742.0,1742.0,26.190000534057617,0.2257,0.2129
sim_2019-02-09_2026-05-21_29c06ed80e5a,2020-09-28,short_straddle,SPY,short_straddle_SPY_000022,-2.82,0.0,-2.82,-1148.473708,5043.800049,5043.800049,26.190000534057617,0.2257,0.2129
sim_2019-02-09_2026-05-21_29c06ed80e5a,2020-09-29,short_straddle,SPY,short_straddle_SPY_000022,0.0,-0.830925,-0.830925,-1149.304633,5043.800049,5043.800049,26.270000457763672,,
sim_2019-02-09_2026-05-21_29c06ed80e5a,2020-09-29,put_credit_spread,SPY,put_credit_spread_SPY_000021,0.0,0.0,0.0,-1149.304633,1742.0,1742.0,26.270000457763672,,
sim_2019-02-09_2026-05-21_29c06ed80e5a,2020-09-30,short_straddle,SPY,short_straddle_SPY_000022,0.0,12.600098,12.600098,-1136.704536,5043.800049,5043.800049,26.3700008392334,0.2326,0.2143
sim_2019-02-09_2026-05-21_29c06ed80e5a,2020-09-30,put_credit_spread,SPY,put_credit_spread_SPY_000021,0.0,0.0,0.0,-1136.704536,1742.0,1742.0,26.3700008392334,0.2326,0.2143
sim_2019-02-09_2026-05-21_29c06ed80e5a,2020-10-01,short_straddle,SPY,short_straddle_SPY_000022,0.0,10.749969,10.749969,-1125.954566,5043.800049,5043.800049,26.700000762939453,,
sim_2019-02-09_2026-05-21_29c06ed80e5a,2020-10-01,put_credit_spread,SPY,put_credit_spread_SPY_000021,0.0,0.0,0.0,-1125.954566,1742.0,1742.0,26.700000762939453,,
sim_2019-02-09_2026-05-21_29c06ed80e5a,2020-10-02,short_straddle,SPY,short_straddle_SPY_000022,0.0,-16.000061,-16.000061,-1141.954627,5043.800049,5043.800049,27.6299991607666,0.2363,0.2164
sim_2019-02-09_2026-05-21_29c06ed80e5a,2020-10-02,put_credit_spread,SPY,put_credit_spread_SPY_000021,0.0,0.0,0.0,-1141.954627,1742.0,1742.0,27.6299991607666,0.2363,0.2164
sim_2019-02-09_2026-05-21_29c06ed80e5a,2020-10-05,short_straddle,SPY,short_straddle_SPY_000022,0.0,29.600067,29.600067,-1112.35456,5043.800049,5043.800049,27.959999084472656,0.2489,0.2224
sim_2019-02-09_2026-05-21_29c06ed80e5a,2020-10-05,put_credit_spread,SPY,put_credit_spread_SPY_000021,0.0,0.0,0.0,-1112.35456,1742.0,1742.0,27.959999084472656,0.2489,0.2224
sim_2019-02-09_2026-05-21_29c06ed80e5a,2020-10-06,short_straddle,SPY,short_straddle_SPY_000022,0.0,-24.150085,-24.150085,-1136.504646,5043.800049,5043.800049,29.479999542236328,,
sim_2019-02-09_2026-05-21_29c06ed80e5a,2020-10-06,put_credit_spread,SPY,put_credit_spread_SPY_000021,0.0,0.0,0.0,-1136.504646,1742.0,1742.0,29.479999542236328,,
sim_2019-02-09_2026-05-21_29c06ed80e5a,2020-10-07,short_straddle,SPY,short_straddle_SPY_000022,0.0,29.150085,29.150085,-1107.35456,5043.800049,5043.800049,28.059999465942383,0.2523,0.2298
sim_2019-02-09_2026-05-21_29c06ed80e5a,2020-10-07,put_credit_spread,SPY,put_credit_spread_SPY_000021,0.0,0.0,0.0,-1107.35456,1742.0,1742.0,28.059999465942383,0.2523,0.2298
sim_2019-02-09_2026-05-21_29c06ed80e5a,2020-10-08,short_straddle,SPY,short_straddle_SPY_000022,0.0,15.099945,15.099945,-1092.254615,5043.800049,5043.800049,26.36000061035156,,
sim_2019-02-09_2026-05-21_29c06ed80e5a,2020-10-08,put_credit_spread,SPY,put_credit_spread_SPY_000021,0.0,0.0,0.0,-1092.254615,1742.0,1742.0,26.36000061035156,,
sim_2019-02-09_2026-05-21_29c06ed80e5a,2020-10-09,short_straddle,SPY,short_straddle_SPY_000022,0.0,15.350037,15.350037,-1076.904578,5043.800049,5043.800049,25.0,0.2141,0.2309
sim_2019-02-09_2026-05-21_29c06ed80e5a,2020-10-09,put_credit_spread,SPY,put_credit_spread_SPY_000021,0.0,0.0,0.0,-1076.904578,1742.0,1742.0,25.0,0.2141,0.2309
sim_2019-02-09_2026-05-21_29c06ed80e5a,2020-10-12,short_straddle,SPY,short_straddle_SPY_000022,0.0,27.899933,27.899933,-1049.004646,5043.800049,5043.800049,25.06999969482422,0.2108,0.2348
sim_2019-02-09_2026-05-21_29c06ed80e5a,2020-10-12,put_credit_spread,SPY,put_credit_spread_SPY_000021,0.0,0.0,0.0,-1049.004646,1742.0,1742.0,25.06999969482422,0.2108,0.2348
sim_2019-02-09_2026-05-21_29c06ed80e5a,2020-10-13,short_straddle,SPY,short_straddle_SPY_000022,0.0,-11.499939,-11.499939,-1060.504585,5043.800049,5043.800049,26.06999969482422,,
sim_2019-02-09_2026-05-21_29c06ed80e5a,2020-10-13,put_credit_spread,SPY,put_credit_spread_SPY_000021,0.0,0.0,0.0,-1060.504585,1742.0,1742.0,26.06999969482422,,
sim_2019-02-09_2026-05-21_29c06ed80e5a,2020-10-14,short_straddle,SPY,short_straddle_SPY_000022,0.0,-11.000061,-11.000061,-1071.504646,5043.800049,5043.800049,26.39999961853028,0.2311,0.2344
sim_2019-02-09_2026-05-21_29c06ed80e5a,2020-10-14,put_credit_spread,SPY,put_credit_spread_SPY_000021,256.0,0.0,256.0,-815.504646,1742.0,1742.0,26.39999961853028,0.2311,0.2344
sim_2019-02-09_2026-05-21_29c06ed80e5a,2020-10-14,put_credit_spread,SPY,put_credit_spread_SPY_000023,-2.14975,0.0,-2.14975,-817.654396,1700.5,1700.5,26.39999961853028,0.2311,0.2344
sim_2019-02-09_2026-05-21_29c06ed80e5a,2020-10-15,short_straddle,SPY,short_straddle_SPY_000022,0.0,-2.149963,-2.149963,-819.804359,5043.800049,5043.800049,26.96999931335449,,
sim_2019-02-09_2026-05-21_29c06ed80e5a,2020-10-15,put_credit_spread,SPY,put_credit_spread_SPY_000023,0.0,0.0,0.0,-819.804359,1700.5,1700.5,26.96999931335449,,
sim_2019-02-09_2026-05-21_29c06ed80e5a,2020-10-16,short_straddle,SPY,short_straddle_SPY_000022,0.0,-1.049957,-1.049957,-820.854316,5043.800049,5043.800049,27.40999984741211,0.2339,0.2063
sim_2019-02-09_2026-05-21_29c06ed80e5a,2020-10-16,put_credit_spread,SPY,put_credit_spread_SPY_000023,0.0,0.0,0.0,-820.854316,1700.5,1700.5,27.40999984741211,0.2339,0.2063
sim_2019-02-09_2026-05-21_29c06ed80e5a,2020-10-19,short_straddle,SPY,short_straddle_SPY_000022,0.0,-26.399994,-26.399994,-847.25431,5043.800049,5043.800049,29.18000030517578,0.2461,0.2098
sim_2019-02-09_2026-05-21_29c06ed80e5a,2020-10-19,put_credit_spread,SPY,put_credit_spread_SPY_000023,0.0,0.0,0.0,-847.25431,1700.5,1700.5,29.18000030517578,0.2461,0.2098
sim_2019-02-09_2026-05-21_29c06ed80e5a,2020-10-20,short_straddle,SPY,short_straddle_SPY_000022,0.0,6.849976,6.849976,-840.404335,5043.800049,5043.800049,29.350000381469727,,
sim_2019-02-09_2026-05-21_29c06ed80e5a,2020-10-20,put_credit_spread,SPY,put_credit_spread_SPY_000023,0.0,0.0,0.0,-840.404335,1700.5,1700.5,29.350000381469727,,
sim_2019-02-09_2026-05-21_29c06ed80e5a,2020-10-21,short_straddle,SPY,short_straddle_SPY_000022,0.0,-3.249969,-3.249969,-843.654304,5043.800049,5043.800049,28.64999961853028,0.2571,0.1849
sim_2019-02-09_2026-05-21_29c06ed80e5a,2020-10-21,put_credit_spread,SPY,put_credit_spread_SPY_000023,0.0,0.0,0.0,-843.654304,1700.5,1700.5,28.64999961853028,0.2571,0.1849
sim_2019-02-09_2026-05-21_29c06ed80e5a,2020-10-22,short_straddle,SPY,short_straddle_SPY_000022,0.0,9.399872,9.399872,-834.254432,5043.800049,5043.800049,28.11000061035156,,
sim_2019-02-09_2026-05-21_29c06ed80e5a,2020-10-22,put_credit_spread,SPY,put_credit_spread_SPY_000023,0.0,0.0,0.0,-834.254432,1700.5,1700.5,28.11000061035156,,
sim_2019-02-09_2026-05-21_29c06ed80e5a,2020-10-23,short_straddle,SPY,short_straddle_SPY_000022,0.0,5.850067,5.850067,-828.404365,5043.800049,5043.800049,27.549999237060547,0.2407,0.1776
sim_2019-02-09_2026-05-21_29c06ed80e5a,2020-10-23,put_credit_spread,SPY,put_credit_spread_SPY_000023,0.0,0.0,0.0,-828.404365,1700.5,1700.5,27.549999237060547,0.2407,0.1776
sim_2019-02-09_2026-05-21_29c06ed80e5a,2020-10-26,short_straddle,SPY,short_straddle_SPY_000022,1098.729034,-32.798396,1065.930639,237.526274,5043.800049,5043.800049,32.459999084472656,0.2828,0.1828
sim_2019-02-09_2026-05-21_29c06ed80e5a,2020-10-26,put_credit_spread,SPY,put_credit_spread_SPY_000023,0.0,0.0,0.0,237.526274,1700.5,1700.5,32.459999084472656,0.2828,0.1828
sim_2019-02-09_2026-05-21_29c06ed80e5a,2020-10-26,short_straddle,SPY,short_straddle_SPY_000024,-3.07425,0.0,-3.07425,234.452024,4639.300293,4639.300293,32.459999084472656,0.2828,0.1828
sim_2019-02-09_2026-05-21_29c06ed80e5a,2020-10-27,short_straddle,SPY,short_straddle_SPY_000024,0.0,-0.33822,-0.33822,234.113804,4639.300293,4639.300293,33.349998474121094,,
sim_2019-02-09_2026-05-21_29c06ed80e5a,2020-10-27,put_credit_spread,SPY,put_credit_spread_SPY_000023,0.0,0.0,0.0,234.113804,1700.5,1700.5,33.349998474121094,,
sim_2019-02-09_2026-05-21_29c06ed80e5a,2020-10-28,short_straddle,SPY,short_straddle_SPY_000024,0.0,-23.119995,-23.119995,210.993809,4639.300293,4639.300293,40.27999877929688,0.3504,0.2081
sim_2019-02-09_2026-05-21_29c06ed80e5a,2020-10-28,put_credit_spread,SPY,put_credit_spread_SPY_000023,-514.0,0.0,-514.0,-303.006191,1700.5,1700.5,40.27999877929688,0.3504,0.2081
sim_2019-02-09_2026-05-21_29c06ed80e5a,2020-10-29,short_straddle,SPY,short_straddle_SPY_000024,0.0,6.640015,6.640015,-296.366177,4639.300293,4639.300293,37.59000015258789,,
sim_2019-02-09_2026-05-21_29c06ed80e5a,2020-10-29,put_credit_spread,SPY,put_credit_spread_SPY_000023,0.0,0.0,0.0,-296.366177,1700.5,1700.5,37.59000015258789,,
sim_2019-02-09_2026-05-21_29c06ed80e5a,2020-10-30,short_straddle,SPY,short_straddle_SPY_000024,0.0,-6.880005,-6.880005,-303.246182,4639.300293,4639.300293,38.02000045776367,0.3278,0.2066
sim_2019-02-09_2026-05-21_29c06ed80e5a,2020-10-30,put_credit_spread,SPY,put_credit_spread_SPY_000023,0.0,0.0,0.0,-303.246182,1700.5,1700.5,38.02000045776367,0.3278,0.2066
sim_2019-02-09_2026-05-21_29c06ed80e5a,2020-11-02,short_straddle,SPY,short_straddle_SPY_000024,0.0,7.320007,7.320007,-295.926174,4639.300293,4639.300293,37.130001068115234,0.3163,0.2066
sim_2019-02-09_2026-05-21_29c06ed80e5a,2020-11-02,put_credit_spread,SPY,put_credit_spread_SPY_000023,0.0,0.0,0.0,-295.926174,1700.5,1700.5,37.130001068115234,0.3163,0.2066
sim_2019-02-09_2026-05-21_29c06ed80e5a,2020-11-03,short_straddle,SPY,short_straddle_SPY_000024,0.0,11.659973,11.659973,-284.266201,4639.300293,4639.300293,35.54999923706055,,
sim_2019-02-09_2026-05-21_29c06ed80e5a,2020-11-03,put_credit_spread,SPY,put_credit_spread_SPY_000023,0.0,0.0,0.0,-284.266201,1700.5,1700.5,35.54999923706055,,
sim_2019-02-09_2026-05-21_29c06ed80e5a,2020-11-04,short_straddle,SPY,short_straddle_SPY_000024,0.0,15.02002,15.02002,-269.246182,4639.300293,4639.300293,29.56999969482422,0.2487,0.2069
sim_2019-02-09_2026-05-21_29c06ed80e5a,2020-11-04,put_credit_spread,SPY,put_credit_spread_SPY_000023,0.0,0.0,0.0,-269.246182,1700.5,1700.5,29.56999969482422,0.2487,0.2069
sim_2019-02-09_2026-05-21_29c06ed80e5a,2020-11-05,short_straddle,SPY,short_straddle_SPY_000024,0.0,13.399963,13.399963,-255.846218,4639.300293,4639.300293,27.57999992370605,,
sim_2019-02-09_2026-05-21_29c06ed80e5a,2020-11-05,put_credit_spread,SPY,put_credit_spread_SPY_000023,0.0,0.0,0.0,-255.846218,1700.5,1700.5,27.57999992370605,,
sim_2019-02-09_2026-05-21_29c06ed80e5a,2020-11-06,short_straddle,SPY,short_straddle_SPY_000024,0.0,-0.159973,-0.159973,-256.006191,4639.300293,4639.300293,24.86000061035156,0.2085,0.2092
sim_2019-02-09_2026-05-21_29c06ed80e5a,2020-11-06,put_credit_spread,SPY,put_credit_spread_SPY_000023,0.0,0.0,0.0,-256.006191,1700.5,1700.5,24.86000061035156,0.2085,0.2092
sim_2019-02-09_2026-05-21_29c06ed80e5a,2020-11-09,short_straddle,SPY,short_straddle_SPY_000024,226.5,-1.482252,225.017748,-30.988444,4639.300293,4639.300293,25.75,0.2116,0.2071
sim_2019-02-09_2026-05-21_29c06ed80e5a,2020-11-09,put_credit_spread,SPY,put_credit_spread_SPY_000023,0.0,0.0,0.0,-30.988444,1700.5,1700.5,25.75,0.2116,0.2071
sim_2019-02-09_2026-05-21_29c06ed80e5a,2020-11-10,short_straddle,SPY,short_straddle_SPY_000024,0.0,-41.466501,-41.466501,-72.454945,4639.300293,4639.300293,24.799999237060547,,
sim_2019-02-09_2026-05-21_29c06ed80e5a,2020-11-10,put_credit_spread,SPY,put_credit_spread_SPY_000023,0.0,0.0,0.0,-72.454945,1700.5,1700.5,24.799999237060547,,
sim_2019-02-09_2026-05-21_29c06ed80e5a,2020-11-11,short_straddle,SPY,short_straddle_SPY_000024,0.0,5.26001,5.26001,-67.194935,4639.300293,4639.300293,23.450000762939453,0.1906,0.2061
sim_2019-02-09_2026-05-21_29c06ed80e5a,2020-11-11,put_credit_spread,SPY,put_credit_spread_SPY_000023,811.5,0.0,811.5,744.305065,1700.5,1700.5,23.450000762939453,0.1906,0.2061
sim_2019-02-09_2026-05-21_29c06ed80e5a,2020-11-11,put_credit_spread,SPY,put_credit_spread_SPY_000025,-2.18875,0.0,-2.18875,742.116315,2622.5,2622.5,23.450000762939453,0.1906,0.2061
sim_2019-02-09_2026-05-21_29c06ed80e5a,2020-11-12,short_straddle,SPY,short_straddle_SPY_000024,0.0,-6.920044,-6.920044,735.196271,4639.300293,4639.300293,25.350000381469727,,
sim_2019-02-09_2026-05-21_29c06ed80e5a,2020-11-12,put_credit_spread,SPY,put_credit_spread_SPY_000025,0.0,0.0,0.0,735.196271,2622.5,2622.5,25.350000381469727,,
sim_2019-02-09_2026-05-21_29c06ed80e5a,2020-11-13,short_straddle,SPY,short_straddle_SPY_000024,0.0,9.780029,9.780029,744.9763,4639.300293,4639.300293,23.100000381469727,0.1843,0.2087
sim_2019-02-09_2026-05-21_29c06ed80e5a,2020-11-13,put_credit_spread,SPY,put_credit_spread_SPY_000025,0.0,0.0,0.0,744.9763,2622.5,2622.5,23.100000381469727,0.1843,0.2087
sim_2019-02-09_2026-05-21_29c06ed80e5a,2020-11-16,short_straddle,SPY,short_straddle_SPY_000024,0.0,8.940002,8.940002,753.916303,4639.300293,4639.300293,22.450000762939453,,
sim_2019-02-09_2026-05-21_29c06ed80e5a,2020-11-16,put_credit_spread,SPY,put_credit_spread_SPY_000025,0.0,0.0,0.0,753.916303,2622.5,2622.5,22.450000762939453,,
sim_2019-02-09_2026-05-21_29c06ed80e5a,2020-11-17,short_straddle,SPY,short_straddle_SPY_000024,0.0,-3.900024,-3.900024,750.016278,4639.300293,4639.300293,22.709999084472656,,
sim_2019-02-09_2026-05-21_29c06ed80e5a,2020-11-17,put_credit_spread,SPY,put_credit_spread_SPY_000025,0.0,0.0,0.0,750.016278,2622.5,2622.5,22.709999084472656,,
sim_2019-02-09_2026-05-21_29c06ed80e5a,2020-11-18,short_straddle,SPY,short_straddle_SPY_000024,0.0,-8.679993,-8.679993,741.336286,4639.300293,4639.300293,23.84000015258789,0.2006,0.2005
sim_2019-02-09_2026-05-21_29c06ed80e5a,2020-11-18,put_credit_spread,SPY,put_credit_spread_SPY_000025,0.0,0.0,0.0,741.336286,2622.5,2622.5,23.84000015258789,0.2006,0.2005
sim_2019-02-09_2026-05-21_29c06ed80e5a,2020-11-19,short_straddle,SPY,short_straddle_SPY_000024,0.0,3.0,3.0,744.336286,4639.300293,4639.300293,23.11000061035156,,
sim_2019-02-09_2026-05-21_29c06ed80e5a,2020-11-19,put_credit_spread,SPY,put_credit_spread_SPY_000025,0.0,0.0,0.0,744.336286,2622.5,2622.5,23.11000061035156,,
sim_2019-02-09_2026-05-21_29c06ed80e5a,2020-11-20,short_straddle,SPY,short_straddle_SPY_000024,0.0,-4.900024,-4.900024,739.436261,4639.300293,4639.300293,23.700000762939453,0.1977,0.1995
sim_2019-02-09_2026-05-21_29c06ed80e5a,2020-11-20,put_credit_spread,SPY,put_credit_spread_SPY_000025,0.0,0.0,0.0,739.436261,2622.5,2622.5,23.700000762939453,0.1977,0.1995
sim_2019-02-09_2026-05-21_29c06ed80e5a,2020-11-23,short_straddle,SPY,short_straddle_SPY_000024,173.127855,3.90255,177.030405,916.466666,4639.300293,4639.300293,22.65999984741211,0.1854,0.195
sim_2019-02-09_2026-05-21_29c06ed80e5a,2020-11-23,put_credit_spread,SPY,put_credit_spread_SPY_000025,0.0,0.0,0.0,916.466666,2622.5,2622.5,22.65999984741211,0.1854,0.195
sim_2019-02-09_2026-05-21_29c06ed80e5a,2020-11-23,short_straddle,SPY,short_straddle_SPY_000026,-2.736,0.0,-2.736,913.730666,5677.199829,5677.199829,22.65999984741211,0.1854,0.195
sim_2019-02-09_2026-05-21_29c06ed80e5a,2020-11-24,short_straddle,SPY,short_straddle_SPY_000026,0.0,-0.18161,-0.18161,913.549056,5677.199829,5677.199829,21.63999938964844,,
sim_2019-02-09_2026-05-21_29c06ed80e5a,2020-11-24,put_credit_spread,SPY,put_credit_spread_SPY_000025,0.0,0.0,0.0,913.549056,2622.5,2622.5,21.63999938964844,,
sim_2019-02-09_2026-05-21_29c06ed80e5a,2020-11-25,short_straddle,SPY,short_straddle_SPY_000026,0.0,-0.559998,-0.559998,912.989058,5677.199829,5677.199829,21.25,0.1709,0.1977
sim_2019-02-09_2026-05-21_29c06ed80e5a,2020-11-25,put_credit_spread,SPY,put_credit_spread_SPY_000025,0.0,0.0,0.0,912.989058,2622.5,2622.5,21.25,0.1709,0.1977
sim_2019-02-09_2026-05-21_29c06ed80e5a,2020-11-27,short_straddle,SPY,short_straddle_SPY_000026,0.0,1.01001,1.01001,913.999068,5677.199829,5677.199829,20.84000015258789,0.1677,0.1976
sim_2019-02-09_2026-05-21_29c06ed80e5a,2020-11-27,put_credit_spread,SPY,put_credit_spread_SPY_000025,0.0,0.0,0.0,913.999068,2622.5,2622.5,20.84000015258789,0.1677,0.1976
sim_2019-02-09_2026-05-21_29c06ed80e5a,2020-11-30,short_straddle,SPY,short_straddle_SPY_000026,0.0,-1.610016,-1.610016,912.389052,5677.199829,5677.199829,20.56999969482422,0.1655,0.1983
sim_2019-02-09_2026-05-21_29c06ed80e5a,2020-11-30,put_credit_spread,SPY,put_credit_spread_SPY_000025,0.0,0.0,0.0,912.389052,2622.5,2622.5,20.56999969482422,0.1655,0.1983
sim_2019-02-09_2026-05-21_29c06ed80e5a,2020-12-01,short_straddle,SPY,short_straddle_SPY_000026,0.0,3.959991,3.959991,916.349044,5677.199829,5677.199829,20.770000457763672,,
sim_2019-02-09_2026-05-21_29c06ed80e5a,2020-12-01,put_credit_spread,SPY,put_credit_spread_SPY_000025,0.0,0.0,0.0,916.349044,2622.5,2622.5,20.770000457763672,,
sim_2019-02-09_2026-05-21_29c06ed80e5a,2020-12-02,short_straddle,SPY,short_straddle_SPY_000026,0.0,0.77002,0.77002,917.119063,5677.199829,5677.199829,21.170000076293945,0.1669,0.1935
sim_2019-02-09_2026-05-21_29c06ed80e5a,2020-12-02,put_credit_spread,SPY,put_credit_spread_SPY_000025,0.0,0.0,0.0,917.119063,2622.5,2622.5,21.170000076293945,0.1669,0.1935
sim_2019-02-09_2026-05-21_29c06ed80e5a,2020-12-03,short_straddle,SPY,short_straddle_SPY_000026,0.0,-0.100006,-0.100006,917.019057,5677.199829,5677.199829,21.280000686645508,,
sim_2019-02-09_2026-05-21_29c06ed80e5a,2020-12-03,put_credit_spread,SPY,put_credit_spread_SPY_000025,0.0,0.0,0.0,917.019057,2622.5,2622.5,21.280000686645508,,
sim_2019-02-09_2026-05-21_29c06ed80e5a,2020-12-04,short_straddle,SPY,short_straddle_SPY_000026,0.0,3.160004,3.160004,920.179061,5677.199829,5677.199829,20.790000915527344,0.1588,0.1939
sim_2019-02-09_2026-05-21_29c06ed80e5a,2020-12-04,put_credit_spread,SPY,put_credit_spread_SPY_000025,0.0,0.0,0.0,920.179061,2622.5,2622.5,20.790000915527344,0.1588,0.1939
sim_2019-02-09_2026-05-21_29c06ed80e5a,2020-12-07,short_straddle,SPY,short_straddle_SPY_000026,0.0,-0.76001,-0.76001,919.419051,5677.199829,5677.199829,21.299999237060547,0.174,0.1943
sim_2019-02-09_2026-05-21_29c06ed80e5a,2020-12-07,put_credit_spread,SPY,put_credit_spread_SPY_000025,0.0,0.0,0.0,919.419051,2622.5,2622.5,21.299999237060547,0.174,0.1943
sim_2019-02-09_2026-05-21_29c06ed80e5a,2020-12-08,short_straddle,SPY,short_straddle_SPY_000026,0.0,1.080017,1.080017,920.499068,5677.199829,5677.199829,20.68000030517578,,
sim_2019-02-09_2026-05-21_29c06ed80e5a,2020-12-08,put_credit_spread,SPY,put_credit_spread_SPY_000025,0.0,0.0,0.0,920.499068,2622.5,2622.5,20.68000030517578,,
sim_2019-02-09_2026-05-21_29c06ed80e5a,2020-12-09,short_straddle,SPY,short_straddle_SPY_000026,0.0,-3.320007,-3.320007,917.179061,5677.199829,5677.199829,22.270000457763672,0.1803,0.1864
sim_2019-02-09_2026-05-21_29c06ed80e5a,2020-12-09,put_credit_spread,SPY,put_credit_spread_SPY_000025,375.5,0.0,375.5,1292.679061,2622.5,2622.5,22.270000457763672,0.1803,0.1864
sim_2019-02-09_2026-05-21_29c06ed80e5a,2020-12-09,put_credit_spread,SPY,put_credit_spread_SPY_000027,-2.103,0.0,-2.103,1290.576061,1794.0,1794.0,22.270000457763672,0.1803,0.1864
sim_2019-02-09_2026-05-21_29c06ed80e5a,2020-12-10,short_straddle,SPY,short_straddle_SPY_000026,0.0,-0.119995,-0.119995,1290.456066,5677.199829,5677.199829,22.520000457763672,,
sim_2019-02-09_2026-05-21_29c06ed80e5a,2020-12-10,put_credit_spread,SPY,put_credit_spread_SPY_000027,0.0,0.0,0.0,1290.456066,1794.0,1794.0,22.520000457763672,,
sim_2019-02-09_2026-05-21_29c06ed80e5a,2020-12-11,short_straddle,SPY,short_straddle_SPY_000026,0.0,-0.430023,-0.430023,1290.026043,5677.199829,5677.199829,23.309999465942383,0.1835,0.1487
sim_2019-02-09_2026-05-21_29c06ed80e5a,2020-12-11,put_credit_spread,SPY,put_credit_spread_SPY_000027,0.0,0.0,0.0,1290.026043,1794.0,1794.0,23.309999465942383,0.1835,0.1487
sim_2019-02-09_2026-05-21_29c06ed80e5a,2020-12-14,short_straddle,SPY,short_straddle_SPY_000026,0.0,-1.639984,-1.639984,1288.386058,5677.199829,5677.199829,24.71999931335449,,
sim_2019-02-09_2026-05-21_29c06ed80e5a,2020-12-14,put_credit_spread,SPY,put_credit_spread_SPY_000027,0.0,0.0,0.0,1288.386058,1794.0,1794.0,24.71999931335449,,
sim_2019-02-09_2026-05-21_29c06ed80e5a,2020-12-15,short_straddle,SPY,short_straddle_SPY_000026,0.0,4.929993,4.929993,1293.316051,5677.199829,5677.199829,22.88999938964844,,
sim_2019-02-09_2026-05-21_29c06ed80e5a,2020-12-15,put_credit_spread,SPY,put_credit_spread_SPY_000027,0.0,0.0,0.0,1293.316051,1794.0,1794.0,22.88999938964844,,
sim_2019-02-09_2026-05-21_29c06ed80e5a,2020-12-16,short_straddle,SPY,short_straddle_SPY_000026,0.0,0.580017,0.580017,1293.896068,5677.199829,5677.199829,22.5,0.1719,0.14
sim_2019-02-09_2026-05-21_29c06ed80e5a,2020-12-16,put_credit_spread,SPY,put_credit_spread_SPY_000027,0.0,0.0,0.0,1293.896068,1794.0,1794.0,22.5,0.1719,0.14
sim_2019-02-09_2026-05-21_29c06ed80e5a,2020-12-17,short_straddle,SPY,short_straddle_SPY_000026,0.0,2.069977,2.069977,1295.966045,5677.199829,5677.199829,21.93000030517578,,
sim_2019-02-09_2026-05-21_29c06ed80e5a,2020-12-17,put_credit_spread,SPY,put_credit_spread_SPY_000027,0.0,0.0,0.0,1295.966045,1794.0,1794.0,21.93000030517578,,
sim_2019-02-09_2026-05-21_29c06ed80e5a,2020-12-18,short_straddle,SPY,short_straddle_SPY_000026,0.0,-3.059998,-3.059998,1292.906048,5677.199829,5677.199829,21.56999969482422,0.1685,0.122
sim_2019-02-09_2026-05-21_29c06ed80e5a,2020-12-18,put_credit_spread,SPY,put_credit_spread_SPY_000027,0.0,0.0,0.0,1292.906048,1794.0,1794.0,21.56999969482422,0.1685,0.122
sim_2019-02-09_2026-05-21_29c06ed80e5a,2020-12-21,short_straddle,SPY,short_straddle_SPY_000026,383.458466,-1.503937,381.954528,1674.860576,5677.199829,5677.199829,25.15999984741211,0.1967,0.1229
sim_2019-02-09_2026-05-21_29c06ed80e5a,2020-12-21,put_credit_spread,SPY,put_credit_spread_SPY_000027,0.0,0.0,0.0,1674.860576,1794.0,1794.0,25.15999984741211,0.1967,0.1229
sim_2019-02-09_2026-05-21_29c06ed80e5a,2020-12-21,short_straddle,SPY,short_straddle_SPY_000028,-2.79525,0.0,-2.79525,1672.065326,5766.699707,5766.699707,25.15999984741211,0.1967,0.1229
sim_2019-02-09_2026-05-21_29c06ed80e5a,2020-12-22,short_straddle,SPY,short_straddle_SPY_000028,0.0,-0.18362,-0.18362,1671.881706,5766.699707,5766.699707,24.229999542236328,,
sim_2019-02-09_2026-05-21_29c06ed80e5a,2020-12-22,put_credit_spread,SPY,put_credit_spread_SPY_000027,0.0,0.0,0.0,1671.881706,1794.0,1794.0,24.229999542236328,,
sim_2019-02-09_2026-05-21_29c06ed80e5a,2020-12-23,short_straddle,SPY,short_straddle_SPY_000028,0.0,0.330017,0.330017,1672.211723,5766.699707,5766.699707,23.309999465942383,0.1831,0.1186
sim_2019-02-09_2026-05-21_29c06ed80e5a,2020-12-23,put_credit_spread,SPY,put_credit_spread_SPY_000027,-77.5,0.0,-77.5,1594.711723,1794.0,1794.0,23.309999465942383,0.1831,0.1186
sim_2019-02-09_2026-05-21_29c06ed80e5a,2020-12-24,short_straddle,SPY,short_straddle_SPY_000028,0.0,1.429993,1.429993,1596.141716,5766.699707,5766.699707,21.530000686645508,,
sim_2019-02-09_2026-05-21_29c06ed80e5a,2020-12-24,put_credit_spread,SPY,put_credit_spread_SPY_000027,0.0,0.0,0.0,1596.141716,1794.0,1794.0,21.530000686645508,,
sim_2019-02-09_2026-05-21_29c06ed80e5a,2020-12-28,short_straddle,SPY,short_straddle_SPY_000028,0.0,3.170013,3.170013,1599.311729,5766.699707,5766.699707,21.700000762939453,0.1697,0.1146
sim_2019-02-09_2026-05-21_29c06ed80e5a,2020-12-28,put_credit_spread,SPY,put_credit_spread_SPY_000027,0.0,0.0,0.0,1599.311729,1794.0,1794.0,21.700000762939453,0.1697,0.1146
sim_2019-02-09_2026-05-21_29c06ed80e5a,2020-12-29,short_straddle,SPY,short_straddle_SPY_000028,0.0,-0.710022,-0.710022,1598.601707,5766.699707,5766.699707,23.07999992370605,,
sim_2019-02-09_2026-05-21_29c06ed80e5a,2020-12-29,put_credit_spread,SPY,put_credit_spread_SPY_000027,0.0,0.0,0.0,1598.601707,1794.0,1794.0,23.07999992370605,,
sim_2019-02-09_2026-05-21_29c06ed80e5a,2020-12-30,short_straddle,SPY,short_straddle_SPY_000028,0.0,0.529999,0.529999,1599.131706,5766.699707,5766.699707,22.770000457763672,0.178,0.104
sim_2019-02-09_2026-05-21_29c06ed80e5a,2020-12-30,put_credit_spread,SPY,put_credit_spread_SPY_000027,0.0,0.0,0.0,1599.131706,1794.0,1794.0,22.770000457763672,0.178,0.104
sim_2019-02-09_2026-05-21_29c06ed80e5a,2020-12-31,short_straddle,SPY,short_straddle_SPY_000028,0.0,1.890015,1.890015,1601.02172,5766.699707,5766.699707,22.75,,
sim_2019-02-09_2026-05-21_29c06ed80e5a,2020-12-31,put_credit_spread,SPY,put_credit_spread_SPY_000027,0.0,0.0,0.0,1601.02172,1794.0,1794.0,22.75,,
sim_2019-02-09_2026-05-21_29c06ed80e5a,2021-01-04,short_straddle,SPY,short_straddle_SPY_000028,0.0,-5.089996,-5.089996,1595.931724,5766.699707,5766.699707,26.96999931335449,0.2106,0.1048
sim_2019-02-09_2026-05-21_29c06ed80e5a,2021-01-04,put_credit_spread,SPY,put_credit_spread_SPY_000027,0.0,0.0,0.0,1595.931724,1794.0,1794.0,26.96999931335449,0.2106,0.1048
sim_2019-02-09_2026-05-21_29c06ed80e5a,2021-01-05,short_straddle,SPY,short_straddle_SPY_000028,0.0,2.539978,2.539978,1598.471702,5766.699707,5766.699707,25.34000015258789,,
sim_2019-02-09_2026-05-21_29c06ed80e5a,2021-01-05,put_credit_spread,SPY,put_credit_spread_SPY_000027,0.0,0.0,0.0,1598.471702,1794.0,1794.0,25.34000015258789,,
sim_2019-02-09_2026-05-21_29c06ed80e5a,2021-01-06,short_straddle,SPY,short_straddle_SPY_000028,0.0,2.220001,2.220001,1600.691703,5766.699707,5766.699707,25.06999969482422,0.1964,0.1037
sim_2019-02-09_2026-05-21_29c06ed80e5a,2021-01-06,put_credit_spread,SPY,put_credit_spread_SPY_000027,281.5,0.0,281.5,1882.191703,1794.0,1794.0,25.06999969482422,0.1964,0.1037
sim_2019-02-09_2026-05-21_29c06ed80e5a,2021-01-06,put_credit_spread,SPY,put_credit_spread_SPY_000029,-2.1945,0.0,-2.1945,1879.997203,2611.0,2611.0,25.06999969482422,0.1964,0.1037
sim_2019-02-09_2026-05-21_29c06ed80e5a,2021-01-07,short_straddle,SPY,short_straddle_SPY_000028,0.0,5.550018,5.550018,1885.547222,5766.699707,5766.699707,22.3700008392334,,
sim_2019-02-09_2026-05-21_29c06ed80e5a,2021-01-07,put_credit_spread,SPY,put_credit_spread_SPY_000029,0.0,0.0,0.0,1885.547222,2611.0,2611.0,22.3700008392334,,
sim_2019-02-09_2026-05-21_29c06ed80e5a,2021-01-08,short_straddle,SPY,short_straddle_SPY_000028,0.0,2.160004,2.160004,1887.707225,5766.699707,5766.699707,21.559999465942383,0.1684,0.1022
sim_2019-02-09_2026-05-21_29c06ed80e5a,2021-01-08,put_credit_spread,SPY,put_credit_spread_SPY_000029,0.0,0.0,0.0,1887.707225,2611.0,2611.0,21.559999465942383,0.1684,0.1022
sim_2019-02-09_2026-05-21_29c06ed80e5a,2021-01-11,short_straddle,SPY,short_straddle_SPY_000028,0.0,-2.570007,-2.570007,1885.137218,5766.699707,5766.699707,24.07999992370605,0.1911,0.1047
sim_2019-02-09_2026-05-21_29c06ed80e5a,2021-01-11,put_credit_spread,SPY,put_credit_spread_SPY_000029,0.0,0.0,0.0,1885.137218,2611.0,2611.0,24.07999992370605,0.1911,0.1047
sim_2019-02-09_2026-05-21_29c06ed80e5a,2021-01-12,short_straddle,SPY,short_straddle_SPY_000028,0.0,0.079987,0.079987,1885.217205,5766.699707,5766.699707,23.32999992370605,,
sim_2019-02-09_2026-05-21_29c06ed80e5a,2021-01-12,put_credit_spread,SPY,put_credit_spread_SPY_000029,0.0,0.0,0.0,1885.217205,2611.0,2611.0,23.32999992370605,,
sim_2019-02-09_2026-05-21_29c06ed80e5a,2021-01-13,short_straddle,SPY,short_straddle_SPY_000028,0.0,1.02002,1.02002,1886.237224,5766.699707,5766.699707,22.209999084472656,0.1733,0.1033
sim_2019-02-09_2026-05-21_29c06ed80e5a,2021-01-13,put_credit_spread,SPY,put_credit_spread_SPY_000029,0.0,0.0,0.0,1886.237224,2611.0,2611.0,22.209999084472656,0.1733,0.1033
sim_2019-02-09_2026-05-21_29c06ed80e5a,2021-01-14,short_straddle,SPY,short_straddle_SPY_000028,0.0,-1.330017,-1.330017,1884.907207,5766.699707,5766.699707,23.25,,
sim_2019-02-09_2026-05-21_29c06ed80e5a,2021-01-14,put_credit_spread,SPY,put_credit_spread_SPY_000029,0.0,0.0,0.0,1884.907207,2611.0,2611.0,23.25,,
sim_2019-02-09_2026-05-21_29c06ed80e5a,2021-01-15,short_straddle,SPY,short_straddle_SPY_000028,0.0,-2.759979,-2.759979,1882.147228,5766.699707,5766.699707,24.34000015258789,0.1945,0.1033
sim_2019-02-09_2026-05-21_29c06ed80e5a,2021-01-15,put_credit_spread,SPY,put_credit_spread_SPY_000029,0.0,0.0,0.0,1882.147228,2611.0,2611.0,24.34000015258789,0.1945,0.1033
sim_2019-02-09_2026-05-21_29c06ed80e5a,2021-01-19,short_straddle,SPY,short_straddle_SPY_000028,522.968111,2.760657,525.728767,2407.875995,5766.699707,5766.699707,23.239999771118164,,
sim_2019-02-09_2026-05-21_29c06ed80e5a,2021-01-19,put_credit_spread,SPY,put_credit_spread_SPY_000029,0.0,0.0,0.0,2407.875995,2611.0,2611.0,23.239999771118164,,
sim_2019-02-09_2026-05-21_29c06ed80e5a,2021-01-20,put_credit_spread,SPY,put_credit_spread_SPY_000029,-134.5,0.0,-134.5,2273.375995,2611.0,2611.0,21.57999992370605,0.1697,0.1094
sim_2019-02-09_2026-05-21_29c06ed80e5a,2021-01-20,short_straddle,SPY,short_straddle_SPY_000030,-2.696,0.0,-2.696,2270.679995,6285.800293,6285.800293,21.57999992370605,0.1697,0.1094
sim_2019-02-09_2026-05-21_29c06ed80e5a,2021-01-21,short_straddle,SPY,short_straddle_SPY_000030,0.0,-0.38424,-0.38424,2270.295755,6285.800293,6285.800293,21.31999969482422,,
sim_2019-02-09_2026-05-21_29c06ed80e5a,2021-01-21,put_credit_spread,SPY,put_credit_spread_SPY_000029,0.0,0.0,0.0,2270.295755,2611.0,2611.0,21.31999969482422,,
sim_2019-02-09_2026-05-21_29c06ed80e5a,2021-01-22,short_straddle,SPY,short_straddle_SPY_000030,0.0,-2.719971,-2.719971,2267.575784,6285.800293,6285.800293,21.90999984741211,0.1695,0.1097
sim_2019-02-09_2026-05-21_29c06ed80e5a,2021-01-22,put_credit_spread,SPY,put_credit_spread_SPY_000029,0.0,0.0,0.0,2267.575784,2611.0,2611.0,21.90999984741211,0.1695,0.1097
sim_2019-02-09_2026-05-21_29c06ed80e5a,2021-01-25,short_straddle,SPY,short_straddle_SPY_000030,0.0,3.02002,3.02002,2270.595804,6285.800293,6285.800293,23.190000534057617,0.183,0.1057
sim_2019-02-09_2026-05-21_29c06ed80e5a,2021-01-25,put_credit_spread,SPY,put_credit_spread_SPY_000029,0.0,0.0,0.0,2270.595804,2611.0,2611.0,23.190000534057617,0.183,0.1057
sim_2019-02-09_2026-05-21_29c06ed80e5a,2021-01-26,short_straddle,SPY,short_straddle_SPY_000030,0.0,-1.200012,-1.200012,2269.395792,6285.800293,6285.800293,23.020000457763672,,
sim_2019-02-09_2026-05-21_29c06ed80e5a,2021-01-26,put_credit_spread,SPY,put_credit_spread_SPY_000029,0.0,0.0,0.0,2269.395792,2611.0,2611.0,23.020000457763672,,
sim_2019-02-09_2026-05-21_29c06ed80e5a,2021-01-27,short_straddle,SPY,short_straddle_SPY_000030,0.0,-18.76001,-18.76001,2250.635782,6285.800293,6285.800293,37.209999084472656,0.2986,0.1303
sim_2019-02-09_2026-05-21_29c06ed80e5a,2021-01-27,put_credit_spread,SPY,put_credit_spread_SPY_000029,0.0,0.0,0.0,2250.635782,2611.0,2611.0,37.209999084472656,0.2986,0.1303
sim_2019-02-09_2026-05-21_29c06ed80e5a,2021-01-28,short_straddle,SPY,short_straddle_SPY_000030,0.0,6.440002,6.440002,2257.075784,6285.800293,6285.800293,30.209999084472656,,
sim_2019-02-09_2026-05-21_29c06ed80e5a,2021-01-28,put_credit_spread,SPY,put_credit_spread_SPY_000029,0.0,0.0,0.0,2257.075784,2611.0,2611.0,30.209999084472656,,
sim_2019-02-09_2026-05-21_29c06ed80e5a,2021-01-29,short_straddle,SPY,short_straddle_SPY_000030,0.0,-15.119995,-15.119995,2241.955789,6285.800293,6285.800293,33.09000015258789,0.2651,0.1399
sim_2019-02-09_2026-05-21_29c06ed80e5a,2021-01-29,put_credit_spread,SPY,put_credit_spread_SPY_000029,0.0,0.0,0.0,2241.955789,2611.0,2611.0,33.09000015258789,0.2651,0.1399
sim_2019-02-09_2026-05-21_29c06ed80e5a,2021-02-01,short_straddle,SPY,short_straddle_SPY_000030,0.0,12.320007,12.320007,2254.275797,6285.800293,6285.800293,30.239999771118164,0.2341,0.1478
sim_2019-02-09_2026-05-21_29c06ed80e5a,2021-02-01,put_credit_spread,SPY,put_credit_spread_SPY_000029,0.0,0.0,0.0,2254.275797,2611.0,2611.0,30.239999771118164,0.2341,0.1478
sim_2019-02-09_2026-05-21_29c06ed80e5a,2021-02-02,short_straddle,SPY,short_straddle_SPY_000030,0.0,10.639954,10.639954,2264.91575,6285.800293,6285.800293,25.559999465942383,,
sim_2019-02-09_2026-05-21_29c06ed80e5a,2021-02-02,put_credit_spread,SPY,put_credit_spread_SPY_000029,0.0,0.0,0.0,2264.91575,2611.0,2611.0,25.559999465942383,,
sim_2019-02-09_2026-05-21_29c06ed80e5a,2021-02-03,short_straddle,SPY,short_straddle_SPY_000030,0.0,0.600037,0.600037,2265.515787,6285.800293,6285.800293,22.90999984741211,0.1796,0.1498
sim_2019-02-09_2026-05-21_29c06ed80e5a,2021-02-03,put_credit_spread,SPY,put_credit_spread_SPY_000029,521.5,0.0,521.5,2787.015787,2611.0,2611.0,22.90999984741211,0.1796,0.1498
sim_2019-02-09_2026-05-21_29c06ed80e5a,2021-02-03,put_credit_spread,SPY,put_credit_spread_SPY_000031,-2.17375,0.0,-2.17375,2784.842037,2652.5,2652.5,22.90999984741211,0.1796,0.1498
sim_2019-02-09_2026-05-21_29c06ed80e5a,2021-02-04,short_straddle,SPY,short_straddle_SPY_000030,0.0,8.679993,8.679993,2793.52203,6285.800293,6285.800293,21.770000457763672,,
sim_2019-02-09_2026-05-21_29c06ed80e5a,2021-02-04,put_credit_spread,SPY,put_credit_spread_SPY_000031,0.0,0.0,0.0,2793.52203,2652.5,2652.5,21.770000457763672,,
sim_2019-02-09_2026-05-21_29c06ed80e5a,2021-02-05,short_straddle,SPY,short_straddle_SPY_000030,0.0,3.039978,3.039978,2796.562008,6285.800293,6285.800293,20.8700008392334,0.1609,0.1518
sim_2019-02-09_2026-05-21_29c06ed80e5a,2021-02-05,put_credit_spread,SPY,put_credit_spread_SPY_000031,0.0,0.0,0.0,2796.562008,2652.5,2652.5,20.8700008392334,0.1609,0.1518
sim_2019-02-09_2026-05-21_29c06ed80e5a,2021-02-08,short_straddle,SPY,short_straddle_SPY_000030,0.0,5.600037,5.600037,2802.162044,6285.800293,6285.800293,21.239999771118164,0.1646,0.1525
sim_2019-02-09_2026-05-21_29c06ed80e5a,2021-02-08,put_credit_spread,SPY,put_credit_spread_SPY_000031,0.0,0.0,0.0,2802.162044,2652.5,2652.5,21.239999771118164,0.1646,0.1525
sim_2019-02-09_2026-05-21_29c06ed80e5a,2021-02-09,short_straddle,SPY,short_straddle_SPY_000030,0.0,-0.52002,-0.52002,2801.642025,6285.800293,6285.800293,21.6299991607666,,
sim_2019-02-09_2026-05-21_29c06ed80e5a,2021-02-09,put_credit_spread,SPY,put_credit_spread_SPY_000031,0.0,0.0,0.0,2801.642025,2652.5,2652.5,21.6299991607666,,
sim_2019-02-09_2026-05-21_29c06ed80e5a,2021-02-10,short_straddle,SPY,short_straddle_SPY_000030,0.0,-0.340027,-0.340027,2801.301998,6285.800293,6285.800293,21.989999771118164,0.1723,0.1514
sim_2019-02-09_2026-05-21_29c06ed80e5a,2021-02-10,put_credit_spread,SPY,put_credit_spread_SPY_000031,0.0,0.0,0.0,2801.301998,2652.5,2652.5,21.989999771118164,0.1723,0.1514
sim_2019-02-09_2026-05-21_29c06ed80e5a,2021-02-11,short_straddle,SPY,short_straddle_SPY_000030,0.0,1.26001,1.26001,2802.562008,6285.800293,6285.800293,21.25,,
sim_2019-02-09_2026-05-21_29c06ed80e5a,2021-02-11,put_credit_spread,SPY,put_credit_spread_SPY_000031,0.0,0.0,0.0,2802.562008,2652.5,2652.5,21.25,,
sim_2019-02-09_2026-05-21_29c06ed80e5a,2021-02-12,short_straddle,SPY,short_straddle_SPY_000030,0.0,3.860046,3.860046,2806.422054,6285.800293,6285.800293,19.96999931335449,0.1572,0.1514
sim_2019-02-09_2026-05-21_29c06ed80e5a,2021-02-12,put_credit_spread,SPY,put_credit_spread_SPY_000031,0.0,0.0,0.0,2806.422054,2652.5,2652.5,19.96999931335449,0.1572,0.1514
sim_2019-02-09_2026-05-21_29c06ed80e5a,2021-02-16,short_straddle,SPY,short_straddle_SPY_000030,-2.696,-1.072354,-3.768354,2802.6537,6285.800293,6285.800293,21.459999084472656,,
sim_2019-02-09_2026-05-21_29c06ed80e5a,2021-02-16,put_credit_spread,SPY,put_credit_spread_SPY_000031,0.0,0.0,0.0,2802.6537,2652.5,2652.5,21.459999084472656,,
sim_2019-02-09_2026-05-21_29c06ed80e5a,2021-02-17,put_credit_spread,SPY,put_credit_spread_SPY_000031,0.0,0.0,0.0,2802.6537,2652.5,2652.5,21.5,0.1678,0.1442
sim_2019-02-09_2026-05-21_29c06ed80e5a,2021-02-17,short_straddle,SPY,short_straddle_SPY_000032,-2.70275,0.0,-2.70275,2799.95095,6442.300293,6442.300293,21.5,0.1678,0.1442
sim_2019-02-09_2026-05-21_29c06ed80e5a,2021-02-18,short_straddle,SPY,short_straddle_SPY_000032,0.0,-0.58608,-0.58608,2799.36487,6442.300293,6442.300293,22.489999771118164,,
sim_2019-02-09_2026-05-21_29c06ed80e5a,2021-02-18,put_credit_spread,SPY,put_credit_spread_SPY_000031,0.0,0.0,0.0,2799.36487,2652.5,2652.5,22.489999771118164,,
sim_2019-02-09_2026-05-21_29c06ed80e5a,2021-02-19,short_straddle,SPY,short_straddle_SPY_000032,0.0,-2.070007,-2.070007,2797.294863,6442.300293,6442.300293,22.049999237060547,0.1775,0.1443
sim_2019-02-09_2026-05-21_29c06ed80e5a,2021-02-19,put_credit_spread,SPY,put_credit_spread_SPY_000031,0.0,0.0,0.0,2797.294863,2652.5,2652.5,22.049999237060547,0.1775,0.1443
sim_2019-02-09_2026-05-21_29c06ed80e5a,2021-02-22,short_straddle,SPY,short_straddle_SPY_000032,0.0,-9.0,-9.0,2788.294863,6442.300293,6442.300293,23.450000762939453,0.1833,0.141
sim_2019-02-09_2026-05-21_29c06ed80e5a,2021-02-22,put_credit_spread,SPY,put_credit_spread_SPY_000031,0.0,0.0,0.0,2788.294863,2652.5,2652.5,23.450000762939453,0.1833,0.141
sim_2019-02-09_2026-05-21_29c06ed80e5a,2021-02-23,short_straddle,SPY,short_straddle_SPY_000032,0.0,1.410004,1.410004,2789.704867,6442.300293,6442.300293,23.11000061035156,,
sim_2019-02-09_2026-05-21_29c06ed80e5a,2021-02-23,put_credit_spread,SPY,put_credit_spread_SPY_000031,0.0,0.0,0.0,2789.704867,2652.5,2652.5,23.11000061035156,,
sim_2019-02-09_2026-05-21_29c06ed80e5a,2021-02-24,short_straddle,SPY,short_straddle_SPY_000032,0.0,12.809967,12.809967,2802.514834,6442.300293,6442.300293,21.34000015258789,0.1675,0.1416
sim_2019-02-09_2026-05-21_29c06ed80e5a,2021-02-24,put_credit_spread,SPY,put_credit_spread_SPY_000031,0.0,0.0,0.0,2802.514834,2652.5,2652.5,21.34000015258789,0.1675,0.1416
sim_2019-02-09_2026-05-21_29c06ed80e5a,2021-02-25,short_straddle,SPY,short_straddle_SPY_000032,0.0,-28.320007,-28.320007,2774.194826,6442.300293,6442.300293,28.88999938964844,,
sim_2019-02-09_2026-05-21_29c06ed80e5a,2021-02-25,put_credit_spread,SPY,put_credit_spread_SPY_000031,0.0,0.0,0.0,2774.194826,2652.5,2652.5,28.88999938964844,,
sim_2019-02-09_2026-05-21_29c06ed80e5a,2021-02-26,short_straddle,SPY,short_straddle_SPY_000032,0.0,-5.910004,-5.910004,2768.284823,6442.300293,6442.300293,27.950000762939453,0.2199,0.1604
sim_2019-02-09_2026-05-21_29c06ed80e5a,2021-02-26,put_credit_spread,SPY,put_credit_spread_SPY_000031,0.0,0.0,0.0,2768.284823,2652.5,2652.5,27.950000762939453,0.2199,0.1604
sim_2019-02-09_2026-05-21_29c06ed80e5a,2021-03-01,short_straddle,SPY,short_straddle_SPY_000032,0.0,27.660004,27.660004,2795.944826,6442.300293,6442.300293,23.350000381469727,0.1742,0.1742
sim_2019-02-09_2026-05-21_29c06ed80e5a,2021-03-01,put_credit_spread,SPY,put_credit_spread_SPY_000031,0.0,0.0,0.0,2795.944826,2652.5,2652.5,23.350000381469727,0.1742,0.1742
sim_2019-02-09_2026-05-21_29c06ed80e5a,2021-03-02,short_straddle,SPY,short_straddle_SPY_000032,0.0,-9.119934,-9.119934,2786.824892,6442.300293,6442.300293,24.100000381469727,,
sim_2019-02-09_2026-05-21_29c06ed80e5a,2021-03-02,put_credit_spread,SPY,put_credit_spread_SPY_000031,0.0,0.0,0.0,2786.824892,2652.5,2652.5,24.100000381469727,,
sim_2019-02-09_2026-05-21_29c06ed80e5a,2021-03-03,short_straddle,SPY,short_straddle_SPY_000032,0.0,-15.359985,-15.359985,2771.464907,6442.300293,6442.300293,26.670000076293945,0.2092,0.1779
sim_2019-02-09_2026-05-21_29c06ed80e5a,2021-03-03,put_credit_spread,SPY,put_credit_spread_SPY_000031,345.5,0.0,345.5,3116.964907,2652.5,2652.5,26.670000076293945,0.2092,0.1779
sim_2019-02-09_2026-05-21_29c06ed80e5a,2021-03-03,put_credit_spread,SPY,put_credit_spread_SPY_000033,-2.1825,0.0,-2.1825,3114.782407,2835.0,2835.0,26.670000076293945,0.2092,0.1779
sim_2019-02-09_2026-05-21_29c06ed80e5a,2021-03-04,short_straddle,SPY,short_straddle_SPY_000032,0.0,-14.160004,-14.160004,3100.622403,6442.300293,6442.300293,28.56999969482422,,
sim_2019-02-09_2026-05-21_29c06ed80e5a,2021-03-04,put_credit_spread,SPY,put_credit_spread_SPY_000033,0.0,0.0,0.0,3100.622403,2835.0,2835.0,28.56999969482422,,
sim_2019-02-09_2026-05-21_29c06ed80e5a,2021-03-05,short_straddle,SPY,short_straddle_SPY_000032,0.0,20.789978,20.789978,3121.412381,6442.300293,6442.300293,24.65999984741211,0.1918,0.1851
sim_2019-02-09_2026-05-21_29c06ed80e5a,2021-03-05,put_credit_spread,SPY,put_credit_spread_SPY_000033,0.0,0.0,0.0,3121.412381,2835.0,2835.0,24.65999984741211,0.1918,0.1851
sim_2019-02-09_2026-05-21_29c06ed80e5a,2021-03-08,short_straddle,SPY,short_straddle_SPY_000032,0.0,-5.730011,-5.730011,3115.68237,6442.300293,6442.300293,25.46999931335449,0.1995,0.1854
sim_2019-02-09_2026-05-21_29c06ed80e5a,2021-03-08,put_credit_spread,SPY,put_credit_spread_SPY_000033,0.0,0.0,0.0,3115.68237,2835.0,2835.0,25.46999931335449,0.1995,0.1854
sim_2019-02-09_2026-05-21_29c06ed80e5a,2021-03-09,short_straddle,SPY,short_straddle_SPY_000032,0.0,16.350037,16.350037,3132.032407,6442.300293,6442.300293,24.030000686645508,,
sim_2019-02-09_2026-05-21_29c06ed80e5a,2021-03-09,put_credit_spread,SPY,put_credit_spread_SPY_000033,0.0,0.0,0.0,3132.032407,2835.0,2835.0,24.030000686645508,,
sim_2019-02-09_2026-05-21_29c06ed80e5a,2021-03-10,short_straddle,SPY,short_straddle_SPY_000032,0.0,7.229919,7.229919,3139.262326,6442.300293,6442.300293,22.559999465942383,0.1729,0.1903
sim_2019-02-09_2026-05-21_29c06ed80e5a,2021-03-10,put_credit_spread,SPY,put_credit_spread_SPY_000033,0.0,0.0,0.0,3139.262326,2835.0,2835.0,22.559999465942383,0.1729,0.1903
sim_2019-02-09_2026-05-21_29c06ed80e5a,2021-03-11,short_straddle,SPY,short_straddle_SPY_000032,0.0,11.850037,11.850037,3151.112363,6442.300293,6442.300293,21.90999984741211,,
sim_2019-02-09_2026-05-21_29c06ed80e5a,2021-03-11,put_credit_spread,SPY,put_credit_spread_SPY_000033,0.0,0.0,0.0,3151.112363,2835.0,2835.0,21.90999984741211,,
sim_2019-02-09_2026-05-21_29c06ed80e5a,2021-03-12,short_straddle,SPY,short_straddle_SPY_000032,0.0,1.589996,1.589996,3152.702359,6442.300293,6442.300293,20.690000534057617,0.156,0.1752
sim_2019-02-09_2026-05-21_29c06ed80e5a,2021-03-12,put_credit_spread,SPY,put_credit_spread_SPY_000033,0.0,0.0,0.0,3152.702359,2835.0,2835.0,20.690000534057617,0.156,0.1752
sim_2019-02-09_2026-05-21_29c06ed80e5a,2021-03-15,short_straddle,SPY,short_straddle_SPY_000032,-2.70275,6.455403,3.752653,3156.455013,6442.300293,6442.300293,20.030000686645508,0.1515,0.1632
sim_2019-02-09_2026-05-21_29c06ed80e5a,2021-03-15,put_credit_spread,SPY,put_credit_spread_SPY_000033,0.0,0.0,0.0,3156.455013,2835.0,2835.0,20.030000686645508,0.1515,0.1632
sim_2019-02-09_2026-05-21_29c06ed80e5a,2021-03-15,short_straddle,SPY,short_straddle_SPY_000034,-2.64825,0.0,-2.64825,3153.806763,6631.700073,6631.700073,20.030000686645508,0.1515,0.1632
sim_2019-02-09_2026-05-21_29c06ed80e5a,2021-03-16,short_straddle,SPY,short_straddle_SPY_000034,0.0,-0.39591,-0.39591,3153.410853,6631.700073,6631.700073,19.790000915527344,,
sim_2019-02-09_2026-05-21_29c06ed80e5a,2021-03-16,put_credit_spread,SPY,put_credit_spread_SPY_000033,0.0,0.0,0.0,3153.410853,2835.0,2835.0,19.790000915527344,,
sim_2019-02-09_2026-05-21_29c06ed80e5a,2021-03-17,short_straddle,SPY,short_straddle_SPY_000034,0.0,-2.700012,-2.700012,3150.71084,6631.700073,6631.700073,19.229999542236328,,0.1577
sim_2019-02-09_2026-05-21_29c06ed80e5a,2021-03-17,put_credit_spread,SPY,put_credit_spread_SPY_000033,0.0,0.0,0.0,3150.71084,2835.0,2835.0,19.229999542236328,,0.1577
sim_2019-02-09_2026-05-21_29c06ed80e5a,2021-03-18,short_straddle,SPY,short_straddle_SPY_000034,0.0,11.559998,11.559998,3162.270838,6631.700073,6631.700073,21.57999992370605,,
sim_2019-02-09_2026-05-21_29c06ed80e5a,2021-03-18,put_credit_spread,SPY,put_credit_spread_SPY_000033,0.0,0.0,0.0,3162.270838,2835.0,2835.0,21.57999992370605,,
sim_2019-02-09_2026-05-21_29c06ed80e5a,2021-03-19,short_straddle,SPY,short_straddle_SPY_000034,0.0,4.0,4.0,3166.270838,6631.700073,6631.700073,20.950000762939453,,
sim_2019-02-09_2026-05-21_29c06ed80e5a,2021-03-19,put_credit_spread,SPY,put_credit_spread_SPY_000033,0.0,0.0,0.0,3166.270838,2835.0,2835.0,20.950000762939453,,
sim_2019-02-09_2026-05-21_29c06ed80e5a,2021-03-22,short_straddle,SPY,short_straddle_SPY_000034,0.0,-6.219971,-6.219971,3160.050867,6631.700073,6631.700073,18.8799991607666,0.1466,0.1593
sim_2019-02-09_2026-05-21_29c06ed80e5a,2021-03-22,put_credit_spread,SPY,put_credit_spread_SPY_000033,0.0,0.0,0.0,3160.050867,2835.0,2835.0,18.8799991607666,0.1466,0.1593
sim_2019-02-09_2026-05-21_29c06ed80e5a,2021-03-23,short_straddle,SPY,short_straddle_SPY_000034,0.0,6.179993,6.179993,3166.23086,6631.700073,6631.700073,20.299999237060547,,
sim_2019-02-09_2026-05-21_29c06ed80e5a,2021-03-23,put_credit_spread,SPY,put_credit_spread_SPY_000033,0.0,0.0,0.0,3166.23086,2835.0,2835.0,20.299999237060547,,
sim_2019-02-09_2026-05-21_29c06ed80e5a,2021-03-24,short_straddle,SPY,short_straddle_SPY_000034,0.0,3.960022,3.960022,3170.190882,6631.700073,6631.700073,21.200000762939453,0.1654,0.1604
sim_2019-02-09_2026-05-21_29c06ed80e5a,2021-03-24,put_credit_spread,SPY,put_credit_spread_SPY_000033,0.0,0.0,0.0,3170.190882,2835.0,2835.0,21.200000762939453,0.1654,0.1604
sim_2019-02-09_2026-05-21_29c06ed80e5a,2021-03-25,short_straddle,SPY,short_straddle_SPY_000034,0.0,-4.360046,-4.360046,3165.830835,6631.700073,6631.700073,19.809999465942383,,
sim_2019-02-09_2026-05-21_29c06ed80e5a,2021-03-25,put_credit_spread,SPY,put_credit_spread_SPY_000033,0.0,0.0,0.0,3165.830835,2835.0,2835.0,19.809999465942383,,
sim_2019-02-09_2026-05-21_29c06ed80e5a,2021-03-26,short_straddle,SPY,short_straddle_SPY_000034,0.0,-12.559998,-12.559998,3153.270838,6631.700073,6631.700073,18.86000061035156,0.1407,0.1678
sim_2019-02-09_2026-05-21_29c06ed80e5a,2021-03-26,put_credit_spread,SPY,put_credit_spread_SPY_000033,0.0,0.0,0.0,3153.270838,2835.0,2835.0,18.86000061035156,0.1407,0.1678
sim_2019-02-09_2026-05-21_29c06ed80e5a,2021-03-29,short_straddle,SPY,short_straddle_SPY_000034,0.0,0.400024,0.400024,3153.670862,6631.700073,6631.700073,20.739999771118164,,
sim_2019-02-09_2026-05-21_29c06ed80e5a,2021-03-29,put_credit_spread,SPY,put_credit_spread_SPY_000033,0.0,0.0,0.0,3153.670862,2835.0,2835.0,20.739999771118164,,
sim_2019-02-09_2026-05-21_29c06ed80e5a,2021-03-30,short_straddle,SPY,short_straddle_SPY_000034,0.0,2.099976,2.099976,3155.770838,6631.700073,6631.700073,19.61000061035156,,
sim_2019-02-09_2026-05-21_29c06ed80e5a,2021-03-30,put_credit_spread,SPY,put_credit_spread_SPY_000033,0.0,0.0,0.0,3155.770838,2835.0,2835.0,19.61000061035156,,
sim_2019-02-09_2026-05-21_29c06ed80e5a,2021-03-31,short_straddle,SPY,short_straddle_SPY_000034,0.0,-3.199951,-3.199951,3152.570887,6631.700073,6631.700073,19.39999961853028,0.1519,0.1678
sim_2019-02-09_2026-05-21_29c06ed80e5a,2021-03-31,put_credit_spread,SPY,put_credit_spread_SPY_000033,363.0,0.0,363.0,3515.570887,2835.0,2835.0,19.39999961853028,0.1519,0.1678
sim_2019-02-09_2026-05-21_29c06ed80e5a,2021-03-31,put_credit_spread,SPY,put_credit_spread_SPY_000035,-2.07075,0.0,-2.07075,3513.500137,1358.5,1358.5,19.39999961853028,0.1519,0.1678
sim_2019-02-09_2026-05-21_29c06ed80e5a,2021-04-01,short_straddle,SPY,short_straddle_SPY_000034,0.0,-8.559998,-8.559998,3504.940139,6631.700073,6631.700073,17.329999923706055,,
sim_2019-02-09_2026-05-21_29c06ed80e5a,2021-04-01,put_credit_spread,SPY,put_credit_spread_SPY_000035,0.0,0.0,0.0,3504.940139,1358.5,1358.5,17.329999923706055,,
sim_2019-02-09_2026-05-21_29c06ed80e5a,2021-04-05,short_straddle,SPY,short_straddle_SPY_000034,0.0,-11.5,-11.5,3493.440139,6631.700073,6631.700073,17.90999984741211,0.1395,0.174
sim_2019-02-09_2026-05-21_29c06ed80e5a,2021-04-05,put_credit_spread,SPY,put_credit_spread_SPY_000035,0.0,0.0,0.0,3493.440139,1358.5,1358.5,17.90999984741211,0.1395,0.174
sim_2019-02-09_2026-05-21_29c06ed80e5a,2021-04-06,short_straddle,SPY,short_straddle_SPY_000034,0.0,0.47998,0.47998,3493.92012,6631.700073,6631.700073,18.1200008392334,,
sim_2019-02-09_2026-05-21_29c06ed80e5a,2021-04-06,put_credit_spread,SPY,put_credit_spread_SPY_000035,0.0,0.0,0.0,3493.92012,1358.5,1358.5,18.1200008392334,,
sim_2019-02-09_2026-05-21_29c06ed80e5a,2021-04-07,short_straddle,SPY,short_straddle_SPY_000034,0.0,-0.940002,-0.940002,3492.980117,6631.700073,6631.700073,17.15999984741211,0.1339,0.172
sim_2019-02-09_2026-05-21_29c06ed80e5a,2021-04-07,put_credit_spread,SPY,put_credit_spread_SPY_000035,0.0,0.0,0.0,3492.980117,1358.5,1358.5,17.15999984741211,0.1339,0.172
sim_2019-02-09_2026-05-21_29c06ed80e5a,2021-04-08,short_straddle,SPY,short_straddle_SPY_000034,0.0,-3.859985,-3.859985,3489.120132,6631.700073,6631.700073,16.950000762939453,,
sim_2019-02-09_2026-05-21_29c06ed80e5a,2021-04-08,put_credit_spread,SPY,put_credit_spread_SPY_000035,0.0,0.0,0.0,3489.120132,1358.5,1358.5,16.950000762939453,,
sim_2019-02-09_2026-05-21_29c06ed80e5a,2021-04-09,short_straddle,SPY,short_straddle_SPY_000034,0.0,-5.940002,-5.940002,3483.180129,6631.700073,6631.700073,16.690000534057617,0.1308,0.1521
sim_2019-02-09_2026-05-21_29c06ed80e5a,2021-04-09,put_credit_spread,SPY,put_credit_spread_SPY_000035,0.0,0.0,0.0,3483.180129,1358.5,1358.5,16.690000534057617,0.1308,0.1521
sim_2019-02-09_2026-05-21_29c06ed80e5a,2021-04-12,short_straddle,SPY,short_straddle_SPY_000034,-270.283466,-0.711689,-270.995154,3212.184975,6631.700073,6631.700073,16.90999984741211,0.134,0.1505
sim_2019-02-09_2026-05-21_29c06ed80e5a,2021-04-12,put_credit_spread,SPY,put_credit_spread_SPY_000035,0.0,0.0,0.0,3212.184975,1358.5,1358.5,16.90999984741211,0.134,0.1505
sim_2019-02-09_2026-05-21_29c06ed80e5a,2021-04-12,short_straddle,SPY,short_straddle_SPY_000036,-2.59425,0.0,-2.59425,3209.590725,7044.300293,7044.300293,16.90999984741211,0.134,0.1505
sim_2019-02-09_2026-05-21_29c06ed80e5a,2021-04-13,short_straddle,SPY,short_straddle_SPY_000036,0.0,0.0,0.0,3209.590725,7044.300293,7044.300293,16.649999618530273,,
sim_2019-02-09_2026-05-21_29c06ed80e5a,2021-04-13,put_credit_spread,SPY,put_credit_spread_SPY_000035,0.0,0.0,0.0,3209.590725,1358.5,1358.5,16.649999618530273,,
sim_2019-02-09_2026-05-21_29c06ed80e5a,2021-04-14,short_straddle,SPY,short_straddle_SPY_000036,0.0,0.0,0.0,3209.590725,7044.300293,7044.300293,16.989999771118164,0.135,0.1341
sim_2019-02-09_2026-05-21_29c06ed80e5a,2021-04-14,put_credit_spread,SPY,put_credit_spread_SPY_000035,0.0,0.0,0.0,3209.590725,1358.5,1358.5,16.989999771118164,0.135,0.1341
sim_2019-02-09_2026-05-21_29c06ed80e5a,2021-04-15,short_straddle,SPY,short_straddle_SPY_000036,0.0,0.0,0.0,3209.590725,7044.300293,7044.300293,16.56999969482422,,
sim_2019-02-09_2026-05-21_29c06ed80e5a,2021-04-15,put_credit_spread,SPY,put_credit_spread_SPY_000035,0.0,0.0,0.0,3209.590725,1358.5,1358.5,16.56999969482422,,
sim_2019-02-09_2026-05-21_29c06ed80e5a,2021-04-16,short_straddle,SPY,short_straddle_SPY_000036,0.0,0.0,0.0,3209.590725,7044.300293,7044.300293,16.25,0.1279,0.1195
sim_2019-02-09_2026-05-21_29c06ed80e5a,2021-04-16,put_credit_spread,SPY,put_credit_spread_SPY_000035,0.0,0.0,0.0,3209.590725,1358.5,1358.5,16.25,0.1279,0.1195
sim_2019-02-09_2026-05-21_29c06ed80e5a,2021-04-19,short_straddle,SPY,short_straddle_SPY_000036,0.0,0.0,0.0,3209.590725,7044.300293,7044.300293,17.290000915527344,0.1384,0.1133
sim_2019-02-09_2026-05-21_29c06ed80e5a,2021-04-19,put_credit_spread,SPY,put_credit_spread_SPY_000035,0.0,0.0,0.0,3209.590725,1358.5,1358.5,17.290000915527344,0.1384,0.1133
sim_2019-02-09_2026-05-21_29c06ed80e5a,2021-04-20,short_straddle,SPY,short_straddle_SPY_000036,0.0,0.0,0.0,3209.590725,7044.300293,7044.300293,18.68000030517578,,
sim_2019-02-09_2026-05-21_29c06ed80e5a,2021-04-20,put_credit_spread,SPY,put_credit_spread_SPY_000035,0.0,0.0,0.0,3209.590725,1358.5,1358.5,18.68000030517578,,
sim_2019-02-09_2026-05-21_29c06ed80e5a,2021-04-21,short_straddle,SPY,short_straddle_SPY_000036,0.0,0.0,0.0,3209.590725,7044.300293,7044.300293,17.5,0.1424,0.1114
sim_2019-02-09_2026-05-21_29c06ed80e5a,2021-04-21,put_credit_spread,SPY,put_credit_spread_SPY_000035,0.0,0.0,0.0,3209.590725,1358.5,1358.5,17.5,0.1424,0.1114
sim_2019-02-09_2026-05-21_29c06ed80e5a,2021-04-22,short_straddle,SPY,short_straddle_SPY_000036,0.0,0.0,0.0,3209.590725,7044.300293,7044.300293,18.709999084472656,,
sim_2019-02-09_2026-05-21_29c06ed80e5a,2021-04-22,put_credit_spread,SPY,put_credit_spread_SPY_000035,0.0,0.0,0.0,3209.590725,1358.5,1358.5,18.709999084472656,,
sim_2019-02-09_2026-05-21_29c06ed80e5a,2021-04-23,short_straddle,SPY,short_straddle_SPY_000036,0.0,0.0,0.0,3209.590725,7044.300293,7044.300293,17.329999923706055,0.1392,0.1162
sim_2019-02-09_2026-05-21_29c06ed80e5a,2021-04-23,put_credit_spread,SPY,put_credit_spread_SPY_000035,0.0,0.0,0.0,3209.590725,1358.5,1358.5,17.329999923706055,0.1392,0.1162
sim_2019-02-09_2026-05-21_29c06ed80e5a,2021-04-26,short_straddle,SPY,short_straddle_SPY_000036,0.0,0.0,0.0,3209.590725,7044.300293,7044.300293,17.639999389648438,0.1412,0.1161
sim_2019-02-09_2026-05-21_29c06ed80e5a,2021-04-26,put_credit_spread,SPY,put_credit_spread_SPY_000035,0.0,0.0,0.0,3209.590725,1358.5,1358.5,17.639999389648438,0.1412,0.1161
sim_2019-02-09_2026-05-21_29c06ed80e5a,2021-04-27,short_straddle,SPY,short_straddle_SPY_000036,0.0,0.0,0.0,3209.590725,7044.300293,7044.300293,17.559999465942383,,
sim_2019-02-09_2026-05-21_29c06ed80e5a,2021-04-27,put_credit_spread,SPY,put_credit_spread_SPY_000035,0.0,0.0,0.0,3209.590725,1358.5,1358.5,17.559999465942383,,
sim_2019-02-09_2026-05-21_29c06ed80e5a,2021-04-28,short_straddle,SPY,short_straddle_SPY_000036,0.0,0.0,0.0,3209.590725,7044.300293,7044.300293,17.280000686645508,0.1404,0.1155
sim_2019-02-09_2026-05-21_29c06ed80e5a,2021-04-28,put_credit_spread,SPY,put_credit_spread_SPY_000035,139.5,0.0,139.5,3349.090725,1358.5,1358.5,17.280000686645508,0.1404,0.1155
sim_2019-02-09_2026-05-21_29c06ed80e5a,2021-04-28,put_credit_spread,SPY,put_credit_spread_SPY_000037,-2.14675,0.0,-2.14675,3346.943975,2206.5,2206.5,17.280000686645508,0.1404,0.1155
sim_2019-02-09_2026-05-21_29c06ed80e5a,2021-04-29,short_straddle,SPY,short_straddle_SPY_000036,0.0,0.0,0.0,3346.943975,7044.300293,7044.300293,17.610000610351562,,
sim_2019-02-09_2026-05-21_29c06ed80e5a,2021-04-29,put_credit_spread,SPY,put_credit_spread_SPY_000037,0.0,0.0,0.0,3346.943975,2206.5,2206.5,17.610000610351562,,
sim_2019-02-09_2026-05-21_29c06ed80e5a,2021-04-30,short_straddle,SPY,short_straddle_SPY_000036,0.0,0.0,0.0,3346.943975,7044.300293,7044.300293,18.61000061035156,0.1449,0.1083
sim_2019-02-09_2026-05-21_29c06ed80e5a,2021-04-30,put_credit_spread,SPY,put_credit_spread_SPY_000037,0.0,0.0,0.0,3346.943975,2206.5,2206.5,18.61000061035156,0.1449,0.1083
sim_2019-02-09_2026-05-21_29c06ed80e5a,2021-05-03,short_straddle,SPY,short_straddle_SPY_000036,0.0,0.0,0.0,3346.943975,7044.300293,7044.300293,18.309999465942383,0.142,0.1061
sim_2019-02-09_2026-05-21_29c06ed80e5a,2021-05-03,put_credit_spread,SPY,put_credit_spread_SPY_000037,0.0,0.0,0.0,3346.943975,2206.5,2206.5,18.309999465942383,0.142,0.1061
sim_2019-02-09_2026-05-21_29c06ed80e5a,2021-05-04,short_straddle,SPY,short_straddle_SPY_000036,0.0,0.0,0.0,3346.943975,7044.300293,7044.300293,19.479999542236328,,
sim_2019-02-09_2026-05-21_29c06ed80e5a,2021-05-04,put_credit_spread,SPY,put_credit_spread_SPY_000037,0.0,0.0,0.0,3346.943975,2206.5,2206.5,19.479999542236328,,
sim_2019-02-09_2026-05-21_29c06ed80e5a,2021-05-05,short_straddle,SPY,short_straddle_SPY_000036,0.0,0.0,0.0,3346.943975,7044.300293,7044.300293,19.14999961853028,0.1531,0.1036
sim_2019-02-09_2026-05-21_29c06ed80e5a,2021-05-05,put_credit_spread,SPY,put_credit_spread_SPY_000037,0.0,0.0,0.0,3346.943975,2206.5,2206.5,19.14999961853028,0.1531,0.1036
sim_2019-02-09_2026-05-21_29c06ed80e5a,2021-05-06,short_straddle,SPY,short_straddle_SPY_000036,0.0,0.0,0.0,3346.943975,7044.300293,7044.300293,18.38999938964844,,
sim_2019-02-09_2026-05-21_29c06ed80e5a,2021-05-06,put_credit_spread,SPY,put_credit_spread_SPY_000037,0.0,0.0,0.0,3346.943975,2206.5,2206.5,18.38999938964844,,
sim_2019-02-09_2026-05-21_29c06ed80e5a,2021-05-07,short_straddle,SPY,short_straddle_SPY_000036,0.0,0.0,0.0,3346.943975,7044.300293,7044.300293,16.690000534057617,0.1268,0.103
sim_2019-02-09_2026-05-21_29c06ed80e5a,2021-05-07,put_credit_spread,SPY,put_credit_spread_SPY_000037,0.0,0.0,0.0,3346.943975,2206.5,2206.5,16.690000534057617,0.1268,0.103
sim_2019-02-09_2026-05-21_29c06ed80e5a,2021-05-10,short_straddle,SPY,short_straddle_SPY_000036,592.202756,0.0,592.202756,3939.146731,7044.300293,7044.300293,19.65999984741211,0.1545,0.1013
sim_2019-02-09_2026-05-21_29c06ed80e5a,2021-05-10,put_credit_spread,SPY,put_credit_spread_SPY_000037,0.0,0.0,0.0,3939.146731,2206.5,2206.5,19.65999984741211,0.1545,0.1013
sim_2019-02-09_2026-05-21_29c06ed80e5a,2021-05-10,short_straddle,SPY,short_straddle_SPY_000038,-2.6955,0.0,-2.6955,3936.451231,6967.800049,6967.800049,19.65999984741211,0.1545,0.1013
sim_2019-02-09_2026-05-21_29c06ed80e5a,2021-05-11,short_straddle,SPY,short_straddle_SPY_000038,0.0,-0.207105,-0.207105,3936.244126,6967.800049,6967.800049,21.84000015258789,,
sim_2019-02-09_2026-05-21_29c06ed80e5a,2021-05-11,put_credit_spread,SPY,put_credit_spread_SPY_000037,0.0,0.0,0.0,3936.244126,2206.5,2206.5,21.84000015258789,,
sim_2019-02-09_2026-05-21_29c06ed80e5a,2021-05-12,short_straddle,SPY,short_straddle_SPY_000038,0.0,-8.799988,-8.799988,3927.444138,6967.800049,6967.800049,27.59000015258789,,
sim_2019-02-09_2026-05-21_29c06ed80e5a,2021-05-12,put_credit_spread,SPY,put_credit_spread_SPY_000037,0.0,0.0,0.0,3927.444138,2206.5,2206.5,27.59000015258789,,
sim_2019-02-09_2026-05-21_29c06ed80e5a,2021-05-13,short_straddle,SPY,short_straddle_SPY_000038,0.0,4.869995,4.869995,3932.314133,6967.800049,6967.800049,23.1299991607666,,
sim_2019-02-09_2026-05-21_29c06ed80e5a,2021-05-13,put_credit_spread,SPY,put_credit_spread_SPY_000037,0.0,0.0,0.0,3932.314133,2206.5,2206.5,23.1299991607666,,
sim_2019-02-09_2026-05-21_29c06ed80e5a,2021-05-14,short_straddle,SPY,short_straddle_SPY_000038,0.0,6.299988,6.299988,3938.614121,6967.800049,6967.800049,18.809999465942383,0.1474,0.132
sim_2019-02-09_2026-05-21_29c06ed80e5a,2021-05-14,put_credit_spread,SPY,put_credit_spread_SPY_000037,0.0,0.0,0.0,3938.614121,2206.5,2206.5,18.809999465942383,0.1474,0.132
sim_2019-02-09_2026-05-21_29c06ed80e5a,2021-05-17,short_straddle,SPY,short_straddle_SPY_000038,0.0,-1.059998,-1.059998,3937.554123,6967.800049,6967.800049,19.71999931335449,0.1564,0.1265
sim_2019-02-09_2026-05-21_29c06ed80e5a,2021-05-17,put_credit_spread,SPY,put_credit_spread_SPY_000037,0.0,0.0,0.0,3937.554123,2206.5,2206.5,19.71999931335449,0.1564,0.1265
sim_2019-02-09_2026-05-21_29c06ed80e5a,2021-05-18,short_straddle,SPY,short_straddle_SPY_000038,0.0,-3.579987,-3.579987,3933.974137,6967.800049,6967.800049,21.34000015258789,,
sim_2019-02-09_2026-05-21_29c06ed80e5a,2021-05-18,put_credit_spread,SPY,put_credit_spread_SPY_000037,0.0,0.0,0.0,3933.974137,2206.5,2206.5,21.34000015258789,,
sim_2019-02-09_2026-05-21_29c06ed80e5a,2021-05-19,short_straddle,SPY,short_straddle_SPY_000038,0.0,-1.080017,-1.080017,3932.89412,6967.800049,6967.800049,22.18000030517578,,
sim_2019-02-09_2026-05-21_29c06ed80e5a,2021-05-19,put_credit_spread,SPY,put_credit_spread_SPY_000037,0.0,0.0,0.0,3932.89412,2206.5,2206.5,22.18000030517578,,
sim_2019-02-09_2026-05-21_29c06ed80e5a,2021-05-20,short_straddle,SPY,short_straddle_SPY_000038,0.0,4.420013,4.420013,3937.314133,6967.800049,6967.800049,20.670000076293945,,
sim_2019-02-09_2026-05-21_29c06ed80e5a,2021-05-20,put_credit_spread,SPY,put_credit_spread_SPY_000037,0.0,0.0,0.0,3937.314133,2206.5,2206.5,20.670000076293945,,
sim_2019-02-09_2026-05-21_29c06ed80e5a,2021-05-21,short_straddle,SPY,short_straddle_SPY_000038,0.0,-0.339996,-0.339996,3936.974137,6967.800049,6967.800049,20.14999961853028,0.1544,0.1311
sim_2019-02-09_2026-05-21_29c06ed80e5a,2021-05-21,put_credit_spread,SPY,put_credit_spread_SPY_000037,0.0,0.0,0.0,3936.974137,2206.5,2206.5,20.14999961853028,0.1544,0.1311
sim_2019-02-09_2026-05-21_29c06ed80e5a,2021-05-24,short_straddle,SPY,short_straddle_SPY_000038,0.0,4.230011,4.230011,3941.204148,6967.800049,6967.800049,18.39999961853028,0.1382,0.1342
sim_2019-02-09_2026-05-21_29c06ed80e5a,2021-05-24,put_credit_spread,SPY,put_credit_spread_SPY_000037,0.0,0.0,0.0,3941.204148,2206.5,2206.5,18.39999961853028,0.1382,0.1342
sim_2019-02-09_2026-05-21_29c06ed80e5a,2021-05-25,short_straddle,SPY,short_straddle_SPY_000038,0.0,-0.930023,-0.930023,3940.274124,6967.800049,6967.800049,18.84000015258789,,
sim_2019-02-09_2026-05-21_29c06ed80e5a,2021-05-25,put_credit_spread,SPY,put_credit_spread_SPY_000037,0.0,0.0,0.0,3940.274124,2206.5,2206.5,18.84000015258789,,
sim_2019-02-09_2026-05-21_29c06ed80e5a,2021-05-26,short_straddle,SPY,short_straddle_SPY_000038,0.0,0.830017,0.830017,3941.104142,6967.800049,6967.800049,17.360000610351562,,
sim_2019-02-09_2026-05-21_29c06ed80e5a,2021-05-26,put_credit_spread,SPY,put_credit_spread_SPY_000037,291.5,0.0,291.5,4232.604142,2206.5,2206.5,17.360000610351562,,
sim_2019-02-09_2026-05-21_29c06ed80e5a,2021-05-27,short_straddle,SPY,short_straddle_SPY_000038,0.0,0.220001,0.220001,4232.824143,6967.800049,6967.800049,16.739999771118164,0.1249,0.1303
sim_2019-02-09_2026-05-21_29c06ed80e5a,2021-05-27,put_credit_spread,SPY,put_credit_spread_SPY_000039,-2.12025,0.0,-2.12025,4230.703893,2259.5,2259.5,16.739999771118164,0.1249,0.1303
sim_2019-02-09_2026-05-21_29c06ed80e5a,2021-05-28,short_straddle,SPY,short_straddle_SPY_000038,0.0,0.75,0.75,4231.453893,6967.800049,6967.800049,16.760000228881836,0.1205,0.1301
sim_2019-02-09_2026-05-21_29c06ed80e5a,2021-05-28,put_credit_spread,SPY,put_credit_spread_SPY_000039,0.0,0.0,0.0,4231.453893,2259.5,2259.5,16.760000228881836,0.1205,0.1301
sim_2019-02-09_2026-05-21_29c06ed80e5a,2021-06-01,short_straddle,SPY,short_straddle_SPY_000038,0.0,-0.369995,-0.369995,4231.083898,6967.800049,6967.800049,17.899999618530273,,
sim_2019-02-09_2026-05-21_29c06ed80e5a,2021-06-01,put_credit_spread,SPY,put_credit_spread_SPY_000039,0.0,0.0,0.0,4231.083898,2259.5,2259.5,17.899999618530273,,
sim_2019-02-09_2026-05-21_29c06ed80e5a,2021-06-02,short_straddle,SPY,short_straddle_SPY_000038,0.0,0.659973,0.659973,4231.743871,6967.800049,6967.800049,17.479999542236328,0.1289,0.1272
sim_2019-02-09_2026-05-21_29c06ed80e5a,2021-06-02,put_credit_spread,SPY,put_credit_spread_SPY_000039,0.0,0.0,0.0,4231.743871,2259.5,2259.5,17.479999542236328,0.1289,0.1272
sim_2019-02-09_2026-05-21_29c06ed80e5a,2021-06-03,short_straddle,SPY,short_straddle_SPY_000038,0.0,-1.559998,-1.559998,4230.183873,6967.800049,6967.800049,18.040000915527344,,
sim_2019-02-09_2026-05-21_29c06ed80e5a,2021-06-03,put_credit_spread,SPY,put_credit_spread_SPY_000039,0.0,0.0,0.0,4230.183873,2259.5,2259.5,18.040000915527344,,
sim_2019-02-09_2026-05-21_29c06ed80e5a,2021-06-04,short_straddle,SPY,short_straddle_SPY_000038,0.0,3.830017,3.830017,4234.01389,6967.800049,6967.800049,16.420000076293945,0.1192,0.1243
sim_2019-02-09_2026-05-21_29c06ed80e5a,2021-06-04,put_credit_spread,SPY,put_credit_spread_SPY_000039,0.0,0.0,0.0,4234.01389,2259.5,2259.5,16.420000076293945,0.1192,0.1243
sim_2019-02-09_2026-05-21_29c06ed80e5a,2021-06-07,short_straddle,SPY,short_straddle_SPY_000038,969.790256,-0.621099,969.169157,5203.183047,6967.800049,6967.800049,16.420000076293945,0.1165,0.1207
sim_2019-02-09_2026-05-21_29c06ed80e5a,2021-06-07,put_credit_spread,SPY,put_credit_spread_SPY_000039,0.0,0.0,0.0,5203.183047,2259.5,2259.5,16.420000076293945,0.1165,0.1207
sim_2019-02-09_2026-05-21_29c06ed80e5a,2021-06-07,short_straddle,SPY,short_straddle_SPY_000040,-2.55275,0.0,-2.55275,5200.630297,7338.300049,7338.300049,16.420000076293945,0.1165,0.1207
sim_2019-02-09_2026-05-21_29c06ed80e5a,2021-06-08,short_straddle,SPY,short_straddle_SPY_000040,0.0,-0.84456,-0.84456,5199.785737,7338.300049,7338.300049,17.06999969482422,,
sim_2019-02-09_2026-05-21_29c06ed80e5a,2021-06-08,put_credit_spread,SPY,put_credit_spread_SPY_000039,0.0,0.0,0.0,5199.785737,2259.5,2259.5,17.06999969482422,,
sim_2019-02-09_2026-05-21_29c06ed80e5a,2021-06-09,short_straddle,SPY,short_straddle_SPY_000040,0.0,2.52002,2.52002,5202.305757,7338.300049,7338.300049,17.889999389648438,0.1281,0.1207
sim_2019-02-09_2026-05-21_29c06ed80e5a,2021-06-09,put_credit_spread,SPY,put_credit_spread_SPY_000039,0.0,0.0,0.0,5202.305757,2259.5,2259.5,17.889999389648438,0.1281,0.1207
sim_2019-02-09_2026-05-21_29c06ed80e5a,2021-06-10,short_straddle,SPY,short_straddle_SPY_000040,0.0,-7.839966,-7.839966,5194.465791,7338.300049,7338.300049,16.100000381469727,,
sim_2019-02-09_2026-05-21_29c06ed80e5a,2021-06-10,put_credit_spread,SPY,put_credit_spread_SPY_000039,0.0,0.0,0.0,5194.465791,2259.5,2259.5,16.100000381469727,,
sim_2019-02-09_2026-05-21_29c06ed80e5a,2021-06-11,short_straddle,SPY,short_straddle_SPY_000040,0.0,-2.800049,-2.800049,5191.665742,7338.300049,7338.300049,15.649999618530272,0.1059,0.1201
sim_2019-02-09_2026-05-21_29c06ed80e5a,2021-06-11,put_credit_spread,SPY,put_credit_spread_SPY_000039,0.0,0.0,0.0,5191.665742,2259.5,2259.5,15.649999618530272,0.1059,0.1201
sim_2019-02-09_2026-05-21_29c06ed80e5a,2021-06-14,short_straddle,SPY,short_straddle_SPY_000040,0.0,-3.800049,-3.800049,5187.865693,7338.300049,7338.300049,16.389999389648438,,
sim_2019-02-09_2026-05-21_29c06ed80e5a,2021-06-14,put_credit_spread,SPY,put_credit_spread_SPY_000039,0.0,0.0,0.0,5187.865693,2259.5,2259.5,16.389999389648438,,
sim_2019-02-09_2026-05-21_29c06ed80e5a,2021-06-15,short_straddle,SPY,short_straddle_SPY_000040,0.0,3.119995,3.119995,5190.985689,7338.300049,7338.300049,17.020000457763672,0.1179,0.1185
sim_2019-02-09_2026-05-21_29c06ed80e5a,2021-06-15,put_credit_spread,SPY,put_credit_spread_SPY_000039,0.0,0.0,0.0,5190.985689,2259.5,2259.5,17.020000457763672,0.1179,0.1185
sim_2019-02-09_2026-05-21_29c06ed80e5a,2021-06-16,short_straddle,SPY,short_straddle_SPY_000040,0.0,9.480103,9.480103,5200.465791,7338.300049,7338.300049,18.14999961853028,0.1272,0.1182
sim_2019-02-09_2026-05-21_29c06ed80e5a,2021-06-16,put_credit_spread,SPY,put_credit_spread_SPY_000039,0.0,0.0,0.0,5200.465791,2259.5,2259.5,18.14999961853028,0.1272,0.1182
sim_2019-02-09_2026-05-21_29c06ed80e5a,2021-06-17,short_straddle,SPY,short_straddle_SPY_000040,0.0,0.559937,0.559937,5201.025728,7338.300049,7338.300049,17.75,,
sim_2019-02-09_2026-05-21_29c06ed80e5a,2021-06-17,put_credit_spread,SPY,put_credit_spread_SPY_000039,0.0,0.0,0.0,5201.025728,2259.5,2259.5,17.75,,
sim_2019-02-09_2026-05-21_29c06ed80e5a,2021-06-18,short_straddle,SPY,short_straddle_SPY_000040,0.0,28.199951,28.199951,5229.225679,7338.300049,7338.300049,20.700000762939453,0.1603,0.1263
sim_2019-02-09_2026-05-21_29c06ed80e5a,2021-06-18,put_credit_spread,SPY,put_credit_spread_SPY_000039,0.0,0.0,0.0,5229.225679,2259.5,2259.5,20.700000762939453,0.1603,0.1263
sim_2019-02-09_2026-05-21_29c06ed80e5a,2021-06-21,short_straddle,SPY,short_straddle_SPY_000040,0.0,-23.759888,-23.759888,5205.465791,7338.300049,7338.300049,17.889999389648438,0.1259,0.1314
sim_2019-02-09_2026-05-21_29c06ed80e5a,2021-06-21,put_credit_spread,SPY,put_credit_spread_SPY_000039,0.0,0.0,0.0,5205.465791,2259.5,2259.5,17.889999389648438,0.1259,0.1314
sim_2019-02-09_2026-05-21_29c06ed80e5a,2021-06-22,short_straddle,SPY,short_straddle_SPY_000040,0.0,-9.0,-9.0,5196.465791,7338.300049,7338.300049,16.65999984741211,,
sim_2019-02-09_2026-05-21_29c06ed80e5a,2021-06-22,put_credit_spread,SPY,put_credit_spread_SPY_000039,0.0,0.0,0.0,5196.465791,2259.5,2259.5,16.65999984741211,,
sim_2019-02-09_2026-05-21_29c06ed80e5a,2021-06-23,short_straddle,SPY,short_straddle_SPY_000040,0.0,2.039917,2.039917,5198.505708,7338.300049,7338.300049,16.31999969482422,0.1177,0.1259
sim_2019-02-09_2026-05-21_29c06ed80e5a,2021-06-23,put_credit_spread,SPY,put_credit_spread_SPY_000039,238.5,0.0,238.5,5437.005708,2259.5,2259.5,16.31999969482422,0.1177,0.1259
sim_2019-02-09_2026-05-21_29c06ed80e5a,2021-06-23,put_credit_spread,SPY,put_credit_spread_SPY_000041,-2.106,0.0,-2.106,5434.899708,1788.0,1788.0,16.31999969482422,0.1177,0.1259
sim_2019-02-09_2026-05-21_29c06ed80e5a,2021-06-24,short_straddle,SPY,short_straddle_SPY_000040,0.0,-10.0,-10.0,5424.899708,7338.300049,7338.300049,15.970000267028809,,
sim_2019-02-09_2026-05-21_29c06ed80e5a,2021-06-24,put_credit_spread,SPY,put_credit_spread_SPY_000041,0.0,0.0,0.0,5424.899708,1788.0,1788.0,15.970000267028809,,
sim_2019-02-09_2026-05-21_29c06ed80e5a,2021-06-25,short_straddle,SPY,short_straddle_SPY_000040,0.0,-6.039917,-6.039917,5418.859791,7338.300049,7338.300049,15.619999885559082,0.1047,0.1034
sim_2019-02-09_2026-05-21_29c06ed80e5a,2021-06-25,put_credit_spread,SPY,put_credit_spread_SPY_000041,0.0,0.0,0.0,5418.859791,1788.0,1788.0,15.619999885559082,0.1047,0.1034
sim_2019-02-09_2026-05-21_29c06ed80e5a,2021-06-28,short_straddle,SPY,short_straddle_SPY_000040,0.0,-3.440063,-3.440063,5415.419728,7338.300049,7338.300049,15.760000228881836,0.1101,0.0946
sim_2019-02-09_2026-05-21_29c06ed80e5a,2021-06-28,put_credit_spread,SPY,put_credit_spread_SPY_000041,0.0,0.0,0.0,5415.419728,1788.0,1788.0,15.760000228881836,0.1101,0.0946
sim_2019-02-09_2026-05-21_29c06ed80e5a,2021-06-29,short_straddle,SPY,short_straddle_SPY_000040,0.0,-0.920044,-0.920044,5414.499684,7338.300049,7338.300049,16.020000457763672,,
sim_2019-02-09_2026-05-21_29c06ed80e5a,2021-06-29,put_credit_spread,SPY,put_credit_spread_SPY_000041,0.0,0.0,0.0,5414.499684,1788.0,1788.0,16.020000457763672,,
sim_2019-02-09_2026-05-21_29c06ed80e5a,2021-06-30,short_straddle,SPY,short_straddle_SPY_000040,0.0,-1.439941,-1.439941,5413.059742,7338.300049,7338.300049,15.829999923706056,0.1141,0.0896
sim_2019-02-09_2026-05-21_29c06ed80e5a,2021-06-30,put_credit_spread,SPY,put_credit_spread_SPY_000041,0.0,0.0,0.0,5413.059742,1788.0,1788.0,15.829999923706056,0.1141,0.0896
sim_2019-02-09_2026-05-21_29c06ed80e5a,2021-07-01,short_straddle,SPY,short_straddle_SPY_000040,0.0,-9.47998,-9.47998,5403.579762,7338.300049,7338.300049,15.479999542236328,,
sim_2019-02-09_2026-05-21_29c06ed80e5a,2021-07-01,put_credit_spread,SPY,put_credit_spread_SPY_000041,0.0,0.0,0.0,5403.579762,1788.0,1788.0,15.479999542236328,,
sim_2019-02-09_2026-05-21_29c06ed80e5a,2021-07-02,short_straddle,SPY,short_straddle_SPY_000040,0.0,-13.160034,-13.160034,5390.419728,7338.300049,7338.300049,15.06999969482422,0.1047,0.0873
sim_2019-02-09_2026-05-21_29c06ed80e5a,2021-07-02,put_credit_spread,SPY,put_credit_spread_SPY_000041,0.0,0.0,0.0,5390.419728,1788.0,1788.0,15.06999969482422,0.1047,0.0873
sim_2019-02-09_2026-05-21_29c06ed80e5a,2021-07-06,short_straddle,SPY,short_straddle_SPY_000040,9.954233,2.294174,12.248407,5402.668135,7338.300049,7338.300049,16.440000534057617,,
sim_2019-02-09_2026-05-21_29c06ed80e5a,2021-07-06,put_credit_spread,SPY,put_credit_spread_SPY_000041,0.0,0.0,0.0,5402.668135,1788.0,1788.0,16.440000534057617,,
sim_2019-02-09_2026-05-21_29c06ed80e5a,2021-07-07,put_credit_spread,SPY,put_credit_spread_SPY_000041,0.0,0.0,0.0,5402.668135,1788.0,1788.0,16.200000762939453,0.118,0.0839
sim_2019-02-09_2026-05-21_29c06ed80e5a,2021-07-07,short_straddle,SPY,short_straddle_SPY_000042,-2.55875,0.0,-2.55875,5400.109385,7571.699829,7571.699829,16.200000762939453,0.118,0.0839
sim_2019-02-09_2026-05-21_29c06ed80e5a,2021-07-08,short_straddle,SPY,short_straddle_SPY_000042,0.0,-0.86184,-0.86184,5399.247545,7571.699829,7571.699829,19.0,,
sim_2019-02-09_2026-05-21_29c06ed80e5a,2021-07-08,put_credit_spread,SPY,put_credit_spread_SPY_000041,0.0,0.0,0.0,5399.247545,1788.0,1788.0,19.0,,
sim_2019-02-09_2026-05-21_29c06ed80e5a,2021-07-09,short_straddle,SPY,short_straddle_SPY_000042,0.0,18.399902,18.399902,5417.647447,7571.699829,7571.699829,16.18000030517578,0.1128,0.092
sim_2019-02-09_2026-05-21_29c06ed80e5a,2021-07-09,put_credit_spread,SPY,put_credit_spread_SPY_000041,0.0,0.0,0.0,5417.647447,1788.0,1788.0,16.18000030517578,0.1128,0.092
sim_2019-02-09_2026-05-21_29c06ed80e5a,2021-07-12,short_straddle,SPY,short_straddle_SPY_000042,0.0,6.23999,6.23999,5423.887437,7571.699829,7571.699829,16.170000076293945,0.1152,0.0922
sim_2019-02-09_2026-05-21_29c06ed80e5a,2021-07-12,put_credit_spread,SPY,put_credit_spread_SPY_000041,0.0,0.0,0.0,5423.887437,1788.0,1788.0,16.170000076293945,0.1152,0.0922
sim_2019-02-09_2026-05-21_29c06ed80e5a,2021-07-13,short_straddle,SPY,short_straddle_SPY_000042,0.0,-5.959961,-5.959961,5417.927476,7571.699829,7571.699829,17.1200008392334,,
sim_2019-02-09_2026-05-21_29c06ed80e5a,2021-07-13,put_credit_spread,SPY,put_credit_spread_SPY_000041,0.0,0.0,0.0,5417.927476,1788.0,1788.0,17.1200008392334,,
sim_2019-02-09_2026-05-21_29c06ed80e5a,2021-07-14,short_straddle,SPY,short_straddle_SPY_000042,0.0,2.599976,2.599976,5420.527452,7571.699829,7571.699829,16.329999923706055,0.1216,0.093
sim_2019-02-09_2026-05-21_29c06ed80e5a,2021-07-14,put_credit_spread,SPY,put_credit_spread_SPY_000041,0.0,0.0,0.0,5420.527452,1788.0,1788.0,16.329999923706055,0.1216,0.093
sim_2019-02-09_2026-05-21_29c06ed80e5a,2021-07-15,short_straddle,SPY,short_straddle_SPY_000042,0.0,-5.959961,-5.959961,5414.567491,7571.699829,7571.699829,17.010000228881836,,
sim_2019-02-09_2026-05-21_29c06ed80e5a,2021-07-15,put_credit_spread,SPY,put_credit_spread_SPY_000041,0.0,0.0,0.0,5414.567491,1788.0,1788.0,17.010000228881836,,
sim_2019-02-09_2026-05-21_29c06ed80e5a,2021-07-16,short_straddle,SPY,short_straddle_SPY_000042,0.0,-13.640015,-13.640015,5400.927476,7571.699829,7571.699829,18.450000762939453,0.1388,0.0966
sim_2019-02-09_2026-05-21_29c06ed80e5a,2021-07-16,put_credit_spread,SPY,put_credit_spread_SPY_000041,0.0,0.0,0.0,5400.927476,1788.0,1788.0,18.450000762939453,0.1388,0.0966
sim_2019-02-09_2026-05-21_29c06ed80e5a,2021-07-19,short_straddle,SPY,short_straddle_SPY_000042,0.0,-25.47998,-25.47998,5375.447496,7571.699829,7571.699829,22.5,0.1688,0.1038
sim_2019-02-09_2026-05-21_29c06ed80e5a,2021-07-19,put_credit_spread,SPY,put_credit_spread_SPY_000041,0.0,0.0,0.0,5375.447496,1788.0,1788.0,22.5,0.1688,0.1038
sim_2019-02-09_2026-05-21_29c06ed80e5a,2021-07-20,short_straddle,SPY,short_straddle_SPY_000042,0.0,24.359985,24.359985,5399.807481,7571.699829,7571.699829,19.729999542236328,,
sim_2019-02-09_2026-05-21_29c06ed80e5a,2021-07-20,put_credit_spread,SPY,put_credit_spread_SPY_000041,0.0,0.0,0.0,5399.807481,1788.0,1788.0,19.729999542236328,,
sim_2019-02-09_2026-05-21_29c06ed80e5a,2021-07-21,short_straddle,SPY,short_straddle_SPY_000042,0.0,13.959961,13.959961,5413.767442,7571.699829,7571.699829,17.90999984741211,0.133,0.1134
sim_2019-02-09_2026-05-21_29c06ed80e5a,2021-07-21,put_credit_spread,SPY,put_credit_spread_SPY_000041,210.0,0.0,210.0,5623.767442,1788.0,1788.0,17.90999984741211,0.133,0.1134
sim_2019-02-09_2026-05-21_29c06ed80e5a,2021-07-21,put_credit_spread,SPY,put_credit_spread_SPY_000043,-2.13425,0.0,-2.13425,5621.633192,2331.5,2331.5,17.90999984741211,0.133,0.1134
sim_2019-02-09_2026-05-21_29c06ed80e5a,2021-07-22,short_straddle,SPY,short_straddle_SPY_000042,0.0,3.640015,3.640015,5625.273207,7571.699829,7571.699829,17.690000534057617,,
sim_2019-02-09_2026-05-21_29c06ed80e5a,2021-07-22,put_credit_spread,SPY,put_credit_spread_SPY_000043,0.0,0.0,0.0,5625.273207,2331.5,2331.5,17.690000534057617,,
sim_2019-02-09_2026-05-21_29c06ed80e5a,2021-07-23,short_straddle,SPY,short_straddle_SPY_000042,0.0,17.920044,17.920044,5643.193251,7571.699829,7571.699829,17.200000762939453,0.1207,0.1159
sim_2019-02-09_2026-05-21_29c06ed80e5a,2021-07-23,put_credit_spread,SPY,put_credit_spread_SPY_000043,0.0,0.0,0.0,5643.193251,2331.5,2331.5,17.200000762939453,0.1207,0.1159
sim_2019-02-09_2026-05-21_29c06ed80e5a,2021-07-26,short_straddle,SPY,short_straddle_SPY_000042,0.0,4.319946,4.319946,5647.513197,7571.699829,7571.699829,17.579999923706055,0.1254,0.1159
sim_2019-02-09_2026-05-21_29c06ed80e5a,2021-07-26,put_credit_spread,SPY,put_credit_spread_SPY_000043,0.0,0.0,0.0,5647.513197,2331.5,2331.5,17.579999923706055,0.1254,0.1159
sim_2019-02-09_2026-05-21_29c06ed80e5a,2021-07-27,short_straddle,SPY,short_straddle_SPY_000042,0.0,-8.039917,-8.039917,5639.47328,7571.699829,7571.699829,19.36000061035156,,
sim_2019-02-09_2026-05-21_29c06ed80e5a,2021-07-27,put_credit_spread,SPY,put_credit_spread_SPY_000043,0.0,0.0,0.0,5639.47328,2331.5,2331.5,19.36000061035156,,
sim_2019-02-09_2026-05-21_29c06ed80e5a,2021-07-28,short_straddle,SPY,short_straddle_SPY_000042,0.0,-0.720093,-0.720093,5638.753187,7571.699829,7571.699829,18.309999465942383,0.1368,0.1169
sim_2019-02-09_2026-05-21_29c06ed80e5a,2021-07-28,put_credit_spread,SPY,put_credit_spread_SPY_000043,0.0,0.0,0.0,5638.753187,2331.5,2331.5,18.309999465942383,0.1368,0.1169
sim_2019-02-09_2026-05-21_29c06ed80e5a,2021-07-29,short_straddle,SPY,short_straddle_SPY_000042,0.0,7.280029,7.280029,5646.033217,7571.699829,7571.699829,17.700000762939453,,
sim_2019-02-09_2026-05-21_29c06ed80e5a,2021-07-29,put_credit_spread,SPY,put_credit_spread_SPY_000043,0.0,0.0,0.0,5646.033217,2331.5,2331.5,17.700000762939453,,
sim_2019-02-09_2026-05-21_29c06ed80e5a,2021-07-30,short_straddle,SPY,short_straddle_SPY_000042,0.0,-8.559937,-8.559937,5637.47328,7571.699829,7571.699829,18.239999771118164,,
sim_2019-02-09_2026-05-21_29c06ed80e5a,2021-07-30,put_credit_spread,SPY,put_credit_spread_SPY_000043,0.0,0.0,0.0,5637.47328,2331.5,2331.5,18.239999771118164,,
sim_2019-02-09_2026-05-21_29c06ed80e5a,2021-08-02,short_straddle,SPY,short_straddle_SPY_000042,-2.55875,-4.555234,-7.113984,5630.359296,7571.699829,7571.699829,19.459999084472656,0.144,0.104
sim_2019-02-09_2026-05-21_29c06ed80e5a,2021-08-02,put_credit_spread,SPY,put_credit_spread_SPY_000043,0.0,0.0,0.0,5630.359296,2331.5,2331.5,19.459999084472656,0.144,0.104
sim_2019-02-09_2026-05-21_29c06ed80e5a,2021-08-02,short_straddle,SPY,short_straddle_SPY_000044,-2.6715,0.0,-2.6715,5627.687796,7408.799927,7408.799927,19.459999084472656,0.144,0.104
sim_2019-02-09_2026-05-21_29c06ed80e5a,2021-08-03,short_straddle,SPY,short_straddle_SPY_000044,0.0,-0.220575,-0.220575,5627.467221,7408.799927,7408.799927,18.040000915527344,,
sim_2019-02-09_2026-05-21_29c06ed80e5a,2021-08-03,put_credit_spread,SPY,put_credit_spread_SPY_000043,0.0,0.0,0.0,5627.467221,2331.5,2331.5,18.040000915527344,,
sim_2019-02-09_2026-05-21_29c06ed80e5a,2021-08-04,short_straddle,SPY,short_straddle_SPY_000044,0.0,-2.169983,-2.169983,5625.297238,7408.799927,7408.799927,17.969999313354492,0.133,0.1001
sim_2019-02-09_2026-05-21_29c06ed80e5a,2021-08-04,put_credit_spread,SPY,put_credit_spread_SPY_000043,0.0,0.0,0.0,5625.297238,2331.5,2331.5,17.969999313354492,0.133,0.1001
sim_2019-02-09_2026-05-21_29c06ed80e5a,2021-08-05,short_straddle,SPY,short_straddle_SPY_000044,0.0,2.779999,2.779999,5628.077237,7408.799927,7408.799927,17.280000686645508,,
sim_2019-02-09_2026-05-21_29c06ed80e5a,2021-08-05,put_credit_spread,SPY,put_credit_spread_SPY_000043,0.0,0.0,0.0,5628.077237,2331.5,2331.5,17.280000686645508,,
sim_2019-02-09_2026-05-21_29c06ed80e5a,2021-08-06,short_straddle,SPY,short_straddle_SPY_000044,0.0,0.72998,0.72998,5628.807218,7408.799927,7408.799927,16.149999618530273,0.117,0.1
sim_2019-02-09_2026-05-21_29c06ed80e5a,2021-08-06,put_credit_spread,SPY,put_credit_spread_SPY_000043,0.0,0.0,0.0,5628.807218,2331.5,2331.5,16.149999618530273,0.117,0.1
sim_2019-02-09_2026-05-21_29c06ed80e5a,2021-08-09,short_straddle,SPY,short_straddle_SPY_000044,0.0,-0.359985,-0.359985,5628.447232,7408.799927,7408.799927,16.719999313354492,0.1183,0.1
sim_2019-02-09_2026-05-21_29c06ed80e5a,2021-08-09,put_credit_spread,SPY,put_credit_spread_SPY_000043,0.0,0.0,0.0,5628.447232,2331.5,2331.5,16.719999313354492,0.1183,0.1
sim_2019-02-09_2026-05-21_29c06ed80e5a,2021-08-10,short_straddle,SPY,short_straddle_SPY_000044,0.0,0.549988,0.549988,5628.99722,7408.799927,7408.799927,16.790000915527344,,
sim_2019-02-09_2026-05-21_29c06ed80e5a,2021-08-10,put_credit_spread,SPY,put_credit_spread_SPY_000043,0.0,0.0,0.0,5628.99722,2331.5,2331.5,16.790000915527344,,
sim_2019-02-09_2026-05-21_29c06ed80e5a,2021-08-11,short_straddle,SPY,short_straddle_SPY_000044,0.0,1.100006,1.100006,5630.097226,7408.799927,7408.799927,16.170000076293945,0.1163,0.1
sim_2019-02-09_2026-05-21_29c06ed80e5a,2021-08-11,put_credit_spread,SPY,put_credit_spread_SPY_000043,0.0,0.0,0.0,5630.097226,2331.5,2331.5,16.170000076293945,0.1163,0.1
sim_2019-02-09_2026-05-21_29c06ed80e5a,2021-08-12,short_straddle,SPY,short_straddle_SPY_000044,0.0,1.329987,1.329987,5631.427213,7408.799927,7408.799927,15.59000015258789,,
sim_2019-02-09_2026-05-21_29c06ed80e5a,2021-08-12,put_credit_spread,SPY,put_credit_spread_SPY_000043,0.0,0.0,0.0,5631.427213,2331.5,2331.5,15.59000015258789,,
sim_2019-02-09_2026-05-21_29c06ed80e5a,2021-08-13,short_straddle,SPY,short_straddle_SPY_000044,0.0,0.810028,0.810028,5632.237241,7408.799927,7408.799927,15.449999809265137,0.1071,0.0993
sim_2019-02-09_2026-05-21_29c06ed80e5a,2021-08-13,put_credit_spread,SPY,put_credit_spread_SPY_000043,0.0,0.0,0.0,5632.237241,2331.5,2331.5,15.449999809265137,0.1071,0.0993
sim_2019-02-09_2026-05-21_29c06ed80e5a,2021-08-16,short_straddle,SPY,short_straddle_SPY_000044,157.5,-11.465172,146.034828,5778.272069,7408.799927,7408.799927,16.1200008392334,0.1143,0.0975
sim_2019-02-09_2026-05-21_29c06ed80e5a,2021-08-16,put_credit_spread,SPY,put_credit_spread_SPY_000043,0.0,0.0,0.0,5778.272069,2331.5,2331.5,16.1200008392334,0.1143,0.0975
sim_2019-02-09_2026-05-21_29c06ed80e5a,2021-08-17,short_straddle,SPY,short_straddle_SPY_000044,0.0,-179.442703,-179.442703,5598.829366,7408.799927,7408.799927,17.90999984741211,,
sim_2019-02-09_2026-05-21_29c06ed80e5a,2021-08-17,put_credit_spread,SPY,put_credit_spread_SPY_000043,0.0,0.0,0.0,5598.829366,2331.5,2331.5,17.90999984741211,,
sim_2019-02-09_2026-05-21_29c06ed80e5a,2021-08-18,short_straddle,SPY,short_straddle_SPY_000044,0.0,-4.860016,-4.860016,5593.96935,7408.799927,7408.799927,21.56999969482422,0.1616,0.105
sim_2019-02-09_2026-05-21_29c06ed80e5a,2021-08-18,put_credit_spread,SPY,put_credit_spread_SPY_000043,266.5,0.0,266.5,5860.46935,2331.5,2331.5,21.56999969482422,0.1616,0.105
sim_2019-02-09_2026-05-21_29c06ed80e5a,2021-08-18,put_credit_spread,SPY,put_credit_spread_SPY_000045,-2.1865,0.0,-2.1865,5858.28285,3127.0,3127.0,21.56999969482422,0.1616,0.105
sim_2019-02-09_2026-05-21_29c06ed80e5a,2021-08-19,short_straddle,SPY,short_straddle_SPY_000044,0.0,0.679993,0.679993,5858.962843,7408.799927,7408.799927,21.670000076293945,,
sim_2019-02-09_2026-05-21_29c06ed80e5a,2021-08-19,put_credit_spread,SPY,put_credit_spread_SPY_000045,0.0,0.0,0.0,5858.962843,3127.0,3127.0,21.670000076293945,,
sim_2019-02-09_2026-05-21_29c06ed80e5a,2021-08-20,short_straddle,SPY,short_straddle_SPY_000044,0.0,3.5,3.5,5862.462843,7408.799927,7408.799927,18.559999465942383,0.1315,0.0999
sim_2019-02-09_2026-05-21_29c06ed80e5a,2021-08-20,put_credit_spread,SPY,put_credit_spread_SPY_000045,0.0,0.0,0.0,5862.462843,3127.0,3127.0,18.559999465942383,0.1315,0.0999
sim_2019-02-09_2026-05-21_29c06ed80e5a,2021-08-23,short_straddle,SPY,short_straddle_SPY_000044,0.0,3.900024,3.900024,5866.362867,7408.799927,7408.799927,17.149999618530273,0.1197,0.1023
sim_2019-02-09_2026-05-21_29c06ed80e5a,2021-08-23,put_credit_spread,SPY,put_credit_spread_SPY_000045,0.0,0.0,0.0,5866.362867,3127.0,3127.0,17.149999618530273,0.1197,0.1023
sim_2019-02-09_2026-05-21_29c06ed80e5a,2021-08-24,short_straddle,SPY,short_straddle_SPY_000044,0.0,0.709991,0.709991,5867.072858,7408.799927,7408.799927,17.219999313354492,,
sim_2019-02-09_2026-05-21_29c06ed80e5a,2021-08-24,put_credit_spread,SPY,put_credit_spread_SPY_000045,0.0,0.0,0.0,5867.072858,3127.0,3127.0,17.219999313354492,,
sim_2019-02-09_2026-05-21_29c06ed80e5a,2021-08-25,short_straddle,SPY,short_straddle_SPY_000044,0.0,0.940002,0.940002,5868.012861,7408.799927,7408.799927,16.790000915527344,0.1166,0.1016
sim_2019-02-09_2026-05-21_29c06ed80e5a,2021-08-25,put_credit_spread,SPY,put_credit_spread_SPY_000045,0.0,0.0,0.0,5868.012861,3127.0,3127.0,16.790000915527344,0.1166,0.1016
sim_2019-02-09_2026-05-21_29c06ed80e5a,2021-08-26,short_straddle,SPY,short_straddle_SPY_000044,0.0,-2.649994,-2.649994,5865.362867,7408.799927,7408.799927,18.84000015258789,,
sim_2019-02-09_2026-05-21_29c06ed80e5a,2021-08-26,put_credit_spread,SPY,put_credit_spread_SPY_000045,0.0,0.0,0.0,5865.362867,3127.0,3127.0,18.84000015258789,,
sim_2019-02-09_2026-05-21_29c06ed80e5a,2021-08-27,short_straddle,SPY,short_straddle_SPY_000044,0.0,3.98999,3.98999,5869.352857,7408.799927,7408.799927,16.389999389648438,0.1072,0.1019
sim_2019-02-09_2026-05-21_29c06ed80e5a,2021-08-27,put_credit_spread,SPY,put_credit_spread_SPY_000045,0.0,0.0,0.0,5869.352857,3127.0,3127.0,16.389999389648438,0.1072,0.1019
sim_2019-02-09_2026-05-21_29c06ed80e5a,2021-08-30,short_straddle,SPY,short_straddle_SPY_000044,-240.212599,1.753896,-238.458703,5630.894154,7408.799927,7408.799927,16.190000534057617,0.1119,0.0897
sim_2019-02-09_2026-05-21_29c06ed80e5a,2021-08-30,put_credit_spread,SPY,put_credit_spread_SPY_000045,0.0,0.0,0.0,5630.894154,3127.0,3127.0,16.190000534057617,0.1119,0.0897
sim_2019-02-09_2026-05-21_29c06ed80e5a,2021-08-30,short_straddle,SPY,short_straddle_SPY_000046,-2.53825,0.0,-2.53825,5628.355904,7968.10022,7968.10022,16.190000534057617,0.1119,0.0897
sim_2019-02-09_2026-05-21_29c06ed80e5a,2021-08-31,short_straddle,SPY,short_straddle_SPY_000046,0.0,-0.90312,-0.90312,5627.452784,7968.10022,7968.10022,16.479999542236328,,
sim_2019-02-09_2026-05-21_29c06ed80e5a,2021-08-31,put_credit_spread,SPY,put_credit_spread_SPY_000045,0.0,0.0,0.0,5627.452784,3127.0,3127.0,16.479999542236328,,
sim_2019-02-09_2026-05-21_29c06ed80e5a,2021-09-01,short_straddle,SPY,short_straddle_SPY_000046,0.0,-0.959961,-0.959961,5626.492823,7968.10022,7968.10022,16.110000610351562,0.1105,0.0801
sim_2019-02-09_2026-05-21_29c06ed80e5a,2021-09-01,put_credit_spread,SPY,put_credit_spread_SPY_000045,-143.5,0.0,-143.5,5482.992823,3127.0,3127.0,16.110000610351562,0.1105,0.0801
sim_2019-02-09_2026-05-21_29c06ed80e5a,2021-09-02,short_straddle,SPY,short_straddle_SPY_000046,0.0,-5.560059,-5.560059,5477.432765,7968.10022,7968.10022,16.40999984741211,,
sim_2019-02-09_2026-05-21_29c06ed80e5a,2021-09-02,put_credit_spread,SPY,put_credit_spread_SPY_000045,0.0,0.0,0.0,5477.432765,3127.0,3127.0,16.40999984741211,,
sim_2019-02-09_2026-05-21_29c06ed80e5a,2021-09-03,short_straddle,SPY,short_straddle_SPY_000046,0.0,0.440063,0.440063,5477.872828,7968.10022,7968.10022,16.40999984741211,0.1086,0.0758
sim_2019-02-09_2026-05-21_29c06ed80e5a,2021-09-03,put_credit_spread,SPY,put_credit_spread_SPY_000045,0.0,0.0,0.0,5477.872828,3127.0,3127.0,16.40999984741211,0.1086,0.0758
sim_2019-02-09_2026-05-21_29c06ed80e5a,2021-09-07,short_straddle,SPY,short_straddle_SPY_000046,0.0,6.47998,6.47998,5484.352808,7968.10022,7968.10022,18.13999938964844,,
sim_2019-02-09_2026-05-21_29c06ed80e5a,2021-09-07,put_credit_spread,SPY,put_credit_spread_SPY_000045,0.0,0.0,0.0,5484.352808,3127.0,3127.0,18.13999938964844,,
sim_2019-02-09_2026-05-21_29c06ed80e5a,2021-09-08,short_straddle,SPY,short_straddle_SPY_000046,0.0,2.199951,2.199951,5486.55276,7968.10022,7968.10022,17.959999084472656,0.1211,0.0753
sim_2019-02-09_2026-05-21_29c06ed80e5a,2021-09-08,put_credit_spread,SPY,put_credit_spread_SPY_000045,0.0,0.0,0.0,5486.55276,3127.0,3127.0,17.959999084472656,0.1211,0.0753
sim_2019-02-09_2026-05-21_29c06ed80e5a,2021-09-09,short_straddle,SPY,short_straddle_SPY_000046,0.0,7.719971,7.719971,5494.27273,7968.10022,7968.10022,18.799999237060547,,
sim_2019-02-09_2026-05-21_29c06ed80e5a,2021-09-09,put_credit_spread,SPY,put_credit_spread_SPY_000045,0.0,0.0,0.0,5494.27273,3127.0,3127.0,18.799999237060547,,
sim_2019-02-09_2026-05-21_29c06ed80e5a,2021-09-10,short_straddle,SPY,short_straddle_SPY_000046,0.0,14.160034,14.160034,5508.432765,7968.10022,7968.10022,20.950000762939453,0.1465,0.08
sim_2019-02-09_2026-05-21_29c06ed80e5a,2021-09-10,put_credit_spread,SPY,put_credit_spread_SPY_000045,0.0,0.0,0.0,5508.432765,3127.0,3127.0,20.950000762939453,0.1465,0.08
sim_2019-02-09_2026-05-21_29c06ed80e5a,2021-09-13,short_straddle,SPY,short_straddle_SPY_000046,0.0,-4.559937,-4.559937,5503.872828,7968.10022,7968.10022,19.3700008392334,0.1349,0.0787
sim_2019-02-09_2026-05-21_29c06ed80e5a,2021-09-13,put_credit_spread,SPY,put_credit_spread_SPY_000045,0.0,0.0,0.0,5503.872828,3127.0,3127.0,19.3700008392334,0.1349,0.0787
sim_2019-02-09_2026-05-21_29c06ed80e5a,2021-09-14,short_straddle,SPY,short_straddle_SPY_000046,0.0,9.639893,9.639893,5513.512721,7968.10022,7968.10022,19.459999084472656,,
sim_2019-02-09_2026-05-21_29c06ed80e5a,2021-09-14,put_credit_spread,SPY,put_credit_spread_SPY_000045,0.0,0.0,0.0,5513.512721,3127.0,3127.0,19.459999084472656,,
sim_2019-02-09_2026-05-21_29c06ed80e5a,2021-09-15,short_straddle,SPY,short_straddle_SPY_000046,0.0,-14.839966,-14.839966,5498.672755,7968.10022,7968.10022,18.18000030517578,0.1304,0.0804
sim_2019-02-09_2026-05-21_29c06ed80e5a,2021-09-15,put_credit_spread,SPY,put_credit_spread_SPY_000045,514.5,0.0,514.5,6013.172755,3127.0,3127.0,18.18000030517578,0.1304,0.0804
sim_2019-02-09_2026-05-21_29c06ed80e5a,2021-09-15,put_credit_spread,SPY,put_credit_spread_SPY_000047,-2.14725,0.0,-2.14725,6011.025505,2405.5,2405.5,18.18000030517578,0.1304,0.0804
sim_2019-02-09_2026-05-21_29c06ed80e5a,2021-09-16,short_straddle,SPY,short_straddle_SPY_000046,0.0,2.839966,2.839966,6013.865471,7968.10022,7968.10022,18.690000534057617,,
sim_2019-02-09_2026-05-21_29c06ed80e5a,2021-09-16,put_credit_spread,SPY,put_credit_spread_SPY_000047,0.0,0.0,0.0,6013.865471,2405.5,2405.5,18.690000534057617,,
sim_2019-02-09_2026-05-21_29c06ed80e5a,2021-09-17,short_straddle,SPY,short_straddle_SPY_000046,0.0,23.080078,23.080078,6036.945549,7968.10022,7968.10022,20.809999465942383,0.1551,0.0864
sim_2019-02-09_2026-05-21_29c06ed80e5a,2021-09-17,put_credit_spread,SPY,put_credit_spread_SPY_000047,0.0,0.0,0.0,6036.945549,2405.5,2405.5,20.809999465942383,0.1551,0.0864
sim_2019-02-09_2026-05-21_29c06ed80e5a,2021-09-20,short_straddle,SPY,short_straddle_SPY_000046,0.0,29.439941,29.439941,6066.38549,7968.10022,7968.10022,25.709999084472656,0.2008,0.099
sim_2019-02-09_2026-05-21_29c06ed80e5a,2021-09-20,put_credit_spread,SPY,put_credit_spread_SPY_000047,0.0,0.0,0.0,6066.38549,2405.5,2405.5,25.709999084472656,0.2008,0.099
sim_2019-02-09_2026-05-21_29c06ed80e5a,2021-09-21,short_straddle,SPY,short_straddle_SPY_000046,0.0,1.640015,1.640015,6068.025505,7968.10022,7968.10022,24.36000061035156,,
sim_2019-02-09_2026-05-21_29c06ed80e5a,2021-09-21,put_credit_spread,SPY,put_credit_spread_SPY_000047,0.0,0.0,0.0,6068.025505,2405.5,2405.5,24.36000061035156,,
sim_2019-02-09_2026-05-21_29c06ed80e5a,2021-09-22,short_straddle,SPY,short_straddle_SPY_000046,0.0,-16.919922,-16.919922,6051.105583,7968.10022,7968.10022,20.8700008392334,0.1624,0.1033
sim_2019-02-09_2026-05-21_29c06ed80e5a,2021-09-22,put_credit_spread,SPY,put_credit_spread_SPY_000047,0.0,0.0,0.0,6051.105583,2405.5,2405.5,20.8700008392334,0.1624,0.1033
sim_2019-02-09_2026-05-21_29c06ed80e5a,2021-09-23,short_straddle,SPY,short_straddle_SPY_000046,0.0,-21.280029,-21.280029,6029.825554,7968.10022,7968.10022,18.6299991607666,,
sim_2019-02-09_2026-05-21_29c06ed80e5a,2021-09-23,put_credit_spread,SPY,put_credit_spread_SPY_000047,0.0,0.0,0.0,6029.825554,2405.5,2405.5,18.6299991607666,,
sim_2019-02-09_2026-05-21_29c06ed80e5a,2021-09-24,short_straddle,SPY,short_straddle_SPY_000046,0.0,-2.920044,-2.920044,6026.90551,7968.10022,7968.10022,17.75,0.1327,0.1089
sim_2019-02-09_2026-05-21_29c06ed80e5a,2021-09-24,put_credit_spread,SPY,put_credit_spread_SPY_000047,0.0,0.0,0.0,6026.90551,2405.5,2405.5,17.75,0.1327,0.1089
sim_2019-02-09_2026-05-21_29c06ed80e5a,2021-09-27,short_straddle,SPY,short_straddle_SPY_000046,138.033466,4.194676,142.228142,6169.133651,7968.10022,7968.10022,18.76000022888184,0.1411,0.1091
sim_2019-02-09_2026-05-21_29c06ed80e5a,2021-09-27,put_credit_spread,SPY,put_credit_spread_SPY_000047,0.0,0.0,0.0,6169.133651,2405.5,2405.5,18.76000022888184,0.1411,0.1091
sim_2019-02-09_2026-05-21_29c06ed80e5a,2021-09-27,short_straddle,SPY,short_straddle_SPY_000048,-2.665,0.0,-2.665,6166.468651,7522.800293,7522.800293,18.76000022888184,0.1411,0.1091
sim_2019-02-09_2026-05-21_29c06ed80e5a,2021-09-28,short_straddle,SPY,short_straddle_SPY_000048,0.0,-0.21686,-0.21686,6166.251791,7522.800293,7522.800293,23.25,,
sim_2019-02-09_2026-05-21_29c06ed80e5a,2021-09-28,put_credit_spread,SPY,put_credit_spread_SPY_000047,0.0,0.0,0.0,6166.251791,2405.5,2405.5,23.25,,
sim_2019-02-09_2026-05-21_29c06ed80e5a,2021-09-29,short_straddle,SPY,short_straddle_SPY_000048,0.0,-0.730011,-0.730011,6165.52178,7522.800293,7522.800293,22.559999465942383,0.1844,0.1224
sim_2019-02-09_2026-05-21_29c06ed80e5a,2021-09-29,put_credit_spread,SPY,put_credit_spread_SPY_000047,0.0,0.0,0.0,6165.52178,2405.5,2405.5,22.559999465942383,0.1844,0.1224
sim_2019-02-09_2026-05-21_29c06ed80e5a,2021-09-30,short_straddle,SPY,short_straddle_SPY_000048,0.0,5.309998,5.309998,6170.831778,7522.800293,7522.800293,23.13999938964844,,
sim_2019-02-09_2026-05-21_29c06ed80e5a,2021-09-30,put_credit_spread,SPY,put_credit_spread_SPY_000047,0.0,0.0,0.0,6170.831778,2405.5,2405.5,23.13999938964844,,
sim_2019-02-09_2026-05-21_29c06ed80e5a,2021-10-01,short_straddle,SPY,short_straddle_SPY_000048,0.0,-5.099976,-5.099976,6165.731802,7522.800293,7522.800293,21.100000381469727,0.1728,0.1285
sim_2019-02-09_2026-05-21_29c06ed80e5a,2021-10-01,put_credit_spread,SPY,put_credit_spread_SPY_000047,0.0,0.0,0.0,6165.731802,2405.5,2405.5,21.100000381469727,0.1728,0.1285
sim_2019-02-09_2026-05-21_29c06ed80e5a,2021-10-04,short_straddle,SPY,short_straddle_SPY_000048,0.0,5.599976,5.599976,6171.331778,7522.800293,7522.800293,22.959999084472656,0.1955,0.131
sim_2019-02-09_2026-05-21_29c06ed80e5a,2021-10-04,put_credit_spread,SPY,put_credit_spread_SPY_000047,0.0,0.0,0.0,6171.331778,2405.5,2405.5,22.959999084472656,0.1955,0.131
sim_2019-02-09_2026-05-21_29c06ed80e5a,2021-10-05,short_straddle,SPY,short_straddle_SPY_000048,0.0,-4.459991,-4.459991,6166.871786,7522.800293,7522.800293,21.299999237060547,,
sim_2019-02-09_2026-05-21_29c06ed80e5a,2021-10-05,put_credit_spread,SPY,put_credit_spread_SPY_000047,0.0,0.0,0.0,6166.871786,2405.5,2405.5,21.299999237060547,,
sim_2019-02-09_2026-05-21_29c06ed80e5a,2021-10-06,short_straddle,SPY,short_straddle_SPY_000048,0.0,-1.799988,-1.799988,6165.071799,7522.800293,7522.800293,21.0,0.179,0.1327
sim_2019-02-09_2026-05-21_29c06ed80e5a,2021-10-06,put_credit_spread,SPY,put_credit_spread_SPY_000047,0.0,0.0,0.0,6165.071799,2405.5,2405.5,21.0,0.179,0.1327
sim_2019-02-09_2026-05-21_29c06ed80e5a,2021-10-07,short_straddle,SPY,short_straddle_SPY_000048,0.0,-3.76001,-3.76001,6161.311789,7522.800293,7522.800293,19.540000915527344,,
sim_2019-02-09_2026-05-21_29c06ed80e5a,2021-10-07,put_credit_spread,SPY,put_credit_spread_SPY_000047,0.0,0.0,0.0,6161.311789,2405.5,2405.5,19.540000915527344,,
sim_2019-02-09_2026-05-21_29c06ed80e5a,2021-10-08,short_straddle,SPY,short_straddle_SPY_000048,0.0,0.800018,0.800018,6162.111807,7522.800293,7522.800293,18.770000457763672,0.1554,0.1345
sim_2019-02-09_2026-05-21_29c06ed80e5a,2021-10-08,put_credit_spread,SPY,put_credit_spread_SPY_000047,0.0,0.0,0.0,6162.111807,2405.5,2405.5,18.770000457763672,0.1554,0.1345
sim_2019-02-09_2026-05-21_29c06ed80e5a,2021-10-11,short_straddle,SPY,short_straddle_SPY_000048,193.5,-8.783992,184.716008,6346.827815,7522.800293,7522.800293,20.0,0.1689,0.1327
sim_2019-02-09_2026-05-21_29c06ed80e5a,2021-10-11,put_credit_spread,SPY,put_credit_spread_SPY_000047,-2.14725,0.0,-2.14725,6344.680565,2405.5,2405.5,20.0,0.1689,0.1327
sim_2019-02-09_2026-05-21_29c06ed80e5a,2021-10-11,put_credit_spread,SPY,put_credit_spread_SPY_000049,-2.19225,0.0,-2.19225,6342.488315,2215.5,2215.5,20.0,0.1689,0.1327
sim_2019-02-09_2026-05-21_29c06ed80e5a,2021-10-12,short_straddle,SPY,short_straddle_SPY_000048,0.0,47.99586,47.99586,6390.484175,7522.800293,7522.800293,19.850000381469727,,
sim_2019-02-09_2026-05-21_29c06ed80e5a,2021-10-12,put_credit_spread,SPY,put_credit_spread_SPY_000049,0.0,0.0,0.0,6390.484175,2215.5,2215.5,19.850000381469727,,
sim_2019-02-09_2026-05-21_29c06ed80e5a,2021-10-13,short_straddle,SPY,short_straddle_SPY_000048,0.0,-1.559998,-1.559998,6388.924178,7522.800293,7522.800293,18.63999938964844,0.1566,0.1325
sim_2019-02-09_2026-05-21_29c06ed80e5a,2021-10-13,put_credit_spread,SPY,put_credit_spread_SPY_000049,0.0,0.0,0.0,6388.924178,2215.5,2215.5,18.63999938964844,0.1566,0.1325
sim_2019-02-09_2026-05-21_29c06ed80e5a,2021-10-14,short_straddle,SPY,short_straddle_SPY_000048,0.0,-7.320007,-7.320007,6381.60417,7522.800293,7522.800293,16.860000610351562,,
sim_2019-02-09_2026-05-21_29c06ed80e5a,2021-10-14,put_credit_spread,SPY,put_credit_spread_SPY_000049,0.0,0.0,0.0,6381.60417,2215.5,2215.5,16.860000610351562,,
sim_2019-02-09_2026-05-21_29c06ed80e5a,2021-10-15,short_straddle,SPY,short_straddle_SPY_000048,0.0,-3.369995,-3.369995,6378.234175,7522.800293,7522.800293,16.299999237060547,0.1232,0.1439
sim_2019-02-09_2026-05-21_29c06ed80e5a,2021-10-15,put_credit_spread,SPY,put_credit_spread_SPY_000049,0.0,0.0,0.0,6378.234175,2215.5,2215.5,16.299999237060547,0.1232,0.1439
sim_2019-02-09_2026-05-21_29c06ed80e5a,2021-10-18,short_straddle,SPY,short_straddle_SPY_000048,0.0,-1.320007,-1.320007,6376.914168,7522.800293,7522.800293,16.309999465942383,0.1238,0.1443
sim_2019-02-09_2026-05-21_29c06ed80e5a,2021-10-18,put_credit_spread,SPY,put_credit_spread_SPY_000049,0.0,0.0,0.0,6376.914168,2215.5,2215.5,16.309999465942383,0.1238,0.1443
sim_2019-02-09_2026-05-21_29c06ed80e5a,2021-10-19,short_straddle,SPY,short_straddle_SPY_000048,0.0,-3.450012,-3.450012,6373.464156,7522.800293,7522.800293,15.699999809265137,,
sim_2019-02-09_2026-05-21_29c06ed80e5a,2021-10-19,put_credit_spread,SPY,put_credit_spread_SPY_000049,0.0,0.0,0.0,6373.464156,2215.5,2215.5,15.699999809265137,,
sim_2019-02-09_2026-05-21_29c06ed80e5a,2021-10-20,short_straddle,SPY,short_straddle_SPY_000048,0.0,-1.769989,-1.769989,6371.694167,7522.800293,7522.800293,15.489999771118164,0.1194,0.1462
sim_2019-02-09_2026-05-21_29c06ed80e5a,2021-10-20,put_credit_spread,SPY,put_credit_spread_SPY_000049,0.0,0.0,0.0,6371.694167,2215.5,2215.5,15.489999771118164,0.1194,0.1462
sim_2019-02-09_2026-05-21_29c06ed80e5a,2021-10-21,short_straddle,SPY,short_straddle_SPY_000048,0.0,-1.179993,-1.179993,6370.514174,7522.800293,7522.800293,15.010000228881836,,
sim_2019-02-09_2026-05-21_29c06ed80e5a,2021-10-21,put_credit_spread,SPY,put_credit_spread_SPY_000049,0.0,0.0,0.0,6370.514174,2215.5,2215.5,15.010000228881836,,
sim_2019-02-09_2026-05-21_29c06ed80e5a,2021-10-22,short_straddle,SPY,short_straddle_SPY_000048,0.0,0.470001,0.470001,6370.984175,7522.800293,7522.800293,15.43000030517578,0.1196,0.1437
sim_2019-02-09_2026-05-21_29c06ed80e5a,2021-10-22,put_credit_spread,SPY,put_credit_spread_SPY_000049,0.0,0.0,0.0,6370.984175,2215.5,2215.5,15.43000030517578,0.1196,0.1437
sim_2019-02-09_2026-05-21_29c06ed80e5a,2021-10-25,short_straddle,SPY,short_straddle_SPY_000048,-121.126279,-2.657768,-123.784046,6247.200129,7522.800293,7522.800293,15.239999771118164,0.1187,0.1443
sim_2019-02-09_2026-05-21_29c06ed80e5a,2021-10-25,put_credit_spread,SPY,put_credit_spread_SPY_000049,0.0,0.0,0.0,6247.200129,2215.5,2215.5,15.239999771118164,0.1187,0.1443
sim_2019-02-09_2026-05-21_29c06ed80e5a,2021-10-25,short_straddle,SPY,short_straddle_SPY_000050,-2.5755,0.0,-2.5755,6244.624629,7959.999756,7959.999756,15.239999771118164,0.1187,0.1443
sim_2019-02-09_2026-05-21_29c06ed80e5a,2021-10-26,short_straddle,SPY,short_straddle_SPY_000050,0.0,-0.45596,-0.45596,6244.168669,7959.999756,7959.999756,15.979999542236328,,
sim_2019-02-09_2026-05-21_29c06ed80e5a,2021-10-26,put_credit_spread,SPY,put_credit_spread_SPY_000049,0.0,0.0,0.0,6244.168669,2215.5,2215.5,15.979999542236328,,
sim_2019-02-09_2026-05-21_29c06ed80e5a,2021-10-27,short_straddle,SPY,short_straddle_SPY_000050,0.0,4.039978,4.039978,6248.208647,7959.999756,7959.999756,16.979999542236328,0.13,0.1443
sim_2019-02-09_2026-05-21_29c06ed80e5a,2021-10-27,put_credit_spread,SPY,put_credit_spread_SPY_000049,0.0,0.0,0.0,6248.208647,2215.5,2215.5,16.979999542236328,0.13,0.1443
sim_2019-02-09_2026-05-21_29c06ed80e5a,2021-10-28,short_straddle,SPY,short_straddle_SPY_000050,0.0,-8.76001,-8.76001,6239.448637,7959.999756,7959.999756,16.530000686645508,,
sim_2019-02-09_2026-05-21_29c06ed80e5a,2021-10-28,put_credit_spread,SPY,put_credit_spread_SPY_000049,0.0,0.0,0.0,6239.448637,2215.5,2215.5,16.530000686645508,,
sim_2019-02-09_2026-05-21_29c06ed80e5a,2021-10-29,short_straddle,SPY,short_straddle_SPY_000050,0.0,-1.859985,-1.859985,6237.588652,7959.999756,7959.999756,16.260000228881836,0.1195,0.1384
sim_2019-02-09_2026-05-21_29c06ed80e5a,2021-10-29,put_credit_spread,SPY,put_credit_spread_SPY_000049,0.0,0.0,0.0,6237.588652,2215.5,2215.5,16.260000228881836,0.1195,0.1384
sim_2019-02-09_2026-05-21_29c06ed80e5a,2021-11-01,short_straddle,SPY,short_straddle_SPY_000050,0.0,-1.580017,-1.580017,6236.008635,7959.999756,7959.999756,16.40999984741211,0.1252,0.1273
sim_2019-02-09_2026-05-21_29c06ed80e5a,2021-11-01,put_credit_spread,SPY,put_credit_spread_SPY_000049,0.0,0.0,0.0,6236.008635,2215.5,2215.5,16.40999984741211,0.1252,0.1273
sim_2019-02-09_2026-05-21_29c06ed80e5a,2021-11-02,short_straddle,SPY,short_straddle_SPY_000050,0.0,-3.719971,-3.719971,6232.288664,7959.999756,7959.999756,16.030000686645508,,
sim_2019-02-09_2026-05-21_29c06ed80e5a,2021-11-02,put_credit_spread,SPY,put_credit_spread_SPY_000049,0.0,0.0,0.0,6232.288664,2215.5,2215.5,16.030000686645508,,
sim_2019-02-09_2026-05-21_29c06ed80e5a,2021-11-03,short_straddle,SPY,short_straddle_SPY_000050,0.0,-5.640015,-5.640015,6226.648649,7959.999756,7959.999756,15.100000381469728,0.1158,0.1257
sim_2019-02-09_2026-05-21_29c06ed80e5a,2021-11-03,put_credit_spread,SPY,put_credit_spread_SPY_000049,0.0,0.0,0.0,6226.648649,2215.5,2215.5,15.100000381469728,0.1158,0.1257
sim_2019-02-09_2026-05-21_29c06ed80e5a,2021-11-04,short_straddle,SPY,short_straddle_SPY_000050,0.0,-4.380005,-4.380005,6222.268645,7959.999756,7959.999756,15.4399995803833,,
sim_2019-02-09_2026-05-21_29c06ed80e5a,2021-11-04,put_credit_spread,SPY,put_credit_spread_SPY_000049,0.0,0.0,0.0,6222.268645,2215.5,2215.5,15.4399995803833,,
sim_2019-02-09_2026-05-21_29c06ed80e5a,2021-11-05,short_straddle,SPY,short_straddle_SPY_000050,0.0,-3.23999,-3.23999,6219.028654,7959.999756,7959.999756,16.479999542236328,0.1193,0.1224
sim_2019-02-09_2026-05-21_29c06ed80e5a,2021-11-05,put_credit_spread,SPY,put_credit_spread_SPY_000049,0.0,0.0,0.0,6219.028654,2215.5,2215.5,16.479999542236328,0.1193,0.1224
sim_2019-02-09_2026-05-21_29c06ed80e5a,2021-11-08,short_straddle,SPY,short_straddle_SPY_000050,0.0,-0.799988,-0.799988,6218.228666,7959.999756,7959.999756,17.219999313354492,0.1242,0.1216
sim_2019-02-09_2026-05-21_29c06ed80e5a,2021-11-08,put_credit_spread,SPY,put_credit_spread_SPY_000049,382.5,0.0,382.5,6600.728666,2215.5,2215.5,17.219999313354492,0.1242,0.1216
sim_2019-02-09_2026-05-21_29c06ed80e5a,2021-11-08,put_credit_spread,SPY,put_credit_spread_SPY_000051,-2.13125,0.0,-2.13125,6598.597416,2537.5,2537.5,17.219999313354492,0.1242,0.1216
sim_2019-02-09_2026-05-21_29c06ed80e5a,2021-11-09,short_straddle,SPY,short_straddle_SPY_000050,0.0,3.099976,3.099976,6601.697392,7959.999756,7959.999756,17.780000686645508,,
sim_2019-02-09_2026-05-21_29c06ed80e5a,2021-11-09,put_credit_spread,SPY,put_credit_spread_SPY_000051,0.0,0.0,0.0,6601.697392,2537.5,2537.5,17.780000686645508,,
sim_2019-02-09_2026-05-21_29c06ed80e5a,2021-11-10,short_straddle,SPY,short_straddle_SPY_000050,0.0,7.52002,7.52002,6609.217412,7959.999756,7959.999756,18.729999542236328,0.1433,0.1076
sim_2019-02-09_2026-05-21_29c06ed80e5a,2021-11-10,put_credit_spread,SPY,put_credit_spread_SPY_000051,0.0,0.0,0.0,6609.217412,2537.5,2537.5,18.729999542236328,0.1433,0.1076
sim_2019-02-09_2026-05-21_29c06ed80e5a,2021-11-11,short_straddle,SPY,short_straddle_SPY_000050,0.0,-0.299988,-0.299988,6608.917424,7959.999756,7959.999756,17.65999984741211,,
sim_2019-02-09_2026-05-21_29c06ed80e5a,2021-11-11,put_credit_spread,SPY,put_credit_spread_SPY_000051,0.0,0.0,0.0,6608.917424,2537.5,2537.5,17.65999984741211,,
sim_2019-02-09_2026-05-21_29c06ed80e5a,2021-11-12,short_straddle,SPY,short_straddle_SPY_000050,0.0,-7.0,-7.0,6601.917424,7959.999756,7959.999756,16.290000915527344,0.123,0.0959
sim_2019-02-09_2026-05-21_29c06ed80e5a,2021-11-12,put_credit_spread,SPY,put_credit_spread_SPY_000051,0.0,0.0,0.0,6601.917424,2537.5,2537.5,16.290000915527344,0.123,0.0959
sim_2019-02-09_2026-05-21_29c06ed80e5a,2021-11-15,short_straddle,SPY,short_straddle_SPY_000050,0.0,-0.320007,-0.320007,6601.597416,7959.999756,7959.999756,16.489999771118164,0.1275,0.0844
sim_2019-02-09_2026-05-21_29c06ed80e5a,2021-11-15,put_credit_spread,SPY,put_credit_spread_SPY_000051,0.0,0.0,0.0,6601.597416,2537.5,2537.5,16.489999771118164,0.1275,0.0844
sim_2019-02-09_2026-05-21_29c06ed80e5a,2021-11-16,short_straddle,SPY,short_straddle_SPY_000050,0.0,-3.700012,-3.700012,6597.897404,7959.999756,7959.999756,16.3700008392334,,
sim_2019-02-09_2026-05-21_29c06ed80e5a,2021-11-16,put_credit_spread,SPY,put_credit_spread_SPY_000051,0.0,0.0,0.0,6597.897404,2537.5,2537.5,16.3700008392334,,
sim_2019-02-09_2026-05-21_29c06ed80e5a,2021-11-17,short_straddle,SPY,short_straddle_SPY_000050,0.0,2.279968,2.279968,6600.177373,7959.999756,7959.999756,17.110000610351562,0.1354,0.0827
sim_2019-02-09_2026-05-21_29c06ed80e5a,2021-11-17,put_credit_spread,SPY,put_credit_spread_SPY_000051,0.0,0.0,0.0,6600.177373,2537.5,2537.5,17.110000610351562,0.1354,0.0827
sim_2019-02-09_2026-05-21_29c06ed80e5a,2021-11-18,short_straddle,SPY,short_straddle_SPY_000050,0.0,-3.179993,-3.179993,6596.99738,7959.999756,7959.999756,17.59000015258789,,
sim_2019-02-09_2026-05-21_29c06ed80e5a,2021-11-18,put_credit_spread,SPY,put_credit_spread_SPY_000051,0.0,0.0,0.0,6596.99738,2537.5,2537.5,17.59000015258789,,
sim_2019-02-09_2026-05-21_29c06ed80e5a,2021-11-19,short_straddle,SPY,short_straddle_SPY_000050,0.0,1.679993,1.679993,6598.677373,7959.999756,7959.999756,17.90999984741211,0.1355,0.0806
sim_2019-02-09_2026-05-21_29c06ed80e5a,2021-11-19,put_credit_spread,SPY,put_credit_spread_SPY_000051,0.0,0.0,0.0,6598.677373,2537.5,2537.5,17.90999984741211,0.1355,0.0806
sim_2019-02-09_2026-05-21_29c06ed80e5a,2021-11-22,short_straddle,SPY,short_straddle_SPY_000050,-8.579233,2.172445,-6.406788,6592.270584,7959.999756,7959.999756,19.170000076293945,0.1457,0.077
sim_2019-02-09_2026-05-21_29c06ed80e5a,2021-11-22,put_credit_spread,SPY,put_credit_spread_SPY_000051,0.0,0.0,0.0,6592.270584,2537.5,2537.5,19.170000076293945,0.1457,0.077
sim_2019-02-09_2026-05-21_29c06ed80e5a,2021-11-22,short_straddle,SPY,short_straddle_SPY_000052,-2.73825,0.0,-2.73825,6589.532334,7874.900146,7874.900146,19.170000076293945,0.1457,0.077
sim_2019-02-09_2026-05-21_29c06ed80e5a,2021-11-23,short_straddle,SPY,short_straddle_SPY_000052,0.0,-14.747985,-14.747985,6574.784349,7874.900146,7874.900146,19.3799991607666,,
sim_2019-02-09_2026-05-21_29c06ed80e5a,2021-11-23,put_credit_spread,SPY,put_credit_spread_SPY_000051,0.0,0.0,0.0,6574.784349,2537.5,2537.5,19.3799991607666,,
sim_2019-02-09_2026-05-21_29c06ed80e5a,2021-11-24,short_straddle,SPY,short_straddle_SPY_000052,0.0,-78.75,-78.75,6496.034349,7874.900146,7874.900146,18.57999992370605,0.1382,0.0756
sim_2019-02-09_2026-05-21_29c06ed80e5a,2021-11-24,put_credit_spread,SPY,put_credit_spread_SPY_000051,0.0,0.0,0.0,6496.034349,2537.5,2537.5,18.57999992370605,0.1382,0.0756
sim_2019-02-09_2026-05-21_29c06ed80e5a,2021-11-26,short_straddle,SPY,short_straddle_SPY_000052,0.0,659.610077,659.610077,7155.644426,7874.900146,7874.900146,28.6200008392334,0.2222,0.0949
sim_2019-02-09_2026-05-21_29c06ed80e5a,2021-11-26,put_credit_spread,SPY,put_credit_spread_SPY_000051,0.0,0.0,0.0,7155.644426,2537.5,2537.5,28.6200008392334,0.2222,0.0949
sim_2019-02-09_2026-05-21_29c06ed80e5a,2021-11-29,short_straddle,SPY,short_straddle_SPY_000052,0.0,-354.690308,-354.690308,6800.954119,7874.900146,7874.900146,22.959999084472656,0.1691,0.0984
sim_2019-02-09_2026-05-21_29c06ed80e5a,2021-11-29,put_credit_spread,SPY,put_credit_spread_SPY_000051,0.0,0.0,0.0,6800.954119,2537.5,2537.5,22.959999084472656,0.1691,0.0984
sim_2019-02-09_2026-05-21_29c06ed80e5a,2021-11-30,short_straddle,SPY,short_straddle_SPY_000052,0.0,569.520538,569.520538,7370.474657,7874.900146,7874.900146,27.190000534057617,,
sim_2019-02-09_2026-05-21_29c06ed80e5a,2021-11-30,put_credit_spread,SPY,put_credit_spread_SPY_000051,0.0,0.0,0.0,7370.474657,2537.5,2537.5,27.190000534057617,,
sim_2019-02-09_2026-05-21_29c06ed80e5a,2021-12-01,short_straddle,SPY,short_straddle_SPY_000052,0.0,318.779846,318.779846,7689.254503,7874.900146,7874.900146,31.1200008392334,0.2358,0.1184
sim_2019-02-09_2026-05-21_29c06ed80e5a,2021-12-01,put_credit_spread,SPY,put_credit_spread_SPY_000051,0.0,0.0,0.0,7689.254503,2537.5,2537.5,31.1200008392334,0.2358,0.1184
sim_2019-02-09_2026-05-21_29c06ed80e5a,2021-12-02,short_straddle,SPY,short_straddle_SPY_000052,0.0,-434.699615,-434.699615,7254.554888,7874.900146,7874.900146,27.950000762939453,,
sim_2019-02-09_2026-05-21_29c06ed80e5a,2021-12-02,put_credit_spread,SPY,put_credit_spread_SPY_000051,0.0,0.0,0.0,7254.554888,2537.5,2537.5,27.950000762939453,,
sim_2019-02-09_2026-05-21_29c06ed80e5a,2021-12-03,short_straddle,SPY,short_straddle_SPY_000052,0.0,250.73877,250.73877,7505.293657,7874.900146,7874.900146,30.670000076293945,0.2259,0.1285
sim_2019-02-09_2026-05-21_29c06ed80e5a,2021-12-03,put_credit_spread,SPY,put_credit_spread_SPY_000051,0.0,0.0,0.0,7505.293657,2537.5,2537.5,30.670000076293945,0.2259,0.1285
sim_2019-02-09_2026-05-21_29c06ed80e5a,2021-12-06,short_straddle,SPY,short_straddle_SPY_000052,0.0,-338.309692,-338.309692,7166.983965,7874.900146,7874.900146,27.18000030517578,,
sim_2019-02-09_2026-05-21_29c06ed80e5a,2021-12-06,put_credit_spread,SPY,put_credit_spread_SPY_000051,139.440355,0.0,139.440355,7306.42432,2537.5,2537.5,27.18000030517578,,
sim_2019-02-09_2026-05-21_29c06ed80e5a,2021-12-07,short_straddle,SPY,short_straddle_SPY_000052,0.0,-597.869385,-597.869385,6708.554935,7874.900146,7874.900146,21.88999938964844,,
sim_2019-02-09_2026-05-21_29c06ed80e5a,2021-12-08,short_straddle,SPY,short_straddle_SPY_000052,0.0,-78.119385,-78.119385,6630.43555,7874.900146,7874.900146,19.89999961853028,0.1485,0.1446
sim_2019-02-09_2026-05-21_29c06ed80e5a,2021-12-08,put_credit_spread,SPY,put_credit_spread_SPY_000053,-2.1805,0.0,-2.1805,6628.25505,2439.0,2439.0,19.89999961853028,0.1485,0.1446
sim_2019-02-09_2026-05-21_29c06ed80e5a,2021-12-09,short_straddle,SPY,short_straddle_SPY_000052,0.0,199.708923,199.708923,6827.963974,7874.900146,7874.900146,21.57999992370605,,
sim_2019-02-09_2026-05-21_29c06ed80e5a,2021-12-09,put_credit_spread,SPY,put_credit_spread_SPY_000053,0.0,0.0,0.0,6827.963974,2439.0,2439.0,21.57999992370605,,
sim_2019-02-09_2026-05-21_29c06ed80e5a,2021-12-10,short_straddle,SPY,short_straddle_SPY_000052,0.0,-276.569,-276.569,6551.394973,7874.900146,7874.900146,18.690000534057617,0.135,0.1454
sim_2019-02-09_2026-05-21_29c06ed80e5a,2021-12-10,put_credit_spread,SPY,put_credit_spread_SPY_000053,0.0,0.0,0.0,6551.394973,2439.0,2439.0,18.690000534057617,0.135,0.1454
sim_2019-02-09_2026-05-21_29c06ed80e5a,2021-12-13,short_straddle,SPY,short_straddle_SPY_000052,0.0,262.708923,262.708923,6814.103897,7874.900146,7874.900146,20.309999465942383,0.1574,0.148
sim_2019-02-09_2026-05-21_29c06ed80e5a,2021-12-13,put_credit_spread,SPY,put_credit_spread_SPY_000053,0.0,0.0,0.0,6814.103897,2439.0,2439.0,20.309999465942383,0.1574,0.148
sim_2019-02-09_2026-05-21_29c06ed80e5a,2021-12-14,short_straddle,SPY,short_straddle_SPY_000052,0.0,202.231384,202.231384,7016.335281,7874.900146,7874.900146,21.88999938964844,,
sim_2019-02-09_2026-05-21_29c06ed80e5a,2021-12-14,put_credit_spread,SPY,put_credit_spread_SPY_000053,0.0,0.0,0.0,7016.335281,2439.0,2439.0,21.88999938964844,,
sim_2019-02-09_2026-05-21_29c06ed80e5a,2021-12-15,short_straddle,SPY,short_straddle_SPY_000052,0.0,-456.121307,-456.121307,6560.213974,7874.900146,7874.900146,19.290000915527344,0.1487,0.1556
sim_2019-02-09_2026-05-21_29c06ed80e5a,2021-12-15,put_credit_spread,SPY,put_credit_spread_SPY_000053,0.0,0.0,0.0,6560.213974,2439.0,2439.0,19.290000915527344,0.1487,0.1556
sim_2019-02-09_2026-05-21_29c06ed80e5a,2021-12-16,short_straddle,SPY,short_straddle_SPY_000052,0.0,261.449615,261.449615,6821.663589,7874.900146,7874.900146,20.56999969482422,,
sim_2019-02-09_2026-05-21_29c06ed80e5a,2021-12-16,put_credit_spread,SPY,put_credit_spread_SPY_000053,0.0,0.0,0.0,6821.663589,2439.0,2439.0,20.56999969482422,,
sim_2019-02-09_2026-05-21_29c06ed80e5a,2021-12-17,short_straddle,SPY,short_straddle_SPY_000052,0.0,414.541077,414.541077,7236.204666,7874.900146,7874.900146,21.56999969482422,0.1751,0.1618
sim_2019-02-09_2026-05-21_29c06ed80e5a,2021-12-17,put_credit_spread,SPY,put_credit_spread_SPY_000053,0.0,0.0,0.0,7236.204666,2439.0,2439.0,21.56999969482422,0.1751,0.1618
sim_2019-02-09_2026-05-21_29c06ed80e5a,2021-12-20,short_straddle,SPY,short_straddle_SPY_000052,171.850099,293.73713,465.587229,7701.791895,7874.900146,7874.900146,22.8700008392334,0.196,0.164
sim_2019-02-09_2026-05-21_29c06ed80e5a,2021-12-20,put_credit_spread,SPY,put_credit_spread_SPY_000053,0.0,0.0,0.0,7701.791895,2439.0,2439.0,22.8700008392334,0.196,0.164
sim_2019-02-09_2026-05-21_29c06ed80e5a,2021-12-20,short_straddle,SPY,short_straddle_SPY_000054,-2.9905,0.0,-2.9905,7698.801395,7118.60022,7118.60022,22.8700008392334,0.196,0.164
sim_2019-02-09_2026-05-21_29c06ed80e5a,2021-12-21,short_straddle,SPY,short_straddle_SPY_000054,0.0,-1.15765,-1.15765,7697.643745,7118.60022,7118.60022,21.01000022888184,,
sim_2019-02-09_2026-05-21_29c06ed80e5a,2021-12-21,put_credit_spread,SPY,put_credit_spread_SPY_000053,0.0,0.0,0.0,7697.643745,2439.0,2439.0,21.01000022888184,,
sim_2019-02-09_2026-05-21_29c06ed80e5a,2021-12-22,short_straddle,SPY,short_straddle_SPY_000054,0.0,23.150024,23.150024,7720.793769,7118.60022,7118.60022,18.6299991607666,0.148,0.1749
sim_2019-02-09_2026-05-21_29c06ed80e5a,2021-12-22,put_credit_spread,SPY,put_credit_spread_SPY_000053,0.0,0.0,0.0,7720.793769,2439.0,2439.0,18.6299991607666,0.148,0.1749
sim_2019-02-09_2026-05-21_29c06ed80e5a,2021-12-23,short_straddle,SPY,short_straddle_SPY_000054,0.0,14.550018,14.550018,7735.343787,7118.60022,7118.60022,17.959999084472656,,
sim_2019-02-09_2026-05-21_29c06ed80e5a,2021-12-23,put_credit_spread,SPY,put_credit_spread_SPY_000053,0.0,0.0,0.0,7735.343787,2439.0,2439.0,17.959999084472656,,
sim_2019-02-09_2026-05-21_29c06ed80e5a,2021-12-27,short_straddle,SPY,short_straddle_SPY_000054,0.0,33.300018,33.300018,7768.643806,7118.60022,7118.60022,17.68000030517578,0.1306,0.1784
sim_2019-02-09_2026-05-21_29c06ed80e5a,2021-12-27,put_credit_spread,SPY,put_credit_spread_SPY_000053,0.0,0.0,0.0,7768.643806,2439.0,2439.0,17.68000030517578,0.1306,0.1784
sim_2019-02-09_2026-05-21_29c06ed80e5a,2021-12-28,short_straddle,SPY,short_straddle_SPY_000054,0.0,-1.950073,-1.950073,7766.693733,7118.60022,7118.60022,17.540000915527344,,
sim_2019-02-09_2026-05-21_29c06ed80e5a,2021-12-28,put_credit_spread,SPY,put_credit_spread_SPY_000053,0.0,0.0,0.0,7766.693733,2439.0,2439.0,17.540000915527344,,
sim_2019-02-09_2026-05-21_29c06ed80e5a,2021-12-29,short_straddle,SPY,short_straddle_SPY_000054,0.0,3.050079,3.050079,7769.743812,7118.60022,7118.60022,16.950000762939453,0.1258,0.1774
sim_2019-02-09_2026-05-21_29c06ed80e5a,2021-12-29,put_credit_spread,SPY,put_credit_spread_SPY_000053,0.0,0.0,0.0,7769.743812,2439.0,2439.0,16.950000762939453,0.1258,0.1774
sim_2019-02-09_2026-05-21_29c06ed80e5a,2021-12-30,short_straddle,SPY,short_straddle_SPY_000054,0.0,-6.600037,-6.600037,7763.143775,7118.60022,7118.60022,17.329999923706055,,
sim_2019-02-09_2026-05-21_29c06ed80e5a,2021-12-30,put_credit_spread,SPY,put_credit_spread_SPY_000053,0.0,0.0,0.0,7763.143775,2439.0,2439.0,17.329999923706055,,
sim_2019-02-09_2026-05-21_29c06ed80e5a,2021-12-31,short_straddle,SPY,short_straddle_SPY_000054,0.0,-6.000061,-6.000061,7757.143714,7118.60022,7118.60022,17.219999313354492,0.125,0.1774
sim_2019-02-09_2026-05-21_29c06ed80e5a,2021-12-31,put_credit_spread,SPY,put_credit_spread_SPY_000053,0.0,0.0,0.0,7757.143714,2439.0,2439.0,17.219999313354492,0.125,0.1774
sim_2019-02-09_2026-05-21_29c06ed80e5a,2022-01-03,short_straddle,SPY,short_straddle_SPY_000054,0.0,13.75,13.75,7770.893714,7118.60022,7118.60022,16.600000381469727,0.1242,0.1779
sim_2019-02-09_2026-05-21_29c06ed80e5a,2022-01-03,put_credit_spread,SPY,put_credit_spread_SPY_000053,0.0,0.0,0.0,7770.893714,2439.0,2439.0,16.600000381469727,0.1242,0.1779
sim_2019-02-09_2026-05-21_29c06ed80e5a,2022-01-04,short_straddle,SPY,short_straddle_SPY_000054,0.0,-0.800018,-0.800018,7770.093696,7118.60022,7118.60022,16.90999984741211,,
sim_2019-02-09_2026-05-21_29c06ed80e5a,2022-01-04,put_credit_spread,SPY,put_credit_spread_SPY_000053,0.0,0.0,0.0,7770.093696,2439.0,2439.0,16.90999984741211,,
sim_2019-02-09_2026-05-21_29c06ed80e5a,2022-01-05,short_straddle,SPY,short_straddle_SPY_000054,0.0,-45.849915,-45.849915,7724.243781,7118.60022,7118.60022,19.729999542236328,0.1579,0.1868
sim_2019-02-09_2026-05-21_29c06ed80e5a,2022-01-05,put_credit_spread,SPY,put_credit_spread_SPY_000053,359.0,0.0,359.0,8083.243781,2439.0,2439.0,19.729999542236328,0.1579,0.1868
sim_2019-02-09_2026-05-21_29c06ed80e5a,2022-01-05,put_credit_spread,SPY,put_credit_spread_SPY_000055,-2.1875,0.0,-2.1875,8081.056281,2625.0,2625.0,19.729999542236328,0.1579,0.1868
sim_2019-02-09_2026-05-21_29c06ed80e5a,2022-01-06,short_straddle,SPY,short_straddle_SPY_000054,0.0,-2.200012,-2.200012,8078.856269,7118.60022,7118.60022,19.61000061035156,,
sim_2019-02-09_2026-05-21_29c06ed80e5a,2022-01-06,put_credit_spread,SPY,put_credit_spread_SPY_000055,0.0,0.0,0.0,8078.856269,2625.0,2625.0,19.61000061035156,,
sim_2019-02-09_2026-05-21_29c06ed80e5a,2022-01-07,short_straddle,SPY,short_straddle_SPY_000054,0.0,-9.250031,-9.250031,8069.606239,7118.60022,7118.60022,18.76000022888184,0.1493,0.1869
sim_2019-02-09_2026-05-21_29c06ed80e5a,2022-01-07,put_credit_spread,SPY,put_credit_spread_SPY_000055,0.0,0.0,0.0,8069.606239,2625.0,2625.0,18.76000022888184,0.1493,0.1869
sim_2019-02-09_2026-05-21_29c06ed80e5a,2022-01-10,short_straddle,SPY,short_straddle_SPY_000054,0.0,-2.899933,-2.899933,8066.706306,7118.60022,7118.60022,19.39999961853028,0.1547,0.1746
sim_2019-02-09_2026-05-21_29c06ed80e5a,2022-01-10,put_credit_spread,SPY,put_credit_spread_SPY_000055,0.0,0.0,0.0,8066.706306,2625.0,2625.0,19.39999961853028,0.1547,0.1746
sim_2019-02-09_2026-05-21_29c06ed80e5a,2022-01-11,short_straddle,SPY,short_straddle_SPY_000054,0.0,21.199951,21.199951,8087.906257,7118.60022,7118.60022,18.40999984741211,,
sim_2019-02-09_2026-05-21_29c06ed80e5a,2022-01-11,put_credit_spread,SPY,put_credit_spread_SPY_000055,0.0,0.0,0.0,8087.906257,2625.0,2625.0,18.40999984741211,,
sim_2019-02-09_2026-05-21_29c06ed80e5a,2022-01-12,short_straddle,SPY,short_straddle_SPY_000054,0.0,6.349945,6.349945,8094.256202,7118.60022,7118.60022,17.6200008392334,0.1425,0.1624
sim_2019-02-09_2026-05-21_29c06ed80e5a,2022-01-12,put_credit_spread,SPY,put_credit_spread_SPY_000055,0.0,0.0,0.0,8094.256202,2625.0,2625.0,17.6200008392334,0.1425,0.1624
sim_2019-02-09_2026-05-21_29c06ed80e5a,2022-01-13,short_straddle,SPY,short_straddle_SPY_000054,0.0,-32.449951,-32.449951,8061.806251,7118.60022,7118.60022,20.309999465942383,,
sim_2019-02-09_2026-05-21_29c06ed80e5a,2022-01-13,put_credit_spread,SPY,put_credit_spread_SPY_000055,0.0,0.0,0.0,8061.806251,2625.0,2625.0,20.309999465942383,,
sim_2019-02-09_2026-05-21_29c06ed80e5a,2022-01-14,short_straddle,SPY,short_straddle_SPY_000054,0.0,0.950012,0.950012,8062.756263,7118.60022,7118.60022,19.190000534057617,0.1583,0.1587
sim_2019-02-09_2026-05-21_29c06ed80e5a,2022-01-14,put_credit_spread,SPY,put_credit_spread_SPY_000055,0.0,0.0,0.0,8062.756263,2625.0,2625.0,19.190000534057617,0.1583,0.1587
sim_2019-02-09_2026-05-21_29c06ed80e5a,2022-01-18,short_straddle,SPY,short_straddle_SPY_000054,1829.926477,-42.29128,1787.635197,9850.39146,7118.60022,7118.60022,22.790000915527344,,
sim_2019-02-09_2026-05-21_29c06ed80e5a,2022-01-18,put_credit_spread,SPY,put_credit_spread_SPY_000055,0.0,0.0,0.0,9850.39146,2625.0,2625.0,22.790000915527344,,
sim_2019-02-09_2026-05-21_29c06ed80e5a,2022-01-19,put_credit_spread,SPY,put_credit_spread_SPY_000055,-615.0,0.0,-615.0,9235.39146,2625.0,2625.0,23.850000381469727,0.2065,0.1645
sim_2019-02-09_2026-05-21_29c06ed80e5a,2022-01-19,short_straddle,SPY,short_straddle_SPY_000056,-3.01875,0.0,-3.01875,9232.37271,6997.5,6997.5,23.850000381469727,0.2065,0.1645
sim_2019-02-09_2026-05-21_29c06ed80e5a,2022-01-20,short_straddle,SPY,short_straddle_SPY_000056,0.0,-0.44675,-0.44675,9231.92596,6997.5,6997.5,25.59000015258789,,
sim_2019-02-09_2026-05-21_29c06ed80e5a,2022-01-20,put_credit_spread,SPY,put_credit_spread_SPY_000055,0.0,0.0,0.0,9231.92596,2625.0,2625.0,25.59000015258789,,
sim_2019-02-09_2026-05-21_29c06ed80e5a,2022-01-21,short_straddle,SPY,short_straddle_SPY_000056,0.0,-17.539978,-17.539978,9214.385982,6997.5,6997.5,28.850000381469727,0.2413,0.1628
sim_2019-02-09_2026-05-21_29c06ed80e5a,2022-01-21,put_credit_spread,SPY,put_credit_spread_SPY_000055,0.0,0.0,0.0,9214.385982,2625.0,2625.0,28.850000381469727,0.2413,0.1628
sim_2019-02-09_2026-05-21_29c06ed80e5a,2022-01-24,short_straddle,SPY,short_straddle_SPY_000056,0.0,3.719971,3.719971,9218.105953,6997.5,6997.5,29.89999961853028,0.2459,0.1633
sim_2019-02-09_2026-05-21_29c06ed80e5a,2022-01-24,put_credit_spread,SPY,put_credit_spread_SPY_000055,0.0,0.0,0.0,9218.105953,2625.0,2625.0,29.89999961853028,0.2459,0.1633
sim_2019-02-09_2026-05-21_29c06ed80e5a,2022-01-25,short_straddle,SPY,short_straddle_SPY_000056,0.0,-10.73999,-10.73999,9207.365963,6997.5,6997.5,31.15999984741211,,
sim_2019-02-09_2026-05-21_29c06ed80e5a,2022-01-25,put_credit_spread,SPY,put_credit_spread_SPY_000055,0.0,0.0,0.0,9207.365963,2625.0,2625.0,31.15999984741211,,
sim_2019-02-09_2026-05-21_29c06ed80e5a,2022-01-26,short_straddle,SPY,short_straddle_SPY_000056,0.0,-2.179993,-2.179993,9205.18597,6997.5,6997.5,31.959999084472656,0.2686,0.1612
sim_2019-02-09_2026-05-21_29c06ed80e5a,2022-01-26,put_credit_spread,SPY,put_credit_spread_SPY_000055,0.0,0.0,0.0,9205.18597,2625.0,2625.0,31.959999084472656,0.2686,0.1612
sim_2019-02-09_2026-05-21_29c06ed80e5a,2022-01-27,short_straddle,SPY,short_straddle_SPY_000056,0.0,-4.280029,-4.280029,9200.905941,6997.5,6997.5,30.489999771118164,,
sim_2019-02-09_2026-05-21_29c06ed80e5a,2022-01-27,put_credit_spread,SPY,put_credit_spread_SPY_000055,0.0,0.0,0.0,9200.905941,2625.0,2625.0,30.489999771118164,,
sim_2019-02-09_2026-05-21_29c06ed80e5a,2022-01-28,short_straddle,SPY,short_straddle_SPY_000056,0.0,21.420044,21.420044,9222.325985,6997.5,6997.5,27.65999984741211,0.2276,0.1714
sim_2019-02-09_2026-05-21_29c06ed80e5a,2022-01-28,put_credit_spread,SPY,put_credit_spread_SPY_000055,0.0,0.0,0.0,9222.325985,2625.0,2625.0,27.65999984741211,0.2276,0.1714
sim_2019-02-09_2026-05-21_29c06ed80e5a,2022-01-31,short_straddle,SPY,short_straddle_SPY_000056,0.0,15.919983,15.919983,9238.245968,6997.5,6997.5,24.82999992370605,0.204,0.1795
sim_2019-02-09_2026-05-21_29c06ed80e5a,2022-01-31,put_credit_spread,SPY,put_credit_spread_SPY_000055,-2.495,0.0,-2.495,9235.750968,2625.0,2625.0,24.82999992370605,0.204,0.1795
sim_2019-02-09_2026-05-21_29c06ed80e5a,2022-01-31,put_credit_spread,SPY,put_credit_spread_SPY_000057,-2.16925,0.0,-2.16925,9233.581718,2361.5,2361.5,24.82999992370605,0.204,0.1795
sim_2019-02-09_2026-05-21_29c06ed80e5a,2022-02-01,short_straddle,SPY,short_straddle_SPY_000056,0.0,6.080017,6.080017,9239.661735,6997.5,6997.5,21.959999084472656,,
sim_2019-02-09_2026-05-21_29c06ed80e5a,2022-02-01,put_credit_spread,SPY,put_credit_spread_SPY_000057,0.0,0.0,0.0,9239.661735,2361.5,2361.5,21.959999084472656,,
sim_2019-02-09_2026-05-21_29c06ed80e5a,2022-02-02,short_straddle,SPY,short_straddle_SPY_000056,0.0,8.799988,8.799988,9248.461722,6997.5,6997.5,22.09000015258789,0.1814,0.1762
sim_2019-02-09_2026-05-21_29c06ed80e5a,2022-02-02,put_credit_spread,SPY,put_credit_spread_SPY_000057,0.0,0.0,0.0,9248.461722,2361.5,2361.5,22.09000015258789,0.1814,0.1762
sim_2019-02-09_2026-05-21_29c06ed80e5a,2022-02-03,short_straddle,SPY,short_straddle_SPY_000056,0.0,-21.5,-21.5,9226.961722,6997.5,6997.5,24.350000381469727,,
sim_2019-02-09_2026-05-21_29c06ed80e5a,2022-02-03,put_credit_spread,SPY,put_credit_spread_SPY_000057,0.0,0.0,0.0,9226.961722,2361.5,2361.5,24.350000381469727,,
sim_2019-02-09_2026-05-21_29c06ed80e5a,2022-02-04,short_straddle,SPY,short_straddle_SPY_000056,0.0,4.200012,4.200012,9231.161735,6997.5,6997.5,23.21999931335449,0.1965,0.1792
sim_2019-02-09_2026-05-21_29c06ed80e5a,2022-02-04,put_credit_spread,SPY,put_credit_spread_SPY_000057,0.0,0.0,0.0,9231.161735,2361.5,2361.5,23.21999931335449,0.1965,0.1792
sim_2019-02-09_2026-05-21_29c06ed80e5a,2022-02-07,short_straddle,SPY,short_straddle_SPY_000056,0.0,-2.880005,-2.880005,9228.28173,6997.5,6997.5,22.86000061035156,0.1949,0.1778
sim_2019-02-09_2026-05-21_29c06ed80e5a,2022-02-07,put_credit_spread,SPY,put_credit_spread_SPY_000057,0.0,0.0,0.0,9228.28173,2361.5,2361.5,22.86000061035156,0.1949,0.1778
sim_2019-02-09_2026-05-21_29c06ed80e5a,2022-02-08,short_straddle,SPY,short_straddle_SPY_000056,0.0,7.359985,7.359985,9235.641715,6997.5,6997.5,21.440000534057617,,
sim_2019-02-09_2026-05-21_29c06ed80e5a,2022-02-08,put_credit_spread,SPY,put_credit_spread_SPY_000057,0.0,0.0,0.0,9235.641715,2361.5,2361.5,21.440000534057617,,
sim_2019-02-09_2026-05-21_29c06ed80e5a,2022-02-09,short_straddle,SPY,short_straddle_SPY_000056,0.0,13.200012,13.200012,9248.841727,6997.5,6997.5,19.959999084472656,0.1654,0.1805
sim_2019-02-09_2026-05-21_29c06ed80e5a,2022-02-09,put_credit_spread,SPY,put_credit_spread_SPY_000057,0.0,0.0,0.0,9248.841727,2361.5,2361.5,19.959999084472656,0.1654,0.1805
sim_2019-02-09_2026-05-21_29c06ed80e5a,2022-02-10,short_straddle,SPY,short_straddle_SPY_000056,0.0,-16.440002,-16.440002,9232.401725,6997.5,6997.5,23.90999984741211,,
sim_2019-02-09_2026-05-21_29c06ed80e5a,2022-02-10,put_credit_spread,SPY,put_credit_spread_SPY_000057,0.0,0.0,0.0,9232.401725,2361.5,2361.5,23.90999984741211,,
sim_2019-02-09_2026-05-21_29c06ed80e5a,2022-02-11,short_straddle,SPY,short_straddle_SPY_000056,0.0,-17.720032,-17.720032,9214.681693,6997.5,6997.5,27.36000061035156,0.2307,0.1937
sim_2019-02-09_2026-05-21_29c06ed80e5a,2022-02-11,put_credit_spread,SPY,put_credit_spread_SPY_000057,0.0,0.0,0.0,9214.681693,2361.5,2361.5,27.36000061035156,0.2307,0.1937
sim_2019-02-09_2026-05-21_29c06ed80e5a,2022-02-14,short_straddle,SPY,short_straddle_SPY_000056,-3.01875,-3.319025,-6.337775,9208.343918,6997.5,6997.5,28.32999992370605,0.2389,0.1937
sim_2019-02-09_2026-05-21_29c06ed80e5a,2022-02-14,put_credit_spread,SPY,put_credit_spread_SPY_000057,0.0,0.0,0.0,9208.343918,2361.5,2361.5,28.32999992370605,0.2389,0.1937
sim_2019-02-09_2026-05-21_29c06ed80e5a,2022-02-14,short_straddle,SPY,short_straddle_SPY_000058,-3.1335,0.0,-3.1335,9205.210418,6513.39978,6513.39978,28.32999992370605,0.2389,0.1937
sim_2019-02-09_2026-05-21_29c06ed80e5a,2022-02-15,short_straddle,SPY,short_straddle_SPY_000058,0.0,-0.66915,-0.66915,9204.541268,6513.39978,6513.39978,25.700000762939453,,
sim_2019-02-09_2026-05-21_29c06ed80e5a,2022-02-15,put_credit_spread,SPY,put_credit_spread_SPY_000057,0.0,0.0,0.0,9204.541268,2361.5,2361.5,25.700000762939453,,
sim_2019-02-09_2026-05-21_29c06ed80e5a,2022-02-16,short_straddle,SPY,short_straddle_SPY_000058,0.0,1.5,1.5,9206.041268,6513.39978,6513.39978,24.290000915527344,0.2061,0.1999
sim_2019-02-09_2026-05-21_29c06ed80e5a,2022-02-16,put_credit_spread,SPY,put_credit_spread_SPY_000057,0.0,0.0,0.0,9206.041268,2361.5,2361.5,24.290000915527344,0.2061,0.1999
sim_2019-02-09_2026-05-21_29c06ed80e5a,2022-02-17,short_straddle,SPY,short_straddle_SPY_000058,0.0,-28.620026,-28.620026,9177.421243,6513.39978,6513.39978,28.11000061035156,,
sim_2019-02-09_2026-05-21_29c06ed80e5a,2022-02-17,put_credit_spread,SPY,put_credit_spread_SPY_000057,0.0,0.0,0.0,9177.421243,2361.5,2361.5,28.11000061035156,,
sim_2019-02-09_2026-05-21_29c06ed80e5a,2022-02-18,short_straddle,SPY,short_straddle_SPY_000058,0.0,-8.48996,-8.48996,9168.931283,6513.39978,6513.39978,27.75,,
sim_2019-02-09_2026-05-21_29c06ed80e5a,2022-02-18,put_credit_spread,SPY,put_credit_spread_SPY_000057,0.0,0.0,0.0,9168.931283,2361.5,2361.5,27.75,,
sim_2019-02-09_2026-05-21_29c06ed80e5a,2022-02-22,short_straddle,SPY,short_straddle_SPY_000058,0.0,-13.980011,-13.980011,9154.951272,6513.39978,6513.39978,28.809999465942383,,
sim_2019-02-09_2026-05-21_29c06ed80e5a,2022-02-22,put_credit_spread,SPY,put_credit_spread_SPY_000057,0.0,0.0,0.0,9154.951272,2361.5,2361.5,28.809999465942383,,
sim_2019-02-09_2026-05-21_29c06ed80e5a,2022-02-23,short_straddle,SPY,short_straddle_SPY_000058,0.0,-22.859985,-22.859985,9132.091287,6513.39978,6513.39978,31.020000457763672,0.2723,0.208
sim_2019-02-09_2026-05-21_29c06ed80e5a,2022-02-23,put_credit_spread,SPY,put_credit_spread_SPY_000057,0.0,0.0,0.0,9132.091287,2361.5,2361.5,31.020000457763672,0.2723,0.208
sim_2019-02-09_2026-05-21_29c06ed80e5a,2022-02-24,short_straddle,SPY,short_straddle_SPY_000058,0.0,19.049927,19.049927,9151.141213,6513.39978,6513.39978,30.31999969482422,,
sim_2019-02-09_2026-05-21_29c06ed80e5a,2022-02-24,put_credit_spread,SPY,put_credit_spread_SPY_000057,0.0,0.0,0.0,9151.141213,2361.5,2361.5,30.31999969482422,,
sim_2019-02-09_2026-05-21_29c06ed80e5a,2022-02-25,short_straddle,SPY,short_straddle_SPY_000058,0.0,28.350037,28.350037,9179.49125,6513.39978,6513.39978,27.59000015258789,0.2304,0.2232
sim_2019-02-09_2026-05-21_29c06ed80e5a,2022-02-25,put_credit_spread,SPY,put_credit_spread_SPY_000057,0.0,0.0,0.0,9179.49125,2361.5,2361.5,27.59000015258789,0.2304,0.2232
sim_2019-02-09_2026-05-21_29c06ed80e5a,2022-02-28,short_straddle,SPY,short_straddle_SPY_000058,0.0,-3.359985,-3.359985,9176.131265,6513.39978,6513.39978,30.14999961853028,0.2473,0.2205
sim_2019-02-09_2026-05-21_29c06ed80e5a,2022-02-28,put_credit_spread,SPY,put_credit_spread_SPY_000057,336.5,0.0,336.5,9512.631265,2361.5,2361.5,30.14999961853028,0.2473,0.2205
sim_2019-02-09_2026-05-21_29c06ed80e5a,2022-02-28,put_credit_spread,SPY,put_credit_spread_SPY_000059,-2.26275,0.0,-2.26275,9510.368515,3274.5,3274.5,30.14999961853028,0.2473,0.2205
sim_2019-02-09_2026-05-21_29c06ed80e5a,2022-03-01,short_straddle,SPY,short_straddle_SPY_000058,0.0,-19.949982,-19.949982,9490.418533,6513.39978,6513.39978,33.31999969482422,,
sim_2019-02-09_2026-05-21_29c06ed80e5a,2022-03-01,put_credit_spread,SPY,put_credit_spread_SPY_000059,0.0,0.0,0.0,9490.418533,3274.5,3274.5,33.31999969482422,,
sim_2019-02-09_2026-05-21_29c06ed80e5a,2022-03-02,short_straddle,SPY,short_straddle_SPY_000058,0.0,23.730011,23.730011,9514.148544,6513.39978,6513.39978,30.739999771118164,0.2561,0.2267
sim_2019-02-09_2026-05-21_29c06ed80e5a,2022-03-02,put_credit_spread,SPY,put_credit_spread_SPY_000059,0.0,0.0,0.0,9514.148544,3274.5,3274.5,30.739999771118164,0.2561,0.2267
sim_2019-02-09_2026-05-21_29c06ed80e5a,2022-03-03,short_straddle,SPY,short_straddle_SPY_000058,0.0,-6.54007,-6.54007,9507.608474,6513.39978,6513.39978,30.479999542236328,,
sim_2019-02-09_2026-05-21_29c06ed80e5a,2022-03-03,put_credit_spread,SPY,put_credit_spread_SPY_000059,0.0,0.0,0.0,9507.608474,3274.5,3274.5,30.479999542236328,,
sim_2019-02-09_2026-05-21_29c06ed80e5a,2022-03-04,short_straddle,SPY,short_straddle_SPY_000058,0.0,-10.619934,-10.619934,9496.98854,6513.39978,6513.39978,31.979999542236328,0.2661,0.2244
sim_2019-02-09_2026-05-21_29c06ed80e5a,2022-03-04,put_credit_spread,SPY,put_credit_spread_SPY_000059,0.0,0.0,0.0,9496.98854,3274.5,3274.5,31.979999542236328,0.2661,0.2244
sim_2019-02-09_2026-05-21_29c06ed80e5a,2022-03-07,short_straddle,SPY,short_straddle_SPY_000058,0.0,-38.220062,-38.220062,9458.768478,6513.39978,6513.39978,36.45000076293945,0.3093,0.2335
sim_2019-02-09_2026-05-21_29c06ed80e5a,2022-03-07,put_credit_spread,SPY,put_credit_spread_SPY_000059,0.0,0.0,0.0,9458.768478,3274.5,3274.5,36.45000076293945,0.3093,0.2335
sim_2019-02-09_2026-05-21_29c06ed80e5a,2022-03-08,short_straddle,SPY,short_straddle_SPY_000058,0.0,-9.539978,-9.539978,9449.2285,6513.39978,6513.39978,35.130001068115234,,
sim_2019-02-09_2026-05-21_29c06ed80e5a,2022-03-08,put_credit_spread,SPY,put_credit_spread_SPY_000059,0.0,0.0,0.0,9449.2285,3274.5,3274.5,35.130001068115234,,
sim_2019-02-09_2026-05-21_29c06ed80e5a,2022-03-09,short_straddle,SPY,short_straddle_SPY_000058,0.0,33.480011,33.480011,9482.708511,6513.39978,6513.39978,32.45000076293945,0.2731,0.2451
sim_2019-02-09_2026-05-21_29c06ed80e5a,2022-03-09,put_credit_spread,SPY,put_credit_spread_SPY_000059,0.0,0.0,0.0,9482.708511,3274.5,3274.5,32.45000076293945,0.2731,0.2451
sim_2019-02-09_2026-05-21_29c06ed80e5a,2022-03-10,short_straddle,SPY,short_straddle_SPY_000058,0.0,-5.789978,-5.789978,9476.918533,6513.39978,6513.39978,30.229999542236328,,
sim_2019-02-09_2026-05-21_29c06ed80e5a,2022-03-10,put_credit_spread,SPY,put_credit_spread_SPY_000059,0.0,0.0,0.0,9476.918533,3274.5,3274.5,30.229999542236328,,
sim_2019-02-09_2026-05-21_29c06ed80e5a,2022-03-11,short_straddle,SPY,short_straddle_SPY_000058,0.0,-16.230011,-16.230011,9460.688522,6513.39978,6513.39978,30.75,0.2615,0.2476
sim_2019-02-09_2026-05-21_29c06ed80e5a,2022-03-11,put_credit_spread,SPY,put_credit_spread_SPY_000059,0.0,0.0,0.0,9460.688522,3274.5,3274.5,30.75,0.2615,0.2476
sim_2019-02-09_2026-05-21_29c06ed80e5a,2022-03-14,short_straddle,SPY,short_straddle_SPY_000058,63.9,-9.835522,54.064478,9514.753,6513.39978,6513.39978,31.770000457763672,0.2758,0.2361
sim_2019-02-09_2026-05-21_29c06ed80e5a,2022-03-14,put_credit_spread,SPY,put_credit_spread_SPY_000059,0.0,0.0,0.0,9514.753,3274.5,3274.5,31.770000457763672,0.2758,0.2361
sim_2019-02-09_2026-05-21_29c06ed80e5a,2022-03-14,short_straddle,SPY,short_straddle_SPY_000060,-3.27425,0.0,-3.27425,9511.47875,5791.5,5791.5,31.770000457763672,0.2758,0.2361
sim_2019-02-09_2026-05-21_29c06ed80e5a,2022-03-15,short_straddle,SPY,short_straddle_SPY_000060,0.0,-0.85234,-0.85234,9510.62641,5791.5,5791.5,29.82999992370605,,
sim_2019-02-09_2026-05-21_29c06ed80e5a,2022-03-15,put_credit_spread,SPY,put_credit_spread_SPY_000059,0.0,0.0,0.0,9510.62641,3274.5,3274.5,29.82999992370605,,
sim_2019-02-09_2026-05-21_29c06ed80e5a,2022-03-16,short_straddle,SPY,short_straddle_SPY_000060,0.0,37.799927,37.799927,9548.426337,5791.5,5791.5,26.670000076293945,0.2211,0.2478
sim_2019-02-09_2026-05-21_29c06ed80e5a,2022-03-16,put_credit_spread,SPY,put_credit_spread_SPY_000059,0.0,0.0,0.0,9548.426337,3274.5,3274.5,26.670000076293945,0.2211,0.2478
sim_2019-02-09_2026-05-21_29c06ed80e5a,2022-03-17,short_straddle,SPY,short_straddle_SPY_000060,0.0,21.800049,21.800049,9570.226385,5791.5,5791.5,25.670000076293945,,
sim_2019-02-09_2026-05-21_29c06ed80e5a,2022-03-17,put_credit_spread,SPY,put_credit_spread_SPY_000059,0.0,0.0,0.0,9570.226385,3274.5,3274.5,25.670000076293945,,
sim_2019-02-09_2026-05-21_29c06ed80e5a,2022-03-18,short_straddle,SPY,short_straddle_SPY_000060,0.0,13.799927,13.799927,9584.026312,5791.5,5791.5,23.8700008392334,0.1923,0.2408
sim_2019-02-09_2026-05-21_29c06ed80e5a,2022-03-18,put_credit_spread,SPY,put_credit_spread_SPY_000059,0.0,0.0,0.0,9584.026312,3274.5,3274.5,23.8700008392334,0.1923,0.2408
sim_2019-02-09_2026-05-21_29c06ed80e5a,2022-03-21,short_straddle,SPY,short_straddle_SPY_000060,0.0,-0.519897,-0.519897,9583.506415,5791.5,5791.5,23.530000686645508,0.1928,0.2404
sim_2019-02-09_2026-05-21_29c06ed80e5a,2022-03-21,put_credit_spread,SPY,put_credit_spread_SPY_000059,0.0,0.0,0.0,9583.506415,3274.5,3274.5,23.530000686645508,0.1928,0.2404
sim_2019-02-09_2026-05-21_29c06ed80e5a,2022-03-22,short_straddle,SPY,short_straddle_SPY_000060,0.0,20.799927,20.799927,9604.306342,5791.5,5791.5,22.940000534057617,,
sim_2019-02-09_2026-05-21_29c06ed80e5a,2022-03-22,put_credit_spread,SPY,put_credit_spread_SPY_000059,0.0,0.0,0.0,9604.306342,3274.5,3274.5,22.940000534057617,,
sim_2019-02-09_2026-05-21_29c06ed80e5a,2022-03-23,short_straddle,SPY,short_straddle_SPY_000060,0.0,-23.160034,-23.160034,9581.146307,5791.5,5791.5,23.56999969482422,0.1955,0.2443
sim_2019-02-09_2026-05-21_29c06ed80e5a,2022-03-23,put_credit_spread,SPY,put_credit_spread_SPY_000059,0.0,0.0,0.0,9581.146307,3274.5,3274.5,23.56999969482422,0.1955,0.2443
sim_2019-02-09_2026-05-21_29c06ed80e5a,2022-03-24,short_straddle,SPY,short_straddle_SPY_000060,0.0,26.76001,26.76001,9607.906317,5791.5,5791.5,21.670000076293945,,
sim_2019-02-09_2026-05-21_29c06ed80e5a,2022-03-24,put_credit_spread,SPY,put_credit_spread_SPY_000059,0.0,0.0,0.0,9607.906317,3274.5,3274.5,21.670000076293945,,
sim_2019-02-09_2026-05-21_29c06ed80e5a,2022-03-25,short_straddle,SPY,short_straddle_SPY_000060,0.0,8.800049,8.800049,9616.706366,5791.5,5791.5,20.809999465942383,0.1665,0.2392
sim_2019-02-09_2026-05-21_29c06ed80e5a,2022-03-25,put_credit_spread,SPY,put_credit_spread_SPY_000059,0.0,0.0,0.0,9616.706366,3274.5,3274.5,20.809999465942383,0.1665,0.2392
sim_2019-02-09_2026-05-21_29c06ed80e5a,2022-03-28,short_straddle,SPY,short_straddle_SPY_000060,0.0,12.880005,12.880005,9629.586371,5791.5,5791.5,19.6299991607666,0.1554,0.2321
sim_2019-02-09_2026-05-21_29c06ed80e5a,2022-03-28,put_credit_spread,SPY,put_credit_spread_SPY_000059,523.5,0.0,523.5,10153.086371,3274.5,3274.5,19.6299991607666,0.1554,0.2321
sim_2019-02-09_2026-05-21_29c06ed80e5a,2022-03-28,put_credit_spread,SPY,put_credit_spread_SPY_000061,-2.173,0.0,-2.173,10150.913371,2354.0,2354.0,19.6299991607666,0.1554,0.2321
sim_2019-02-09_2026-05-21_29c06ed80e5a,2022-03-29,short_straddle,SPY,short_straddle_SPY_000060,0.0,22.559937,22.559937,10173.473307,5791.5,5791.5,18.89999961853028,,
sim_2019-02-09_2026-05-21_29c06ed80e5a,2022-03-29,put_credit_spread,SPY,put_credit_spread_SPY_000061,0.0,0.0,0.0,10173.473307,2354.0,2354.0,18.89999961853028,,
sim_2019-02-09_2026-05-21_29c06ed80e5a,2022-03-30,short_straddle,SPY,short_straddle_SPY_000060,0.0,-11.399902,-11.399902,10162.073405,5791.5,5791.5,19.32999992370605,0.1581,0.2309
sim_2019-02-09_2026-05-21_29c06ed80e5a,2022-03-30,put_credit_spread,SPY,put_credit_spread_SPY_000061,0.0,0.0,0.0,10162.073405,2354.0,2354.0,19.32999992370605,0.1581,0.2309
sim_2019-02-09_2026-05-21_29c06ed80e5a,2022-03-31,short_straddle,SPY,short_straddle_SPY_000060,0.0,-28.23999,-28.23999,10133.833415,5791.5,5791.5,20.559999465942383,,
sim_2019-02-09_2026-05-21_29c06ed80e5a,2022-03-31,put_credit_spread,SPY,put_credit_spread_SPY_000061,0.0,0.0,0.0,10133.833415,2354.0,2354.0,20.559999465942383,,
sim_2019-02-09_2026-05-21_29c06ed80e5a,2022-04-01,short_straddle,SPY,short_straddle_SPY_000060,0.0,5.119995,5.119995,10138.95341,5791.5,5791.5,19.6299991607666,0.1563,0.2265
sim_2019-02-09_2026-05-21_29c06ed80e5a,2022-04-01,put_credit_spread,SPY,put_credit_spread_SPY_000061,0.0,0.0,0.0,10138.95341,2354.0,2354.0,19.6299991607666,0.1563,0.2265
sim_2019-02-09_2026-05-21_29c06ed80e5a,2022-04-04,short_straddle,SPY,short_straddle_SPY_000060,0.0,15.519897,15.519897,10154.473307,5791.5,5791.5,18.56999969482422,0.1492,0.2262
sim_2019-02-09_2026-05-21_29c06ed80e5a,2022-04-04,put_credit_spread,SPY,put_credit_spread_SPY_000061,0.0,0.0,0.0,10154.473307,2354.0,2354.0,18.56999969482422,0.1492,0.2262
sim_2019-02-09_2026-05-21_29c06ed80e5a,2022-04-05,short_straddle,SPY,short_straddle_SPY_000060,0.0,-23.079956,-23.079956,10131.393351,5791.5,5791.5,21.030000686645508,,
sim_2019-02-09_2026-05-21_29c06ed80e5a,2022-04-05,put_credit_spread,SPY,put_credit_spread_SPY_000061,0.0,0.0,0.0,10131.393351,2354.0,2354.0,21.030000686645508,,
sim_2019-02-09_2026-05-21_29c06ed80e5a,2022-04-06,short_straddle,SPY,short_straddle_SPY_000060,0.0,-18.040039,-18.040039,10113.353312,5791.5,5791.5,22.100000381469727,0.1844,0.2224
sim_2019-02-09_2026-05-21_29c06ed80e5a,2022-04-06,put_credit_spread,SPY,put_credit_spread_SPY_000061,0.0,0.0,0.0,10113.353312,2354.0,2354.0,22.100000381469727,0.1844,0.2224
sim_2019-02-09_2026-05-21_29c06ed80e5a,2022-04-07,short_straddle,SPY,short_straddle_SPY_000060,0.0,9.0,9.0,10122.353312,5791.5,5791.5,21.549999237060547,,
sim_2019-02-09_2026-05-21_29c06ed80e5a,2022-04-07,put_credit_spread,SPY,put_credit_spread_SPY_000061,0.0,0.0,0.0,10122.353312,2354.0,2354.0,21.549999237060547,,
sim_2019-02-09_2026-05-21_29c06ed80e5a,2022-04-08,short_straddle,SPY,short_straddle_SPY_000060,0.0,-4.799927,-4.799927,10117.553385,5791.5,5791.5,21.15999984741211,0.1751,0.2109
sim_2019-02-09_2026-05-21_29c06ed80e5a,2022-04-08,put_credit_spread,SPY,put_credit_spread_SPY_000061,0.0,0.0,0.0,10117.553385,2354.0,2354.0,21.15999984741211,0.1751,0.2109
sim_2019-02-09_2026-05-21_29c06ed80e5a,2022-04-11,short_straddle,SPY,short_straddle_SPY_000060,153.302657,-31.479816,121.822841,10239.376226,5791.5,5791.5,24.3700008392334,0.2087,0.2171
sim_2019-02-09_2026-05-21_29c06ed80e5a,2022-04-11,put_credit_spread,SPY,put_credit_spread_SPY_000061,0.0,0.0,0.0,10239.376226,2354.0,2354.0,24.3700008392334,0.2087,0.2171
sim_2019-02-09_2026-05-21_29c06ed80e5a,2022-04-11,short_straddle,SPY,short_straddle_SPY_000062,-2.994,0.0,-2.994,10236.382226,6810.400269,6810.400269,24.3700008392334,0.2087,0.2171
sim_2019-02-09_2026-05-21_29c06ed80e5a,2022-04-12,short_straddle,SPY,short_straddle_SPY_000062,0.0,-0.43829,-0.43829,10235.943936,6810.400269,6810.400269,24.26000022888184,,
sim_2019-02-09_2026-05-21_29c06ed80e5a,2022-04-12,put_credit_spread,SPY,put_credit_spread_SPY_000061,0.0,0.0,0.0,10235.943936,2354.0,2354.0,24.26000022888184,,
sim_2019-02-09_2026-05-21_29c06ed80e5a,2022-04-13,short_straddle,SPY,short_straddle_SPY_000062,0.0,10.039978,10.039978,10245.983914,6810.400269,6810.400269,21.81999969482422,0.1861,0.2083
sim_2019-02-09_2026-05-21_29c06ed80e5a,2022-04-13,put_credit_spread,SPY,put_credit_spread_SPY_000061,0.0,0.0,0.0,10245.983914,2354.0,2354.0,21.81999969482422,0.1861,0.2083
sim_2019-02-09_2026-05-21_29c06ed80e5a,2022-04-14,short_straddle,SPY,short_straddle_SPY_000062,0.0,-11.039978,-11.039978,10234.943936,6810.400269,6810.400269,22.700000762939453,,
sim_2019-02-09_2026-05-21_29c06ed80e5a,2022-04-14,put_credit_spread,SPY,put_credit_spread_SPY_000061,0.0,0.0,0.0,10234.943936,2354.0,2354.0,22.700000762939453,,
sim_2019-02-09_2026-05-21_29c06ed80e5a,2022-04-18,short_straddle,SPY,short_straddle_SPY_000062,0.0,0.359985,0.359985,10235.303922,6810.400269,6810.400269,22.170000076293945,0.1928,0.2097
sim_2019-02-09_2026-05-21_29c06ed80e5a,2022-04-18,put_credit_spread,SPY,put_credit_spread_SPY_000061,0.0,0.0,0.0,10235.303922,2354.0,2354.0,22.170000076293945,0.1928,0.2097
sim_2019-02-09_2026-05-21_29c06ed80e5a,2022-04-19,short_straddle,SPY,short_straddle_SPY_000062,0.0,14.140015,14.140015,10249.443936,6810.400269,6810.400269,21.3700008392334,,
sim_2019-02-09_2026-05-21_29c06ed80e5a,2022-04-19,put_credit_spread,SPY,put_credit_spread_SPY_000061,0.0,0.0,0.0,10249.443936,2354.0,2354.0,21.3700008392334,,
sim_2019-02-09_2026-05-21_29c06ed80e5a,2022-04-20,short_straddle,SPY,short_straddle_SPY_000062,0.0,-0.660034,-0.660034,10248.783902,6810.400269,6810.400269,20.31999969482422,0.177,0.1916
sim_2019-02-09_2026-05-21_29c06ed80e5a,2022-04-20,put_credit_spread,SPY,put_credit_spread_SPY_000061,0.0,0.0,0.0,10248.783902,2354.0,2354.0,20.31999969482422,0.177,0.1916
sim_2019-02-09_2026-05-21_29c06ed80e5a,2022-04-21,short_straddle,SPY,short_straddle_SPY_000062,0.0,-13.299988,-13.299988,10235.483914,6810.400269,6810.400269,22.68000030517578,,
sim_2019-02-09_2026-05-21_29c06ed80e5a,2022-04-21,put_credit_spread,SPY,put_credit_spread_SPY_000061,0.0,0.0,0.0,10235.483914,2354.0,2354.0,22.68000030517578,,
sim_2019-02-09_2026-05-21_29c06ed80e5a,2022-04-22,short_straddle,SPY,short_straddle_SPY_000062,0.0,-24.039978,-24.039978,10211.443936,6810.400269,6810.400269,28.209999084472656,0.246,0.201
sim_2019-02-09_2026-05-21_29c06ed80e5a,2022-04-22,put_credit_spread,SPY,put_credit_spread_SPY_000061,0.0,0.0,0.0,10211.443936,2354.0,2354.0,28.209999084472656,0.246,0.201
sim_2019-02-09_2026-05-21_29c06ed80e5a,2022-04-25,short_straddle,SPY,short_straddle_SPY_000062,0.0,4.940002,4.940002,10216.383939,6810.400269,6810.400269,27.020000457763672,0.2379,0.1979
sim_2019-02-09_2026-05-21_29c06ed80e5a,2022-04-25,put_credit_spread,SPY,put_credit_spread_SPY_000061,-1505.923523,0.0,-1505.923523,8710.460416,2354.0,2354.0,27.020000457763672,0.2379,0.1979
sim_2019-02-09_2026-05-21_29c06ed80e5a,2022-04-25,put_credit_spread,SPY,put_credit_spread_SPY_000063,-2.1985,0.0,-2.1985,8708.261916,2203.0,2203.0,27.020000457763672,0.2379,0.1979
sim_2019-02-09_2026-05-21_29c06ed80e5a,2022-04-26,short_straddle,SPY,short_straddle_SPY_000062,0.0,-24.820007,-24.820007,8683.441909,6810.400269,6810.400269,33.52000045776367,,
sim_2019-02-09_2026-05-21_29c06ed80e5a,2022-04-26,put_credit_spread,SPY,put_credit_spread_SPY_000063,0.0,0.0,0.0,8683.441909,2203.0,2203.0,33.52000045776367,,
sim_2019-02-09_2026-05-21_29c06ed80e5a,2022-04-27,short_straddle,SPY,short_straddle_SPY_000062,0.0,2.339966,2.339966,8685.781874,6810.400269,6810.400269,31.600000381469727,0.2674,0.2053
sim_2019-02-09_2026-05-21_29c06ed80e5a,2022-04-27,put_credit_spread,SPY,put_credit_spread_SPY_000063,0.0,0.0,0.0,8685.781874,2203.0,2203.0,31.600000381469727,0.2674,0.2053
sim_2019-02-09_2026-05-21_29c06ed80e5a,2022-04-28,short_straddle,SPY,short_straddle_SPY_000062,0.0,21.080017,21.080017,8706.861891,6810.400269,6810.400269,29.989999771118164,,
sim_2019-02-09_2026-05-21_29c06ed80e5a,2022-04-28,put_credit_spread,SPY,put_credit_spread_SPY_000063,0.0,0.0,0.0,8706.861891,2203.0,2203.0,29.989999771118164,,
sim_2019-02-09_2026-05-21_29c06ed80e5a,2022-04-29,short_straddle,SPY,short_straddle_SPY_000062,0.0,-31.619995,-31.619995,8675.241896,6810.400269,6810.400269,33.400001525878906,,
sim_2019-02-09_2026-05-21_29c06ed80e5a,2022-04-29,put_credit_spread,SPY,put_credit_spread_SPY_000063,0.0,0.0,0.0,8675.241896,2203.0,2203.0,33.400001525878906,,
sim_2019-02-09_2026-05-21_29c06ed80e5a,2022-05-02,short_straddle,SPY,short_straddle_SPY_000062,0.0,4.960022,4.960022,8680.201918,6810.400269,6810.400269,32.34000015258789,0.2735,0.2299
sim_2019-02-09_2026-05-21_29c06ed80e5a,2022-05-02,put_credit_spread,SPY,put_credit_spread_SPY_000063,0.0,0.0,0.0,8680.201918,2203.0,2203.0,32.34000015258789,0.2735,0.2299
sim_2019-02-09_2026-05-21_29c06ed80e5a,2022-05-03,short_straddle,SPY,short_straddle_SPY_000062,0.0,3.799988,3.799988,8684.001906,6810.400269,6810.400269,29.25,,
sim_2019-02-09_2026-05-21_29c06ed80e5a,2022-05-03,put_credit_spread,SPY,put_credit_spread_SPY_000063,0.0,0.0,0.0,8684.001906,2203.0,2203.0,29.25,,
sim_2019-02-09_2026-05-21_29c06ed80e5a,2022-05-04,short_straddle,SPY,short_straddle_SPY_000062,0.0,25.359985,25.359985,8709.361891,6810.400269,6810.400269,25.420000076293945,0.2231,0.2459
sim_2019-02-09_2026-05-21_29c06ed80e5a,2022-05-04,put_credit_spread,SPY,put_credit_spread_SPY_000063,0.0,0.0,0.0,8709.361891,2203.0,2203.0,25.420000076293945,0.2231,0.2459
sim_2019-02-09_2026-05-21_29c06ed80e5a,2022-05-05,short_straddle,SPY,short_straddle_SPY_000062,0.0,-30.5,-30.5,8678.861891,6810.400269,6810.400269,31.200000762939453,,
sim_2019-02-09_2026-05-21_29c06ed80e5a,2022-05-05,put_credit_spread,SPY,put_credit_spread_SPY_000063,0.0,0.0,0.0,8678.861891,2203.0,2203.0,31.200000762939453,,
sim_2019-02-09_2026-05-21_29c06ed80e5a,2022-05-06,short_straddle,SPY,short_straddle_SPY_000062,0.0,-4.940002,-4.940002,8673.921889,6810.400269,6810.400269,30.190000534057617,0.2622,0.2588
sim_2019-02-09_2026-05-21_29c06ed80e5a,2022-05-06,put_credit_spread,SPY,put_credit_spread_SPY_000063,0.0,0.0,0.0,8673.921889,2203.0,2203.0,30.190000534057617,0.2622,0.2588
sim_2019-02-09_2026-05-21_29c06ed80e5a,2022-05-09,short_straddle,SPY,short_straddle_SPY_000062,-2199.090157,-26.738136,-2225.828292,6448.093597,6810.400269,6810.400269,34.75,0.3016,0.2713
sim_2019-02-09_2026-05-21_29c06ed80e5a,2022-05-09,put_credit_spread,SPY,put_credit_spread_SPY_000063,0.0,0.0,0.0,6448.093597,2203.0,2203.0,34.75,0.3016,0.2713
sim_2019-02-09_2026-05-21_29c06ed80e5a,2022-05-09,short_straddle,SPY,short_straddle_SPY_000064,-3.3415,0.0,-3.3415,6444.752097,5280.400269,5280.400269,34.75,0.3016,0.2713
sim_2019-02-09_2026-05-21_29c06ed80e5a,2022-05-10,short_straddle,SPY,short_straddle_SPY_000064,0.0,-1.396815,-1.396815,6443.355282,5280.400269,5280.400269,32.9900016784668,,
sim_2019-02-09_2026-05-21_29c06ed80e5a,2022-05-10,put_credit_spread,SPY,put_credit_spread_SPY_000063,0.0,0.0,0.0,6443.355282,2203.0,2203.0,32.9900016784668,,
sim_2019-02-09_2026-05-21_29c06ed80e5a,2022-05-11,short_straddle,SPY,short_straddle_SPY_000064,0.0,-44.379974,-44.379974,6398.975307,5280.400269,5280.400269,32.560001373291016,0.2975,0.2671
sim_2019-02-09_2026-05-21_29c06ed80e5a,2022-05-11,put_credit_spread,SPY,put_credit_spread_SPY_000063,0.0,0.0,0.0,6398.975307,2203.0,2203.0,32.560001373291016,0.2975,0.2671
sim_2019-02-09_2026-05-21_29c06ed80e5a,2022-05-12,short_straddle,SPY,short_straddle_SPY_000064,0.0,-2.870026,-2.870026,6396.105282,5280.400269,5280.400269,31.770000457763672,,
sim_2019-02-09_2026-05-21_29c06ed80e5a,2022-05-12,put_credit_spread,SPY,put_credit_spread_SPY_000063,0.0,0.0,0.0,6396.105282,2203.0,2203.0,31.770000457763672,,
sim_2019-02-09_2026-05-21_29c06ed80e5a,2022-05-13,short_straddle,SPY,short_straddle_SPY_000064,0.0,65.660034,65.660034,6461.765316,5280.400269,5280.400269,28.8700008392334,0.2618,0.2781
sim_2019-02-09_2026-05-21_29c06ed80e5a,2022-05-13,put_credit_spread,SPY,put_credit_spread_SPY_000063,0.0,0.0,0.0,6461.765316,2203.0,2203.0,28.8700008392334,0.2618,0.2781
sim_2019-02-09_2026-05-21_29c06ed80e5a,2022-05-16,short_straddle,SPY,short_straddle_SPY_000064,0.0,-11.410034,-11.410034,6450.355282,5280.400269,5280.400269,27.46999931335449,0.257,0.2774
sim_2019-02-09_2026-05-21_29c06ed80e5a,2022-05-16,put_credit_spread,SPY,put_credit_spread_SPY_000063,0.0,0.0,0.0,6450.355282,2203.0,2203.0,27.46999931335449,0.257,0.2774
sim_2019-02-09_2026-05-21_29c06ed80e5a,2022-05-17,short_straddle,SPY,short_straddle_SPY_000064,0.0,57.610077,57.610077,6507.965359,5280.400269,5280.400269,26.100000381469727,,
sim_2019-02-09_2026-05-21_29c06ed80e5a,2022-05-17,put_credit_spread,SPY,put_credit_spread_SPY_000063,0.0,0.0,0.0,6507.965359,2203.0,2203.0,26.100000381469727,,
sim_2019-02-09_2026-05-21_29c06ed80e5a,2022-05-18,short_straddle,SPY,short_straddle_SPY_000064,0.0,-115.220154,-115.220154,6392.745205,5280.400269,5280.400269,30.959999084472656,0.2877,0.3032
sim_2019-02-09_2026-05-21_29c06ed80e5a,2022-05-18,put_credit_spread,SPY,put_credit_spread_SPY_000063,0.0,0.0,0.0,6392.745205,2203.0,2203.0,30.959999084472656,0.2877,0.3032
sim_2019-02-09_2026-05-21_29c06ed80e5a,2022-05-19,short_straddle,SPY,short_straddle_SPY_000064,0.0,-16.799957,-16.799957,6375.945247,5280.400269,5280.400269,29.350000381469727,,
sim_2019-02-09_2026-05-21_29c06ed80e5a,2022-05-19,put_credit_spread,SPY,put_credit_spread_SPY_000063,0.0,0.0,0.0,6375.945247,2203.0,2203.0,29.350000381469727,,
sim_2019-02-09_2026-05-21_29c06ed80e5a,2022-05-20,short_straddle,SPY,short_straddle_SPY_000064,0.0,1.190094,1.190094,6377.135341,5280.400269,5280.400269,29.43000030517578,0.2692,0.3019
sim_2019-02-09_2026-05-21_29c06ed80e5a,2022-05-20,put_credit_spread,SPY,put_credit_spread_SPY_000063,0.0,0.0,0.0,6377.135341,2203.0,2203.0,29.43000030517578,0.2692,0.3019
sim_2019-02-09_2026-05-21_29c06ed80e5a,2022-05-23,short_straddle,SPY,short_straddle_SPY_000064,0.0,51.03006,51.03006,6428.165401,5280.400269,5280.400269,28.479999542236328,0.26,0.3093
sim_2019-02-09_2026-05-21_29c06ed80e5a,2022-05-23,put_credit_spread,SPY,put_credit_spread_SPY_000063,-1113.752657,0.0,-1113.752657,5314.412745,2203.0,2203.0,28.479999542236328,0.26,0.3093
sim_2019-02-09_2026-05-21_29c06ed80e5a,2022-05-23,put_credit_spread,SPY,put_credit_spread_SPY_000065,-2.19925,0.0,-2.19925,5312.213495,1901.5,1901.5,28.479999542236328,0.26,0.3093
sim_2019-02-09_2026-05-21_29c06ed80e5a,2022-05-24,short_straddle,SPY,short_straddle_SPY_000064,0.0,-21.209991,-21.209991,5291.003503,5280.400269,5280.400269,29.450000762939453,,
sim_2019-02-09_2026-05-21_29c06ed80e5a,2022-05-24,put_credit_spread,SPY,put_credit_spread_SPY_000065,0.0,0.0,0.0,5291.003503,1901.5,1901.5,29.450000762939453,,
sim_2019-02-09_2026-05-21_29c06ed80e5a,2022-05-25,short_straddle,SPY,short_straddle_SPY_000064,0.0,24.359863,24.359863,5315.363367,5280.400269,5280.400269,28.3700008392334,0.2645,0.3091
sim_2019-02-09_2026-05-21_29c06ed80e5a,2022-05-25,put_credit_spread,SPY,put_credit_spread_SPY_000065,0.0,0.0,0.0,5315.363367,1901.5,1901.5,28.3700008392334,0.2645,0.3091
sim_2019-02-09_2026-05-21_29c06ed80e5a,2022-05-26,short_straddle,SPY,short_straddle_SPY_000064,0.0,55.580017,55.580017,5370.943384,5280.400269,5280.400269,27.5,,
sim_2019-02-09_2026-05-21_29c06ed80e5a,2022-05-26,put_credit_spread,SPY,put_credit_spread_SPY_000065,0.0,0.0,0.0,5370.943384,1901.5,1901.5,27.5,,
sim_2019-02-09_2026-05-21_29c06ed80e5a,2022-05-27,short_straddle,SPY,short_straddle_SPY_000064,0.0,69.650085,69.650085,5440.593469,5280.400269,5280.400269,25.71999931335449,0.2306,0.3218
sim_2019-02-09_2026-05-21_29c06ed80e5a,2022-05-27,put_credit_spread,SPY,put_credit_spread_SPY_000065,0.0,0.0,0.0,5440.593469,1901.5,1901.5,25.71999931335449,0.2306,0.3218
sim_2019-02-09_2026-05-21_29c06ed80e5a,2022-05-31,short_straddle,SPY,short_straddle_SPY_000064,0.0,-16.31012,-16.31012,5424.283349,5280.400269,5280.400269,26.190000534057617,,
sim_2019-02-09_2026-05-21_29c06ed80e5a,2022-05-31,put_credit_spread,SPY,put_credit_spread_SPY_000065,0.0,0.0,0.0,5424.283349,1901.5,1901.5,26.190000534057617,,
sim_2019-02-09_2026-05-21_29c06ed80e5a,2022-06-01,short_straddle,SPY,short_straddle_SPY_000064,0.0,-23.379974,-23.379974,5400.903375,5280.400269,5280.400269,25.690000534057617,0.2377,0.3177
sim_2019-02-09_2026-05-21_29c06ed80e5a,2022-06-01,put_credit_spread,SPY,put_credit_spread_SPY_000065,0.0,0.0,0.0,5400.903375,1901.5,1901.5,25.690000534057617,0.2377,0.3177
sim_2019-02-09_2026-05-21_29c06ed80e5a,2022-06-02,short_straddle,SPY,short_straddle_SPY_000064,0.0,54.600128,54.600128,5455.503503,5280.400269,5280.400269,24.71999931335449,,
sim_2019-02-09_2026-05-21_29c06ed80e5a,2022-06-02,put_credit_spread,SPY,put_credit_spread_SPY_000065,0.0,0.0,0.0,5455.503503,1901.5,1901.5,24.71999931335449,,
sim_2019-02-09_2026-05-21_29c06ed80e5a,2022-06-03,short_straddle,SPY,short_straddle_SPY_000064,0.0,-47.950043,-47.950043,5407.553461,5280.400269,5280.400269,24.790000915527344,0.2219,0.3244
sim_2019-02-09_2026-05-21_29c06ed80e5a,2022-06-03,put_credit_spread,SPY,put_credit_spread_SPY_000065,0.0,0.0,0.0,5407.553461,1901.5,1901.5,24.790000915527344,0.2219,0.3244
sim_2019-02-09_2026-05-21_29c06ed80e5a,2022-06-06,short_straddle,SPY,short_straddle_SPY_000064,1301.309645,7.308735,1308.61838,6716.171841,5280.400269,5280.400269,25.06999969482422,0.2227,0.3154
sim_2019-02-09_2026-05-21_29c06ed80e5a,2022-06-06,put_credit_spread,SPY,put_credit_spread_SPY_000065,0.0,0.0,0.0,6716.171841,1901.5,1901.5,25.06999969482422,0.2227,0.3154
sim_2019-02-09_2026-05-21_29c06ed80e5a,2022-06-06,short_straddle,SPY,short_straddle_SPY_000066,-3.02975,0.0,-3.02975,6713.142091,6176.300171,6176.300171,25.06999969482422,0.2227,0.3154
sim_2019-02-09_2026-05-21_29c06ed80e5a,2022-06-07,short_straddle,SPY,short_straddle_SPY_000066,0.0,-0.41574,-0.41574,6712.726351,6176.300171,6176.300171,24.020000457763672,,
sim_2019-02-09_2026-05-21_29c06ed80e5a,2022-06-07,put_credit_spread,SPY,put_credit_spread_SPY_000065,0.0,0.0,0.0,6712.726351,1901.5,1901.5,24.020000457763672,,
sim_2019-02-09_2026-05-21_29c06ed80e5a,2022-06-08,short_straddle,SPY,short_straddle_SPY_000066,0.0,9.039978,9.039978,6721.766329,6176.300171,6176.300171,23.959999084472656,0.2191,0.3063
sim_2019-02-09_2026-05-21_29c06ed80e5a,2022-06-08,put_credit_spread,SPY,put_credit_spread_SPY_000065,0.0,0.0,0.0,6721.766329,1901.5,1901.5,23.959999084472656,0.2191,0.3063
sim_2019-02-09_2026-05-21_29c06ed80e5a,2022-06-09,short_straddle,SPY,short_straddle_SPY_000066,0.0,19.559998,19.559998,6741.326326,6176.300171,6176.300171,26.09000015258789,,
sim_2019-02-09_2026-05-21_29c06ed80e5a,2022-06-09,put_credit_spread,SPY,put_credit_spread_SPY_000065,0.0,0.0,0.0,6741.326326,1901.5,1901.5,26.09000015258789,,
sim_2019-02-09_2026-05-21_29c06ed80e5a,2022-06-10,short_straddle,SPY,short_straddle_SPY_000066,0.0,23.280029,23.280029,6764.606355,6176.300171,6176.300171,27.75,0.2525,0.3137
sim_2019-02-09_2026-05-21_29c06ed80e5a,2022-06-10,put_credit_spread,SPY,put_credit_spread_SPY_000065,0.0,0.0,0.0,6764.606355,1901.5,1901.5,27.75,0.2525,0.3137
sim_2019-02-09_2026-05-21_29c06ed80e5a,2022-06-13,short_straddle,SPY,short_straddle_SPY_000066,0.0,29.599976,29.599976,6794.206331,6176.300171,6176.300171,34.02000045776367,0.3051,0.3147
sim_2019-02-09_2026-05-21_29c06ed80e5a,2022-06-13,put_credit_spread,SPY,put_credit_spread_SPY_000065,0.0,0.0,0.0,6794.206331,1901.5,1901.5,34.02000045776367,0.3051,0.3147
sim_2019-02-09_2026-05-21_29c06ed80e5a,2022-06-14,short_straddle,SPY,short_straddle_SPY_000066,0.0,2.26001,2.26001,6796.466341,6176.300171,6176.300171,32.689998626708984,,
sim_2019-02-09_2026-05-21_29c06ed80e5a,2022-06-14,put_credit_spread,SPY,put_credit_spread_SPY_000065,0.0,0.0,0.0,6796.466341,1901.5,1901.5,32.689998626708984,,
sim_2019-02-09_2026-05-21_29c06ed80e5a,2022-06-15,short_straddle,SPY,short_straddle_SPY_000066,0.0,-10.660034,-10.660034,6785.806307,6176.300171,6176.300171,29.6200008392334,0.2743,0.3169
sim_2019-02-09_2026-05-21_29c06ed80e5a,2022-06-15,put_credit_spread,SPY,put_credit_spread_SPY_000065,0.0,0.0,0.0,6785.806307,1901.5,1901.5,29.6200008392334,0.2743,0.3169
sim_2019-02-09_2026-05-21_29c06ed80e5a,2022-06-16,short_straddle,SPY,short_straddle_SPY_000066,0.0,25.100037,25.100037,6810.906343,6176.300171,6176.300171,32.95000076293945,,
sim_2019-02-09_2026-05-21_29c06ed80e5a,2022-06-16,put_credit_spread,SPY,put_credit_spread_SPY_000065,0.0,0.0,0.0,6810.906343,1901.5,1901.5,32.95000076293945,,
sim_2019-02-09_2026-05-21_29c06ed80e5a,2022-06-17,short_straddle,SPY,short_straddle_SPY_000066,0.0,1.580017,1.580017,6812.48636,6176.300171,6176.300171,31.1299991607666,0.2748,0.2987
sim_2019-02-09_2026-05-21_29c06ed80e5a,2022-06-17,put_credit_spread,SPY,put_credit_spread_SPY_000065,0.0,0.0,0.0,6812.48636,1901.5,1901.5,31.1299991607666,0.2748,0.2987
sim_2019-02-09_2026-05-21_29c06ed80e5a,2022-06-21,short_straddle,SPY,short_straddle_SPY_000066,0.0,-18.420044,-18.420044,6794.066316,6176.300171,6176.300171,30.190000534057617,,
sim_2019-02-09_2026-05-21_29c06ed80e5a,2022-06-21,put_credit_spread,SPY,put_credit_spread_SPY_000065,-196.795767,0.0,-196.795767,6597.270549,1901.5,1901.5,30.190000534057617,,
sim_2019-02-09_2026-05-21_29c06ed80e5a,2022-06-22,short_straddle,SPY,short_straddle_SPY_000066,0.0,1.359985,1.359985,6598.630535,6176.300171,6176.300171,28.950000762939453,0.2648,0.2974
sim_2019-02-09_2026-05-21_29c06ed80e5a,2022-06-22,put_credit_spread,SPY,put_credit_spread_SPY_000067,-2.187,0.0,-2.187,6596.443535,2026.0,2026.0,28.950000762939453,0.2648,0.2974
sim_2019-02-09_2026-05-21_29c06ed80e5a,2022-06-23,short_straddle,SPY,short_straddle_SPY_000066,0.0,-7.339966,-7.339966,6589.103569,6176.300171,6176.300171,29.049999237060547,,
sim_2019-02-09_2026-05-21_29c06ed80e5a,2022-06-23,put_credit_spread,SPY,put_credit_spread_SPY_000067,0.0,0.0,0.0,6589.103569,2026.0,2026.0,29.049999237060547,,
sim_2019-02-09_2026-05-21_29c06ed80e5a,2022-06-24,short_straddle,SPY,short_straddle_SPY_000066,0.0,-24.039978,-24.039978,6565.063591,6176.300171,6176.300171,27.229999542236328,,
sim_2019-02-09_2026-05-21_29c06ed80e5a,2022-06-24,put_credit_spread,SPY,put_credit_spread_SPY_000067,0.0,0.0,0.0,6565.063591,2026.0,2026.0,27.229999542236328,,
sim_2019-02-09_2026-05-21_29c06ed80e5a,2022-06-27,short_straddle,SPY,short_straddle_SPY_000066,0.0,2.97998,2.97998,6568.043571,6176.300171,6176.300171,26.950000762939453,0.2437,0.3109
sim_2019-02-09_2026-05-21_29c06ed80e5a,2022-06-27,put_credit_spread,SPY,put_credit_spread_SPY_000067,0.0,0.0,0.0,6568.043571,2026.0,2026.0,26.950000762939453,0.2437,0.3109
sim_2019-02-09_2026-05-21_29c06ed80e5a,2022-06-28,short_straddle,SPY,short_straddle_SPY_000066,0.0,15.880005,15.880005,6583.923576,6176.300171,6176.300171,28.36000061035156,,
sim_2019-02-09_2026-05-21_29c06ed80e5a,2022-06-28,put_credit_spread,SPY,put_credit_spread_SPY_000067,0.0,0.0,0.0,6583.923576,2026.0,2026.0,28.36000061035156,,
sim_2019-02-09_2026-05-21_29c06ed80e5a,2022-06-29,short_straddle,SPY,short_straddle_SPY_000066,0.0,0.619995,0.619995,6584.543571,6176.300171,6176.300171,28.15999984741211,0.2606,0.3077
sim_2019-02-09_2026-05-21_29c06ed80e5a,2022-06-29,put_credit_spread,SPY,put_credit_spread_SPY_000067,0.0,0.0,0.0,6584.543571,2026.0,2026.0,28.15999984741211,0.2606,0.3077
sim_2019-02-09_2026-05-21_29c06ed80e5a,2022-06-30,short_straddle,SPY,short_straddle_SPY_000066,0.0,6.179993,6.179993,6590.723564,6176.300171,6176.300171,28.709999084472656,,
sim_2019-02-09_2026-05-21_29c06ed80e5a,2022-06-30,put_credit_spread,SPY,put_credit_spread_SPY_000067,0.0,0.0,0.0,6590.723564,2026.0,2026.0,28.709999084472656,,
sim_2019-02-09_2026-05-21_29c06ed80e5a,2022-07-01,short_straddle,SPY,short_straddle_SPY_000066,0.0,-7.97998,-7.97998,6582.743583,6176.300171,6176.300171,26.700000762939453,0.2487,0.28
sim_2019-02-09_2026-05-21_29c06ed80e5a,2022-07-01,put_credit_spread,SPY,put_credit_spread_SPY_000067,0.0,0.0,0.0,6582.743583,2026.0,2026.0,26.700000762939453,0.2487,0.28
sim_2019-02-09_2026-05-21_29c06ed80e5a,2022-07-05,short_straddle,SPY,short_straddle_SPY_000066,-948.002855,-1.821962,-949.824817,5632.918766,6176.300171,6176.300171,27.540000915527344,,
sim_2019-02-09_2026-05-21_29c06ed80e5a,2022-07-05,put_credit_spread,SPY,put_credit_spread_SPY_000067,0.0,0.0,0.0,5632.918766,2026.0,2026.0,27.540000915527344,,
sim_2019-02-09_2026-05-21_29c06ed80e5a,2022-07-06,put_credit_spread,SPY,put_credit_spread_SPY_000067,411.98,0.0,411.98,6044.898766,2026.0,2026.0,26.729999542236328,0.2521,0.2799
sim_2019-02-09_2026-05-21_29c06ed80e5a,2022-07-06,short_straddle,SPY,short_straddle_SPY_000068,-3.06075,0.0,-3.06075,6041.838016,5543.5,5543.5,26.729999542236328,0.2521,0.2799
sim_2019-02-09_2026-05-21_29c06ed80e5a,2022-07-06,put_credit_spread,SPY,put_credit_spread_SPY_000069,-2.18475,0.0,-2.18475,6039.653266,1930.5,1930.5,26.729999542236328,0.2521,0.2799
sim_2019-02-09_2026-05-21_29c06ed80e5a,2022-07-07,short_straddle,SPY,short_straddle_SPY_000068,0.0,-0.583485,-0.583485,6039.069781,5543.5,5543.5,26.07999992370605,,
sim_2019-02-09_2026-05-21_29c06ed80e5a,2022-07-07,put_credit_spread,SPY,put_credit_spread_SPY_000069,0.0,0.0,0.0,6039.069781,1930.5,1930.5,26.07999992370605,,
sim_2019-02-09_2026-05-21_29c06ed80e5a,2022-07-08,short_straddle,SPY,short_straddle_SPY_000068,0.0,-0.95993,-0.95993,6038.109851,5543.5,5543.5,24.63999938964844,0.2254,0.2772
sim_2019-02-09_2026-05-21_29c06ed80e5a,2022-07-08,put_credit_spread,SPY,put_credit_spread_SPY_000069,0.0,0.0,0.0,6038.109851,1930.5,1930.5,24.63999938964844,0.2254,0.2772
sim_2019-02-09_2026-05-21_29c06ed80e5a,2022-07-11,short_straddle,SPY,short_straddle_SPY_000068,0.0,-13.320007,-13.320007,6024.789843,5543.5,5543.5,26.170000076293945,0.2424,0.2775
sim_2019-02-09_2026-05-21_29c06ed80e5a,2022-07-11,put_credit_spread,SPY,put_credit_spread_SPY_000069,0.0,0.0,0.0,6024.789843,1930.5,1930.5,26.170000076293945,0.2424,0.2775
sim_2019-02-09_2026-05-21_29c06ed80e5a,2022-07-12,short_straddle,SPY,short_straddle_SPY_000068,0.0,-10.200073,-10.200073,6014.58977,5543.5,5543.5,27.290000915527344,,
sim_2019-02-09_2026-05-21_29c06ed80e5a,2022-07-12,put_credit_spread,SPY,put_credit_spread_SPY_000069,0.0,0.0,0.0,6014.58977,1930.5,1930.5,27.290000915527344,,
sim_2019-02-09_2026-05-21_29c06ed80e5a,2022-07-13,short_straddle,SPY,short_straddle_SPY_000068,0.0,-6.0,-6.0,6008.58977,5543.5,5543.5,26.81999969482422,0.2521,0.2595
sim_2019-02-09_2026-05-21_29c06ed80e5a,2022-07-13,put_credit_spread,SPY,put_credit_spread_SPY_000069,0.0,0.0,0.0,6008.58977,1930.5,1930.5,26.81999969482422,0.2521,0.2595
sim_2019-02-09_2026-05-21_29c06ed80e5a,2022-07-14,short_straddle,SPY,short_straddle_SPY_000068,0.0,-2.759949,-2.759949,6005.829821,5543.5,5543.5,26.39999961853028,,
sim_2019-02-09_2026-05-21_29c06ed80e5a,2022-07-14,put_credit_spread,SPY,put_credit_spread_SPY_000069,0.0,0.0,0.0,6005.829821,1930.5,1930.5,26.39999961853028,,
sim_2019-02-09_2026-05-21_29c06ed80e5a,2022-07-15,short_straddle,SPY,short_straddle_SPY_000068,0.0,21.660004,21.660004,6027.489825,5543.5,5543.5,24.229999542236328,0.2207,0.2664
sim_2019-02-09_2026-05-21_29c06ed80e5a,2022-07-15,put_credit_spread,SPY,put_credit_spread_SPY_000069,0.0,0.0,0.0,6027.489825,1930.5,1930.5,24.229999542236328,0.2207,0.2664
sim_2019-02-09_2026-05-21_29c06ed80e5a,2022-07-18,short_straddle,SPY,short_straddle_SPY_000068,0.0,-9.539978,-9.539978,6017.949847,5543.5,5543.5,25.299999237060547,0.2336,0.2594
sim_2019-02-09_2026-05-21_29c06ed80e5a,2022-07-18,put_credit_spread,SPY,put_credit_spread_SPY_000069,0.0,0.0,0.0,6017.949847,1930.5,1930.5,25.299999237060547,0.2336,0.2594
sim_2019-02-09_2026-05-21_29c06ed80e5a,2022-07-19,short_straddle,SPY,short_straddle_SPY_000068,0.0,30.95993,30.95993,6048.909777,5543.5,5543.5,24.5,,
sim_2019-02-09_2026-05-21_29c06ed80e5a,2022-07-19,put_credit_spread,SPY,put_credit_spread_SPY_000069,0.0,0.0,0.0,6048.909777,1930.5,1930.5,24.5,,
sim_2019-02-09_2026-05-21_29c06ed80e5a,2022-07-20,short_straddle,SPY,short_straddle_SPY_000068,0.0,7.5,7.5,6056.409777,5543.5,5543.5,23.8799991607666,0.2226,0.2704
sim_2019-02-09_2026-05-21_29c06ed80e5a,2022-07-20,put_credit_spread,SPY,put_credit_spread_SPY_000069,-137.5,0.0,-137.5,5918.909777,1930.5,1930.5,23.8799991607666,0.2226,0.2704
sim_2019-02-09_2026-05-21_29c06ed80e5a,2022-07-21,short_straddle,SPY,short_straddle_SPY_000068,0.0,12.060059,12.060059,5930.969836,5543.5,5543.5,23.11000061035156,,
sim_2019-02-09_2026-05-21_29c06ed80e5a,2022-07-21,put_credit_spread,SPY,put_credit_spread_SPY_000069,0.0,0.0,0.0,5930.969836,1930.5,1930.5,23.11000061035156,,
sim_2019-02-09_2026-05-21_29c06ed80e5a,2022-07-22,short_straddle,SPY,short_straddle_SPY_000068,0.0,-11.100037,-11.100037,5919.869799,5543.5,5543.5,23.030000686645508,0.2064,0.2702
sim_2019-02-09_2026-05-21_29c06ed80e5a,2022-07-22,put_credit_spread,SPY,put_credit_spread_SPY_000069,0.0,0.0,0.0,5919.869799,1930.5,1930.5,23.030000686645508,0.2064,0.2702
sim_2019-02-09_2026-05-21_29c06ed80e5a,2022-07-25,short_straddle,SPY,short_straddle_SPY_000068,0.0,1.440033,1.440033,5921.309832,5543.5,5543.5,23.36000061035156,0.207,0.2615
sim_2019-02-09_2026-05-21_29c06ed80e5a,2022-07-25,put_credit_spread,SPY,put_credit_spread_SPY_000069,0.0,0.0,0.0,5921.309832,1930.5,1930.5,23.36000061035156,0.207,0.2615
sim_2019-02-09_2026-05-21_29c06ed80e5a,2022-07-26,short_straddle,SPY,short_straddle_SPY_000068,0.0,-14.039978,-14.039978,5907.269854,5543.5,5543.5,24.690000534057617,,
sim_2019-02-09_2026-05-21_29c06ed80e5a,2022-07-26,put_credit_spread,SPY,put_credit_spread_SPY_000069,0.0,0.0,0.0,5907.269854,1930.5,1930.5,24.690000534057617,,
sim_2019-02-09_2026-05-21_29c06ed80e5a,2022-07-27,short_straddle,SPY,short_straddle_SPY_000068,0.0,30.449982,30.449982,5937.719836,5543.5,5543.5,23.239999771118164,0.2089,0.2314
sim_2019-02-09_2026-05-21_29c06ed80e5a,2022-07-27,put_credit_spread,SPY,put_credit_spread_SPY_000069,0.0,0.0,0.0,5937.719836,1930.5,1930.5,23.239999771118164,0.2089,0.2314
sim_2019-02-09_2026-05-21_29c06ed80e5a,2022-07-28,short_straddle,SPY,short_straddle_SPY_000068,0.0,15.089996,15.089996,5952.809832,5543.5,5543.5,22.32999992370605,,
sim_2019-02-09_2026-05-21_29c06ed80e5a,2022-07-28,put_credit_spread,SPY,put_credit_spread_SPY_000069,0.0,0.0,0.0,5952.809832,1930.5,1930.5,22.32999992370605,,
sim_2019-02-09_2026-05-21_29c06ed80e5a,2022-07-29,short_straddle,SPY,short_straddle_SPY_000068,0.0,17.759949,17.759949,5970.569781,5543.5,5543.5,21.32999992370605,0.1868,0.2328
sim_2019-02-09_2026-05-21_29c06ed80e5a,2022-07-29,put_credit_spread,SPY,put_credit_spread_SPY_000069,0.0,0.0,0.0,5970.569781,1930.5,1930.5,21.32999992370605,0.1868,0.2328
sim_2019-02-09_2026-05-21_29c06ed80e5a,2022-08-01,short_straddle,SPY,short_straddle_SPY_000068,-3.06075,-4.276159,-7.336909,5963.232872,5543.5,5543.5,22.84000015258789,0.202,0.2066
sim_2019-02-09_2026-05-21_29c06ed80e5a,2022-08-01,put_credit_spread,SPY,put_credit_spread_SPY_000069,0.0,0.0,0.0,5963.232872,1930.5,1930.5,22.84000015258789,0.202,0.2066
sim_2019-02-09_2026-05-21_29c06ed80e5a,2022-08-01,short_straddle,SPY,short_straddle_SPY_000070,-2.897,0.0,-2.897,5960.335872,6421.39978,6421.39978,22.84000015258789,0.202,0.2066
sim_2019-02-09_2026-05-21_29c06ed80e5a,2022-08-02,short_straddle,SPY,short_straddle_SPY_000070,0.0,-0.81612,-0.81612,5959.519752,6421.39978,6421.39978,23.93000030517578,,
sim_2019-02-09_2026-05-21_29c06ed80e5a,2022-08-02,put_credit_spread,SPY,put_credit_spread_SPY_000069,0.0,0.0,0.0,5959.519752,1930.5,1930.5,23.93000030517578,,
sim_2019-02-09_2026-05-21_29c06ed80e5a,2022-08-03,short_straddle,SPY,short_straddle_SPY_000070,0.0,25.560059,25.560059,5985.079811,6421.39978,6421.39978,21.950000762939453,0.1969,0.2015
sim_2019-02-09_2026-05-21_29c06ed80e5a,2022-08-03,put_credit_spread,SPY,put_credit_spread_SPY_000069,505.0,0.0,505.0,6490.079811,1930.5,1930.5,21.950000762939453,0.1969,0.2015
sim_2019-02-09_2026-05-21_29c06ed80e5a,2022-08-03,put_credit_spread,SPY,put_credit_spread_SPY_000071,-2.20925,0.0,-2.20925,6487.870561,2081.5,2081.5,21.950000762939453,0.1969,0.2015
sim_2019-02-09_2026-05-21_29c06ed80e5a,2022-08-04,short_straddle,SPY,short_straddle_SPY_000070,0.0,-1.119995,-1.119995,6486.750566,6421.39978,6421.39978,21.440000534057617,,
sim_2019-02-09_2026-05-21_29c06ed80e5a,2022-08-04,put_credit_spread,SPY,put_credit_spread_SPY_000071,0.0,0.0,0.0,6486.750566,2081.5,2081.5,21.440000534057617,,
sim_2019-02-09_2026-05-21_29c06ed80e5a,2022-08-05,short_straddle,SPY,short_straddle_SPY_000070,0.0,-2.800049,-2.800049,6483.950517,6421.39978,6421.39978,21.14999961853028,0.1865,0.2009
sim_2019-02-09_2026-05-21_29c06ed80e5a,2022-08-05,put_credit_spread,SPY,put_credit_spread_SPY_000071,0.0,0.0,0.0,6483.950517,2081.5,2081.5,21.14999961853028,0.1865,0.2009
sim_2019-02-09_2026-05-21_29c06ed80e5a,2022-08-08,short_straddle,SPY,short_straddle_SPY_000070,0.0,-1.920044,-1.920044,6482.030473,6421.39978,6421.39978,21.290000915527344,0.1837,0.1823
sim_2019-02-09_2026-05-21_29c06ed80e5a,2022-08-08,put_credit_spread,SPY,put_credit_spread_SPY_000071,0.0,0.0,0.0,6482.030473,2081.5,2081.5,21.290000915527344,0.1837,0.1823
sim_2019-02-09_2026-05-21_29c06ed80e5a,2022-08-09,short_straddle,SPY,short_straddle_SPY_000070,0.0,-6.559937,-6.559937,6475.470537,6421.39978,6421.39978,21.770000457763672,,
sim_2019-02-09_2026-05-21_29c06ed80e5a,2022-08-09,put_credit_spread,SPY,put_credit_spread_SPY_000071,0.0,0.0,0.0,6475.470537,2081.5,2081.5,21.770000457763672,,
sim_2019-02-09_2026-05-21_29c06ed80e5a,2022-08-10,short_straddle,SPY,short_straddle_SPY_000070,0.0,34.559937,34.559937,6510.030473,6421.39978,6421.39978,19.739999771118164,0.1738,0.1773
sim_2019-02-09_2026-05-21_29c06ed80e5a,2022-08-10,put_credit_spread,SPY,put_credit_spread_SPY_000071,0.0,0.0,0.0,6510.030473,2081.5,2081.5,19.739999771118164,0.1738,0.1773
sim_2019-02-09_2026-05-21_29c06ed80e5a,2022-08-11,short_straddle,SPY,short_straddle_SPY_000070,0.0,0.0,0.0,6510.030473,6421.39978,6421.39978,20.200000762939453,,
sim_2019-02-09_2026-05-21_29c06ed80e5a,2022-08-11,put_credit_spread,SPY,put_credit_spread_SPY_000071,0.0,0.0,0.0,6510.030473,2081.5,2081.5,20.200000762939453,,
sim_2019-02-09_2026-05-21_29c06ed80e5a,2022-08-12,short_straddle,SPY,short_straddle_SPY_000070,0.0,28.440063,28.440063,6538.470537,6421.39978,6421.39978,19.530000686645508,0.1657,0.1778
sim_2019-02-09_2026-05-21_29c06ed80e5a,2022-08-12,put_credit_spread,SPY,put_credit_spread_SPY_000071,0.0,0.0,0.0,6538.470537,2081.5,2081.5,19.530000686645508,0.1657,0.1778
sim_2019-02-09_2026-05-21_29c06ed80e5a,2022-08-15,short_straddle,SPY,short_straddle_SPY_000070,0.0,7.039917,7.039917,6545.510454,6421.39978,6421.39978,19.950000762939453,0.1764,0.1768
sim_2019-02-09_2026-05-21_29c06ed80e5a,2022-08-15,put_credit_spread,SPY,put_credit_spread_SPY_000071,0.0,0.0,0.0,6545.510454,2081.5,2081.5,19.950000762939453,0.1764,0.1768
sim_2019-02-09_2026-05-21_29c06ed80e5a,2022-08-16,short_straddle,SPY,short_straddle_SPY_000070,0.0,3.360107,3.360107,6548.870561,6421.39978,6421.39978,19.690000534057617,,
sim_2019-02-09_2026-05-21_29c06ed80e5a,2022-08-16,put_credit_spread,SPY,put_credit_spread_SPY_000071,0.0,0.0,0.0,6548.870561,2081.5,2081.5,19.690000534057617,,
sim_2019-02-09_2026-05-21_29c06ed80e5a,2022-08-17,short_straddle,SPY,short_straddle_SPY_000070,0.0,-12.200073,-12.200073,6536.670488,6421.39978,6421.39978,19.89999961853028,0.1851,0.1797
sim_2019-02-09_2026-05-21_29c06ed80e5a,2022-08-17,put_credit_spread,SPY,put_credit_spread_SPY_000071,0.0,0.0,0.0,6536.670488,2081.5,2081.5,19.89999961853028,0.1851,0.1797
sim_2019-02-09_2026-05-21_29c06ed80e5a,2022-08-18,short_straddle,SPY,short_straddle_SPY_000070,0.0,4.960083,4.960083,6541.630571,6421.39978,6421.39978,19.559999465942383,,
sim_2019-02-09_2026-05-21_29c06ed80e5a,2022-08-18,put_credit_spread,SPY,put_credit_spread_SPY_000071,0.0,0.0,0.0,6541.630571,2081.5,2081.5,19.559999465942383,,
sim_2019-02-09_2026-05-21_29c06ed80e5a,2022-08-19,short_straddle,SPY,short_straddle_SPY_000070,0.0,-23.0,-23.0,6518.630571,6421.39978,6421.39978,20.600000381469727,0.1835,0.1827
sim_2019-02-09_2026-05-21_29c06ed80e5a,2022-08-19,put_credit_spread,SPY,put_credit_spread_SPY_000071,0.0,0.0,0.0,6518.630571,2081.5,2081.5,20.600000381469727,0.1835,0.1827
sim_2019-02-09_2026-05-21_29c06ed80e5a,2022-08-22,short_straddle,SPY,short_straddle_SPY_000070,0.0,-35.160034,-35.160034,6483.470537,6421.39978,6421.39978,23.799999237060547,0.213,0.1911
sim_2019-02-09_2026-05-21_29c06ed80e5a,2022-08-22,put_credit_spread,SPY,put_credit_spread_SPY_000071,0.0,0.0,0.0,6483.470537,2081.5,2081.5,23.799999237060547,0.213,0.1911
sim_2019-02-09_2026-05-21_29c06ed80e5a,2022-08-23,short_straddle,SPY,short_straddle_SPY_000070,0.0,-4.0,-4.0,6479.470537,6421.39978,6421.39978,24.11000061035156,,
sim_2019-02-09_2026-05-21_29c06ed80e5a,2022-08-23,put_credit_spread,SPY,put_credit_spread_SPY_000071,0.0,0.0,0.0,6479.470537,2081.5,2081.5,24.11000061035156,,
sim_2019-02-09_2026-05-21_29c06ed80e5a,2022-08-24,short_straddle,SPY,short_straddle_SPY_000070,0.0,5.280029,5.280029,6484.750566,6421.39978,6421.39978,22.81999969482422,0.2083,0.1872
sim_2019-02-09_2026-05-21_29c06ed80e5a,2022-08-24,put_credit_spread,SPY,put_credit_spread_SPY_000071,0.0,0.0,0.0,6484.750566,2081.5,2081.5,22.81999969482422,0.2083,0.1872
sim_2019-02-09_2026-05-21_29c06ed80e5a,2022-08-25,short_straddle,SPY,short_straddle_SPY_000070,0.0,23.359985,23.359985,6508.110551,6421.39978,6421.39978,21.780000686645508,,
sim_2019-02-09_2026-05-21_29c06ed80e5a,2022-08-25,put_credit_spread,SPY,put_credit_spread_SPY_000071,0.0,0.0,0.0,6508.110551,2081.5,2081.5,21.780000686645508,,
sim_2019-02-09_2026-05-21_29c06ed80e5a,2022-08-26,short_straddle,SPY,short_straddle_SPY_000070,0.0,-56.800049,-56.800049,6451.310502,6421.39978,6421.39978,25.559999465942383,0.225,0.213
sim_2019-02-09_2026-05-21_29c06ed80e5a,2022-08-26,put_credit_spread,SPY,put_credit_spread_SPY_000071,0.0,0.0,0.0,6451.310502,2081.5,2081.5,25.559999465942383,0.225,0.213
sim_2019-02-09_2026-05-21_29c06ed80e5a,2022-08-29,short_straddle,SPY,short_straddle_SPY_000070,954.581989,-11.525231,943.056758,7394.36726,6421.39978,6421.39978,26.209999084472656,0.2336,0.2124
sim_2019-02-09_2026-05-21_29c06ed80e5a,2022-08-29,put_credit_spread,SPY,put_credit_spread_SPY_000071,-2.20925,0.0,-2.20925,7392.15801,2081.5,2081.5,26.209999084472656,0.2336,0.2124
sim_2019-02-09_2026-05-21_29c06ed80e5a,2022-08-29,short_straddle,SPY,short_straddle_SPY_000072,-3.03325,0.0,-3.03325,7389.12476,5986.100098,5986.100098,26.209999084472656,0.2336,0.2124
sim_2019-02-09_2026-05-21_29c06ed80e5a,2022-08-29,put_credit_spread,SPY,put_credit_spread_SPY_000073,-2.1765,0.0,-2.1765,7386.94826,2247.0,2247.0,26.209999084472656,0.2336,0.2124
sim_2019-02-09_2026-05-21_29c06ed80e5a,2022-08-30,short_straddle,SPY,short_straddle_SPY_000072,0.0,-0.39821,-0.39821,7386.55005,5986.100098,5986.100098,26.209999084472656,,
sim_2019-02-09_2026-05-21_29c06ed80e5a,2022-08-30,put_credit_spread,SPY,put_credit_spread_SPY_000073,0.0,0.0,0.0,7386.55005,2247.0,2247.0,26.209999084472656,,
sim_2019-02-09_2026-05-21_29c06ed80e5a,2022-08-31,short_straddle,SPY,short_straddle_SPY_000072,0.0,-6.059998,-6.059998,7380.490053,5986.100098,5986.100098,25.8700008392334,0.2357,0.2023
sim_2019-02-09_2026-05-21_29c06ed80e5a,2022-08-31,put_credit_spread,SPY,put_credit_spread_SPY_000073,0.0,0.0,0.0,7380.490053,2247.0,2247.0,25.8700008392334,0.2357,0.2023
sim_2019-02-09_2026-05-21_29c06ed80e5a,2022-09-01,short_straddle,SPY,short_straddle_SPY_000072,0.0,2.480042,2.480042,7382.970094,5986.100098,5986.100098,25.559999465942383,,
sim_2019-02-09_2026-05-21_29c06ed80e5a,2022-09-01,put_credit_spread,SPY,put_credit_spread_SPY_000073,0.0,0.0,0.0,7382.970094,2247.0,2247.0,25.559999465942383,,
sim_2019-02-09_2026-05-21_29c06ed80e5a,2022-09-02,short_straddle,SPY,short_straddle_SPY_000072,0.0,-8.360046,-8.360046,7374.610048,5986.100098,5986.100098,25.46999931335449,0.2282,0.2008
sim_2019-02-09_2026-05-21_29c06ed80e5a,2022-09-02,put_credit_spread,SPY,put_credit_spread_SPY_000073,0.0,0.0,0.0,7374.610048,2247.0,2247.0,25.46999931335449,0.2282,0.2008
sim_2019-02-09_2026-05-21_29c06ed80e5a,2022-09-06,short_straddle,SPY,short_straddle_SPY_000072,0.0,-2.959961,-2.959961,7371.650087,5986.100098,5986.100098,26.90999984741211,,
sim_2019-02-09_2026-05-21_29c06ed80e5a,2022-09-06,put_credit_spread,SPY,put_credit_spread_SPY_000073,0.0,0.0,0.0,7371.650087,2247.0,2247.0,26.90999984741211,,
sim_2019-02-09_2026-05-21_29c06ed80e5a,2022-09-07,short_straddle,SPY,short_straddle_SPY_000072,0.0,14.039978,14.039978,7385.690065,5986.100098,5986.100098,24.63999938964844,0.2231,0.2047
sim_2019-02-09_2026-05-21_29c06ed80e5a,2022-09-07,put_credit_spread,SPY,put_credit_spread_SPY_000073,0.0,0.0,0.0,7385.690065,2247.0,2247.0,24.63999938964844,0.2231,0.2047
sim_2019-02-09_2026-05-21_29c06ed80e5a,2022-09-08,short_straddle,SPY,short_straddle_SPY_000072,0.0,5.200012,5.200012,7390.890077,5986.100098,5986.100098,23.61000061035156,,
sim_2019-02-09_2026-05-21_29c06ed80e5a,2022-09-08,put_credit_spread,SPY,put_credit_spread_SPY_000073,0.0,0.0,0.0,7390.890077,2247.0,2247.0,23.61000061035156,,
sim_2019-02-09_2026-05-21_29c06ed80e5a,2022-09-09,short_straddle,SPY,short_straddle_SPY_000072,0.0,12.440002,12.440002,7403.33008,5986.100098,5986.100098,22.790000915527344,0.2022,0.1933
sim_2019-02-09_2026-05-21_29c06ed80e5a,2022-09-09,put_credit_spread,SPY,put_credit_spread_SPY_000073,0.0,0.0,0.0,7403.33008,2247.0,2247.0,22.790000915527344,0.2022,0.1933
sim_2019-02-09_2026-05-21_29c06ed80e5a,2022-09-12,short_straddle,SPY,short_straddle_SPY_000072,455.0,2.16447,457.16447,7860.49455,5986.100098,5986.100098,23.8700008392334,0.2122,0.1911
sim_2019-02-09_2026-05-21_29c06ed80e5a,2022-09-12,put_credit_spread,SPY,put_credit_spread_SPY_000073,257.0,0.0,257.0,8117.49455,2247.0,2247.0,23.8700008392334,0.2122,0.1911
sim_2019-02-09_2026-05-21_29c06ed80e5a,2022-09-13,short_straddle,SPY,short_straddle_SPY_000072,0.0,-613.869434,-613.869434,7503.625116,5986.100098,5986.100098,27.270000457763672,,
sim_2019-02-09_2026-05-21_29c06ed80e5a,2022-09-13,put_credit_spread,SPY,put_credit_spread_SPY_000073,0.0,0.0,0.0,7503.625116,2247.0,2247.0,27.270000457763672,,
sim_2019-02-09_2026-05-21_29c06ed80e5a,2022-09-14,short_straddle,SPY,short_straddle_SPY_000072,0.0,3.0,3.0,7506.625116,5986.100098,5986.100098,26.15999984741211,0.2381,0.2303
sim_2019-02-09_2026-05-21_29c06ed80e5a,2022-09-14,put_credit_spread,SPY,put_credit_spread_SPY_000073,0.0,0.0,0.0,7506.625116,2247.0,2247.0,26.15999984741211,0.2381,0.2303
sim_2019-02-09_2026-05-21_29c06ed80e5a,2022-09-15,short_straddle,SPY,short_straddle_SPY_000072,0.0,-8.960022,-8.960022,7497.665094,5986.100098,5986.100098,26.270000457763672,,
sim_2019-02-09_2026-05-21_29c06ed80e5a,2022-09-15,put_credit_spread,SPY,put_credit_spread_SPY_000073,0.0,0.0,0.0,7497.665094,2247.0,2247.0,26.270000457763672,,
sim_2019-02-09_2026-05-21_29c06ed80e5a,2022-09-16,short_straddle,SPY,short_straddle_SPY_000072,0.0,-9.119995,-9.119995,7488.545099,5986.100098,5986.100098,26.299999237060547,0.2449,0.2283
sim_2019-02-09_2026-05-21_29c06ed80e5a,2022-09-16,put_credit_spread,SPY,put_credit_spread_SPY_000073,0.0,0.0,0.0,7488.545099,2247.0,2247.0,26.299999237060547,0.2449,0.2283
sim_2019-02-09_2026-05-21_29c06ed80e5a,2022-09-19,short_straddle,SPY,short_straddle_SPY_000072,0.0,5.97998,5.97998,7494.525079,5986.100098,5986.100098,25.76000022888184,0.2414,0.2302
sim_2019-02-09_2026-05-21_29c06ed80e5a,2022-09-19,put_credit_spread,SPY,put_credit_spread_SPY_000073,0.0,0.0,0.0,7494.525079,2247.0,2247.0,25.76000022888184,0.2414,0.2302
sim_2019-02-09_2026-05-21_29c06ed80e5a,2022-09-20,short_straddle,SPY,short_straddle_SPY_000072,0.0,-8.919983,-8.919983,7485.605096,5986.100098,5986.100098,27.15999984741211,,
sim_2019-02-09_2026-05-21_29c06ed80e5a,2022-09-20,put_credit_spread,SPY,put_credit_spread_SPY_000073,0.0,0.0,0.0,7485.605096,2247.0,2247.0,27.15999984741211,,
sim_2019-02-09_2026-05-21_29c06ed80e5a,2022-09-21,short_straddle,SPY,short_straddle_SPY_000072,0.0,-13.399963,-13.399963,7472.205133,5986.100098,5986.100098,27.989999771118164,0.2661,0.2359
sim_2019-02-09_2026-05-21_29c06ed80e5a,2022-09-21,put_credit_spread,SPY,put_credit_spread_SPY_000073,0.0,0.0,0.0,7472.205133,2247.0,2247.0,27.989999771118164,0.2661,0.2359
sim_2019-02-09_2026-05-21_29c06ed80e5a,2022-09-22,short_straddle,SPY,short_straddle_SPY_000072,0.0,-6.340027,-6.340027,7465.865106,5986.100098,5986.100098,27.350000381469727,,
sim_2019-02-09_2026-05-21_29c06ed80e5a,2022-09-22,put_credit_spread,SPY,put_credit_spread_SPY_000073,0.0,0.0,0.0,7465.865106,2247.0,2247.0,27.350000381469727,,
sim_2019-02-09_2026-05-21_29c06ed80e5a,2022-09-23,short_straddle,SPY,short_straddle_SPY_000072,0.0,-12.539978,-12.539978,7453.325128,5986.100098,5986.100098,29.920000076293945,0.271,0.2282
sim_2019-02-09_2026-05-21_29c06ed80e5a,2022-09-23,put_credit_spread,SPY,put_credit_spread_SPY_000073,0.0,0.0,0.0,7453.325128,2247.0,2247.0,29.920000076293945,0.271,0.2282
sim_2019-02-09_2026-05-21_29c06ed80e5a,2022-09-26,short_straddle,SPY,short_straddle_SPY_000072,-2161.384744,-7.644339,-2169.029084,5284.296044,5986.100098,5986.100098,32.2599983215332,0.2928,0.2196
sim_2019-02-09_2026-05-21_29c06ed80e5a,2022-09-26,put_credit_spread,SPY,put_credit_spread_SPY_000073,-2076.084744,0.0,-2076.084744,3208.2113,2247.0,2247.0,32.2599983215332,0.2928,0.2196
sim_2019-02-09_2026-05-21_29c06ed80e5a,2022-09-26,short_straddle,SPY,short_straddle_SPY_000074,-3.1775,0.0,-3.1775,3205.0338,4931.199951,4931.199951,32.2599983215332,0.2928,0.2196
sim_2019-02-09_2026-05-21_29c06ed80e5a,2022-09-26,put_credit_spread,SPY,put_credit_spread_SPY_000075,-2.24275,0.0,-2.24275,3202.79105,2514.5,2514.5,32.2599983215332,0.2928,0.2196
sim_2019-02-09_2026-05-21_29c06ed80e5a,2022-09-27,short_straddle,SPY,short_straddle_SPY_000074,0.0,-0.72676,-0.72676,3202.06429,4931.199951,4931.199951,32.599998474121094,,
sim_2019-02-09_2026-05-21_29c06ed80e5a,2022-09-27,put_credit_spread,SPY,put_credit_spread_SPY_000075,0.0,0.0,0.0,3202.06429,2514.5,2514.5,32.599998474121094,,
sim_2019-02-09_2026-05-21_29c06ed80e5a,2022-09-28,short_straddle,SPY,short_straddle_SPY_000074,0.0,28.599976,28.599976,3230.664266,4931.199951,4931.199951,30.18000030517578,0.274,0.2289
sim_2019-02-09_2026-05-21_29c06ed80e5a,2022-09-28,put_credit_spread,SPY,put_credit_spread_SPY_000075,0.0,0.0,0.0,3230.664266,2514.5,2514.5,30.18000030517578,0.274,0.2289
sim_2019-02-09_2026-05-21_29c06ed80e5a,2022-09-29,short_straddle,SPY,short_straddle_SPY_000074,0.0,-30.959961,-30.959961,3199.704305,4931.199951,4931.199951,31.84000015258789,,
sim_2019-02-09_2026-05-21_29c06ed80e5a,2022-09-29,put_credit_spread,SPY,put_credit_spread_SPY_000075,0.0,0.0,0.0,3199.704305,2514.5,2514.5,31.84000015258789,,
sim_2019-02-09_2026-05-21_29c06ed80e5a,2022-09-30,short_straddle,SPY,short_straddle_SPY_000074,0.0,-22.440063,-22.440063,3177.264241,4931.199951,4931.199951,31.6200008392334,0.2777,0.234
sim_2019-02-09_2026-05-21_29c06ed80e5a,2022-09-30,put_credit_spread,SPY,put_credit_spread_SPY_000075,0.0,0.0,0.0,3177.264241,2514.5,2514.5,31.6200008392334,0.2777,0.234
sim_2019-02-09_2026-05-21_29c06ed80e5a,2022-10-03,short_straddle,SPY,short_straddle_SPY_000074,0.0,37.719971,37.719971,3214.984212,4931.199951,4931.199951,30.100000381469727,0.2687,0.2505
sim_2019-02-09_2026-05-21_29c06ed80e5a,2022-10-03,put_credit_spread,SPY,put_credit_spread_SPY_000075,0.0,0.0,0.0,3214.984212,2514.5,2514.5,30.100000381469727,0.2687,0.2505
sim_2019-02-09_2026-05-21_29c06ed80e5a,2022-10-04,short_straddle,SPY,short_straddle_SPY_000074,0.0,45.440063,45.440063,3260.424275,4931.199951,4931.199951,29.06999969482422,,
sim_2019-02-09_2026-05-21_29c06ed80e5a,2022-10-04,put_credit_spread,SPY,put_credit_spread_SPY_000075,0.0,0.0,0.0,3260.424275,2514.5,2514.5,29.06999969482422,,
sim_2019-02-09_2026-05-21_29c06ed80e5a,2022-10-05,short_straddle,SPY,short_straddle_SPY_000074,0.0,-3.52002,-3.52002,3256.904256,4931.199951,4931.199951,28.549999237060547,0.2598,0.2654
sim_2019-02-09_2026-05-21_29c06ed80e5a,2022-10-05,put_credit_spread,SPY,put_credit_spread_SPY_000075,0.0,0.0,0.0,3256.904256,2514.5,2514.5,28.549999237060547,0.2598,0.2654
sim_2019-02-09_2026-05-21_29c06ed80e5a,2022-10-06,short_straddle,SPY,short_straddle_SPY_000074,0.0,-15.559937,-15.559937,3241.344319,4931.199951,4931.199951,30.520000457763672,,
sim_2019-02-09_2026-05-21_29c06ed80e5a,2022-10-06,put_credit_spread,SPY,put_credit_spread_SPY_000075,0.0,0.0,0.0,3241.344319,2514.5,2514.5,30.520000457763672,,
sim_2019-02-09_2026-05-21_29c06ed80e5a,2022-10-07,short_straddle,SPY,short_straddle_SPY_000074,0.0,-41.640015,-41.640015,3199.704305,4931.199951,4931.199951,31.36000061035156,0.2801,0.2697
sim_2019-02-09_2026-05-21_29c06ed80e5a,2022-10-07,put_credit_spread,SPY,put_credit_spread_SPY_000075,0.0,0.0,0.0,3199.704305,2514.5,2514.5,31.36000061035156,0.2801,0.2697
sim_2019-02-09_2026-05-21_29c06ed80e5a,2022-10-10,short_straddle,SPY,short_straddle_SPY_000074,0.0,-11.080078,-11.080078,3188.624227,4931.199951,4931.199951,32.45000076293945,0.2937,0.2549
sim_2019-02-09_2026-05-21_29c06ed80e5a,2022-10-10,put_credit_spread,SPY,put_credit_spread_SPY_000075,0.0,0.0,0.0,3188.624227,2514.5,2514.5,32.45000076293945,0.2937,0.2549
sim_2019-02-09_2026-05-21_29c06ed80e5a,2022-10-11,short_straddle,SPY,short_straddle_SPY_000074,0.0,-9.119995,-9.119995,3179.504231,4931.199951,4931.199951,33.630001068115234,,
sim_2019-02-09_2026-05-21_29c06ed80e5a,2022-10-11,put_credit_spread,SPY,put_credit_spread_SPY_000075,0.0,0.0,0.0,3179.504231,2514.5,2514.5,33.630001068115234,,
sim_2019-02-09_2026-05-21_29c06ed80e5a,2022-10-12,short_straddle,SPY,short_straddle_SPY_000074,0.0,-4.719971,-4.719971,3174.784261,4931.199951,4931.199951,33.56999969482422,0.3092,0.254
sim_2019-02-09_2026-05-21_29c06ed80e5a,2022-10-12,put_credit_spread,SPY,put_credit_spread_SPY_000075,0.0,0.0,0.0,3174.784261,2514.5,2514.5,33.56999969482422,0.3092,0.254
sim_2019-02-09_2026-05-21_29c06ed80e5a,2022-10-13,short_straddle,SPY,short_straddle_SPY_000074,0.0,37.640015,37.640015,3212.424275,4931.199951,4931.199951,31.940000534057617,,
sim_2019-02-09_2026-05-21_29c06ed80e5a,2022-10-13,put_credit_spread,SPY,put_credit_spread_SPY_000075,0.0,0.0,0.0,3212.424275,2514.5,2514.5,31.940000534057617,,
sim_2019-02-09_2026-05-21_29c06ed80e5a,2022-10-14,short_straddle,SPY,short_straddle_SPY_000074,0.0,-33.359985,-33.359985,3179.06429,4931.199951,4931.199951,32.02000045776367,0.2942,0.2737
sim_2019-02-09_2026-05-21_29c06ed80e5a,2022-10-14,put_credit_spread,SPY,put_credit_spread_SPY_000075,0.0,0.0,0.0,3179.06429,2514.5,2514.5,32.02000045776367,0.2942,0.2737
sim_2019-02-09_2026-05-21_29c06ed80e5a,2022-10-17,short_straddle,SPY,short_straddle_SPY_000074,0.0,36.76001,36.76001,3215.8243,4931.199951,4931.199951,31.3700008392334,0.2906,0.2851
sim_2019-02-09_2026-05-21_29c06ed80e5a,2022-10-17,put_credit_spread,SPY,put_credit_spread_SPY_000075,0.0,0.0,0.0,3215.8243,2514.5,2514.5,31.3700008392334,0.2906,0.2851
sim_2019-02-09_2026-05-21_29c06ed80e5a,2022-10-18,short_straddle,SPY,short_straddle_SPY_000074,0.0,17.23999,17.23999,3233.06429,4931.199951,4931.199951,30.5,,
sim_2019-02-09_2026-05-21_29c06ed80e5a,2022-10-18,put_credit_spread,SPY,put_credit_spread_SPY_000075,0.0,0.0,0.0,3233.06429,2514.5,2514.5,30.5,,
sim_2019-02-09_2026-05-21_29c06ed80e5a,2022-10-19,short_straddle,SPY,short_straddle_SPY_000074,0.0,-10.52002,-10.52002,3222.544271,4931.199951,4931.199951,30.76000022888184,0.2864,0.2822
sim_2019-02-09_2026-05-21_29c06ed80e5a,2022-10-19,put_credit_spread,SPY,put_credit_spread_SPY_000075,0.0,0.0,0.0,3222.544271,2514.5,2514.5,30.76000022888184,0.2864,0.2822
sim_2019-02-09_2026-05-21_29c06ed80e5a,2022-10-20,short_straddle,SPY,short_straddle_SPY_000074,0.0,-12.359985,-12.359985,3210.184285,4931.199951,4931.199951,29.979999542236328,,
sim_2019-02-09_2026-05-21_29c06ed80e5a,2022-10-20,put_credit_spread,SPY,put_credit_spread_SPY_000075,0.0,0.0,0.0,3210.184285,2514.5,2514.5,29.979999542236328,,
sim_2019-02-09_2026-05-21_29c06ed80e5a,2022-10-21,short_straddle,SPY,short_straddle_SPY_000074,0.0,35.52002,35.52002,3245.704305,4931.199951,4931.199951,29.690000534057617,,
sim_2019-02-09_2026-05-21_29c06ed80e5a,2022-10-21,put_credit_spread,SPY,put_credit_spread_SPY_000075,0.0,0.0,0.0,3245.704305,2514.5,2514.5,29.690000534057617,,
sim_2019-02-09_2026-05-21_29c06ed80e5a,2022-10-24,short_straddle,SPY,short_straddle_SPY_000074,865.256989,17.562206,882.819195,4128.5235,4931.199951,4931.199951,29.850000381469727,0.282,0.2879
sim_2019-02-09_2026-05-21_29c06ed80e5a,2022-10-24,put_credit_spread,SPY,put_credit_spread_SPY_000075,483.5,0.0,483.5,4612.0235,2514.5,2514.5,29.850000381469727,0.282,0.2879
sim_2019-02-09_2026-05-21_29c06ed80e5a,2022-10-24,short_straddle,SPY,short_straddle_SPY_000076,-3.1825,0.0,-3.1825,4608.841,5212.399902,5212.399902,29.850000381469727,0.282,0.2879
sim_2019-02-09_2026-05-21_29c06ed80e5a,2022-10-24,put_credit_spread,SPY,put_credit_spread_SPY_000077,-2.205,0.0,-2.205,4606.636,1890.0,1890.0,29.850000381469727,0.282,0.2879
sim_2019-02-09_2026-05-21_29c06ed80e5a,2022-10-25,short_straddle,SPY,short_straddle_SPY_000076,0.0,-1.34722,-1.34722,4605.288779,5212.399902,5212.399902,28.459999084472656,,
sim_2019-02-09_2026-05-21_29c06ed80e5a,2022-10-25,put_credit_spread,SPY,put_credit_spread_SPY_000077,0.0,0.0,0.0,4605.288779,1890.0,1890.0,28.459999084472656,,
sim_2019-02-09_2026-05-21_29c06ed80e5a,2022-10-26,short_straddle,SPY,short_straddle_SPY_000076,0.0,-20.300171,-20.300171,4584.988609,5212.399902,5212.399902,27.280000686645508,0.2575,0.2644
sim_2019-02-09_2026-05-21_29c06ed80e5a,2022-10-26,put_credit_spread,SPY,put_credit_spread_SPY_000077,0.0,0.0,0.0,4584.988609,1890.0,1890.0,27.280000686645508,0.2575,0.2644
sim_2019-02-09_2026-05-21_29c06ed80e5a,2022-10-27,short_straddle,SPY,short_straddle_SPY_000076,0.0,-14.279846,-14.279846,4570.708762,5212.399902,5212.399902,27.38999938964844,,
sim_2019-02-09_2026-05-21_29c06ed80e5a,2022-10-27,put_credit_spread,SPY,put_credit_spread_SPY_000077,0.0,0.0,0.0,4570.708762,1890.0,1890.0,27.38999938964844,,
sim_2019-02-09_2026-05-21_29c06ed80e5a,2022-10-28,short_straddle,SPY,short_straddle_SPY_000076,0.0,63.279846,63.279846,4633.988609,5212.399902,5212.399902,25.75,0.2422,0.27
sim_2019-02-09_2026-05-21_29c06ed80e5a,2022-10-28,put_credit_spread,SPY,put_credit_spread_SPY_000077,0.0,0.0,0.0,4633.988609,1890.0,1890.0,25.75,0.2422,0.27
sim_2019-02-09_2026-05-21_29c06ed80e5a,2022-10-31,short_straddle,SPY,short_straddle_SPY_000076,0.0,-19.669983,-19.669983,4614.318626,5212.399902,5212.399902,25.8799991607666,0.2434,0.2699
sim_2019-02-09_2026-05-21_29c06ed80e5a,2022-10-31,put_credit_spread,SPY,put_credit_spread_SPY_000077,0.0,0.0,0.0,4614.318626,1890.0,1890.0,25.8799991607666,0.2434,0.2699
sim_2019-02-09_2026-05-21_29c06ed80e5a,2022-11-01,short_straddle,SPY,short_straddle_SPY_000076,0.0,-11.830017,-11.830017,4602.488609,5212.399902,5212.399902,25.809999465942383,,
sim_2019-02-09_2026-05-21_29c06ed80e5a,2022-11-01,put_credit_spread,SPY,put_credit_spread_SPY_000077,0.0,0.0,0.0,4602.488609,1890.0,1890.0,25.809999465942383,,
sim_2019-02-09_2026-05-21_29c06ed80e5a,2022-11-02,short_straddle,SPY,short_straddle_SPY_000076,0.0,-67.549957,-67.549957,4534.938651,5212.399902,5212.399902,25.86000061035156,0.2475,0.2735
sim_2019-02-09_2026-05-21_29c06ed80e5a,2022-11-02,put_credit_spread,SPY,put_credit_spread_SPY_000077,0.0,0.0,0.0,4534.938651,1890.0,1890.0,25.86000061035156,0.2475,0.2735
sim_2019-02-09_2026-05-21_29c06ed80e5a,2022-11-03,short_straddle,SPY,short_straddle_SPY_000076,0.0,-27.019897,-27.019897,4507.918754,5212.399902,5212.399902,25.299999237060547,,
sim_2019-02-09_2026-05-21_29c06ed80e5a,2022-11-03,put_credit_spread,SPY,put_credit_spread_SPY_000077,0.0,0.0,0.0,4507.918754,1890.0,1890.0,25.299999237060547,,
sim_2019-02-09_2026-05-21_29c06ed80e5a,2022-11-04,short_straddle,SPY,short_straddle_SPY_000076,0.0,37.379974,37.379974,4545.298728,5212.399902,5212.399902,24.549999237060547,0.2324,0.2725
sim_2019-02-09_2026-05-21_29c06ed80e5a,2022-11-04,put_credit_spread,SPY,put_credit_spread_SPY_000077,0.0,0.0,0.0,4545.298728,1890.0,1890.0,24.549999237060547,0.2324,0.2725
sim_2019-02-09_2026-05-21_29c06ed80e5a,2022-11-07,short_straddle,SPY,short_straddle_SPY_000076,0.0,25.200043,25.200043,4570.498771,5212.399902,5212.399902,24.350000381469727,0.2308,0.2717
sim_2019-02-09_2026-05-21_29c06ed80e5a,2022-11-07,put_credit_spread,SPY,put_credit_spread_SPY_000077,0.0,0.0,0.0,4570.498771,1890.0,1890.0,24.350000381469727,0.2308,0.2717
sim_2019-02-09_2026-05-21_29c06ed80e5a,2022-11-08,short_straddle,SPY,short_straddle_SPY_000076,0.0,14.349915,14.349915,4584.848685,5212.399902,5212.399902,25.540000915527344,,
sim_2019-02-09_2026-05-21_29c06ed80e5a,2022-11-08,put_credit_spread,SPY,put_credit_spread_SPY_000077,0.0,0.0,0.0,4584.848685,1890.0,1890.0,25.540000915527344,,
sim_2019-02-09_2026-05-21_29c06ed80e5a,2022-11-09,short_straddle,SPY,short_straddle_SPY_000076,0.0,-55.089966,-55.089966,4529.75872,5212.399902,5212.399902,26.09000015258789,0.2454,0.2738
sim_2019-02-09_2026-05-21_29c06ed80e5a,2022-11-09,put_credit_spread,SPY,put_credit_spread_SPY_000077,0.0,0.0,0.0,4529.75872,1890.0,1890.0,26.09000015258789,0.2454,0.2738
sim_2019-02-09_2026-05-21_29c06ed80e5a,2022-11-10,short_straddle,SPY,short_straddle_SPY_000076,0.0,143.919983,143.919983,4673.678703,5212.399902,5212.399902,23.530000686645508,,
sim_2019-02-09_2026-05-21_29c06ed80e5a,2022-11-10,put_credit_spread,SPY,put_credit_spread_SPY_000077,0.0,0.0,0.0,4673.678703,1890.0,1890.0,23.530000686645508,,
sim_2019-02-09_2026-05-21_29c06ed80e5a,2022-11-11,short_straddle,SPY,short_straddle_SPY_000076,0.0,26.740051,26.740051,4700.418754,5212.399902,5212.399902,22.520000457763672,0.2018,0.302
sim_2019-02-09_2026-05-21_29c06ed80e5a,2022-11-11,put_credit_spread,SPY,put_credit_spread_SPY_000077,0.0,0.0,0.0,4700.418754,1890.0,1890.0,22.520000457763672,0.2018,0.302
sim_2019-02-09_2026-05-21_29c06ed80e5a,2022-11-14,short_straddle,SPY,short_straddle_SPY_000076,0.0,-23.730103,-23.730103,4676.688651,5212.399902,5212.399902,23.729999542236328,0.2252,0.2963
sim_2019-02-09_2026-05-21_29c06ed80e5a,2022-11-14,put_credit_spread,SPY,put_credit_spread_SPY_000077,0.0,0.0,0.0,4676.688651,1890.0,1890.0,23.729999542236328,0.2252,0.2963
sim_2019-02-09_2026-05-21_29c06ed80e5a,2022-11-15,short_straddle,SPY,short_straddle_SPY_000076,0.0,23.589966,23.589966,4700.278617,5212.399902,5212.399902,24.540000915527344,,
sim_2019-02-09_2026-05-21_29c06ed80e5a,2022-11-15,put_credit_spread,SPY,put_credit_spread_SPY_000077,0.0,0.0,0.0,4700.278617,1890.0,1890.0,24.540000915527344,,
sim_2019-02-09_2026-05-21_29c06ed80e5a,2022-11-16,short_straddle,SPY,short_straddle_SPY_000076,0.0,-21.279846,-21.279846,4678.998771,5212.399902,5212.399902,24.11000061035156,0.2325,0.2859
sim_2019-02-09_2026-05-21_29c06ed80e5a,2022-11-16,put_credit_spread,SPY,put_credit_spread_SPY_000077,0.0,0.0,0.0,4678.998771,1890.0,1890.0,24.11000061035156,0.2325,0.2859
sim_2019-02-09_2026-05-21_29c06ed80e5a,2022-11-17,short_straddle,SPY,short_straddle_SPY_000076,0.0,-8.470154,-8.470154,4670.528617,5212.399902,5212.399902,23.93000030517578,,
sim_2019-02-09_2026-05-21_29c06ed80e5a,2022-11-17,put_credit_spread,SPY,put_credit_spread_SPY_000077,0.0,0.0,0.0,4670.528617,1890.0,1890.0,23.93000030517578,,
sim_2019-02-09_2026-05-21_29c06ed80e5a,2022-11-18,short_straddle,SPY,short_straddle_SPY_000076,0.0,12.53006,12.53006,4683.058677,5212.399902,5212.399902,23.1200008392334,0.2251,0.2694
sim_2019-02-09_2026-05-21_29c06ed80e5a,2022-11-18,put_credit_spread,SPY,put_credit_spread_SPY_000077,0.0,0.0,0.0,4683.058677,1890.0,1890.0,23.1200008392334,0.2251,0.2694
sim_2019-02-09_2026-05-21_29c06ed80e5a,2022-11-21,short_straddle,SPY,short_straddle_SPY_000076,703.170866,-11.461082,691.709784,5374.768461,5212.399902,5212.399902,22.36000061035156,0.2168,0.2682
sim_2019-02-09_2026-05-21_29c06ed80e5a,2022-11-21,put_credit_spread,SPY,put_credit_spread_SPY_000077,408.0,0.0,408.0,5782.768461,1890.0,1890.0,22.36000061035156,0.2168,0.2682
sim_2019-02-09_2026-05-21_29c06ed80e5a,2022-11-21,short_straddle,SPY,short_straddle_SPY_000078,-2.91875,0.0,-2.91875,5779.849711,6054.299927,6054.299927,22.36000061035156,0.2168,0.2682
sim_2019-02-09_2026-05-21_29c06ed80e5a,2022-11-21,put_credit_spread,SPY,put_credit_spread_SPY_000079,-2.122,0.0,-2.122,5777.727711,1356.0,1356.0,22.36000061035156,0.2168,0.2682
sim_2019-02-09_2026-05-21_29c06ed80e5a,2022-11-22,short_straddle,SPY,short_straddle_SPY_000078,0.0,-0.19995,-0.19995,5777.527761,6054.299927,6054.299927,21.290000915527344,,
sim_2019-02-09_2026-05-21_29c06ed80e5a,2022-11-22,put_credit_spread,SPY,put_credit_spread_SPY_000079,0.0,0.0,0.0,5777.527761,1356.0,1356.0,21.290000915527344,,
sim_2019-02-09_2026-05-21_29c06ed80e5a,2022-11-23,short_straddle,SPY,short_straddle_SPY_000078,0.0,2.52002,2.52002,5780.047781,6054.299927,6054.299927,20.350000381469727,0.1927,0.2676
sim_2019-02-09_2026-05-21_29c06ed80e5a,2022-11-23,put_credit_spread,SPY,put_credit_spread_SPY_000079,0.0,0.0,0.0,5780.047781,1356.0,1356.0,20.350000381469727,0.1927,0.2676
sim_2019-02-09_2026-05-21_29c06ed80e5a,2022-11-25,short_straddle,SPY,short_straddle_SPY_000078,0.0,-0.090027,-0.090027,5779.957754,6054.299927,6054.299927,20.5,0.1916,0.2595
sim_2019-02-09_2026-05-21_29c06ed80e5a,2022-11-25,put_credit_spread,SPY,put_credit_spread_SPY_000079,0.0,0.0,0.0,5779.957754,1356.0,1356.0,20.5,0.1916,0.2595
sim_2019-02-09_2026-05-21_29c06ed80e5a,2022-11-28,short_straddle,SPY,short_straddle_SPY_000078,0.0,-6.419983,-6.419983,5773.537771,6054.299927,6054.299927,22.209999084472656,0.2094,0.2541
sim_2019-02-09_2026-05-21_29c06ed80e5a,2022-11-28,put_credit_spread,SPY,put_credit_spread_SPY_000079,0.0,0.0,0.0,5773.537771,1356.0,1356.0,22.209999084472656,0.2094,0.2541
sim_2019-02-09_2026-05-21_29c06ed80e5a,2022-11-29,short_straddle,SPY,short_straddle_SPY_000078,0.0,-0.679993,-0.679993,5772.857778,6054.299927,6054.299927,21.88999938964844,,
sim_2019-02-09_2026-05-21_29c06ed80e5a,2022-11-29,put_credit_spread,SPY,put_credit_spread_SPY_000079,0.0,0.0,0.0,5772.857778,1356.0,1356.0,21.88999938964844,,
sim_2019-02-09_2026-05-21_29c06ed80e5a,2022-11-30,short_straddle,SPY,short_straddle_SPY_000078,0.0,12.449982,12.449982,5785.30776,6054.299927,6054.299927,20.57999992370605,0.1937,0.2581
sim_2019-02-09_2026-05-21_29c06ed80e5a,2022-11-30,put_credit_spread,SPY,put_credit_spread_SPY_000079,0.0,0.0,0.0,5785.30776,1356.0,1356.0,20.57999992370605,0.1937,0.2581
sim_2019-02-09_2026-05-21_29c06ed80e5a,2022-12-01,short_straddle,SPY,short_straddle_SPY_000078,0.0,-0.299988,-0.299988,5785.007772,6054.299927,6054.299927,19.84000015258789,,
sim_2019-02-09_2026-05-21_29c06ed80e5a,2022-12-01,put_credit_spread,SPY,put_credit_spread_SPY_000079,0.0,0.0,0.0,5785.007772,1356.0,1356.0,19.84000015258789,,
sim_2019-02-09_2026-05-21_29c06ed80e5a,2022-12-02,short_straddle,SPY,short_straddle_SPY_000078,0.0,-0.470001,-0.470001,5784.537771,6054.299927,6054.299927,19.059999465942383,0.1795,0.2545
sim_2019-02-09_2026-05-21_29c06ed80e5a,2022-12-02,put_credit_spread,SPY,put_credit_spread_SPY_000079,0.0,0.0,0.0,5784.537771,1356.0,1356.0,19.059999465942383,0.1795,0.2545
sim_2019-02-09_2026-05-21_29c06ed80e5a,2022-12-05,short_straddle,SPY,short_straddle_SPY_000078,0.0,-7.320007,-7.320007,5777.217764,6054.299927,6054.299927,20.75,0.1962,0.2545
sim_2019-02-09_2026-05-21_29c06ed80e5a,2022-12-05,put_credit_spread,SPY,put_credit_spread_SPY_000079,0.0,0.0,0.0,5777.217764,1356.0,1356.0,20.75,0.1962,0.2545
sim_2019-02-09_2026-05-21_29c06ed80e5a,2022-12-06,short_straddle,SPY,short_straddle_SPY_000078,0.0,-5.76001,-5.76001,5771.457754,6054.299927,6054.299927,22.170000076293945,,
sim_2019-02-09_2026-05-21_29c06ed80e5a,2022-12-06,put_credit_spread,SPY,put_credit_spread_SPY_000079,0.0,0.0,0.0,5771.457754,1356.0,1356.0,22.170000076293945,,
sim_2019-02-09_2026-05-21_29c06ed80e5a,2022-12-07,short_straddle,SPY,short_straddle_SPY_000078,0.0,-0.669983,-0.669983,5770.787771,6054.299927,6054.299927,22.68000030517578,0.2158,0.2535
sim_2019-02-09_2026-05-21_29c06ed80e5a,2022-12-07,put_credit_spread,SPY,put_credit_spread_SPY_000079,0.0,0.0,0.0,5770.787771,1356.0,1356.0,22.68000030517578,0.2158,0.2535
sim_2019-02-09_2026-05-21_29c06ed80e5a,2022-12-08,short_straddle,SPY,short_straddle_SPY_000078,0.0,3.079987,3.079987,5773.867758,6054.299927,6054.299927,22.290000915527344,,
sim_2019-02-09_2026-05-21_29c06ed80e5a,2022-12-08,put_credit_spread,SPY,put_credit_spread_SPY_000079,0.0,0.0,0.0,5773.867758,1356.0,1356.0,22.290000915527344,,
sim_2019-02-09_2026-05-21_29c06ed80e5a,2022-12-09,short_straddle,SPY,short_straddle_SPY_000078,0.0,-2.959991,-2.959991,5770.907766,6054.299927,6054.299927,22.82999992370605,0.2153,0.2536
sim_2019-02-09_2026-05-21_29c06ed80e5a,2022-12-09,put_credit_spread,SPY,put_credit_spread_SPY_000079,0.0,0.0,0.0,5770.907766,1356.0,1356.0,22.82999992370605,0.2153,0.2536
sim_2019-02-09_2026-05-21_29c06ed80e5a,2022-12-12,short_straddle,SPY,short_straddle_SPY_000078,0.0,5.670013,5.670013,5776.57778,6054.299927,6054.299927,25.0,0.2332,0.2479
sim_2019-02-09_2026-05-21_29c06ed80e5a,2022-12-12,put_credit_spread,SPY,put_credit_spread_SPY_000079,0.0,0.0,0.0,5776.57778,1356.0,1356.0,25.0,0.2332,0.2479
sim_2019-02-09_2026-05-21_29c06ed80e5a,2022-12-13,short_straddle,SPY,short_straddle_SPY_000078,0.0,3.019989,3.019989,5779.597769,6054.299927,6054.299927,22.549999237060547,,
sim_2019-02-09_2026-05-21_29c06ed80e5a,2022-12-13,put_credit_spread,SPY,put_credit_spread_SPY_000079,0.0,0.0,0.0,5779.597769,1356.0,1356.0,22.549999237060547,,
sim_2019-02-09_2026-05-21_29c06ed80e5a,2022-12-14,short_straddle,SPY,short_straddle_SPY_000078,-2.91875,-2.769707,-5.688457,5773.909311,6054.299927,6054.299927,21.13999938964844,0.1966,0.2479
sim_2019-02-09_2026-05-21_29c06ed80e5a,2022-12-14,put_credit_spread,SPY,put_credit_spread_SPY_000079,0.0,0.0,0.0,5773.909311,1356.0,1356.0,21.13999938964844,0.1966,0.2479
sim_2019-02-09_2026-05-21_29c06ed80e5a,2022-12-14,short_straddle,SPY,short_straddle_SPY_000080,-2.9065,0.0,-2.9065,5771.002811,6174.999878,6174.999878,21.13999938964844,0.1966,0.2479
sim_2019-02-09_2026-05-21_29c06ed80e5a,2022-12-15,short_straddle,SPY,short_straddle_SPY_000080,0.0,-1.363705,-1.363705,5769.639106,6174.999878,6174.999878,22.82999992370605,,
sim_2019-02-09_2026-05-21_29c06ed80e5a,2022-12-15,put_credit_spread,SPY,put_credit_spread_SPY_000079,0.0,0.0,0.0,5769.639106,1356.0,1356.0,22.82999992370605,,
sim_2019-02-09_2026-05-21_29c06ed80e5a,2022-12-16,short_straddle,SPY,short_straddle_SPY_000080,-233.0,-55.826576,-288.826576,5480.81253,6174.999878,6174.999878,22.6200008392334,0.2134,0.2504
sim_2019-02-09_2026-05-21_29c06ed80e5a,2022-12-16,put_credit_spread,SPY,put_credit_spread_SPY_000079,242.0,0.0,242.0,5722.81253,1356.0,1356.0,22.6200008392334,0.2134,0.2504
sim_2019-02-09_2026-05-21_29c06ed80e5a,2022-12-16,put_credit_spread,SPY,put_credit_spread_SPY_000081,-2.21675,0.0,-2.21675,5720.59578,1966.5,1966.5,22.6200008392334,0.2134,0.2504
sim_2019-02-09_2026-05-21_29c06ed80e5a,2022-12-19,short_straddle,SPY,short_straddle_SPY_000080,0.0,157.78941,157.78941,5878.385191,6174.999878,6174.999878,22.420000076293945,0.2124,0.2487
sim_2019-02-09_2026-05-21_29c06ed80e5a,2022-12-19,put_credit_spread,SPY,put_credit_spread_SPY_000081,0.0,0.0,0.0,5878.385191,1966.5,1966.5,22.420000076293945,0.2124,0.2487
sim_2019-02-09_2026-05-21_29c06ed80e5a,2022-12-20,short_straddle,SPY,short_straddle_SPY_000080,0.0,3.640137,3.640137,5882.025328,6174.999878,6174.999878,21.479999542236328,,
sim_2019-02-09_2026-05-21_29c06ed80e5a,2022-12-20,put_credit_spread,SPY,put_credit_spread_SPY_000081,0.0,0.0,0.0,5882.025328,1966.5,1966.5,21.479999542236328,,
sim_2019-02-09_2026-05-21_29c06ed80e5a,2022-12-21,short_straddle,SPY,short_straddle_SPY_000080,0.0,39.830017,39.830017,5921.855345,6174.999878,6174.999878,20.06999969482422,0.1926,0.2504
sim_2019-02-09_2026-05-21_29c06ed80e5a,2022-12-21,put_credit_spread,SPY,put_credit_spread_SPY_000081,0.0,0.0,0.0,5921.855345,1966.5,1966.5,20.06999969482422,0.1926,0.2504
sim_2019-02-09_2026-05-21_29c06ed80e5a,2022-12-22,short_straddle,SPY,short_straddle_SPY_000080,0.0,-38.570068,-38.570068,5883.285276,6174.999878,6174.999878,21.96999931335449,,
sim_2019-02-09_2026-05-21_29c06ed80e5a,2022-12-22,put_credit_spread,SPY,put_credit_spread_SPY_000081,0.0,0.0,0.0,5883.285276,1966.5,1966.5,21.96999931335449,,
sim_2019-02-09_2026-05-21_29c06ed80e5a,2022-12-23,short_straddle,SPY,short_straddle_SPY_000080,0.0,15.330017,15.330017,5898.615293,6174.999878,6174.999878,20.8700008392334,0.2004,0.1895
sim_2019-02-09_2026-05-21_29c06ed80e5a,2022-12-23,put_credit_spread,SPY,put_credit_spread_SPY_000081,0.0,0.0,0.0,5898.615293,1966.5,1966.5,20.8700008392334,0.2004,0.1895
sim_2019-02-09_2026-05-21_29c06ed80e5a,2022-12-27,short_straddle,SPY,short_straddle_SPY_000080,0.0,-10.570068,-10.570068,5888.045225,6174.999878,6174.999878,21.64999961853028,,
sim_2019-02-09_2026-05-21_29c06ed80e5a,2022-12-27,put_credit_spread,SPY,put_credit_spread_SPY_000081,0.0,0.0,0.0,5888.045225,1966.5,1966.5,21.64999961853028,,
sim_2019-02-09_2026-05-21_29c06ed80e5a,2022-12-28,short_straddle,SPY,short_straddle_SPY_000080,0.0,-33.179932,-33.179932,5854.865293,6174.999878,6174.999878,22.13999938964844,0.2139,0.1886
sim_2019-02-09_2026-05-21_29c06ed80e5a,2022-12-28,put_credit_spread,SPY,put_credit_spread_SPY_000081,0.0,0.0,0.0,5854.865293,1966.5,1966.5,22.13999938964844,0.2139,0.1886
sim_2019-02-09_2026-05-21_29c06ed80e5a,2022-12-29,short_straddle,SPY,short_straddle_SPY_000080,0.0,47.459991,47.459991,5902.325285,6174.999878,6174.999878,21.440000534057617,,
sim_2019-02-09_2026-05-21_29c06ed80e5a,2022-12-29,put_credit_spread,SPY,put_credit_spread_SPY_000081,0.0,0.0,0.0,5902.325285,1966.5,1966.5,21.440000534057617,,
sim_2019-02-09_2026-05-21_29c06ed80e5a,2022-12-30,short_straddle,SPY,short_straddle_SPY_000080,0.0,-7.070068,-7.070068,5895.255216,6174.999878,6174.999878,21.670000076293945,0.2088,0.1939
sim_2019-02-09_2026-05-21_29c06ed80e5a,2022-12-30,put_credit_spread,SPY,put_credit_spread_SPY_000081,-91.0,0.0,-91.0,5804.255216,1966.5,1966.5,21.670000076293945,0.2088,0.1939
sim_2019-02-09_2026-05-21_29c06ed80e5a,2023-01-03,short_straddle,SPY,short_straddle_SPY_000080,0.0,-11.269897,-11.269897,5792.985319,6174.999878,6174.999878,22.89999961853028,,
sim_2019-02-09_2026-05-21_29c06ed80e5a,2023-01-03,put_credit_spread,SPY,put_credit_spread_SPY_000081,0.0,0.0,0.0,5792.985319,1966.5,1966.5,22.89999961853028,,
sim_2019-02-09_2026-05-21_29c06ed80e5a,2023-01-04,short_straddle,SPY,short_straddle_SPY_000080,0.0,20.580017,20.580017,5813.565336,6174.999878,6174.999878,22.01000022888184,0.2135,0.1951
sim_2019-02-09_2026-05-21_29c06ed80e5a,2023-01-04,put_credit_spread,SPY,put_credit_spread_SPY_000081,0.0,0.0,0.0,5813.565336,1966.5,1966.5,22.01000022888184,0.2135,0.1951
sim_2019-02-09_2026-05-21_29c06ed80e5a,2023-01-05,short_straddle,SPY,short_straddle_SPY_000080,0.0,-30.660034,-30.660034,5782.905302,6174.999878,6174.999878,22.459999084472656,,
sim_2019-02-09_2026-05-21_29c06ed80e5a,2023-01-05,put_credit_spread,SPY,put_credit_spread_SPY_000081,0.0,0.0,0.0,5782.905302,1966.5,1966.5,22.459999084472656,,
sim_2019-02-09_2026-05-21_29c06ed80e5a,2023-01-06,short_straddle,SPY,short_straddle_SPY_000080,0.0,60.899872,60.899872,5843.805174,6174.999878,6174.999878,21.1299991607666,0.2025,0.205
sim_2019-02-09_2026-05-21_29c06ed80e5a,2023-01-06,put_credit_spread,SPY,put_credit_spread_SPY_000081,0.0,0.0,0.0,5843.805174,1966.5,1966.5,21.1299991607666,0.2025,0.205
sim_2019-02-09_2026-05-21_29c06ed80e5a,2023-01-09,short_straddle,SPY,short_straddle_SPY_000080,0.0,-1.540009,-1.540009,5842.265165,6174.999878,6174.999878,21.96999931335449,0.21,0.2039
sim_2019-02-09_2026-05-21_29c06ed80e5a,2023-01-09,put_credit_spread,SPY,put_credit_spread_SPY_000081,0.0,0.0,0.0,5842.265165,1966.5,1966.5,21.96999931335449,0.21,0.2039
sim_2019-02-09_2026-05-21_29c06ed80e5a,2023-01-10,short_straddle,SPY,short_straddle_SPY_000080,0.0,19.040009,19.040009,5861.305174,6174.999878,6174.999878,20.57999992370605,,
sim_2019-02-09_2026-05-21_29c06ed80e5a,2023-01-10,put_credit_spread,SPY,put_credit_spread_SPY_000081,0.0,0.0,0.0,5861.305174,1966.5,1966.5,20.57999992370605,,
sim_2019-02-09_2026-05-21_29c06ed80e5a,2023-01-11,short_straddle,SPY,short_straddle_SPY_000080,-3.023,33.195697,30.172697,5891.477871,6174.999878,6174.999878,21.09000015258789,0.2008,0.2037
sim_2019-02-09_2026-05-21_29c06ed80e5a,2023-01-11,put_credit_spread,SPY,put_credit_spread_SPY_000081,0.0,0.0,0.0,5891.477871,1966.5,1966.5,21.09000015258789,0.2008,0.2037
sim_2019-02-09_2026-05-21_29c06ed80e5a,2023-01-11,short_straddle,SPY,short_straddle_SPY_000082,-2.91825,0.0,-2.91825,5888.559621,6073.89978,6073.89978,21.09000015258789,0.2008,0.2037
sim_2019-02-09_2026-05-21_29c06ed80e5a,2023-01-12,short_straddle,SPY,short_straddle_SPY_000082,0.0,-1.58784,-1.58784,5886.971781,6073.89978,6073.89978,18.82999992370605,,
sim_2019-02-09_2026-05-21_29c06ed80e5a,2023-01-12,put_credit_spread,SPY,put_credit_spread_SPY_000081,0.0,0.0,0.0,5886.971781,1966.5,1966.5,18.82999992370605,,
sim_2019-02-09_2026-05-21_29c06ed80e5a,2023-01-13,short_straddle,SPY,short_straddle_SPY_000082,0.0,12.320068,12.320068,5899.291849,6073.89978,6073.89978,18.350000381469727,0.169,0.1822
sim_2019-02-09_2026-05-21_29c06ed80e5a,2023-01-13,put_credit_spread,SPY,put_credit_spread_SPY_000081,522.5,0.0,522.5,6421.791849,1966.5,1966.5,18.350000381469727,0.169,0.1822
sim_2019-02-09_2026-05-21_29c06ed80e5a,2023-01-13,put_credit_spread,SPY,put_credit_spread_SPY_000083,-2.14275,0.0,-2.14275,6419.649099,1314.5,1314.5,18.350000381469727,0.169,0.1822
sim_2019-02-09_2026-05-21_29c06ed80e5a,2023-01-17,short_straddle,SPY,short_straddle_SPY_000082,0.0,-5.840088,-5.840088,6413.809011,6073.89978,6073.89978,19.36000061035156,,
sim_2019-02-09_2026-05-21_29c06ed80e5a,2023-01-17,put_credit_spread,SPY,put_credit_spread_SPY_000083,0.0,0.0,0.0,6413.809011,1314.5,1314.5,19.36000061035156,,
sim_2019-02-09_2026-05-21_29c06ed80e5a,2023-01-18,short_straddle,SPY,short_straddle_SPY_000082,0.0,-50.23999,-50.23999,6363.569021,6073.89978,6073.89978,20.34000015258789,,
sim_2019-02-09_2026-05-21_29c06ed80e5a,2023-01-18,put_credit_spread,SPY,put_credit_spread_SPY_000083,0.0,0.0,0.0,6363.569021,1314.5,1314.5,20.34000015258789,,
sim_2019-02-09_2026-05-21_29c06ed80e5a,2023-01-19,short_straddle,SPY,short_straddle_SPY_000082,0.0,-22.799805,-22.799805,6340.769216,6073.89978,6073.89978,20.520000457763672,,
sim_2019-02-09_2026-05-21_29c06ed80e5a,2023-01-19,put_credit_spread,SPY,put_credit_spread_SPY_000083,0.0,0.0,0.0,6340.769216,1314.5,1314.5,20.520000457763672,,
sim_2019-02-09_2026-05-21_29c06ed80e5a,2023-01-20,short_straddle,SPY,short_straddle_SPY_000082,0.0,57.919922,57.919922,6398.689138,6073.89978,6073.89978,19.850000381469727,0.1841,0.1852
sim_2019-02-09_2026-05-21_29c06ed80e5a,2023-01-20,put_credit_spread,SPY,put_credit_spread_SPY_000083,0.0,0.0,0.0,6398.689138,1314.5,1314.5,19.850000381469727,0.1841,0.1852
sim_2019-02-09_2026-05-21_29c06ed80e5a,2023-01-23,short_straddle,SPY,short_straddle_SPY_000082,0.0,38.0,38.0,6436.689138,6073.89978,6073.89978,19.809999465942383,0.1806,0.1882
sim_2019-02-09_2026-05-21_29c06ed80e5a,2023-01-23,put_credit_spread,SPY,put_credit_spread_SPY_000083,0.0,0.0,0.0,6436.689138,1314.5,1314.5,19.809999465942383,0.1806,0.1882
sim_2019-02-09_2026-05-21_29c06ed80e5a,2023-01-24,short_straddle,SPY,short_straddle_SPY_000082,0.0,-3.439941,-3.439941,6433.249197,6073.89978,6073.89978,19.200000762939453,,
sim_2019-02-09_2026-05-21_29c06ed80e5a,2023-01-24,put_credit_spread,SPY,put_credit_spread_SPY_000083,0.0,0.0,0.0,6433.249197,1314.5,1314.5,19.200000762939453,,
sim_2019-02-09_2026-05-21_29c06ed80e5a,2023-01-25,short_straddle,SPY,short_straddle_SPY_000082,0.0,1.199951,1.199951,6434.449148,6073.89978,6073.89978,19.07999992370605,0.1755,0.1855
sim_2019-02-09_2026-05-21_29c06ed80e5a,2023-01-25,put_credit_spread,SPY,put_credit_spread_SPY_000083,0.0,0.0,0.0,6434.449148,1314.5,1314.5,19.07999992370605,0.1755,0.1855
sim_2019-02-09_2026-05-21_29c06ed80e5a,2023-01-26,short_straddle,SPY,short_straddle_SPY_000082,0.0,35.199951,35.199951,6469.649099,6073.89978,6073.89978,18.729999542236328,,
sim_2019-02-09_2026-05-21_29c06ed80e5a,2023-01-26,put_credit_spread,SPY,put_credit_spread_SPY_000083,0.0,0.0,0.0,6469.649099,1314.5,1314.5,18.729999542236328,,
sim_2019-02-09_2026-05-21_29c06ed80e5a,2023-01-27,short_straddle,SPY,short_straddle_SPY_000082,0.0,7.439941,7.439941,6477.089041,6073.89978,6073.89978,18.51000022888184,0.1692,0.1825
sim_2019-02-09_2026-05-21_29c06ed80e5a,2023-01-27,put_credit_spread,SPY,put_credit_spread_SPY_000083,0.0,0.0,0.0,6477.089041,1314.5,1314.5,18.51000022888184,0.1692,0.1825
sim_2019-02-09_2026-05-21_29c06ed80e5a,2023-01-30,short_straddle,SPY,short_straddle_SPY_000082,0.0,-40.719971,-40.719971,6436.36907,6073.89978,6073.89978,19.940000534057617,0.1835,0.1853
sim_2019-02-09_2026-05-21_29c06ed80e5a,2023-01-30,put_credit_spread,SPY,put_credit_spread_SPY_000083,0.0,0.0,0.0,6436.36907,1314.5,1314.5,19.940000534057617,0.1835,0.1853
sim_2019-02-09_2026-05-21_29c06ed80e5a,2023-01-31,short_straddle,SPY,short_straddle_SPY_000082,0.0,47.120117,47.120117,6483.489187,6073.89978,6073.89978,19.39999961853028,,
sim_2019-02-09_2026-05-21_29c06ed80e5a,2023-01-31,put_credit_spread,SPY,put_credit_spread_SPY_000083,0.0,0.0,0.0,6483.489187,1314.5,1314.5,19.39999961853028,,
sim_2019-02-09_2026-05-21_29c06ed80e5a,2023-02-01,short_straddle,SPY,short_straddle_SPY_000082,0.0,34.559814,34.559814,6518.049002,6073.89978,6073.89978,17.8700008392334,0.1604,0.1676
sim_2019-02-09_2026-05-21_29c06ed80e5a,2023-02-01,put_credit_spread,SPY,put_credit_spread_SPY_000083,0.0,0.0,0.0,6518.049002,1314.5,1314.5,17.8700008392334,0.1604,0.1676
sim_2019-02-09_2026-05-21_29c06ed80e5a,2023-02-02,short_straddle,SPY,short_straddle_SPY_000082,0.0,47.840088,47.840088,6565.889089,6073.89978,6073.89978,18.729999542236328,,
sim_2019-02-09_2026-05-21_29c06ed80e5a,2023-02-02,put_credit_spread,SPY,put_credit_spread_SPY_000083,0.0,0.0,0.0,6565.889089,1314.5,1314.5,18.729999542236328,,
sim_2019-02-09_2026-05-21_29c06ed80e5a,2023-02-03,short_straddle,SPY,short_straddle_SPY_000082,0.0,-35.439941,-35.439941,6530.449148,6073.89978,6073.89978,18.32999992370605,0.164,0.1726
sim_2019-02-09_2026-05-21_29c06ed80e5a,2023-02-03,put_credit_spread,SPY,put_credit_spread_SPY_000083,0.0,0.0,0.0,6530.449148,1314.5,1314.5,18.32999992370605,0.164,0.1726
sim_2019-02-09_2026-05-21_29c06ed80e5a,2023-02-06,short_straddle,SPY,short_straddle_SPY_000082,0.0,-20.160156,-20.160156,6510.288992,6073.89978,6073.89978,19.43000030517578,0.1761,0.1704
sim_2019-02-09_2026-05-21_29c06ed80e5a,2023-02-06,put_credit_spread,SPY,put_credit_spread_SPY_000083,0.0,0.0,0.0,6510.288992,1314.5,1314.5,19.43000030517578,0.1761,0.1704
sim_2019-02-09_2026-05-21_29c06ed80e5a,2023-02-07,short_straddle,SPY,short_straddle_SPY_000082,0.0,42.880127,42.880127,6553.169119,6073.89978,6073.89978,18.65999984741211,,
sim_2019-02-09_2026-05-21_29c06ed80e5a,2023-02-07,put_credit_spread,SPY,put_credit_spread_SPY_000083,0.0,0.0,0.0,6553.169119,1314.5,1314.5,18.65999984741211,,
sim_2019-02-09_2026-05-21_29c06ed80e5a,2023-02-08,short_straddle,SPY,short_straddle_SPY_000082,-2.91825,-37.962668,-40.880918,6512.2882,6073.89978,6073.89978,19.6299991607666,0.179,0.1705
sim_2019-02-09_2026-05-21_29c06ed80e5a,2023-02-08,put_credit_spread,SPY,put_credit_spread_SPY_000083,0.0,0.0,0.0,6512.2882,1314.5,1314.5,19.6299991607666,0.179,0.1705
sim_2019-02-09_2026-05-21_29c06ed80e5a,2023-02-08,short_straddle,SPY,short_straddle_SPY_000084,-2.84075,0.0,-2.84075,6509.44745,6531.499878,6531.499878,19.6299991607666,0.179,0.1705
sim_2019-02-09_2026-05-21_29c06ed80e5a,2023-02-09,short_straddle,SPY,short_straddle_SPY_000084,0.0,-1.017725,-1.017725,6508.429725,6531.499878,6531.499878,20.709999084472656,,
sim_2019-02-09_2026-05-21_29c06ed80e5a,2023-02-09,put_credit_spread,SPY,put_credit_spread_SPY_000083,0.0,0.0,0.0,6508.429725,1314.5,1314.5,20.709999084472656,,
sim_2019-02-09_2026-05-21_29c06ed80e5a,2023-02-10,short_straddle,SPY,short_straddle_SPY_000084,0.0,4.750061,4.750061,6513.179786,6531.499878,6531.499878,20.530000686645508,0.1928,0.1669
sim_2019-02-09_2026-05-21_29c06ed80e5a,2023-02-10,put_credit_spread,SPY,put_credit_spread_SPY_000083,283.5,0.0,283.5,6796.679786,1314.5,1314.5,20.530000686645508,0.1928,0.1669
sim_2019-02-09_2026-05-21_29c06ed80e5a,2023-02-10,put_credit_spread,SPY,put_credit_spread_SPY_000085,-2.2015,0.0,-2.2015,6794.478286,2097.0,2097.0,20.530000686645508,0.1928,0.1669
sim_2019-02-09_2026-05-21_29c06ed80e5a,2023-02-13,short_straddle,SPY,short_straddle_SPY_000084,0.0,23.94989,23.94989,6818.428177,6531.499878,6531.499878,20.34000015258789,0.1896,0.1629
sim_2019-02-09_2026-05-21_29c06ed80e5a,2023-02-13,put_credit_spread,SPY,put_credit_spread_SPY_000085,0.0,0.0,0.0,6818.428177,2097.0,2097.0,20.34000015258789,0.1896,0.1629
sim_2019-02-09_2026-05-21_29c06ed80e5a,2023-02-14,short_straddle,SPY,short_straddle_SPY_000084,0.0,-0.94986,-0.94986,6817.478317,6531.499878,6531.499878,18.90999984741211,,
sim_2019-02-09_2026-05-21_29c06ed80e5a,2023-02-14,put_credit_spread,SPY,put_credit_spread_SPY_000085,0.0,0.0,0.0,6817.478317,2097.0,2097.0,18.90999984741211,,
sim_2019-02-09_2026-05-21_29c06ed80e5a,2023-02-15,short_straddle,SPY,short_straddle_SPY_000084,0.0,6.699982,6.699982,6824.178299,6531.499878,6531.499878,18.229999542236328,0.1708,0.1612
sim_2019-02-09_2026-05-21_29c06ed80e5a,2023-02-15,put_credit_spread,SPY,put_credit_spread_SPY_000085,0.0,0.0,0.0,6824.178299,2097.0,2097.0,18.229999542236328,0.1708,0.1612
sim_2019-02-09_2026-05-21_29c06ed80e5a,2023-02-16,short_straddle,SPY,short_straddle_SPY_000084,0.0,-28.500061,-28.500061,6795.678238,6531.499878,6531.499878,20.170000076293945,,
sim_2019-02-09_2026-05-21_29c06ed80e5a,2023-02-16,put_credit_spread,SPY,put_credit_spread_SPY_000085,0.0,0.0,0.0,6795.678238,2097.0,2097.0,20.170000076293945,,
sim_2019-02-09_2026-05-21_29c06ed80e5a,2023-02-17,short_straddle,SPY,short_straddle_SPY_000084,0.0,-5.099945,-5.099945,6790.578293,6531.499878,6531.499878,20.020000457763672,0.1868,0.1631
sim_2019-02-09_2026-05-21_29c06ed80e5a,2023-02-17,put_credit_spread,SPY,put_credit_spread_SPY_000085,0.0,0.0,0.0,6790.578293,2097.0,2097.0,20.020000457763672,0.1868,0.1631
sim_2019-02-09_2026-05-21_29c06ed80e5a,2023-02-21,short_straddle,SPY,short_straddle_SPY_000084,0.0,-40.850067,-40.850067,6749.728225,6531.499878,6531.499878,22.8700008392334,,
sim_2019-02-09_2026-05-21_29c06ed80e5a,2023-02-21,put_credit_spread,SPY,put_credit_spread_SPY_000085,0.0,0.0,0.0,6749.728225,2097.0,2097.0,22.8700008392334,,
sim_2019-02-09_2026-05-21_29c06ed80e5a,2023-02-22,short_straddle,SPY,short_straddle_SPY_000084,0.0,-2.749939,-2.749939,6746.978286,6531.499878,6531.499878,22.290000915527344,0.207,0.1642
sim_2019-02-09_2026-05-21_29c06ed80e5a,2023-02-22,put_credit_spread,SPY,put_credit_spread_SPY_000085,0.0,0.0,0.0,6746.978286,2097.0,2097.0,22.290000915527344,0.207,0.1642
sim_2019-02-09_2026-05-21_29c06ed80e5a,2023-02-23,short_straddle,SPY,short_straddle_SPY_000084,0.0,10.599976,10.599976,6757.578262,6531.499878,6531.499878,21.13999938964844,,
sim_2019-02-09_2026-05-21_29c06ed80e5a,2023-02-23,put_credit_spread,SPY,put_credit_spread_SPY_000085,0.0,0.0,0.0,6757.578262,2097.0,2097.0,21.13999938964844,,
sim_2019-02-09_2026-05-21_29c06ed80e5a,2023-02-24,short_straddle,SPY,short_straddle_SPY_000084,0.0,-21.399994,-21.399994,6736.178268,6531.499878,6531.499878,21.670000076293945,0.2026,0.1632
sim_2019-02-09_2026-05-21_29c06ed80e5a,2023-02-24,put_credit_spread,SPY,put_credit_spread_SPY_000085,0.0,0.0,0.0,6736.178268,2097.0,2097.0,21.670000076293945,0.2026,0.1632
sim_2019-02-09_2026-05-21_29c06ed80e5a,2023-02-27,short_straddle,SPY,short_straddle_SPY_000084,0.0,6.750031,6.750031,6742.928299,6531.499878,6531.499878,20.950000762939453,0.197,0.1631
sim_2019-02-09_2026-05-21_29c06ed80e5a,2023-02-27,put_credit_spread,SPY,put_credit_spread_SPY_000085,0.0,0.0,0.0,6742.928299,2097.0,2097.0,20.950000762939453,0.197,0.1631
sim_2019-02-09_2026-05-21_29c06ed80e5a,2023-02-28,short_straddle,SPY,short_straddle_SPY_000084,0.0,-7.350006,-7.350006,6735.578293,6531.499878,6531.499878,20.700000762939453,,
sim_2019-02-09_2026-05-21_29c06ed80e5a,2023-02-28,put_credit_spread,SPY,put_credit_spread_SPY_000085,0.0,0.0,0.0,6735.578293,2097.0,2097.0,20.700000762939453,,
sim_2019-02-09_2026-05-21_29c06ed80e5a,2023-03-01,short_straddle,SPY,short_straddle_SPY_000084,0.0,-7.600098,-7.600098,6727.978195,6531.499878,6531.499878,20.57999992370605,0.1968,0.1634
sim_2019-02-09_2026-05-21_29c06ed80e5a,2023-03-01,put_credit_spread,SPY,put_credit_spread_SPY_000085,0.0,0.0,0.0,6727.978195,2097.0,2097.0,20.57999992370605,0.1968,0.1634
sim_2019-02-09_2026-05-21_29c06ed80e5a,2023-03-02,short_straddle,SPY,short_straddle_SPY_000084,0.0,15.350037,15.350037,6743.328232,6531.499878,6531.499878,19.59000015258789,,
sim_2019-02-09_2026-05-21_29c06ed80e5a,2023-03-02,put_credit_spread,SPY,put_credit_spread_SPY_000085,0.0,0.0,0.0,6743.328232,2097.0,2097.0,19.59000015258789,,
sim_2019-02-09_2026-05-21_29c06ed80e5a,2023-03-03,short_straddle,SPY,short_straddle_SPY_000084,0.0,31.900024,31.900024,6775.228256,6531.499878,6531.499878,18.489999771118164,0.1729,0.1622
sim_2019-02-09_2026-05-21_29c06ed80e5a,2023-03-03,put_credit_spread,SPY,put_credit_spread_SPY_000085,0.0,0.0,0.0,6775.228256,2097.0,2097.0,18.489999771118164,0.1729,0.1622
sim_2019-02-09_2026-05-21_29c06ed80e5a,2023-03-06,short_straddle,SPY,short_straddle_SPY_000084,0.0,1.399994,1.399994,6776.62825,6531.499878,6531.499878,18.61000061035156,0.1737,0.1539
sim_2019-02-09_2026-05-21_29c06ed80e5a,2023-03-06,put_credit_spread,SPY,put_credit_spread_SPY_000085,0.0,0.0,0.0,6776.62825,2097.0,2097.0,18.61000061035156,0.1737,0.1539
sim_2019-02-09_2026-05-21_29c06ed80e5a,2023-03-07,short_straddle,SPY,short_straddle_SPY_000084,0.0,-31.000061,-31.000061,6745.628189,6531.499878,6531.499878,19.59000015258789,,
sim_2019-02-09_2026-05-21_29c06ed80e5a,2023-03-07,put_credit_spread,SPY,put_credit_spread_SPY_000085,0.0,0.0,0.0,6745.628189,2097.0,2097.0,19.59000015258789,,
sim_2019-02-09_2026-05-21_29c06ed80e5a,2023-03-08,short_straddle,SPY,short_straddle_SPY_000084,-2.84075,2.252822,-0.587928,6745.040261,6531.499878,6531.499878,19.11000061035156,0.1804,0.157
sim_2019-02-09_2026-05-21_29c06ed80e5a,2023-03-08,put_credit_spread,SPY,put_credit_spread_SPY_000085,-2.2015,0.0,-2.2015,6742.838761,2097.0,2097.0,19.11000061035156,0.1804,0.157
sim_2019-02-09_2026-05-21_29c06ed80e5a,2023-03-08,short_straddle,SPY,short_straddle_SPY_000086,-2.80225,0.0,-2.80225,6740.036511,6373.900269,6373.900269,19.11000061035156,0.1804,0.157
sim_2019-02-09_2026-05-21_29c06ed80e5a,2023-03-08,put_credit_spread,SPY,put_credit_spread_SPY_000087,-2.1995,0.0,-2.1995,6737.837011,1901.0,1901.0,19.11000061035156,0.1804,0.157
sim_2019-02-09_2026-05-21_29c06ed80e5a,2023-03-09,short_straddle,SPY,short_straddle_SPY_000086,0.0,-0.39156,-0.39156,6737.445451,6373.900269,6373.900269,22.61000061035156,,
sim_2019-02-09_2026-05-21_29c06ed80e5a,2023-03-09,put_credit_spread,SPY,put_credit_spread_SPY_000087,0.0,0.0,0.0,6737.445451,1901.0,1901.0,22.61000061035156,,
sim_2019-02-09_2026-05-21_29c06ed80e5a,2023-03-10,short_straddle,SPY,short_straddle_SPY_000086,0.0,-11.299988,-11.299988,6726.145463,6373.900269,6373.900269,24.799999237060547,0.2243,0.1667
sim_2019-02-09_2026-05-21_29c06ed80e5a,2023-03-10,put_credit_spread,SPY,put_credit_spread_SPY_000087,0.0,0.0,0.0,6726.145463,1901.0,1901.0,24.799999237060547,0.2243,0.1667
sim_2019-02-09_2026-05-21_29c06ed80e5a,2023-03-13,short_straddle,SPY,short_straddle_SPY_000086,0.0,-1.100037,-1.100037,6725.045426,6373.900269,6373.900269,26.520000457763672,0.2394,0.1663
sim_2019-02-09_2026-05-21_29c06ed80e5a,2023-03-13,put_credit_spread,SPY,put_credit_spread_SPY_000087,0.0,0.0,0.0,6725.045426,1901.0,1901.0,26.520000457763672,0.2394,0.1663
sim_2019-02-09_2026-05-21_29c06ed80e5a,2023-03-14,short_straddle,SPY,short_straddle_SPY_000086,0.0,12.740051,12.740051,6737.785478,6373.900269,6373.900269,23.729999542236328,,
sim_2019-02-09_2026-05-21_29c06ed80e5a,2023-03-14,put_credit_spread,SPY,put_credit_spread_SPY_000087,0.0,0.0,0.0,6737.785478,1901.0,1901.0,23.729999542236328,,
sim_2019-02-09_2026-05-21_29c06ed80e5a,2023-03-15,short_straddle,SPY,short_straddle_SPY_000086,0.0,-4.900024,-4.900024,6732.885453,6373.900269,6373.900269,26.13999938964844,0.2283,0.1653
sim_2019-02-09_2026-05-21_29c06ed80e5a,2023-03-15,put_credit_spread,SPY,put_credit_spread_SPY_000087,0.0,0.0,0.0,6732.885453,1901.0,1901.0,26.13999938964844,0.2283,0.1653
sim_2019-02-09_2026-05-21_29c06ed80e5a,2023-03-16,short_straddle,SPY,short_straddle_SPY_000086,0.0,13.659973,13.659973,6746.545426,6373.900269,6373.900269,22.989999771118164,,
sim_2019-02-09_2026-05-21_29c06ed80e5a,2023-03-16,put_credit_spread,SPY,put_credit_spread_SPY_000087,0.0,0.0,0.0,6746.545426,1901.0,1901.0,22.989999771118164,,
sim_2019-02-09_2026-05-21_29c06ed80e5a,2023-03-17,short_straddle,SPY,short_straddle_SPY_000086,0.0,-12.23999,-12.23999,6734.305436,6373.900269,6373.900269,25.51000022888184,0.2262,0.169
sim_2019-02-09_2026-05-21_29c06ed80e5a,2023-03-17,put_credit_spread,SPY,put_credit_spread_SPY_000087,0.0,0.0,0.0,6734.305436,1901.0,1901.0,25.51000022888184,0.2262,0.169
sim_2019-02-09_2026-05-21_29c06ed80e5a,2023-03-20,short_straddle,SPY,short_straddle_SPY_000086,0.0,7.5,7.5,6741.805436,6373.900269,6373.900269,24.14999961853028,0.2152,0.1703
sim_2019-02-09_2026-05-21_29c06ed80e5a,2023-03-20,put_credit_spread,SPY,put_credit_spread_SPY_000087,0.0,0.0,0.0,6741.805436,1901.0,1901.0,24.14999961853028,0.2152,0.1703
sim_2019-02-09_2026-05-21_29c06ed80e5a,2023-03-21,short_straddle,SPY,short_straddle_SPY_000086,0.0,10.340027,10.340027,6752.145463,6373.900269,6373.900269,21.3799991607666,,
sim_2019-02-09_2026-05-21_29c06ed80e5a,2023-03-21,put_credit_spread,SPY,put_credit_spread_SPY_000087,0.0,0.0,0.0,6752.145463,1901.0,1901.0,21.3799991607666,,
sim_2019-02-09_2026-05-21_29c06ed80e5a,2023-03-22,short_straddle,SPY,short_straddle_SPY_000086,0.0,-13.600037,-13.600037,6738.545426,6373.900269,6373.900269,22.26000022888184,0.205,0.1759
sim_2019-02-09_2026-05-21_29c06ed80e5a,2023-03-22,put_credit_spread,SPY,put_credit_spread_SPY_000087,0.0,0.0,0.0,6738.545426,1901.0,1901.0,22.26000022888184,0.205,0.1759
sim_2019-02-09_2026-05-21_29c06ed80e5a,2023-03-23,short_straddle,SPY,short_straddle_SPY_000086,0.0,2.120056,2.120056,6740.665483,6373.900269,6373.900269,22.61000061035156,,
sim_2019-02-09_2026-05-21_29c06ed80e5a,2023-03-23,put_credit_spread,SPY,put_credit_spread_SPY_000087,0.0,0.0,0.0,6740.665483,1901.0,1901.0,22.61000061035156,,
sim_2019-02-09_2026-05-21_29c06ed80e5a,2023-03-24,short_straddle,SPY,short_straddle_SPY_000086,0.0,5.159973,5.159973,6745.825456,6373.900269,6373.900269,21.739999771118164,0.1981,0.1743
sim_2019-02-09_2026-05-21_29c06ed80e5a,2023-03-24,put_credit_spread,SPY,put_credit_spread_SPY_000087,0.0,0.0,0.0,6745.825456,1901.0,1901.0,21.739999771118164,0.1981,0.1743
sim_2019-02-09_2026-05-21_29c06ed80e5a,2023-03-27,short_straddle,SPY,short_straddle_SPY_000086,0.0,1.47998,1.47998,6747.305436,6373.900269,6373.900269,20.600000381469727,0.1876,0.1742
sim_2019-02-09_2026-05-21_29c06ed80e5a,2023-03-27,put_credit_spread,SPY,put_credit_spread_SPY_000087,0.0,0.0,0.0,6747.305436,1901.0,1901.0,20.600000381469727,0.1876,0.1742
sim_2019-02-09_2026-05-21_29c06ed80e5a,2023-03-28,short_straddle,SPY,short_straddle_SPY_000086,0.0,-1.779968,-1.779968,6745.525468,6373.900269,6373.900269,19.96999931335449,,
sim_2019-02-09_2026-05-21_29c06ed80e5a,2023-03-28,put_credit_spread,SPY,put_credit_spread_SPY_000087,0.0,0.0,0.0,6745.525468,1901.0,1901.0,19.96999931335449,,
sim_2019-02-09_2026-05-21_29c06ed80e5a,2023-03-29,short_straddle,SPY,short_straddle_SPY_000086,0.0,11.5,11.5,6757.025468,6373.900269,6373.900269,19.1200008392334,0.1752,0.1762
sim_2019-02-09_2026-05-21_29c06ed80e5a,2023-03-29,put_credit_spread,SPY,put_credit_spread_SPY_000087,0.0,0.0,0.0,6757.025468,1901.0,1901.0,19.1200008392334,0.1752,0.1762
sim_2019-02-09_2026-05-21_29c06ed80e5a,2023-03-30,short_straddle,SPY,short_straddle_SPY_000086,0.0,4.700012,4.700012,6761.72548,6373.900269,6373.900269,19.020000457763672,,
sim_2019-02-09_2026-05-21_29c06ed80e5a,2023-03-30,put_credit_spread,SPY,put_credit_spread_SPY_000087,0.0,0.0,0.0,6761.72548,1901.0,1901.0,19.020000457763672,,
sim_2019-02-09_2026-05-21_29c06ed80e5a,2023-03-31,short_straddle,SPY,short_straddle_SPY_000086,0.0,11.380005,11.380005,6773.105485,6373.900269,6373.900269,18.700000762939453,0.1679,0.1775
sim_2019-02-09_2026-05-21_29c06ed80e5a,2023-03-31,put_credit_spread,SPY,put_credit_spread_SPY_000087,0.0,0.0,0.0,6773.105485,1901.0,1901.0,18.700000762939453,0.1679,0.1775
sim_2019-02-09_2026-05-21_29c06ed80e5a,2023-04-03,short_straddle,SPY,short_straddle_SPY_000086,0.0,3.119995,3.119995,6776.22548,6373.900269,6373.900269,18.549999237060547,0.166,0.1776
sim_2019-02-09_2026-05-21_29c06ed80e5a,2023-04-03,put_credit_spread,SPY,put_credit_spread_SPY_000087,0.0,0.0,0.0,6776.22548,1901.0,1901.0,18.549999237060547,0.166,0.1776
sim_2019-02-09_2026-05-21_29c06ed80e5a,2023-04-04,short_straddle,SPY,short_straddle_SPY_000086,-2.80225,-4.968668,-7.770918,6768.454563,6373.900269,6373.900269,19.0,,
sim_2019-02-09_2026-05-21_29c06ed80e5a,2023-04-04,put_credit_spread,SPY,put_credit_spread_SPY_000087,0.0,0.0,0.0,6768.454563,1901.0,1901.0,19.0,,
sim_2019-02-09_2026-05-21_29c06ed80e5a,2023-04-05,put_credit_spread,SPY,put_credit_spread_SPY_000087,0.0,0.0,0.0,6768.454563,1901.0,1901.0,19.07999992370605,0.1737,0.1678
sim_2019-02-09_2026-05-21_29c06ed80e5a,2023-04-05,short_straddle,SPY,short_straddle_SPY_000088,-2.82,0.0,-2.82,6765.634563,6512.000122,6512.000122,19.07999992370605,0.1737,0.1678
sim_2019-02-09_2026-05-21_29c06ed80e5a,2023-04-06,short_straddle,SPY,short_straddle_SPY_000088,0.0,-1.432165,-1.432165,6764.202398,6512.000122,6512.000122,18.39999961853028,,
sim_2019-02-09_2026-05-21_29c06ed80e5a,2023-04-06,put_credit_spread,SPY,put_credit_spread_SPY_000087,397.0,0.0,397.0,7161.202398,1901.0,1901.0,18.39999961853028,,
sim_2019-02-09_2026-05-21_29c06ed80e5a,2023-04-10,short_straddle,SPY,short_straddle_SPY_000088,0.0,2.93988,2.93988,7164.142278,6512.000122,6512.000122,18.96999931335449,0.1726,0.164
sim_2019-02-09_2026-05-21_29c06ed80e5a,2023-04-10,put_credit_spread,SPY,put_credit_spread_SPY_000089,-2.124,0.0,-2.124,7162.018278,1352.0,1352.0,18.96999931335449,0.1726,0.164
sim_2019-02-09_2026-05-21_29c06ed80e5a,2023-04-11,short_straddle,SPY,short_straddle_SPY_000088,0.0,0.770111,0.770111,7162.788389,6512.000122,6512.000122,19.100000381469727,,
sim_2019-02-09_2026-05-21_29c06ed80e5a,2023-04-11,put_credit_spread,SPY,put_credit_spread_SPY_000089,0.0,0.0,0.0,7162.788389,1352.0,1352.0,19.100000381469727,,
sim_2019-02-09_2026-05-21_29c06ed80e5a,2023-04-12,short_straddle,SPY,short_straddle_SPY_000088,0.0,-11.690094,-11.690094,7151.098295,6512.000122,6512.000122,19.09000015258789,0.1723,0.164
sim_2019-02-09_2026-05-21_29c06ed80e5a,2023-04-12,put_credit_spread,SPY,put_credit_spread_SPY_000089,0.0,0.0,0.0,7151.098295,1352.0,1352.0,19.09000015258789,0.1723,0.164
sim_2019-02-09_2026-05-21_29c06ed80e5a,2023-04-13,short_straddle,SPY,short_straddle_SPY_000088,0.0,37.940094,37.940094,7189.038389,6512.000122,6512.000122,17.799999237060547,,
sim_2019-02-09_2026-05-21_29c06ed80e5a,2023-04-13,put_credit_spread,SPY,put_credit_spread_SPY_000089,0.0,0.0,0.0,7189.038389,1352.0,1352.0,17.799999237060547,,
sim_2019-02-09_2026-05-21_29c06ed80e5a,2023-04-14,short_straddle,SPY,short_straddle_SPY_000088,0.0,-7.070068,-7.070068,7181.968321,6512.000122,6512.000122,17.06999969482422,0.1514,0.1663
sim_2019-02-09_2026-05-21_29c06ed80e5a,2023-04-14,put_credit_spread,SPY,put_credit_spread_SPY_000089,0.0,0.0,0.0,7181.968321,1352.0,1352.0,17.06999969482422,0.1514,0.1663
sim_2019-02-09_2026-05-21_29c06ed80e5a,2023-04-17,short_straddle,SPY,short_straddle_SPY_000088,0.0,10.360077,10.360077,7192.328398,6512.000122,6512.000122,16.950000762939453,0.1482,0.1606
sim_2019-02-09_2026-05-21_29c06ed80e5a,2023-04-17,put_credit_spread,SPY,put_credit_spread_SPY_000089,0.0,0.0,0.0,7192.328398,1352.0,1352.0,16.950000762939453,0.1482,0.1606
sim_2019-02-09_2026-05-21_29c06ed80e5a,2023-04-18,short_straddle,SPY,short_straddle_SPY_000088,0.0,1.889923,1.889923,7194.218321,6512.000122,6512.000122,16.829999923706055,,
sim_2019-02-09_2026-05-21_29c06ed80e5a,2023-04-18,put_credit_spread,SPY,put_credit_spread_SPY_000089,0.0,0.0,0.0,7194.218321,1352.0,1352.0,16.829999923706055,,
sim_2019-02-09_2026-05-21_29c06ed80e5a,2023-04-19,short_straddle,SPY,short_straddle_SPY_000088,0.0,-0.489838,-0.489838,7193.728483,6512.000122,6512.000122,16.459999084472656,0.1457,0.1531
sim_2019-02-09_2026-05-21_29c06ed80e5a,2023-04-19,put_credit_spread,SPY,put_credit_spread_SPY_000089,0.0,0.0,0.0,7193.728483,1352.0,1352.0,16.459999084472656,0.1457,0.1531
sim_2019-02-09_2026-05-21_29c06ed80e5a,2023-04-20,short_straddle,SPY,short_straddle_SPY_000088,0.0,-15.820068,-15.820068,7177.908415,6512.000122,6512.000122,17.170000076293945,,
sim_2019-02-09_2026-05-21_29c06ed80e5a,2023-04-20,put_credit_spread,SPY,put_credit_spread_SPY_000089,0.0,0.0,0.0,7177.908415,1352.0,1352.0,17.170000076293945,,
sim_2019-02-09_2026-05-21_29c06ed80e5a,2023-04-21,short_straddle,SPY,short_straddle_SPY_000088,0.0,2.240051,2.240051,7180.148466,6512.000122,6512.000122,16.770000457763672,0.1465,0.1427
sim_2019-02-09_2026-05-21_29c06ed80e5a,2023-04-21,put_credit_spread,SPY,put_credit_spread_SPY_000089,0.0,0.0,0.0,7180.148466,1352.0,1352.0,16.770000457763672,0.1465,0.1427
sim_2019-02-09_2026-05-21_29c06ed80e5a,2023-04-24,short_straddle,SPY,short_straddle_SPY_000088,0.0,3.009949,3.009949,7183.158415,6512.000122,6512.000122,16.889999389648438,0.1474,0.1341
sim_2019-02-09_2026-05-21_29c06ed80e5a,2023-04-24,put_credit_spread,SPY,put_credit_spread_SPY_000089,0.0,0.0,0.0,7183.158415,1352.0,1352.0,16.889999389648438,0.1474,0.1341
sim_2019-02-09_2026-05-21_29c06ed80e5a,2023-04-25,short_straddle,SPY,short_straddle_SPY_000088,0.0,-45.850128,-45.850128,7137.308286,6512.000122,6512.000122,18.76000022888184,,
sim_2019-02-09_2026-05-21_29c06ed80e5a,2023-04-25,put_credit_spread,SPY,put_credit_spread_SPY_000089,0.0,0.0,0.0,7137.308286,1352.0,1352.0,18.76000022888184,,
sim_2019-02-09_2026-05-21_29c06ed80e5a,2023-04-26,short_straddle,SPY,short_straddle_SPY_000088,0.0,-12.040009,-12.040009,7125.268278,6512.000122,6512.000122,18.84000015258789,0.1711,0.1379
sim_2019-02-09_2026-05-21_29c06ed80e5a,2023-04-26,put_credit_spread,SPY,put_credit_spread_SPY_000089,0.0,0.0,0.0,7125.268278,1352.0,1352.0,18.84000015258789,0.1711,0.1379
sim_2019-02-09_2026-05-21_29c06ed80e5a,2023-04-27,short_straddle,SPY,short_straddle_SPY_000088,0.0,56.350128,56.350128,7181.618406,6512.000122,6512.000122,17.030000686645508,,
sim_2019-02-09_2026-05-21_29c06ed80e5a,2023-04-27,put_credit_spread,SPY,put_credit_spread_SPY_000089,0.0,0.0,0.0,7181.618406,1352.0,1352.0,17.030000686645508,,
sim_2019-02-09_2026-05-21_29c06ed80e5a,2023-04-28,short_straddle,SPY,short_straddle_SPY_000088,0.0,24.639923,24.639923,7206.258329,6512.000122,6512.000122,15.779999732971191,0.1343,0.1402
sim_2019-02-09_2026-05-21_29c06ed80e5a,2023-04-28,put_credit_spread,SPY,put_credit_spread_SPY_000089,0.0,0.0,0.0,7206.258329,1352.0,1352.0,15.779999732971191,0.1343,0.1402
sim_2019-02-09_2026-05-21_29c06ed80e5a,2023-05-01,short_straddle,SPY,short_straddle_SPY_000088,0.0,-2.93988,-2.93988,7203.318449,6512.000122,6512.000122,16.079999923706055,0.1382,0.1307
sim_2019-02-09_2026-05-21_29c06ed80e5a,2023-05-01,put_credit_spread,SPY,put_credit_spread_SPY_000089,0.0,0.0,0.0,7203.318449,1352.0,1352.0,16.079999923706055,0.1382,0.1307
sim_2019-02-09_2026-05-21_29c06ed80e5a,2023-05-02,short_straddle,SPY,short_straddle_SPY_000088,0.0,-32.690094,-32.690094,7170.628355,6512.000122,6512.000122,17.780000686645508,,
sim_2019-02-09_2026-05-21_29c06ed80e5a,2023-05-02,put_credit_spread,SPY,put_credit_spread_SPY_000089,0.0,0.0,0.0,7170.628355,1352.0,1352.0,17.780000686645508,,
sim_2019-02-09_2026-05-21_29c06ed80e5a,2023-05-03,short_straddle,SPY,short_straddle_SPY_000088,-2.82,-21.168121,-23.988121,7146.640234,6512.000122,6512.000122,18.34000015258789,0.162,0.1317
sim_2019-02-09_2026-05-21_29c06ed80e5a,2023-05-03,put_credit_spread,SPY,put_credit_spread_SPY_000089,0.0,0.0,0.0,7146.640234,1352.0,1352.0,18.34000015258789,0.162,0.1317
sim_2019-02-09_2026-05-21_29c06ed80e5a,2023-05-03,short_straddle,SPY,short_straddle_SPY_000090,-2.77825,0.0,-2.77825,7143.861984,6603.89978,6603.89978,18.34000015258789,0.162,0.1317
sim_2019-02-09_2026-05-21_29c06ed80e5a,2023-05-04,short_straddle,SPY,short_straddle_SPY_000090,0.0,-2.228215,-2.228215,7141.633769,6603.89978,6603.89978,20.09000015258789,,
sim_2019-02-09_2026-05-21_29c06ed80e5a,2023-05-04,put_credit_spread,SPY,put_credit_spread_SPY_000089,0.0,0.0,0.0,7141.633769,1352.0,1352.0,20.09000015258789,,
sim_2019-02-09_2026-05-21_29c06ed80e5a,2023-05-05,short_straddle,SPY,short_straddle_SPY_000090,0.0,82.5,82.5,7224.133769,6603.89978,6603.89978,17.190000534057617,0.147,0.1325
sim_2019-02-09_2026-05-21_29c06ed80e5a,2023-05-05,put_credit_spread,SPY,put_credit_spread_SPY_000089,246.0,0.0,246.0,7470.133769,1352.0,1352.0,17.190000534057617,0.147,0.1325
sim_2019-02-09_2026-05-21_29c06ed80e5a,2023-05-05,put_credit_spread,SPY,put_credit_spread_SPY_000091,-2.139,0.0,-2.139,7467.994769,2122.0,2122.0,17.190000534057617,0.147,0.1325
sim_2019-02-09_2026-05-21_29c06ed80e5a,2023-05-08,short_straddle,SPY,short_straddle_SPY_000090,0.0,1.209839,1.209839,7469.204607,6603.89978,6603.89978,16.979999542236328,0.1466,0.1317
sim_2019-02-09_2026-05-21_29c06ed80e5a,2023-05-08,put_credit_spread,SPY,put_credit_spread_SPY_000091,31.0,0.0,31.0,7500.204607,2122.0,2122.0,16.979999542236328,0.1466,0.1317
sim_2019-02-09_2026-05-21_29c06ed80e5a,2023-05-09,short_straddle,SPY,short_straddle_SPY_000090,0.0,-19.909973,-19.909973,7480.294634,6603.89978,6603.89978,17.709999084472656,,
sim_2019-02-09_2026-05-21_29c06ed80e5a,2023-05-09,put_credit_spread,SPY,put_credit_spread_SPY_000091,0.0,0.0,0.0,7480.294634,2122.0,2122.0,17.709999084472656,,
sim_2019-02-09_2026-05-21_29c06ed80e5a,2023-05-10,short_straddle,SPY,short_straddle_SPY_000090,0.0,21.120148,21.120148,7501.414782,6603.89978,6603.89978,16.940000534057617,0.145,0.1327
sim_2019-02-09_2026-05-21_29c06ed80e5a,2023-05-10,put_credit_spread,SPY,put_credit_spread_SPY_000091,0.0,0.0,0.0,7501.414782,2122.0,2122.0,16.940000534057617,0.145,0.1327
sim_2019-02-09_2026-05-21_29c06ed80e5a,2023-05-11,short_straddle,SPY,short_straddle_SPY_000090,0.0,-7.920013,-7.920013,7493.494769,6603.89978,6603.89978,16.93000030517578,,
sim_2019-02-09_2026-05-21_29c06ed80e5a,2023-05-11,put_credit_spread,SPY,put_credit_spread_SPY_000091,0.0,0.0,0.0,7493.494769,2122.0,2122.0,16.93000030517578,,
sim_2019-02-09_2026-05-21_29c06ed80e5a,2023-05-12,short_straddle,SPY,short_straddle_SPY_000090,0.0,-5.940094,-5.940094,7487.554675,6603.89978,6603.89978,17.030000686645508,0.1451,0.1264
sim_2019-02-09_2026-05-21_29c06ed80e5a,2023-05-12,put_credit_spread,SPY,put_credit_spread_SPY_000091,0.0,0.0,0.0,7487.554675,2122.0,2122.0,17.030000686645508,0.1451,0.1264
sim_2019-02-09_2026-05-21_29c06ed80e5a,2023-05-15,short_straddle,SPY,short_straddle_SPY_000090,0.0,15.620148,15.620148,7503.174822,6603.89978,6603.89978,17.1200008392334,0.1472,0.1202
sim_2019-02-09_2026-05-21_29c06ed80e5a,2023-05-15,put_credit_spread,SPY,put_credit_spread_SPY_000091,0.0,0.0,0.0,7503.174822,2122.0,2122.0,17.1200008392334,0.1472,0.1202
sim_2019-02-09_2026-05-21_29c06ed80e5a,2023-05-16,short_straddle,SPY,short_straddle_SPY_000090,0.0,-30.360107,-30.360107,7472.814715,6603.89978,6603.89978,17.989999771118164,,
sim_2019-02-09_2026-05-21_29c06ed80e5a,2023-05-16,put_credit_spread,SPY,put_credit_spread_SPY_000091,0.0,0.0,0.0,7472.814715,2122.0,2122.0,17.989999771118164,,
sim_2019-02-09_2026-05-21_29c06ed80e5a,2023-05-17,short_straddle,SPY,short_straddle_SPY_000090,0.0,54.780121,54.780121,7527.594836,6603.89978,6603.89978,16.8700008392334,0.1439,0.1252
sim_2019-02-09_2026-05-21_29c06ed80e5a,2023-05-17,put_credit_spread,SPY,put_credit_spread_SPY_000091,0.0,0.0,0.0,7527.594836,2122.0,2122.0,16.8700008392334,0.1439,0.1252
sim_2019-02-09_2026-05-21_29c06ed80e5a,2023-05-18,short_straddle,SPY,short_straddle_SPY_000090,0.0,44.0,44.0,7571.594836,6603.89978,6603.89978,16.049999237060547,,
sim_2019-02-09_2026-05-21_29c06ed80e5a,2023-05-18,put_credit_spread,SPY,put_credit_spread_SPY_000091,0.0,0.0,0.0,7571.594836,2122.0,2122.0,16.049999237060547,,
sim_2019-02-09_2026-05-21_29c06ed80e5a,2023-05-19,short_straddle,SPY,short_straddle_SPY_000090,0.0,-6.710175,-6.710175,7564.884661,6603.89978,6603.89978,16.809999465942383,0.1419,0.1273
sim_2019-02-09_2026-05-21_29c06ed80e5a,2023-05-19,put_credit_spread,SPY,put_credit_spread_SPY_000091,0.0,0.0,0.0,7564.884661,2122.0,2122.0,16.809999465942383,0.1419,0.1273
sim_2019-02-09_2026-05-21_29c06ed80e5a,2023-05-22,short_straddle,SPY,short_straddle_SPY_000090,0.0,1.870148,1.870148,7566.754809,6603.89978,6603.89978,17.209999084472656,0.1439,0.1273
sim_2019-02-09_2026-05-21_29c06ed80e5a,2023-05-22,put_credit_spread,SPY,put_credit_spread_SPY_000091,0.0,0.0,0.0,7566.754809,2122.0,2122.0,17.209999084472656,0.1439,0.1273
sim_2019-02-09_2026-05-21_29c06ed80e5a,2023-05-23,short_straddle,SPY,short_straddle_SPY_000090,0.0,-51.700134,-51.700134,7515.054675,6603.89978,6603.89978,18.530000686645508,,
sim_2019-02-09_2026-05-21_29c06ed80e5a,2023-05-23,put_credit_spread,SPY,put_credit_spread_SPY_000091,0.0,0.0,0.0,7515.054675,2122.0,2122.0,18.530000686645508,,
sim_2019-02-09_2026-05-21_29c06ed80e5a,2023-05-24,short_straddle,SPY,short_straddle_SPY_000090,0.0,-33.0,-33.0,7482.054675,6603.89978,6603.89978,20.030000686645508,0.166,0.1333
sim_2019-02-09_2026-05-21_29c06ed80e5a,2023-05-24,put_credit_spread,SPY,put_credit_spread_SPY_000091,0.0,0.0,0.0,7482.054675,2122.0,2122.0,20.030000686645508,0.166,0.1333
sim_2019-02-09_2026-05-21_29c06ed80e5a,2023-05-25,short_straddle,SPY,short_straddle_SPY_000090,0.0,39.159973,39.159973,7521.214648,6603.89978,6603.89978,19.13999938964844,,
sim_2019-02-09_2026-05-21_29c06ed80e5a,2023-05-25,put_credit_spread,SPY,put_credit_spread_SPY_000091,0.0,0.0,0.0,7521.214648,2122.0,2122.0,19.13999938964844,,
sim_2019-02-09_2026-05-21_29c06ed80e5a,2023-05-26,short_straddle,SPY,short_straddle_SPY_000090,0.0,59.069946,59.069946,7580.284594,6603.89978,6603.89978,17.950000762939453,0.1436,0.1349
sim_2019-02-09_2026-05-21_29c06ed80e5a,2023-05-26,put_credit_spread,SPY,put_credit_spread_SPY_000091,0.0,0.0,0.0,7580.284594,2122.0,2122.0,17.950000762939453,0.1436,0.1349
sim_2019-02-09_2026-05-21_29c06ed80e5a,2023-05-30,short_straddle,SPY,short_straddle_SPY_000090,0.0,1.76004,1.76004,7582.044634,6603.89978,6603.89978,17.459999084472656,,
sim_2019-02-09_2026-05-21_29c06ed80e5a,2023-05-30,put_credit_spread,SPY,put_credit_spread_SPY_000091,0.0,0.0,0.0,7582.044634,2122.0,2122.0,17.459999084472656,,
sim_2019-02-09_2026-05-21_29c06ed80e5a,2023-05-31,short_straddle,SPY,short_straddle_SPY_000090,-2.77825,-27.928027,-30.706277,7551.338357,6603.89978,6603.89978,17.940000534057617,,
sim_2019-02-09_2026-05-21_29c06ed80e5a,2023-05-31,put_credit_spread,SPY,put_credit_spread_SPY_000091,0.0,0.0,0.0,7551.338357,2122.0,2122.0,17.940000534057617,,
sim_2019-02-09_2026-05-21_29c06ed80e5a,2023-06-01,put_credit_spread,SPY,put_credit_spread_SPY_000091,0.0,0.0,0.0,7551.338357,2122.0,2122.0,15.649999618530272,,
sim_2019-02-09_2026-05-21_29c06ed80e5a,2023-06-02,put_credit_spread,SPY,put_credit_spread_SPY_000091,245.0,0.0,245.0,7796.338357,2122.0,2122.0,14.600000381469728,0.1198,0.1426
sim_2019-02-09_2026-05-21_29c06ed80e5a,2023-06-02,short_straddle,SPY,short_straddle_SPY_000092,-2.559,0.0,-2.559,7793.779357,7440.400269,7440.400269,14.600000381469728,0.1198,0.1426
sim_2019-02-09_2026-05-21_29c06ed80e5a,2023-06-02,put_credit_spread,SPY,put_credit_spread_SPY_000093,-2.09075,0.0,-2.09075,7791.688607,1518.5,1518.5,14.600000381469728,0.1198,0.1426
sim_2019-02-09_2026-05-21_29c06ed80e5a,2023-06-05,short_straddle,SPY,short_straddle_SPY_000092,0.0,-0.21355,-0.21355,7791.475057,7440.400269,7440.400269,14.729999542236328,,
sim_2019-02-09_2026-05-21_29c06ed80e5a,2023-06-05,put_credit_spread,SPY,put_credit_spread_SPY_000093,0.0,0.0,0.0,7791.475057,1518.5,1518.5,14.729999542236328,,
sim_2019-02-09_2026-05-21_29c06ed80e5a,2023-06-06,short_straddle,SPY,short_straddle_SPY_000092,0.0,0.929993,0.929993,7792.40505,7440.400269,7440.400269,13.960000038146973,,
sim_2019-02-09_2026-05-21_29c06ed80e5a,2023-06-06,put_credit_spread,SPY,put_credit_spread_SPY_000093,0.0,0.0,0.0,7792.40505,1518.5,1518.5,13.960000038146973,,
sim_2019-02-09_2026-05-21_29c06ed80e5a,2023-06-07,short_straddle,SPY,short_straddle_SPY_000092,0.0,-1.480011,-1.480011,7790.925039,7440.400269,7440.400269,13.9399995803833,0.1135,0.1342
sim_2019-02-09_2026-05-21_29c06ed80e5a,2023-06-07,put_credit_spread,SPY,put_credit_spread_SPY_000093,0.0,0.0,0.0,7790.925039,1518.5,1518.5,13.9399995803833,0.1135,0.1342
sim_2019-02-09_2026-05-21_29c06ed80e5a,2023-06-08,short_straddle,SPY,short_straddle_SPY_000092,0.0,2.580017,2.580017,7793.505056,7440.400269,7440.400269,13.649999618530272,,
sim_2019-02-09_2026-05-21_29c06ed80e5a,2023-06-08,put_credit_spread,SPY,put_credit_spread_SPY_000093,0.0,0.0,0.0,7793.505056,1518.5,1518.5,13.649999618530272,,
sim_2019-02-09_2026-05-21_29c06ed80e5a,2023-06-09,short_straddle,SPY,short_straddle_SPY_000092,0.0,0.769989,0.769989,7794.275045,7440.400269,7440.400269,13.829999923706056,0.1095,0.1225
sim_2019-02-09_2026-05-21_29c06ed80e5a,2023-06-09,put_credit_spread,SPY,put_credit_spread_SPY_000093,0.0,0.0,0.0,7794.275045,1518.5,1518.5,13.829999923706056,0.1095,0.1225
sim_2019-02-09_2026-05-21_29c06ed80e5a,2023-06-12,short_straddle,SPY,short_straddle_SPY_000092,0.0,3.899994,3.899994,7798.175039,7440.400269,7440.400269,15.010000228881836,0.1206,0.1228
sim_2019-02-09_2026-05-21_29c06ed80e5a,2023-06-12,put_credit_spread,SPY,put_credit_spread_SPY_000093,0.0,0.0,0.0,7798.175039,1518.5,1518.5,15.010000228881836,0.1206,0.1228
sim_2019-02-09_2026-05-21_29c06ed80e5a,2023-06-13,short_straddle,SPY,short_straddle_SPY_000092,0.0,2.860016,2.860016,7801.035055,7440.400269,7440.400269,14.609999656677246,,
sim_2019-02-09_2026-05-21_29c06ed80e5a,2023-06-13,put_credit_spread,SPY,put_credit_spread_SPY_000093,0.0,0.0,0.0,7801.035055,1518.5,1518.5,14.609999656677246,,
sim_2019-02-09_2026-05-21_29c06ed80e5a,2023-06-14,short_straddle,SPY,short_straddle_SPY_000092,0.0,0.519989,0.519989,7801.555044,7440.400269,7440.400269,13.880000114440918,0.1138,0.1172
sim_2019-02-09_2026-05-21_29c06ed80e5a,2023-06-14,put_credit_spread,SPY,put_credit_spread_SPY_000093,0.0,0.0,0.0,7801.555044,1518.5,1518.5,13.880000114440918,0.1138,0.1172
sim_2019-02-09_2026-05-21_29c06ed80e5a,2023-06-15,short_straddle,SPY,short_straddle_SPY_000092,0.0,5.420013,5.420013,7806.975057,7440.400269,7440.400269,14.5,,
sim_2019-02-09_2026-05-21_29c06ed80e5a,2023-06-15,put_credit_spread,SPY,put_credit_spread_SPY_000093,0.0,0.0,0.0,7806.975057,1518.5,1518.5,14.5,,
sim_2019-02-09_2026-05-21_29c06ed80e5a,2023-06-16,short_straddle,SPY,short_straddle_SPY_000092,0.0,-3.140015,-3.140015,7803.835042,7440.400269,7440.400269,13.539999961853027,0.1154,0.1177
sim_2019-02-09_2026-05-21_29c06ed80e5a,2023-06-16,put_credit_spread,SPY,put_credit_spread_SPY_000093,0.0,0.0,0.0,7803.835042,1518.5,1518.5,13.539999961853027,0.1154,0.1177
sim_2019-02-09_2026-05-21_29c06ed80e5a,2023-06-20,short_straddle,SPY,short_straddle_SPY_000092,0.0,-2.279999,-2.279999,7801.555044,7440.400269,7440.400269,13.880000114440918,,
sim_2019-02-09_2026-05-21_29c06ed80e5a,2023-06-20,put_credit_spread,SPY,put_credit_spread_SPY_000093,0.0,0.0,0.0,7801.555044,1518.5,1518.5,13.880000114440918,,
sim_2019-02-09_2026-05-21_29c06ed80e5a,2023-06-21,short_straddle,SPY,short_straddle_SPY_000092,0.0,-2.23999,-2.23999,7799.315053,7440.400269,7440.400269,13.199999809265137,0.1144,0.1119
sim_2019-02-09_2026-05-21_29c06ed80e5a,2023-06-21,put_credit_spread,SPY,put_credit_spread_SPY_000093,0.0,0.0,0.0,7799.315053,1518.5,1518.5,13.199999809265137,0.1144,0.1119
sim_2019-02-09_2026-05-21_29c06ed80e5a,2023-06-22,short_straddle,SPY,short_straddle_SPY_000092,0.0,1.570007,1.570007,7800.885061,7440.400269,7440.400269,12.90999984741211,,
sim_2019-02-09_2026-05-21_29c06ed80e5a,2023-06-22,put_credit_spread,SPY,put_credit_spread_SPY_000093,0.0,0.0,0.0,7800.885061,1518.5,1518.5,12.90999984741211,,
sim_2019-02-09_2026-05-21_29c06ed80e5a,2023-06-23,short_straddle,SPY,short_straddle_SPY_000092,0.0,-3.300018,-3.300018,7797.585042,7440.400269,7440.400269,13.4399995803833,0.1147,0.1135
sim_2019-02-09_2026-05-21_29c06ed80e5a,2023-06-23,put_credit_spread,SPY,put_credit_spread_SPY_000093,0.0,0.0,0.0,7797.585042,1518.5,1518.5,13.4399995803833,0.1147,0.1135
sim_2019-02-09_2026-05-21_29c06ed80e5a,2023-06-26,short_straddle,SPY,short_straddle_SPY_000092,0.0,-1.769989,-1.769989,7795.815053,7440.400269,7440.400269,14.25,0.1211,0.1143
sim_2019-02-09_2026-05-21_29c06ed80e5a,2023-06-26,put_credit_spread,SPY,put_credit_spread_SPY_000093,0.0,0.0,0.0,7795.815053,1518.5,1518.5,14.25,0.1211,0.1143
sim_2019-02-09_2026-05-21_29c06ed80e5a,2023-06-27,short_straddle,SPY,short_straddle_SPY_000092,0.0,4.730011,4.730011,7800.545064,7440.400269,7440.400269,13.739999771118164,,
sim_2019-02-09_2026-05-21_29c06ed80e5a,2023-06-27,put_credit_spread,SPY,put_credit_spread_SPY_000093,0.0,0.0,0.0,7800.545064,1518.5,1518.5,13.739999771118164,,
sim_2019-02-09_2026-05-21_29c06ed80e5a,2023-06-28,short_straddle,SPY,short_straddle_SPY_000092,-2.559,0.001806,-2.557194,7797.987871,7440.400269,7440.400269,13.43000030517578,0.1155,0.1171
sim_2019-02-09_2026-05-21_29c06ed80e5a,2023-06-28,put_credit_spread,SPY,put_credit_spread_SPY_000093,0.0,0.0,0.0,7797.987871,1518.5,1518.5,13.43000030517578,0.1155,0.1171
sim_2019-02-09_2026-05-21_29c06ed80e5a,2023-06-28,short_straddle,SPY,short_straddle_SPY_000094,-2.59525,0.0,-2.59525,7795.392621,7537.300293,7537.300293,13.43000030517578,0.1155,0.1171
sim_2019-02-09_2026-05-21_29c06ed80e5a,2023-06-29,short_straddle,SPY,short_straddle_SPY_000094,0.0,-2.847715,-2.847715,7792.544906,7537.300293,7537.300293,13.539999961853027,,
sim_2019-02-09_2026-05-21_29c06ed80e5a,2023-06-29,put_credit_spread,SPY,put_credit_spread_SPY_000093,0.0,0.0,0.0,7792.544906,1518.5,1518.5,13.539999961853027,,
sim_2019-02-09_2026-05-21_29c06ed80e5a,2023-06-30,short_straddle,SPY,short_straddle_SPY_000094,0.0,67.210175,67.210175,7859.75508,7537.300293,7537.300293,13.59000015258789,0.1113,0.1142
sim_2019-02-09_2026-05-21_29c06ed80e5a,2023-06-30,put_credit_spread,SPY,put_credit_spread_SPY_000093,179.5,0.0,179.5,8039.25508,1518.5,1518.5,13.59000015258789,0.1113,0.1142
sim_2019-02-09_2026-05-21_29c06ed80e5a,2023-06-30,put_credit_spread,SPY,put_credit_spread_SPY_000095,-2.07325,0.0,-2.07325,8037.18183,1553.5,1553.5,13.59000015258789,0.1113,0.1142
sim_2019-02-09_2026-05-21_29c06ed80e5a,2023-07-03,short_straddle,SPY,short_straddle_SPY_000094,0.0,6.630127,6.630127,8043.811957,7537.300293,7537.300293,13.56999969482422,,
sim_2019-02-09_2026-05-21_29c06ed80e5a,2023-07-03,put_credit_spread,SPY,put_credit_spread_SPY_000095,0.0,0.0,0.0,8043.811957,1553.5,1553.5,13.56999969482422,,
sim_2019-02-09_2026-05-21_29c06ed80e5a,2023-07-05,short_straddle,SPY,short_straddle_SPY_000094,0.0,-8.580048,-8.580048,8035.23191,7537.300293,7537.300293,14.18000030517578,0.1197,0.112
sim_2019-02-09_2026-05-21_29c06ed80e5a,2023-07-05,put_credit_spread,SPY,put_credit_spread_SPY_000095,0.0,0.0,0.0,8035.23191,1553.5,1553.5,14.18000030517578,0.1197,0.112
sim_2019-02-09_2026-05-21_29c06ed80e5a,2023-07-06,short_straddle,SPY,short_straddle_SPY_000094,0.0,-45.110016,-45.110016,7990.121894,7537.300293,7537.300293,15.4399995803833,,
sim_2019-02-09_2026-05-21_29c06ed80e5a,2023-07-06,put_credit_spread,SPY,put_credit_spread_SPY_000095,0.0,0.0,0.0,7990.121894,1553.5,1553.5,15.4399995803833,,
sim_2019-02-09_2026-05-21_29c06ed80e5a,2023-07-07,short_straddle,SPY,short_straddle_SPY_000094,0.0,-14.430206,-14.430206,7975.691687,7537.300293,7537.300293,14.829999923706056,0.1242,0.1096
sim_2019-02-09_2026-05-21_29c06ed80e5a,2023-07-07,put_credit_spread,SPY,put_credit_spread_SPY_000095,0.0,0.0,0.0,7975.691687,1553.5,1553.5,14.829999923706056,0.1242,0.1096
sim_2019-02-09_2026-05-21_29c06ed80e5a,2023-07-10,short_straddle,SPY,short_straddle_SPY_000094,0.0,14.430206,14.430206,7990.121894,7537.300293,7537.300293,15.06999969482422,0.128,0.1061
sim_2019-02-09_2026-05-21_29c06ed80e5a,2023-07-10,put_credit_spread,SPY,put_credit_spread_SPY_000095,0.0,0.0,0.0,7990.121894,1553.5,1553.5,15.06999969482422,0.128,0.1061
sim_2019-02-09_2026-05-21_29c06ed80e5a,2023-07-11,short_straddle,SPY,short_straddle_SPY_000094,0.0,36.399841,36.399841,8026.521735,7537.300293,7537.300293,14.84000015258789,,
sim_2019-02-09_2026-05-21_29c06ed80e5a,2023-07-11,put_credit_spread,SPY,put_credit_spread_SPY_000095,0.0,0.0,0.0,8026.521735,1553.5,1553.5,14.84000015258789,,
sim_2019-02-09_2026-05-21_29c06ed80e5a,2023-07-12,short_straddle,SPY,short_straddle_SPY_000094,0.0,46.279968,46.279968,8072.801703,7537.300293,7537.300293,13.539999961853027,0.113,0.1017
sim_2019-02-09_2026-05-21_29c06ed80e5a,2023-07-12,put_credit_spread,SPY,put_credit_spread_SPY_000095,0.0,0.0,0.0,8072.801703,1553.5,1553.5,13.539999961853027,0.113,0.1017
sim_2019-02-09_2026-05-21_29c06ed80e5a,2023-07-13,short_straddle,SPY,short_straddle_SPY_000094,0.0,46.020111,46.020111,8118.821814,7537.300293,7537.300293,13.609999656677246,,
sim_2019-02-09_2026-05-21_29c06ed80e5a,2023-07-13,put_credit_spread,SPY,put_credit_spread_SPY_000095,0.0,0.0,0.0,8118.821814,1553.5,1553.5,13.609999656677246,,
sim_2019-02-09_2026-05-21_29c06ed80e5a,2023-07-14,short_straddle,SPY,short_straddle_SPY_000094,0.0,-3.639984,-3.639984,8115.18183,7537.300293,7537.300293,13.34000015258789,0.113,0.1007
sim_2019-02-09_2026-05-21_29c06ed80e5a,2023-07-14,put_credit_spread,SPY,put_credit_spread_SPY_000095,0.0,0.0,0.0,8115.18183,1553.5,1553.5,13.34000015258789,0.113,0.1007
sim_2019-02-09_2026-05-21_29c06ed80e5a,2023-07-17,short_straddle,SPY,short_straddle_SPY_000094,0.0,20.279968,20.279968,8135.461798,7537.300293,7537.300293,13.479999542236328,0.1146,0.0986
sim_2019-02-09_2026-05-21_29c06ed80e5a,2023-07-17,put_credit_spread,SPY,put_credit_spread_SPY_000095,0.0,0.0,0.0,8135.461798,1553.5,1553.5,13.479999542236328,0.1146,0.0986
sim_2019-02-09_2026-05-21_29c06ed80e5a,2023-07-18,short_straddle,SPY,short_straddle_SPY_000094,0.0,43.550079,43.550079,8179.011878,7537.300293,7537.300293,13.300000190734863,,
sim_2019-02-09_2026-05-21_29c06ed80e5a,2023-07-18,put_credit_spread,SPY,put_credit_spread_SPY_000095,0.0,0.0,0.0,8179.011878,1553.5,1553.5,13.300000190734863,,
sim_2019-02-09_2026-05-21_29c06ed80e5a,2023-07-19,short_straddle,SPY,short_straddle_SPY_000094,0.0,13.130127,13.130127,8192.142005,7537.300293,7537.300293,13.760000228881836,0.1181,0.0923
sim_2019-02-09_2026-05-21_29c06ed80e5a,2023-07-19,put_credit_spread,SPY,put_credit_spread_SPY_000095,0.0,0.0,0.0,8192.142005,1553.5,1553.5,13.760000228881836,0.1181,0.0923
sim_2019-02-09_2026-05-21_29c06ed80e5a,2023-07-20,short_straddle,SPY,short_straddle_SPY_000094,0.0,-39.260254,-39.260254,8152.881751,7537.300293,7537.300293,13.989999771118164,,
sim_2019-02-09_2026-05-21_29c06ed80e5a,2023-07-20,put_credit_spread,SPY,put_credit_spread_SPY_000095,0.0,0.0,0.0,8152.881751,1553.5,1553.5,13.989999771118164,,
sim_2019-02-09_2026-05-21_29c06ed80e5a,2023-07-21,short_straddle,SPY,short_straddle_SPY_000094,0.0,0.0,0.0,8152.881751,7537.300293,7537.300293,13.600000381469728,0.1138,0.0946
sim_2019-02-09_2026-05-21_29c06ed80e5a,2023-07-21,put_credit_spread,SPY,put_credit_spread_SPY_000095,0.0,0.0,0.0,8152.881751,1553.5,1553.5,13.600000381469728,0.1138,0.0946
sim_2019-02-09_2026-05-21_29c06ed80e5a,2023-07-24,short_straddle,SPY,short_straddle_SPY_000094,0.0,26.260254,26.260254,8179.142005,7537.300293,7537.300293,13.90999984741211,0.1163,0.0941
sim_2019-02-09_2026-05-21_29c06ed80e5a,2023-07-24,put_credit_spread,SPY,put_credit_spread_SPY_000095,0.0,0.0,0.0,8179.142005,1553.5,1553.5,13.90999984741211,0.1163,0.0941
sim_2019-02-09_2026-05-21_29c06ed80e5a,2023-07-25,short_straddle,SPY,short_straddle_SPY_000094,0.0,16.119873,16.119873,8195.261878,7537.300293,7537.300293,13.859999656677246,,
sim_2019-02-09_2026-05-21_29c06ed80e5a,2023-07-25,put_credit_spread,SPY,put_credit_spread_SPY_000095,0.0,0.0,0.0,8195.261878,1553.5,1553.5,13.859999656677246,,
sim_2019-02-09_2026-05-21_29c06ed80e5a,2023-07-26,short_straddle,SPY,short_straddle_SPY_000094,-2.59525,-2.05072,-4.64597,8190.615908,7537.300293,7537.300293,13.1899995803833,0.1117,0.0918
sim_2019-02-09_2026-05-21_29c06ed80e5a,2023-07-26,put_credit_spread,SPY,put_credit_spread_SPY_000095,0.0,0.0,0.0,8190.615908,1553.5,1553.5,13.1899995803833,0.1117,0.0918
sim_2019-02-09_2026-05-21_29c06ed80e5a,2023-07-26,short_straddle,SPY,short_straddle_SPY_000096,-2.58825,0.0,-2.58825,8188.027658,7933.700195,7933.700195,13.1899995803833,0.1117,0.0918
sim_2019-02-09_2026-05-21_29c06ed80e5a,2023-07-27,short_straddle,SPY,short_straddle_SPY_000096,0.0,-2.036205,-2.036205,8185.991453,7933.700195,7933.700195,14.40999984741211,,
sim_2019-02-09_2026-05-21_29c06ed80e5a,2023-07-27,put_credit_spread,SPY,put_credit_spread_SPY_000095,0.0,0.0,0.0,8185.991453,1553.5,1553.5,14.40999984741211,,
sim_2019-02-09_2026-05-21_29c06ed80e5a,2023-07-28,short_straddle,SPY,short_straddle_SPY_000096,0.0,39.870209,39.870209,8225.861662,7933.700195,7933.700195,13.329999923706056,0.1129,0.0968
sim_2019-02-09_2026-05-21_29c06ed80e5a,2023-07-28,put_credit_spread,SPY,put_credit_spread_SPY_000095,144.5,0.0,144.5,8370.361662,1553.5,1553.5,13.329999923706056,0.1129,0.0968
sim_2019-02-09_2026-05-21_29c06ed80e5a,2023-07-28,put_credit_spread,SPY,put_credit_spread_SPY_000097,-2.08275,0.0,-2.08275,8368.278912,1634.5,1634.5,13.329999923706056,0.1129,0.0968
sim_2019-02-09_2026-05-21_29c06ed80e5a,2023-07-31,short_straddle,SPY,short_straddle_SPY_000096,0.0,7.829956,7.829956,8376.108868,7933.700195,7933.700195,13.630000114440918,0.1168,0.0912
sim_2019-02-09_2026-05-21_29c06ed80e5a,2023-07-31,put_credit_spread,SPY,put_credit_spread_SPY_000097,-12.0,0.0,-12.0,8364.108868,1634.5,1634.5,13.630000114440918,0.1168,0.0912
sim_2019-02-09_2026-05-21_29c06ed80e5a,2023-08-01,short_straddle,SPY,short_straddle_SPY_000096,0.0,-11.789978,-11.789978,8352.31889,7933.700195,7933.700195,13.93000030517578,,
sim_2019-02-09_2026-05-21_29c06ed80e5a,2023-08-01,put_credit_spread,SPY,put_credit_spread_SPY_000097,0.0,0.0,0.0,8352.31889,1634.5,1634.5,13.93000030517578,,
sim_2019-02-09_2026-05-21_29c06ed80e5a,2023-08-02,short_straddle,SPY,short_straddle_SPY_000096,0.0,-57.150055,-57.150055,8295.168835,7933.700195,7933.700195,16.09000015258789,0.1361,0.0975
sim_2019-02-09_2026-05-21_29c06ed80e5a,2023-08-02,put_credit_spread,SPY,put_credit_spread_SPY_000097,0.0,0.0,0.0,8295.168835,1634.5,1634.5,16.09000015258789,0.1361,0.0975
sim_2019-02-09_2026-05-21_29c06ed80e5a,2023-08-03,short_straddle,SPY,short_straddle_SPY_000096,0.0,-11.610077,-11.610077,8283.558758,7933.700195,7933.700195,15.920000076293944,,
sim_2019-02-09_2026-05-21_29c06ed80e5a,2023-08-03,put_credit_spread,SPY,put_credit_spread_SPY_000097,0.0,0.0,0.0,8283.558758,1634.5,1634.5,15.920000076293944,,
sim_2019-02-09_2026-05-21_29c06ed80e5a,2023-08-04,short_straddle,SPY,short_straddle_SPY_000096,0.0,-18.269989,-18.269989,8265.288769,7933.700195,7933.700195,17.100000381469727,0.1403,0.0975
sim_2019-02-09_2026-05-21_29c06ed80e5a,2023-08-04,put_credit_spread,SPY,put_credit_spread_SPY_000097,0.0,0.0,0.0,8265.288769,1634.5,1634.5,17.100000381469727,0.1403,0.0975
sim_2019-02-09_2026-05-21_29c06ed80e5a,2023-08-07,short_straddle,SPY,short_straddle_SPY_000096,0.0,35.099945,35.099945,8300.388714,7933.700195,7933.700195,15.770000457763672,0.1294,0.0967
sim_2019-02-09_2026-05-21_29c06ed80e5a,2023-08-07,put_credit_spread,SPY,put_credit_spread_SPY_000097,0.0,0.0,0.0,8300.388714,1634.5,1634.5,15.770000457763672,0.1294,0.0967
sim_2019-02-09_2026-05-21_29c06ed80e5a,2023-08-08,short_straddle,SPY,short_straddle_SPY_000096,0.0,-17.639923,-17.639923,8282.748791,7933.700195,7933.700195,15.989999771118164,,
sim_2019-02-09_2026-05-21_29c06ed80e5a,2023-08-08,put_credit_spread,SPY,put_credit_spread_SPY_000097,0.0,0.0,0.0,8282.748791,1634.5,1634.5,15.989999771118164,,
sim_2019-02-09_2026-05-21_29c06ed80e5a,2023-08-09,short_straddle,SPY,short_straddle_SPY_000096,0.0,-27.0,-27.0,8255.748791,7933.700195,7933.700195,15.960000038146973,0.1381,0.0952
sim_2019-02-09_2026-05-21_29c06ed80e5a,2023-08-09,put_credit_spread,SPY,put_credit_spread_SPY_000097,0.0,0.0,0.0,8255.748791,1634.5,1634.5,15.960000038146973,0.1381,0.0952
sim_2019-02-09_2026-05-21_29c06ed80e5a,2023-08-10,short_straddle,SPY,short_straddle_SPY_000096,0.0,1.440033,1.440033,8257.188824,7933.700195,7933.700195,15.850000381469728,,
sim_2019-02-09_2026-05-21_29c06ed80e5a,2023-08-10,put_credit_spread,SPY,put_credit_spread_SPY_000097,0.0,0.0,0.0,8257.188824,1634.5,1634.5,15.850000381469728,,
sim_2019-02-09_2026-05-21_29c06ed80e5a,2023-08-11,short_straddle,SPY,short_straddle_SPY_000096,0.0,-2.340088,-2.340088,8254.848736,7933.700195,7933.700195,14.84000015258789,0.1308,0.0947
sim_2019-02-09_2026-05-21_29c06ed80e5a,2023-08-11,put_credit_spread,SPY,put_credit_spread_SPY_000097,0.0,0.0,0.0,8254.848736,1634.5,1634.5,14.84000015258789,0.1308,0.0947
sim_2019-02-09_2026-05-21_29c06ed80e5a,2023-08-14,short_straddle,SPY,short_straddle_SPY_000096,0.0,22.139923,22.139923,8276.988659,7933.700195,7933.700195,14.81999969482422,0.1305,0.09
sim_2019-02-09_2026-05-21_29c06ed80e5a,2023-08-14,put_credit_spread,SPY,put_credit_spread_SPY_000097,0.0,0.0,0.0,8276.988659,1634.5,1634.5,14.81999969482422,0.1305,0.09
sim_2019-02-09_2026-05-21_29c06ed80e5a,2023-08-15,short_straddle,SPY,short_straddle_SPY_000096,0.0,-46.979736,-46.979736,8230.008923,7933.700195,7933.700195,16.459999084472656,,
sim_2019-02-09_2026-05-21_29c06ed80e5a,2023-08-15,put_credit_spread,SPY,put_credit_spread_SPY_000097,0.0,0.0,0.0,8230.008923,1634.5,1634.5,16.459999084472656,,
sim_2019-02-09_2026-05-21_29c06ed80e5a,2023-08-16,short_straddle,SPY,short_straddle_SPY_000096,0.0,-29.25,-29.25,8200.758923,7933.700195,7933.700195,16.780000686645508,0.1525,0.0987
sim_2019-02-09_2026-05-21_29c06ed80e5a,2023-08-16,put_credit_spread,SPY,put_credit_spread_SPY_000097,0.0,0.0,0.0,8200.758923,1634.5,1634.5,16.780000686645508,0.1525,0.0987
sim_2019-02-09_2026-05-21_29c06ed80e5a,2023-08-17,short_straddle,SPY,short_straddle_SPY_000096,0.0,-30.150055,-30.150055,8170.608868,7933.700195,7933.700195,17.889999389648438,,
sim_2019-02-09_2026-05-21_29c06ed80e5a,2023-08-17,put_credit_spread,SPY,put_credit_spread_SPY_000097,0.0,0.0,0.0,8170.608868,1634.5,1634.5,17.889999389648438,,
sim_2019-02-09_2026-05-21_29c06ed80e5a,2023-08-18,short_straddle,SPY,short_straddle_SPY_000096,0.0,1.889923,1.889923,8172.498791,7933.700195,7933.700195,17.299999237060547,0.154,0.0983
sim_2019-02-09_2026-05-21_29c06ed80e5a,2023-08-18,put_credit_spread,SPY,put_credit_spread_SPY_000097,0.0,0.0,0.0,8172.498791,1634.5,1634.5,17.299999237060547,0.154,0.0983
sim_2019-02-09_2026-05-21_29c06ed80e5a,2023-08-21,short_straddle,SPY,short_straddle_SPY_000096,0.0,25.559967,25.559967,8198.058758,7933.700195,7933.700195,17.1299991607666,0.1512,0.0999
sim_2019-02-09_2026-05-21_29c06ed80e5a,2023-08-21,put_credit_spread,SPY,put_credit_spread_SPY_000097,0.0,0.0,0.0,8198.058758,1634.5,1634.5,17.1299991607666,0.1512,0.0999
sim_2019-02-09_2026-05-21_29c06ed80e5a,2023-08-22,short_straddle,SPY,short_straddle_SPY_000096,0.0,-10.710022,-10.710022,8187.348736,7933.700195,7933.700195,16.969999313354492,,
sim_2019-02-09_2026-05-21_29c06ed80e5a,2023-08-22,put_credit_spread,SPY,put_credit_spread_SPY_000097,0.0,0.0,0.0,8187.348736,1634.5,1634.5,16.969999313354492,,
sim_2019-02-09_2026-05-21_29c06ed80e5a,2023-08-23,short_straddle,SPY,short_straddle_SPY_000096,-2.58825,41.926409,39.338159,8226.686895,7933.700195,7933.700195,15.979999542236328,0.1395,0.101
sim_2019-02-09_2026-05-21_29c06ed80e5a,2023-08-23,put_credit_spread,SPY,put_credit_spread_SPY_000097,-2.08875,0.0,-2.08875,8224.598145,1634.5,1634.5,15.979999542236328,0.1395,0.101
sim_2019-02-09_2026-05-21_29c06ed80e5a,2023-08-23,short_straddle,SPY,short_straddle_SPY_000098,-2.70625,0.0,-2.70625,8221.891895,7448.099976,7448.099976,15.979999542236328,0.1395,0.101
sim_2019-02-09_2026-05-21_29c06ed80e5a,2023-08-23,put_credit_spread,SPY,put_credit_spread_SPY_000099,-2.12725,0.0,-2.12725,8219.764645,1545.5,1545.5,15.979999542236328,0.1395,0.101
sim_2019-02-09_2026-05-21_29c06ed80e5a,2023-08-24,short_straddle,SPY,short_straddle_SPY_000098,0.0,-0.87378,-0.87378,8218.890865,7448.099976,7448.099976,17.200000762939453,,
sim_2019-02-09_2026-05-21_29c06ed80e5a,2023-08-24,put_credit_spread,SPY,put_credit_spread_SPY_000099,0.0,0.0,0.0,8218.890865,1545.5,1545.5,17.200000762939453,,
sim_2019-02-09_2026-05-21_29c06ed80e5a,2023-08-25,short_straddle,SPY,short_straddle_SPY_000098,0.0,12.319946,12.319946,8231.210811,7448.099976,7448.099976,15.68000030517578,0.1384,0.108
sim_2019-02-09_2026-05-21_29c06ed80e5a,2023-08-25,put_credit_spread,SPY,put_credit_spread_SPY_000099,0.0,0.0,0.0,8231.210811,1545.5,1545.5,15.68000030517578,0.1384,0.108
sim_2019-02-09_2026-05-21_29c06ed80e5a,2023-08-28,short_straddle,SPY,short_straddle_SPY_000098,196.0,10.717274,206.717274,8437.928085,7448.099976,7448.099976,15.079999923706056,0.1329,0.1092
sim_2019-02-09_2026-05-21_29c06ed80e5a,2023-08-28,put_credit_spread,SPY,put_credit_spread_SPY_000099,29.0,0.0,29.0,8466.928085,1545.5,1545.5,15.079999923706056,0.1329,0.1092
sim_2019-02-09_2026-05-21_29c06ed80e5a,2023-08-29,short_straddle,SPY,short_straddle_SPY_000098,0.0,12.350828,12.350828,8479.278913,7448.099976,7448.099976,14.449999809265137,,
sim_2019-02-09_2026-05-21_29c06ed80e5a,2023-08-29,put_credit_spread,SPY,put_credit_spread_SPY_000099,0.0,0.0,0.0,8479.278913,1545.5,1545.5,14.449999809265137,,
sim_2019-02-09_2026-05-21_29c06ed80e5a,2023-08-30,short_straddle,SPY,short_straddle_SPY_000098,0.0,7.400024,7.400024,8486.678938,7448.099976,7448.099976,13.880000114440918,0.1173,0.1158
sim_2019-02-09_2026-05-21_29c06ed80e5a,2023-08-30,put_credit_spread,SPY,put_credit_spread_SPY_000099,0.0,0.0,0.0,8486.678938,1545.5,1545.5,13.880000114440918,0.1173,0.1158
sim_2019-02-09_2026-05-21_29c06ed80e5a,2023-08-31,short_straddle,SPY,short_straddle_SPY_000098,0.0,-2.640015,-2.640015,8484.038923,7448.099976,7448.099976,13.56999969482422,,
sim_2019-02-09_2026-05-21_29c06ed80e5a,2023-08-31,put_credit_spread,SPY,put_credit_spread_SPY_000099,0.0,0.0,0.0,8484.038923,1545.5,1545.5,13.56999969482422,,
sim_2019-02-09_2026-05-21_29c06ed80e5a,2023-09-01,short_straddle,SPY,short_straddle_SPY_000098,0.0,3.359985,3.359985,8487.398908,7448.099976,7448.099976,13.09000015258789,0.1106,0.1145
sim_2019-02-09_2026-05-21_29c06ed80e5a,2023-09-01,put_credit_spread,SPY,put_credit_spread_SPY_000099,0.0,0.0,0.0,8487.398908,1545.5,1545.5,13.09000015258789,0.1106,0.1145
sim_2019-02-09_2026-05-21_29c06ed80e5a,2023-09-05,short_straddle,SPY,short_straddle_SPY_000098,0.0,-7.800049,-7.800049,8479.598859,7448.099976,7448.099976,14.010000228881836,,
sim_2019-02-09_2026-05-21_29c06ed80e5a,2023-09-05,put_credit_spread,SPY,put_credit_spread_SPY_000099,0.0,0.0,0.0,8479.598859,1545.5,1545.5,14.010000228881836,,
sim_2019-02-09_2026-05-21_29c06ed80e5a,2023-09-06,short_straddle,SPY,short_straddle_SPY_000098,0.0,-12.079956,-12.079956,8467.518903,7448.099976,7448.099976,14.449999809265137,0.1246,0.1154
sim_2019-02-09_2026-05-21_29c06ed80e5a,2023-09-06,put_credit_spread,SPY,put_credit_spread_SPY_000099,0.0,0.0,0.0,8467.518903,1545.5,1545.5,14.449999809265137,0.1246,0.1154
sim_2019-02-09_2026-05-21_29c06ed80e5a,2023-09-07,short_straddle,SPY,short_straddle_SPY_000098,0.0,-5.47998,-5.47998,8462.038923,7448.099976,7448.099976,14.399999618530272,,
sim_2019-02-09_2026-05-21_29c06ed80e5a,2023-09-07,put_credit_spread,SPY,put_credit_spread_SPY_000099,0.0,0.0,0.0,8462.038923,1545.5,1545.5,14.399999618530272,,
sim_2019-02-09_2026-05-21_29c06ed80e5a,2023-09-08,short_straddle,SPY,short_straddle_SPY_000098,0.0,2.679932,2.679932,8464.718855,7448.099976,7448.099976,13.84000015258789,0.1189,0.1144
sim_2019-02-09_2026-05-21_29c06ed80e5a,2023-09-08,put_credit_spread,SPY,put_credit_spread_SPY_000099,0.0,0.0,0.0,8464.718855,1545.5,1545.5,13.84000015258789,0.1189,0.1144
sim_2019-02-09_2026-05-21_29c06ed80e5a,2023-09-11,short_straddle,SPY,short_straddle_SPY_000098,0.0,11.720093,11.720093,8476.438947,7448.099976,7448.099976,13.800000190734863,0.1193,0.1122
sim_2019-02-09_2026-05-21_29c06ed80e5a,2023-09-11,put_credit_spread,SPY,put_credit_spread_SPY_000099,0.0,0.0,0.0,8476.438947,1545.5,1545.5,13.800000190734863,0.1193,0.1122
sim_2019-02-09_2026-05-21_29c06ed80e5a,2023-09-12,short_straddle,SPY,short_straddle_SPY_000098,0.0,-9.840088,-9.840088,8466.598859,7448.099976,7448.099976,14.229999542236328,,
sim_2019-02-09_2026-05-21_29c06ed80e5a,2023-09-12,put_credit_spread,SPY,put_credit_spread_SPY_000099,0.0,0.0,0.0,8466.598859,1545.5,1545.5,14.229999542236328,,
sim_2019-02-09_2026-05-21_29c06ed80e5a,2023-09-13,short_straddle,SPY,short_straddle_SPY_000098,0.0,2.080078,2.080078,8468.678938,7448.099976,7448.099976,13.479999542236328,0.1148,0.1128
sim_2019-02-09_2026-05-21_29c06ed80e5a,2023-09-13,put_credit_spread,SPY,put_credit_spread_SPY_000099,0.0,0.0,0.0,8468.678938,1545.5,1545.5,13.479999542236328,0.1148,0.1128
sim_2019-02-09_2026-05-21_29c06ed80e5a,2023-09-14,short_straddle,SPY,short_straddle_SPY_000098,0.0,15.399902,15.399902,8484.07884,7448.099976,7448.099976,12.81999969482422,,
sim_2019-02-09_2026-05-21_29c06ed80e5a,2023-09-14,put_credit_spread,SPY,put_credit_spread_SPY_000099,0.0,0.0,0.0,8484.07884,1545.5,1545.5,12.81999969482422,,
sim_2019-02-09_2026-05-21_29c06ed80e5a,2023-09-15,short_straddle,SPY,short_straddle_SPY_000098,0.0,-27.959961,-27.959961,8456.118879,7448.099976,7448.099976,13.789999961853027,0.1176,0.1175
sim_2019-02-09_2026-05-21_29c06ed80e5a,2023-09-15,put_credit_spread,SPY,put_credit_spread_SPY_000099,0.0,0.0,0.0,8456.118879,1545.5,1545.5,13.789999961853027,0.1176,0.1175
sim_2019-02-09_2026-05-21_29c06ed80e5a,2023-09-18,short_straddle,SPY,short_straddle_SPY_000098,0.0,1.040039,1.040039,8457.158918,7448.099976,7448.099976,14.0,0.1223,0.1169
sim_2019-02-09_2026-05-21_29c06ed80e5a,2023-09-18,put_credit_spread,SPY,put_credit_spread_SPY_000099,0.0,0.0,0.0,8457.158918,1545.5,1545.5,14.0,0.1223,0.1169
sim_2019-02-09_2026-05-21_29c06ed80e5a,2023-09-19,short_straddle,SPY,short_straddle_SPY_000098,0.0,-3.680054,-3.680054,8453.478864,7448.099976,7448.099976,14.109999656677246,,
sim_2019-02-09_2026-05-21_29c06ed80e5a,2023-09-19,put_credit_spread,SPY,put_credit_spread_SPY_000099,0.0,0.0,0.0,8453.478864,1545.5,1545.5,14.109999656677246,,
sim_2019-02-09_2026-05-21_29c06ed80e5a,2023-09-20,short_straddle,SPY,short_straddle_SPY_000098,-2.60825,-17.157187,-19.765437,8433.713427,7448.099976,7448.099976,15.140000343322754,0.1338,0.1161
sim_2019-02-09_2026-05-21_29c06ed80e5a,2023-09-20,put_credit_spread,SPY,put_credit_spread_SPY_000099,0.0,0.0,0.0,8433.713427,1545.5,1545.5,15.140000343322754,0.1338,0.1161
sim_2019-02-09_2026-05-21_29c06ed80e5a,2023-09-20,short_straddle,SPY,short_straddle_SPY_000100,-2.674,0.0,-2.674,8431.039427,7424.800293,7424.800293,15.140000343322754,0.1338,0.1161
sim_2019-02-09_2026-05-21_29c06ed80e5a,2023-09-21,short_straddle,SPY,short_straddle_SPY_000100,0.0,-1.29417,-1.29417,8429.745257,7424.800293,7424.800293,17.540000915527344,,
sim_2019-02-09_2026-05-21_29c06ed80e5a,2023-09-21,put_credit_spread,SPY,put_credit_spread_SPY_000099,-2.11275,0.0,-2.11275,8427.632507,1545.5,1545.5,17.540000915527344,,
sim_2019-02-09_2026-05-21_29c06ed80e5a,2023-09-22,short_straddle,SPY,short_straddle_SPY_000100,-102.5,-14.213198,-116.713198,8310.919309,7424.800293,7424.800293,17.200000762939453,0.152,0.1239
sim_2019-02-09_2026-05-21_29c06ed80e5a,2023-09-22,put_credit_spread,SPY,put_credit_spread_SPY_000101,-2.12325,0.0,-2.12325,8308.796059,1453.5,1453.5,17.200000762939453,0.152,0.1239
sim_2019-02-09_2026-05-21_29c06ed80e5a,2023-09-25,short_straddle,SPY,short_straddle_SPY_000100,0.0,-68.158405,-68.158405,8240.637655,7424.800293,7424.800293,16.899999618530273,0.151,0.1248
sim_2019-02-09_2026-05-21_29c06ed80e5a,2023-09-25,put_credit_spread,SPY,put_credit_spread_SPY_000101,0.0,0.0,0.0,8240.637655,1453.5,1453.5,16.899999618530273,0.151,0.1248
sim_2019-02-09_2026-05-21_29c06ed80e5a,2023-09-26,short_straddle,SPY,short_straddle_SPY_000100,0.0,-38.100037,-38.100037,8202.537618,7424.800293,7424.800293,18.940000534057617,,
sim_2019-02-09_2026-05-21_29c06ed80e5a,2023-09-26,put_credit_spread,SPY,put_credit_spread_SPY_000101,0.0,0.0,0.0,8202.537618,1453.5,1453.5,18.940000534057617,,
sim_2019-02-09_2026-05-21_29c06ed80e5a,2023-09-27,short_straddle,SPY,short_straddle_SPY_000100,0.0,1.019897,1.019897,8203.557516,7424.800293,7424.800293,18.21999931335449,0.1624,0.126
sim_2019-02-09_2026-05-21_29c06ed80e5a,2023-09-27,put_credit_spread,SPY,put_credit_spread_SPY_000101,0.0,0.0,0.0,8203.557516,1453.5,1453.5,18.21999931335449,0.1624,0.126
sim_2019-02-09_2026-05-21_29c06ed80e5a,2023-09-28,short_straddle,SPY,short_straddle_SPY_000100,0.0,14.820007,14.820007,8218.377523,7424.800293,7424.800293,17.34000015258789,,
sim_2019-02-09_2026-05-21_29c06ed80e5a,2023-09-28,put_credit_spread,SPY,put_credit_spread_SPY_000101,0.0,0.0,0.0,8218.377523,1453.5,1453.5,17.34000015258789,,
sim_2019-02-09_2026-05-21_29c06ed80e5a,2023-09-29,short_straddle,SPY,short_straddle_SPY_000100,0.0,-6.239868,-6.239868,8212.137655,7424.800293,7424.800293,17.520000457763672,0.1577,0.1247
sim_2019-02-09_2026-05-21_29c06ed80e5a,2023-09-29,put_credit_spread,SPY,put_credit_spread_SPY_000101,0.0,0.0,0.0,8212.137655,1453.5,1453.5,17.520000457763672,0.1577,0.1247
sim_2019-02-09_2026-05-21_29c06ed80e5a,2023-10-02,short_straddle,SPY,short_straddle_SPY_000100,0.0,-1.020081,-1.020081,8211.117574,7424.800293,7424.800293,17.610000610351562,0.161,0.1246
sim_2019-02-09_2026-05-21_29c06ed80e5a,2023-10-02,put_credit_spread,SPY,put_credit_spread_SPY_000101,0.0,0.0,0.0,8211.117574,1453.5,1453.5,17.610000610351562,0.161,0.1246
sim_2019-02-09_2026-05-21_29c06ed80e5a,2023-10-03,short_straddle,SPY,short_straddle_SPY_000100,0.0,-34.320007,-34.320007,8176.797567,7424.800293,7424.800293,19.780000686645508,,
sim_2019-02-09_2026-05-21_29c06ed80e5a,2023-10-03,put_credit_spread,SPY,put_credit_spread_SPY_000101,0.0,0.0,0.0,8176.797567,1453.5,1453.5,19.780000686645508,,
sim_2019-02-09_2026-05-21_29c06ed80e5a,2023-10-04,short_straddle,SPY,short_straddle_SPY_000100,0.0,18.420044,18.420044,8195.217611,7424.800293,7424.800293,18.57999992370605,0.1687,0.1303
sim_2019-02-09_2026-05-21_29c06ed80e5a,2023-10-04,put_credit_spread,SPY,put_credit_spread_SPY_000101,0.0,0.0,0.0,8195.217611,1453.5,1453.5,18.57999992370605,0.1687,0.1303
sim_2019-02-09_2026-05-21_29c06ed80e5a,2023-10-05,short_straddle,SPY,short_straddle_SPY_000100,0.0,-0.960022,-0.960022,8194.257589,7424.800293,7424.800293,18.489999771118164,,
sim_2019-02-09_2026-05-21_29c06ed80e5a,2023-10-05,put_credit_spread,SPY,put_credit_spread_SPY_000101,0.0,0.0,0.0,8194.257589,1453.5,1453.5,18.489999771118164,,
sim_2019-02-09_2026-05-21_29c06ed80e5a,2023-10-06,short_straddle,SPY,short_straddle_SPY_000100,0.0,30.240051,30.240051,8224.49764,7424.800293,7424.800293,17.450000762939453,0.1578,0.1251
sim_2019-02-09_2026-05-21_29c06ed80e5a,2023-10-06,put_credit_spread,SPY,put_credit_spread_SPY_000101,0.0,0.0,0.0,8224.49764,1453.5,1453.5,17.450000762939453,0.1578,0.1251
sim_2019-02-09_2026-05-21_29c06ed80e5a,2023-10-09,short_straddle,SPY,short_straddle_SPY_000100,0.0,16.5,16.5,8240.99764,7424.800293,7424.800293,17.700000762939453,0.158,0.1247
sim_2019-02-09_2026-05-21_29c06ed80e5a,2023-10-09,put_credit_spread,SPY,put_credit_spread_SPY_000101,0.0,0.0,0.0,8240.99764,1453.5,1453.5,17.700000762939453,0.158,0.1247
sim_2019-02-09_2026-05-21_29c06ed80e5a,2023-10-10,short_straddle,SPY,short_straddle_SPY_000100,0.0,13.5,13.5,8254.49764,7424.800293,7424.800293,17.030000686645508,,
sim_2019-02-09_2026-05-21_29c06ed80e5a,2023-10-10,put_credit_spread,SPY,put_credit_spread_SPY_000101,0.0,0.0,0.0,8254.49764,1453.5,1453.5,17.030000686645508,,
sim_2019-02-09_2026-05-21_29c06ed80e5a,2023-10-11,short_straddle,SPY,short_straddle_SPY_000100,0.0,10.679993,10.679993,8265.177633,7424.800293,7424.800293,16.09000015258789,0.1399,0.1168
sim_2019-02-09_2026-05-21_29c06ed80e5a,2023-10-11,put_credit_spread,SPY,put_credit_spread_SPY_000101,0.0,0.0,0.0,8265.177633,1453.5,1453.5,16.09000015258789,0.1399,0.1168
sim_2019-02-09_2026-05-21_29c06ed80e5a,2023-10-12,short_straddle,SPY,short_straddle_SPY_000100,0.0,-15.960022,-15.960022,8249.217611,7424.800293,7424.800293,16.690000534057617,,
sim_2019-02-09_2026-05-21_29c06ed80e5a,2023-10-12,put_credit_spread,SPY,put_credit_spread_SPY_000101,0.0,0.0,0.0,8249.217611,1453.5,1453.5,16.690000534057617,,
sim_2019-02-09_2026-05-21_29c06ed80e5a,2023-10-13,short_straddle,SPY,short_straddle_SPY_000100,0.0,-12.960022,-12.960022,8236.257589,7424.800293,7424.800293,19.31999969482422,0.1632,0.1172
sim_2019-02-09_2026-05-21_29c06ed80e5a,2023-10-13,put_credit_spread,SPY,put_credit_spread_SPY_000101,0.0,0.0,0.0,8236.257589,1453.5,1453.5,19.31999969482422,0.1632,0.1172
sim_2019-02-09_2026-05-21_29c06ed80e5a,2023-10-16,short_straddle,SPY,short_straddle_SPY_000100,0.0,27.240051,27.240051,8263.49764,7424.800293,7424.800293,17.209999084472656,0.1486,0.1219
sim_2019-02-09_2026-05-21_29c06ed80e5a,2023-10-16,put_credit_spread,SPY,put_credit_spread_SPY_000101,0.0,0.0,0.0,8263.49764,1453.5,1453.5,17.209999084472656,0.1486,0.1219
sim_2019-02-09_2026-05-21_29c06ed80e5a,2023-10-17,short_straddle,SPY,short_straddle_SPY_000100,0.0,-0.120117,-0.120117,8263.377523,7424.800293,7424.800293,17.8799991607666,,
sim_2019-02-09_2026-05-21_29c06ed80e5a,2023-10-17,put_credit_spread,SPY,put_credit_spread_SPY_000101,0.0,0.0,0.0,8263.377523,1453.5,1453.5,17.8799991607666,,
sim_2019-02-09_2026-05-21_29c06ed80e5a,2023-10-18,short_straddle,SPY,short_straddle_SPY_000100,-2.72525,-36.150615,-38.875865,8224.501658,7424.800293,7424.800293,19.21999931335449,0.1681,0.1257
sim_2019-02-09_2026-05-21_29c06ed80e5a,2023-10-18,put_credit_spread,SPY,put_credit_spread_SPY_000101,0.0,0.0,0.0,8224.501658,1453.5,1453.5,19.21999931335449,0.1681,0.1257
sim_2019-02-09_2026-05-21_29c06ed80e5a,2023-10-18,short_straddle,SPY,short_straddle_SPY_000102,-2.85,0.0,-2.85,8221.651658,6904.199829,6904.199829,19.21999931335449,0.1681,0.1257
sim_2019-02-09_2026-05-21_29c06ed80e5a,2023-10-19,short_straddle,SPY,short_straddle_SPY_000102,0.0,-2.345365,-2.345365,8219.306293,6904.199829,6904.199829,21.39999961853028,,
sim_2019-02-09_2026-05-21_29c06ed80e5a,2023-10-19,put_credit_spread,SPY,put_credit_spread_SPY_000101,0.0,0.0,0.0,8219.306293,1453.5,1453.5,21.39999961853028,,
sim_2019-02-09_2026-05-21_29c06ed80e5a,2023-10-20,short_straddle,SPY,short_straddle_SPY_000102,-33.5,-66.063693,-99.563693,8119.7426,6904.199829,6904.199829,21.709999084472656,0.1885,0.1311
sim_2019-02-09_2026-05-21_29c06ed80e5a,2023-10-20,put_credit_spread,SPY,put_credit_spread_SPY_000101,163.459744,0.0,163.459744,8283.202344,1453.5,1453.5,21.709999084472656,0.1885,0.1311
sim_2019-02-09_2026-05-21_29c06ed80e5a,2023-10-20,put_credit_spread,SPY,put_credit_spread_SPY_000103,-2.19,0.0,-2.19,8281.012344,2120.0,2120.0,21.709999084472656,0.1885,0.1311
sim_2019-02-09_2026-05-21_29c06ed80e5a,2023-10-23,short_straddle,SPY,short_straddle_SPY_000102,0.0,12.761119,12.761119,8293.773463,6904.199829,6904.199829,20.3700008392334,0.179,0.1286
sim_2019-02-09_2026-05-21_29c06ed80e5a,2023-10-23,put_credit_spread,SPY,put_credit_spread_SPY_000103,0.0,0.0,0.0,8293.773463,2120.0,2120.0,20.3700008392334,0.179,0.1286
sim_2019-02-09_2026-05-21_29c06ed80e5a,2023-10-24,short_straddle,SPY,short_straddle_SPY_000102,0.0,34.870148,34.870148,8328.643611,6904.199829,6904.199829,18.96999931335449,,
sim_2019-02-09_2026-05-21_29c06ed80e5a,2023-10-24,put_credit_spread,SPY,put_credit_spread_SPY_000103,0.0,0.0,0.0,8328.643611,2120.0,2120.0,18.96999931335449,,
sim_2019-02-09_2026-05-21_29c06ed80e5a,2023-10-25,short_straddle,SPY,short_straddle_SPY_000102,0.0,-66.880188,-66.880188,8261.763423,6904.199829,6904.199829,20.190000534057617,0.1811,0.1359
sim_2019-02-09_2026-05-21_29c06ed80e5a,2023-10-25,put_credit_spread,SPY,put_credit_spread_SPY_000103,0.0,0.0,0.0,8261.763423,2120.0,2120.0,20.190000534057617,0.1811,0.1359
sim_2019-02-09_2026-05-21_29c06ed80e5a,2023-10-26,short_straddle,SPY,short_straddle_SPY_000102,0.0,-55.0,-55.0,8206.763423,6904.199829,6904.199829,20.68000030517578,,
sim_2019-02-09_2026-05-21_29c06ed80e5a,2023-10-26,put_credit_spread,SPY,put_credit_spread_SPY_000103,0.0,0.0,0.0,8206.763423,2120.0,2120.0,20.68000030517578,,
sim_2019-02-09_2026-05-21_29c06ed80e5a,2023-10-27,short_straddle,SPY,short_straddle_SPY_000102,0.0,-20.569946,-20.569946,8186.193476,6904.199829,6904.199829,21.270000457763672,0.1892,0.1294
sim_2019-02-09_2026-05-21_29c06ed80e5a,2023-10-27,put_credit_spread,SPY,put_credit_spread_SPY_000103,0.0,0.0,0.0,8186.193476,2120.0,2120.0,21.270000457763672,0.1892,0.1294
sim_2019-02-09_2026-05-21_29c06ed80e5a,2023-10-30,short_straddle,SPY,short_straddle_SPY_000102,0.0,54.01004,54.01004,8240.203517,6904.199829,6904.199829,19.75,0.1775,0.1358
sim_2019-02-09_2026-05-21_29c06ed80e5a,2023-10-30,put_credit_spread,SPY,put_credit_spread_SPY_000103,0.0,0.0,0.0,8240.203517,2120.0,2120.0,19.75,0.1775,0.1358
sim_2019-02-09_2026-05-21_29c06ed80e5a,2023-10-31,short_straddle,SPY,short_straddle_SPY_000102,0.0,28.710175,28.710175,8268.913691,6904.199829,6904.199829,18.13999938964844,,
sim_2019-02-09_2026-05-21_29c06ed80e5a,2023-10-31,put_credit_spread,SPY,put_credit_spread_SPY_000103,0.0,0.0,0.0,8268.913691,2120.0,2120.0,18.13999938964844,,
sim_2019-02-09_2026-05-21_29c06ed80e5a,2023-11-01,short_straddle,SPY,short_straddle_SPY_000102,0.0,49.059906,49.059906,8317.973597,6904.199829,6904.199829,16.8700008392334,,
sim_2019-02-09_2026-05-21_29c06ed80e5a,2023-11-01,put_credit_spread,SPY,put_credit_spread_SPY_000103,0.0,0.0,0.0,8317.973597,2120.0,2120.0,16.8700008392334,,
sim_2019-02-09_2026-05-21_29c06ed80e5a,2023-11-02,short_straddle,SPY,short_straddle_SPY_000102,0.0,89.100067,89.100067,8407.073664,6904.199829,6904.199829,15.65999984741211,,
sim_2019-02-09_2026-05-21_29c06ed80e5a,2023-11-02,put_credit_spread,SPY,put_credit_spread_SPY_000103,0.0,0.0,0.0,8407.073664,2120.0,2120.0,15.65999984741211,,
sim_2019-02-09_2026-05-21_29c06ed80e5a,2023-11-03,short_straddle,SPY,short_straddle_SPY_000102,0.0,43.229919,43.229919,8450.303584,6904.199829,6904.199829,14.90999984741211,0.1284,0.1469
sim_2019-02-09_2026-05-21_29c06ed80e5a,2023-11-03,put_credit_spread,SPY,put_credit_spread_SPY_000103,0.0,0.0,0.0,8450.303584,2120.0,2120.0,14.90999984741211,0.1284,0.1469
sim_2019-02-09_2026-05-21_29c06ed80e5a,2023-11-06,short_straddle,SPY,short_straddle_SPY_000102,0.0,11.0,11.0,8461.303584,6904.199829,6904.199829,14.890000343322754,0.1295,0.1466
sim_2019-02-09_2026-05-21_29c06ed80e5a,2023-11-06,put_credit_spread,SPY,put_credit_spread_SPY_000103,0.0,0.0,0.0,8461.303584,2120.0,2120.0,14.890000343322754,0.1295,0.1466
sim_2019-02-09_2026-05-21_29c06ed80e5a,2023-11-07,short_straddle,SPY,short_straddle_SPY_000102,0.0,13.639893,13.639893,8474.943476,6904.199829,6904.199829,14.8100004196167,,
sim_2019-02-09_2026-05-21_29c06ed80e5a,2023-11-07,put_credit_spread,SPY,put_credit_spread_SPY_000103,0.0,0.0,0.0,8474.943476,2120.0,2120.0,14.8100004196167,,
sim_2019-02-09_2026-05-21_29c06ed80e5a,2023-11-08,short_straddle,SPY,short_straddle_SPY_000102,0.0,3.520081,3.520081,8478.463557,6904.199829,6904.199829,14.449999809265137,,
sim_2019-02-09_2026-05-21_29c06ed80e5a,2023-11-08,put_credit_spread,SPY,put_credit_spread_SPY_000103,0.0,0.0,0.0,8478.463557,2120.0,2120.0,14.449999809265137,,
sim_2019-02-09_2026-05-21_29c06ed80e5a,2023-11-09,short_straddle,SPY,short_straddle_SPY_000102,0.0,-37.51004,-37.51004,8440.953517,6904.199829,6904.199829,15.289999961853027,0.135,0.141
sim_2019-02-09_2026-05-21_29c06ed80e5a,2023-11-09,put_credit_spread,SPY,put_credit_spread_SPY_000103,0.0,0.0,0.0,8440.953517,2120.0,2120.0,15.289999961853027,0.135,0.141
sim_2019-02-09_2026-05-21_29c06ed80e5a,2023-11-10,short_straddle,SPY,short_straddle_SPY_000102,0.0,74.469879,74.469879,8515.423396,6904.199829,6904.199829,14.170000076293944,0.1236,0.1473
sim_2019-02-09_2026-05-21_29c06ed80e5a,2023-11-10,put_credit_spread,SPY,put_credit_spread_SPY_000103,0.0,0.0,0.0,8515.423396,2120.0,2120.0,14.170000076293944,0.1236,0.1473
sim_2019-02-09_2026-05-21_29c06ed80e5a,2023-11-13,short_straddle,SPY,short_straddle_SPY_000102,0.0,-4.619812,-4.619812,8510.803584,6904.199829,6904.199829,14.760000228881836,0.1328,0.1473
sim_2019-02-09_2026-05-21_29c06ed80e5a,2023-11-13,put_credit_spread,SPY,put_credit_spread_SPY_000103,0.0,0.0,0.0,8510.803584,2120.0,2120.0,14.760000228881836,0.1328,0.1473
sim_2019-02-09_2026-05-21_29c06ed80e5a,2023-11-14,short_straddle,SPY,short_straddle_SPY_000102,0.0,93.940094,93.940094,8604.743678,6904.199829,6904.199829,14.15999984741211,,
sim_2019-02-09_2026-05-21_29c06ed80e5a,2023-11-14,put_credit_spread,SPY,put_credit_spread_SPY_000103,0.0,0.0,0.0,8604.743678,2120.0,2120.0,14.15999984741211,,
sim_2019-02-09_2026-05-21_29c06ed80e5a,2023-11-15,short_straddle,SPY,short_straddle_SPY_000102,-2.86675,7.976559,5.109809,8609.853487,6904.199829,6904.199829,14.18000030517578,,
sim_2019-02-09_2026-05-21_29c06ed80e5a,2023-11-15,put_credit_spread,SPY,put_credit_spread_SPY_000103,0.0,0.0,0.0,8609.853487,2120.0,2120.0,14.18000030517578,,
sim_2019-02-09_2026-05-21_29c06ed80e5a,2023-11-16,put_credit_spread,SPY,put_credit_spread_SPY_000103,0.0,0.0,0.0,8609.853487,2120.0,2120.0,14.31999969482422,,
sim_2019-02-09_2026-05-21_29c06ed80e5a,2023-11-16,short_straddle,SPY,short_straddle_SPY_000104,-2.62525,0.0,-2.62525,8607.228237,7754.10022,7754.10022,14.31999969482422,,
sim_2019-02-09_2026-05-21_29c06ed80e5a,2023-11-17,short_straddle,SPY,short_straddle_SPY_000104,0.0,-1.577765,-1.577765,8605.650471,7754.10022,7754.10022,13.800000190734863,,
sim_2019-02-09_2026-05-21_29c06ed80e5a,2023-11-17,put_credit_spread,SPY,put_credit_spread_SPY_000103,378.0,0.0,378.0,8983.650471,2120.0,2120.0,13.800000190734863,,
sim_2019-02-09_2026-05-21_29c06ed80e5a,2023-11-17,put_credit_spread,SPY,put_credit_spread_SPY_000105,-2.09575,0.0,-2.09575,8981.554721,1608.5,1608.5,13.800000190734863,,
sim_2019-02-09_2026-05-21_29c06ed80e5a,2023-11-20,short_straddle,SPY,short_straddle_SPY_000104,0.0,24.290009,24.290009,9005.84473,7754.10022,7754.10022,13.40999984741211,,
sim_2019-02-09_2026-05-21_29c06ed80e5a,2023-11-20,put_credit_spread,SPY,put_credit_spread_SPY_000105,0.0,0.0,0.0,9005.84473,1608.5,1608.5,13.40999984741211,,
sim_2019-02-09_2026-05-21_29c06ed80e5a,2023-11-21,short_straddle,SPY,short_straddle_SPY_000104,0.0,-6.930145,-6.930145,8998.914585,7754.10022,7754.10022,13.350000381469728,,
sim_2019-02-09_2026-05-21_29c06ed80e5a,2023-11-21,put_credit_spread,SPY,put_credit_spread_SPY_000105,0.0,0.0,0.0,8998.914585,1608.5,1608.5,13.350000381469728,,
sim_2019-02-09_2026-05-21_29c06ed80e5a,2023-11-22,short_straddle,SPY,short_straddle_SPY_000104,0.0,12.25,12.25,9011.164585,7754.10022,7754.10022,12.850000381469728,,
sim_2019-02-09_2026-05-21_29c06ed80e5a,2023-11-22,put_credit_spread,SPY,put_credit_spread_SPY_000105,0.0,0.0,0.0,9011.164585,1608.5,1608.5,12.850000381469728,,
sim_2019-02-09_2026-05-21_29c06ed80e5a,2023-11-24,short_straddle,SPY,short_straddle_SPY_000104,0.0,1.959991,1.959991,9013.124576,7754.10022,7754.10022,12.460000038146973,,
sim_2019-02-09_2026-05-21_29c06ed80e5a,2023-11-24,put_credit_spread,SPY,put_credit_spread_SPY_000105,0.0,0.0,0.0,9013.124576,1608.5,1608.5,12.460000038146973,,
sim_2019-02-09_2026-05-21_29c06ed80e5a,2023-11-27,short_straddle,SPY,short_straddle_SPY_000104,0.0,-5.739838,-5.739838,9007.384739,7754.10022,7754.10022,12.6899995803833,,
sim_2019-02-09_2026-05-21_29c06ed80e5a,2023-11-27,put_credit_spread,SPY,put_credit_spread_SPY_000105,0.0,0.0,0.0,9007.384739,1608.5,1608.5,12.6899995803833,,
sim_2019-02-09_2026-05-21_29c06ed80e5a,2023-11-28,short_straddle,SPY,short_straddle_SPY_000104,0.0,3.149872,3.149872,9010.53461,7754.10022,7754.10022,12.6899995803833,,
sim_2019-02-09_2026-05-21_29c06ed80e5a,2023-11-28,put_credit_spread,SPY,put_credit_spread_SPY_000105,0.0,0.0,0.0,9010.53461,1608.5,1608.5,12.6899995803833,,
sim_2019-02-09_2026-05-21_29c06ed80e5a,2023-11-29,short_straddle,SPY,short_straddle_SPY_000104,0.0,-2.240051,-2.240051,9008.294559,7754.10022,7754.10022,12.979999542236328,0.111,0.1413
sim_2019-02-09_2026-05-21_29c06ed80e5a,2023-11-29,put_credit_spread,SPY,put_credit_spread_SPY_000105,0.0,0.0,0.0,9008.294559,1608.5,1608.5,12.979999542236328,0.111,0.1413
sim_2019-02-09_2026-05-21_29c06ed80e5a,2023-11-30,short_straddle,SPY,short_straddle_SPY_000104,0.0,12.53006,12.53006,9020.824619,7754.10022,7754.10022,12.920000076293944,,
sim_2019-02-09_2026-05-21_29c06ed80e5a,2023-11-30,put_credit_spread,SPY,put_credit_spread_SPY_000105,0.0,0.0,0.0,9020.824619,1608.5,1608.5,12.920000076293944,,
sim_2019-02-09_2026-05-21_29c06ed80e5a,2023-12-01,short_straddle,SPY,short_straddle_SPY_000104,8.0,8.111235,16.111235,9036.935854,7754.10022,7754.10022,12.630000114440918,0.1101,0.1308
sim_2019-02-09_2026-05-21_29c06ed80e5a,2023-12-01,put_credit_spread,SPY,put_credit_spread_SPY_000105,0.0,0.0,0.0,9036.935854,1608.5,1608.5,12.630000114440918,0.1101,0.1308
sim_2019-02-09_2026-05-21_29c06ed80e5a,2023-12-04,short_straddle,SPY,short_straddle_SPY_000104,0.0,-140.872413,-140.872413,8896.063441,7754.10022,7754.10022,13.079999923706056,0.1142,0.1253
sim_2019-02-09_2026-05-21_29c06ed80e5a,2023-12-04,put_credit_spread,SPY,put_credit_spread_SPY_000105,0.0,0.0,0.0,8896.063441,1608.5,1608.5,13.079999923706056,0.1142,0.1253
sim_2019-02-09_2026-05-21_29c06ed80e5a,2023-12-05,short_straddle,SPY,short_straddle_SPY_000104,0.0,-0.629974,-0.629974,8895.433467,7754.10022,7754.10022,12.850000381469728,,
sim_2019-02-09_2026-05-21_29c06ed80e5a,2023-12-05,put_credit_spread,SPY,put_credit_spread_SPY_000105,0.0,0.0,0.0,8895.433467,1608.5,1608.5,12.850000381469728,,
sim_2019-02-09_2026-05-21_29c06ed80e5a,2023-12-06,short_straddle,SPY,short_straddle_SPY_000104,0.0,-12.879974,-12.879974,8882.553493,7754.10022,7754.10022,12.970000267028809,0.1156,0.1255
sim_2019-02-09_2026-05-21_29c06ed80e5a,2023-12-06,put_credit_spread,SPY,put_credit_spread_SPY_000105,0.0,0.0,0.0,8882.553493,1608.5,1608.5,12.970000267028809,0.1156,0.1255
sim_2019-02-09_2026-05-21_29c06ed80e5a,2023-12-07,short_straddle,SPY,short_straddle_SPY_000104,0.0,24.290009,24.290009,8906.843501,7754.10022,7754.10022,13.0600004196167,,
sim_2019-02-09_2026-05-21_29c06ed80e5a,2023-12-07,put_credit_spread,SPY,put_credit_spread_SPY_000105,0.0,0.0,0.0,8906.843501,1608.5,1608.5,13.0600004196167,,
sim_2019-02-09_2026-05-21_29c06ed80e5a,2023-12-08,short_straddle,SPY,short_straddle_SPY_000104,0.0,13.790009,13.790009,8920.63351,7754.10022,7754.10022,12.350000381469728,0.109,0.1065
sim_2019-02-09_2026-05-21_29c06ed80e5a,2023-12-08,put_credit_spread,SPY,put_credit_spread_SPY_000105,0.0,0.0,0.0,8920.63351,1608.5,1608.5,12.350000381469728,0.109,0.1065
sim_2019-02-09_2026-05-21_29c06ed80e5a,2023-12-11,short_straddle,SPY,short_straddle_SPY_000104,0.0,12.529846,12.529846,8933.163356,7754.10022,7754.10022,12.630000114440918,0.1115,0.1036
sim_2019-02-09_2026-05-21_29c06ed80e5a,2023-12-11,put_credit_spread,SPY,put_credit_spread_SPY_000105,0.0,0.0,0.0,8933.163356,1608.5,1608.5,12.630000114440918,0.1115,0.1036
sim_2019-02-09_2026-05-21_29c06ed80e5a,2023-12-12,short_straddle,SPY,short_straddle_SPY_000104,0.0,14.770111,14.770111,8947.933467,7754.10022,7754.10022,12.06999969482422,,
sim_2019-02-09_2026-05-21_29c06ed80e5a,2023-12-12,put_credit_spread,SPY,put_credit_spread_SPY_000105,0.0,0.0,0.0,8947.933467,1608.5,1608.5,12.06999969482422,,
sim_2019-02-09_2026-05-21_29c06ed80e5a,2023-12-13,short_straddle,SPY,short_straddle_SPY_000104,-2.62125,43.153207,40.531957,8988.465424,7754.10022,7754.10022,12.1899995803833,0.1045,0.1047
sim_2019-02-09_2026-05-21_29c06ed80e5a,2023-12-13,put_credit_spread,SPY,put_credit_spread_SPY_000105,0.0,0.0,0.0,8988.465424,1608.5,1608.5,12.1899995803833,0.1045,0.1047
sim_2019-02-09_2026-05-21_29c06ed80e5a,2023-12-13,short_straddle,SPY,short_straddle_SPY_000106,-2.562,0.0,-2.562,8985.903424,8286.0,8286.0,12.1899995803833,0.1045,0.1047
sim_2019-02-09_2026-05-21_29c06ed80e5a,2023-12-14,short_straddle,SPY,short_straddle_SPY_000106,0.0,-1.41603,-1.41603,8984.487394,8286.0,8286.0,12.479999542236328,,
sim_2019-02-09_2026-05-21_29c06ed80e5a,2023-12-14,put_credit_spread,SPY,put_credit_spread_SPY_000105,0.0,0.0,0.0,8984.487394,1608.5,1608.5,12.479999542236328,,
sim_2019-02-09_2026-05-21_29c06ed80e5a,2023-12-15,short_straddle,SPY,short_straddle_SPY_000106,0.0,-16.080139,-16.080139,8968.407255,8286.0,8286.0,12.279999732971191,0.1042,0.0955
sim_2019-02-09_2026-05-21_29c06ed80e5a,2023-12-15,put_credit_spread,SPY,put_credit_spread_SPY_000105,189.5,0.0,189.5,9157.907255,1608.5,1608.5,12.279999732971191,0.1042,0.0955
sim_2019-02-09_2026-05-21_29c06ed80e5a,2023-12-15,put_credit_spread,SPY,put_credit_spread_SPY_000107,-2.04575,0.0,-2.04575,9155.861505,808.5,808.5,12.279999732971191,0.1042,0.0955
sim_2019-02-09_2026-05-21_29c06ed80e5a,2023-12-18,short_straddle,SPY,short_straddle_SPY_000106,0.0,15.840088,15.840088,9171.701593,8286.0,8286.0,12.5600004196167,0.108,0.0941
sim_2019-02-09_2026-05-21_29c06ed80e5a,2023-12-18,put_credit_spread,SPY,put_credit_spread_SPY_000107,0.0,0.0,0.0,9171.701593,808.5,808.5,12.5600004196167,0.108,0.0941
sim_2019-02-09_2026-05-21_29c06ed80e5a,2023-12-19,short_straddle,SPY,short_straddle_SPY_000106,0.0,17.219971,17.219971,9188.921564,8286.0,8286.0,12.529999732971191,,
sim_2019-02-09_2026-05-21_29c06ed80e5a,2023-12-19,put_credit_spread,SPY,put_credit_spread_SPY_000107,0.0,0.0,0.0,9188.921564,808.5,808.5,12.529999732971191,,
sim_2019-02-09_2026-05-21_29c06ed80e5a,2023-12-20,short_straddle,SPY,short_straddle_SPY_000106,0.0,-39.479919,-39.479919,9149.441644,8286.0,8286.0,13.670000076293944,0.1155,0.1064
sim_2019-02-09_2026-05-21_29c06ed80e5a,2023-12-20,put_credit_spread,SPY,put_credit_spread_SPY_000107,0.0,0.0,0.0,9149.441644,808.5,808.5,13.670000076293944,0.1155,0.1064
sim_2019-02-09_2026-05-21_29c06ed80e5a,2023-12-21,short_straddle,SPY,short_straddle_SPY_000106,0.0,26.640015,26.640015,9176.081659,8286.0,8286.0,13.649999618530272,,
sim_2019-02-09_2026-05-21_29c06ed80e5a,2023-12-21,put_credit_spread,SPY,put_credit_spread_SPY_000107,0.0,0.0,0.0,9176.081659,808.5,808.5,13.649999618530272,,
sim_2019-02-09_2026-05-21_29c06ed80e5a,2023-12-22,short_straddle,SPY,short_straddle_SPY_000106,0.0,5.69989,5.69989,9181.781549,8286.0,8286.0,13.029999732971191,0.1134,0.1037
sim_2019-02-09_2026-05-21_29c06ed80e5a,2023-12-22,put_credit_spread,SPY,put_credit_spread_SPY_000107,0.0,0.0,0.0,9181.781549,808.5,808.5,13.029999732971191,0.1134,0.1037
sim_2019-02-09_2026-05-21_29c06ed80e5a,2023-12-26,short_straddle,SPY,short_straddle_SPY_000106,0.0,12.0,12.0,9193.781549,8286.0,8286.0,12.989999771118164,,
sim_2019-02-09_2026-05-21_29c06ed80e5a,2023-12-26,put_credit_spread,SPY,put_credit_spread_SPY_000107,0.0,0.0,0.0,9193.781549,808.5,808.5,12.989999771118164,,
sim_2019-02-09_2026-05-21_29c06ed80e5a,2023-12-27,short_straddle,SPY,short_straddle_SPY_000106,0.0,5.160095,5.160095,9198.941644,8286.0,8286.0,12.43000030517578,0.1082,0.0962
sim_2019-02-09_2026-05-21_29c06ed80e5a,2023-12-27,put_credit_spread,SPY,put_credit_spread_SPY_000107,0.0,0.0,0.0,9198.941644,808.5,808.5,12.43000030517578,0.1082,0.0962
sim_2019-02-09_2026-05-21_29c06ed80e5a,2023-12-28,short_straddle,SPY,short_straddle_SPY_000106,0.0,1.079956,1.079956,9200.0216,8286.0,8286.0,12.470000267028809,,
sim_2019-02-09_2026-05-21_29c06ed80e5a,2023-12-28,put_credit_spread,SPY,put_credit_spread_SPY_000107,0.0,0.0,0.0,9200.0216,808.5,808.5,12.470000267028809,,
sim_2019-02-09_2026-05-21_29c06ed80e5a,2023-12-29,short_straddle,SPY,short_straddle_SPY_000106,0.0,-8.280029,-8.280029,9191.741571,8286.0,8286.0,12.449999809265137,0.1066,0.0837
sim_2019-02-09_2026-05-21_29c06ed80e5a,2023-12-29,put_credit_spread,SPY,put_credit_spread_SPY_000107,0.0,0.0,0.0,9191.741571,808.5,808.5,12.449999809265137,0.1066,0.0837
sim_2019-02-09_2026-05-21_29c06ed80e5a,2024-01-02,short_straddle,SPY,short_straddle_SPY_000106,0.0,-15.960022,-15.960022,9175.781549,8286.0,8286.0,13.199999809265137,,
sim_2019-02-09_2026-05-21_29c06ed80e5a,2024-01-02,put_credit_spread,SPY,put_credit_spread_SPY_000107,0.0,0.0,0.0,9175.781549,808.5,808.5,13.199999809265137,,
sim_2019-02-09_2026-05-21_29c06ed80e5a,2024-01-03,short_straddle,SPY,short_straddle_SPY_000106,0.0,-23.159912,-23.159912,9152.621637,8286.0,8286.0,14.039999961853027,0.1248,0.091
sim_2019-02-09_2026-05-21_29c06ed80e5a,2024-01-03,put_credit_spread,SPY,put_credit_spread_SPY_000107,0.0,0.0,0.0,9152.621637,808.5,808.5,14.039999961853027,0.1248,0.091
sim_2019-02-09_2026-05-21_29c06ed80e5a,2024-01-04,short_straddle,SPY,short_straddle_SPY_000106,0.0,-9.060059,-9.060059,9143.561578,8286.0,8286.0,14.130000114440918,,
sim_2019-02-09_2026-05-21_29c06ed80e5a,2024-01-04,put_credit_spread,SPY,put_credit_spread_SPY_000107,0.0,0.0,0.0,9143.561578,808.5,808.5,14.130000114440918,,
sim_2019-02-09_2026-05-21_29c06ed80e5a,2024-01-05,short_straddle,SPY,short_straddle_SPY_000106,0.0,3.840088,3.840088,9147.401666,8286.0,8286.0,13.350000381469728,0.1196,0.0894
sim_2019-02-09_2026-05-21_29c06ed80e5a,2024-01-05,put_credit_spread,SPY,put_credit_spread_SPY_000107,0.0,0.0,0.0,9147.401666,808.5,808.5,13.350000381469728,0.1196,0.0894
sim_2019-02-09_2026-05-21_29c06ed80e5a,2024-01-08,short_straddle,SPY,short_straddle_SPY_000106,0.0,40.079956,40.079956,9187.481622,8286.0,8286.0,13.079999923706056,0.1143,0.0969
sim_2019-02-09_2026-05-21_29c06ed80e5a,2024-01-08,put_credit_spread,SPY,put_credit_spread_SPY_000107,0.0,0.0,0.0,9187.481622,808.5,808.5,13.079999923706056,0.1143,0.0969
sim_2019-02-09_2026-05-21_29c06ed80e5a,2024-01-09,short_straddle,SPY,short_straddle_SPY_000106,0.0,-4.320007,-4.320007,9183.161615,8286.0,8286.0,12.760000228881836,,
sim_2019-02-09_2026-05-21_29c06ed80e5a,2024-01-09,put_credit_spread,SPY,put_credit_spread_SPY_000107,0.0,0.0,0.0,9183.161615,808.5,808.5,12.760000228881836,,
sim_2019-02-09_2026-05-21_29c06ed80e5a,2024-01-10,short_straddle,SPY,short_straddle_SPY_000106,-2.562,14.650276,12.088276,9195.249891,8286.0,8286.0,12.6899995803833,0.1104,0.0975
sim_2019-02-09_2026-05-21_29c06ed80e5a,2024-01-10,put_credit_spread,SPY,put_credit_spread_SPY_000107,0.0,0.0,0.0,9195.249891,808.5,808.5,12.6899995803833,0.1104,0.0975
sim_2019-02-09_2026-05-21_29c06ed80e5a,2024-01-10,short_straddle,SPY,short_straddle_SPY_000108,-2.61,0.0,-2.61,9192.639891,8311.199951,8311.199951,12.6899995803833,0.1104,0.0975
sim_2019-02-09_2026-05-21_29c06ed80e5a,2024-01-11,short_straddle,SPY,short_straddle_SPY_000108,0.0,-1.9054,-1.9054,9190.734491,8311.199951,8311.199951,12.4399995803833,,
sim_2019-02-09_2026-05-21_29c06ed80e5a,2024-01-11,put_credit_spread,SPY,put_credit_spread_SPY_000107,0.0,0.0,0.0,9190.734491,808.5,808.5,12.4399995803833,,
sim_2019-02-09_2026-05-21_29c06ed80e5a,2024-01-12,short_straddle,SPY,short_straddle_SPY_000108,72.0,2.163213,74.163213,9264.897704,8311.199951,8311.199951,12.699999809265137,0.1087,0.0975
sim_2019-02-09_2026-05-21_29c06ed80e5a,2024-01-12,put_credit_spread,SPY,put_credit_spread_SPY_000107,89.5,0.0,89.5,9354.397704,808.5,808.5,12.699999809265137,0.1087,0.0975
sim_2019-02-09_2026-05-21_29c06ed80e5a,2024-01-12,put_credit_spread,SPY,put_credit_spread_SPY_000109,-2.07925,0.0,-2.07925,9352.318454,1541.5,1541.5,12.699999809265137,0.1087,0.0975
sim_2019-02-09_2026-05-21_29c06ed80e5a,2024-01-16,short_straddle,SPY,short_straddle_SPY_000108,0.0,-10.97493,-10.97493,9341.343524,8311.199951,8311.199951,13.84000015258789,,
sim_2019-02-09_2026-05-21_29c06ed80e5a,2024-01-16,put_credit_spread,SPY,put_credit_spread_SPY_000109,0.0,0.0,0.0,9341.343524,1541.5,1541.5,13.84000015258789,,
sim_2019-02-09_2026-05-21_29c06ed80e5a,2024-01-17,short_straddle,SPY,short_straddle_SPY_000108,0.0,-21.119873,-21.119873,9320.223651,8311.199951,8311.199951,14.789999961853027,0.1262,0.0994
sim_2019-02-09_2026-05-21_29c06ed80e5a,2024-01-17,put_credit_spread,SPY,put_credit_spread_SPY_000109,0.0,0.0,0.0,9320.223651,1541.5,1541.5,14.789999961853027,0.1262,0.0994
sim_2019-02-09_2026-05-21_29c06ed80e5a,2024-01-18,short_straddle,SPY,short_straddle_SPY_000108,0.0,33.599854,33.599854,9353.823504,8311.199951,8311.199951,14.130000114440918,,
sim_2019-02-09_2026-05-21_29c06ed80e5a,2024-01-18,put_credit_spread,SPY,put_credit_spread_SPY_000109,0.0,0.0,0.0,9353.823504,1541.5,1541.5,14.130000114440918,,
sim_2019-02-09_2026-05-21_29c06ed80e5a,2024-01-19,short_straddle,SPY,short_straddle_SPY_000108,0.0,47.52002,47.52002,9401.343524,8311.199951,8311.199951,13.300000190734863,0.1131,0.1049
sim_2019-02-09_2026-05-21_29c06ed80e5a,2024-01-19,put_credit_spread,SPY,put_credit_spread_SPY_000109,0.0,0.0,0.0,9401.343524,1541.5,1541.5,13.300000190734863,0.1131,0.1049
sim_2019-02-09_2026-05-21_29c06ed80e5a,2024-01-22,short_straddle,SPY,short_straddle_SPY_000108,0.0,8.160156,8.160156,9409.50368,8311.199951,8311.199951,13.1899995803833,0.1122,0.1034
sim_2019-02-09_2026-05-21_29c06ed80e5a,2024-01-22,put_credit_spread,SPY,put_credit_spread_SPY_000109,0.0,0.0,0.0,9409.50368,1541.5,1541.5,13.1899995803833,0.1122,0.1034
sim_2019-02-09_2026-05-21_29c06ed80e5a,2024-01-23,short_straddle,SPY,short_straddle_SPY_000108,0.0,11.279785,11.279785,9420.783465,8311.199951,8311.199951,12.550000190734863,,
sim_2019-02-09_2026-05-21_29c06ed80e5a,2024-01-23,put_credit_spread,SPY,put_credit_spread_SPY_000109,0.0,0.0,0.0,9420.783465,1541.5,1541.5,12.550000190734863,,
sim_2019-02-09_2026-05-21_29c06ed80e5a,2024-01-24,short_straddle,SPY,short_straddle_SPY_000108,0.0,4.240234,4.240234,9425.023699,8311.199951,8311.199951,13.140000343322754,0.1097,0.1019
sim_2019-02-09_2026-05-21_29c06ed80e5a,2024-01-24,put_credit_spread,SPY,put_credit_spread_SPY_000109,0.0,0.0,0.0,9425.023699,1541.5,1541.5,13.140000343322754,0.1097,0.1019
sim_2019-02-09_2026-05-21_29c06ed80e5a,2024-01-25,short_straddle,SPY,short_straddle_SPY_000108,0.0,21.119873,21.119873,9446.143572,8311.199951,8311.199951,13.449999809265137,,
sim_2019-02-09_2026-05-21_29c06ed80e5a,2024-01-25,put_credit_spread,SPY,put_credit_spread_SPY_000109,0.0,0.0,0.0,9446.143572,1541.5,1541.5,13.449999809265137,,
sim_2019-02-09_2026-05-21_29c06ed80e5a,2024-01-26,short_straddle,SPY,short_straddle_SPY_000108,0.0,-4.959961,-4.959961,9441.183612,8311.199951,8311.199951,13.260000228881836,0.1102,0.1023
sim_2019-02-09_2026-05-21_29c06ed80e5a,2024-01-26,put_credit_spread,SPY,put_credit_spread_SPY_000109,-55.0,0.0,-55.0,9386.183612,1541.5,1541.5,13.260000228881836,0.1102,0.1023
sim_2019-02-09_2026-05-21_29c06ed80e5a,2024-01-29,short_straddle,SPY,short_straddle_SPY_000108,0.0,30.879883,30.879883,9417.063494,8311.199951,8311.199951,13.600000381469728,0.1128,0.0976
sim_2019-02-09_2026-05-21_29c06ed80e5a,2024-01-29,put_credit_spread,SPY,put_credit_spread_SPY_000109,0.0,0.0,0.0,9417.063494,1541.5,1541.5,13.600000381469728,0.1128,0.0976
sim_2019-02-09_2026-05-21_29c06ed80e5a,2024-01-30,short_straddle,SPY,short_straddle_SPY_000108,0.0,-3.039795,-3.039795,9414.023699,8311.199951,8311.199951,13.3100004196167,,
sim_2019-02-09_2026-05-21_29c06ed80e5a,2024-01-30,put_credit_spread,SPY,put_credit_spread_SPY_000109,0.0,0.0,0.0,9414.023699,1541.5,1541.5,13.3100004196167,,
sim_2019-02-09_2026-05-21_29c06ed80e5a,2024-01-31,short_straddle,SPY,short_straddle_SPY_000108,0.0,-64.080078,-64.080078,9349.943621,8311.199951,8311.199951,14.350000381469728,0.1218,0.1087
sim_2019-02-09_2026-05-21_29c06ed80e5a,2024-01-31,put_credit_spread,SPY,put_credit_spread_SPY_000109,0.0,0.0,0.0,9349.943621,1541.5,1541.5,14.350000381469728,0.1218,0.1087
sim_2019-02-09_2026-05-21_29c06ed80e5a,2024-02-01,short_straddle,SPY,short_straddle_SPY_000108,0.0,50.560059,50.560059,9400.50368,8311.199951,8311.199951,13.880000114440918,,
sim_2019-02-09_2026-05-21_29c06ed80e5a,2024-02-01,put_credit_spread,SPY,put_credit_spread_SPY_000109,0.0,0.0,0.0,9400.50368,1541.5,1541.5,13.880000114440918,,
sim_2019-02-09_2026-05-21_29c06ed80e5a,2024-02-02,short_straddle,SPY,short_straddle_SPY_000108,0.0,41.199951,41.199951,9441.703631,8311.199951,8311.199951,13.850000381469728,0.1126,0.1158
sim_2019-02-09_2026-05-21_29c06ed80e5a,2024-02-02,put_credit_spread,SPY,put_credit_spread_SPY_000109,0.0,0.0,0.0,9441.703631,1541.5,1541.5,13.850000381469728,0.1126,0.1158
sim_2019-02-09_2026-05-21_29c06ed80e5a,2024-02-05,short_straddle,SPY,short_straddle_SPY_000108,0.0,-14.400146,-14.400146,9427.303485,8311.199951,8311.199951,13.670000076293944,0.1122,0.1076
sim_2019-02-09_2026-05-21_29c06ed80e5a,2024-02-05,put_credit_spread,SPY,put_credit_spread_SPY_000109,0.0,0.0,0.0,9427.303485,1541.5,1541.5,13.670000076293944,0.1122,0.1076
sim_2019-02-09_2026-05-21_29c06ed80e5a,2024-02-06,short_straddle,SPY,short_straddle_SPY_000108,0.0,11.440186,11.440186,9438.74367,8311.199951,8311.199951,13.0600004196167,,
sim_2019-02-09_2026-05-21_29c06ed80e5a,2024-02-06,put_credit_spread,SPY,put_credit_spread_SPY_000109,0.0,0.0,0.0,9438.74367,1541.5,1541.5,13.0600004196167,,
sim_2019-02-09_2026-05-21_29c06ed80e5a,2024-02-07,short_straddle,SPY,short_straddle_SPY_000108,-2.574,30.967561,28.393561,9467.137231,8311.199951,8311.199951,12.829999923706056,0.1082,0.107
sim_2019-02-09_2026-05-21_29c06ed80e5a,2024-02-07,put_credit_spread,SPY,put_credit_spread_SPY_000109,0.0,0.0,0.0,9467.137231,1541.5,1541.5,12.829999923706056,0.1082,0.107
sim_2019-02-09_2026-05-21_29c06ed80e5a,2024-02-07,short_straddle,SPY,short_straddle_SPY_000110,-2.62875,0.0,-2.62875,9464.508481,8704.500122,8704.500122,12.829999923706056,0.1082,0.107
sim_2019-02-09_2026-05-21_29c06ed80e5a,2024-02-08,short_straddle,SPY,short_straddle_SPY_000110,0.0,-2.4916,-2.4916,9462.016881,8704.500122,8704.500122,12.789999961853027,,
sim_2019-02-09_2026-05-21_29c06ed80e5a,2024-02-08,put_credit_spread,SPY,put_credit_spread_SPY_000109,0.0,0.0,0.0,9462.016881,1541.5,1541.5,12.789999961853027,,
sim_2019-02-09_2026-05-21_29c06ed80e5a,2024-02-09,short_straddle,SPY,short_straddle_SPY_000110,0.0,28.800049,28.800049,9490.81693,8704.500122,8704.500122,12.93000030517578,0.1083,0.1074
sim_2019-02-09_2026-05-21_29c06ed80e5a,2024-02-09,put_credit_spread,SPY,put_credit_spread_SPY_000109,211.5,0.0,211.5,9702.31693,1541.5,1541.5,12.93000030517578,0.1083,0.1074
sim_2019-02-09_2026-05-21_29c06ed80e5a,2024-02-09,put_credit_spread,SPY,put_credit_spread_SPY_000111,-2.0555,0.0,-2.0555,9700.26143,889.0,889.0,12.93000030517578,0.1083,0.1074
sim_2019-02-09_2026-05-21_29c06ed80e5a,2024-02-12,short_straddle,SPY,short_straddle_SPY_000110,0.0,-2.200012,-2.200012,9698.061418,8704.500122,8704.500122,13.93000030517578,0.1178,0.1075
sim_2019-02-09_2026-05-21_29c06ed80e5a,2024-02-12,put_credit_spread,SPY,put_credit_spread_SPY_000111,-9.5,0.0,-9.5,9688.561418,889.0,889.0,13.93000030517578,0.1178,0.1075
sim_2019-02-09_2026-05-21_29c06ed80e5a,2024-02-13,short_straddle,SPY,short_straddle_SPY_000110,0.0,-69.000244,-69.000244,9619.561173,8704.500122,8704.500122,15.850000381469728,,
sim_2019-02-09_2026-05-21_29c06ed80e5a,2024-02-13,put_credit_spread,SPY,put_credit_spread_SPY_000111,0.0,0.0,0.0,9619.561173,889.0,889.0,15.850000381469728,,
sim_2019-02-09_2026-05-21_29c06ed80e5a,2024-02-14,short_straddle,SPY,short_straddle_SPY_000110,0.0,44.900208,44.900208,9664.461381,8704.500122,8704.500122,14.380000114440918,0.1191,0.1162
sim_2019-02-09_2026-05-21_29c06ed80e5a,2024-02-14,put_credit_spread,SPY,put_credit_spread_SPY_000111,0.0,0.0,0.0,9664.461381,889.0,889.0,14.380000114440918,0.1191,0.1162
sim_2019-02-09_2026-05-21_29c06ed80e5a,2024-02-15,short_straddle,SPY,short_straddle_SPY_000110,0.0,34.400024,34.400024,9698.861405,8704.500122,8704.500122,14.010000228881836,,
sim_2019-02-09_2026-05-21_29c06ed80e5a,2024-02-15,put_credit_spread,SPY,put_credit_spread_SPY_000111,0.0,0.0,0.0,9698.861405,889.0,889.0,14.010000228881836,,
sim_2019-02-09_2026-05-21_29c06ed80e5a,2024-02-16,short_straddle,SPY,short_straddle_SPY_000110,0.0,-25.0,-25.0,9673.861405,8704.500122,8704.500122,14.239999771118164,0.1207,0.1139
sim_2019-02-09_2026-05-21_29c06ed80e5a,2024-02-16,put_credit_spread,SPY,put_credit_spread_SPY_000111,0.0,0.0,0.0,9673.861405,889.0,889.0,14.239999771118164,0.1207,0.1139
sim_2019-02-09_2026-05-21_29c06ed80e5a,2024-02-20,short_straddle,SPY,short_straddle_SPY_000110,0.0,-27.5,-27.5,9646.361405,8704.500122,8704.500122,15.420000076293944,,
sim_2019-02-09_2026-05-21_29c06ed80e5a,2024-02-20,put_credit_spread,SPY,put_credit_spread_SPY_000111,0.0,0.0,0.0,9646.361405,889.0,889.0,15.420000076293944,,
sim_2019-02-09_2026-05-21_29c06ed80e5a,2024-02-21,short_straddle,SPY,short_straddle_SPY_000110,0.0,4.499817,4.499817,9650.861222,8704.500122,8704.500122,15.34000015258789,0.1268,0.1102
sim_2019-02-09_2026-05-21_29c06ed80e5a,2024-02-21,put_credit_spread,SPY,put_credit_spread_SPY_000111,0.0,0.0,0.0,9650.861222,889.0,889.0,15.34000015258789,0.1268,0.1102
sim_2019-02-09_2026-05-21_29c06ed80e5a,2024-02-22,short_straddle,SPY,short_straddle_SPY_000110,0.0,102.900085,102.900085,9753.761308,8704.500122,8704.500122,14.539999961853027,,
sim_2019-02-09_2026-05-21_29c06ed80e5a,2024-02-22,put_credit_spread,SPY,put_credit_spread_SPY_000111,0.0,0.0,0.0,9753.761308,889.0,889.0,14.539999961853027,,
sim_2019-02-09_2026-05-21_29c06ed80e5a,2024-02-23,short_straddle,SPY,short_straddle_SPY_000110,0.0,3.500061,3.500061,9757.261369,8704.500122,8704.500122,13.75,0.1154,0.1223
sim_2019-02-09_2026-05-21_29c06ed80e5a,2024-02-23,put_credit_spread,SPY,put_credit_spread_SPY_000111,0.0,0.0,0.0,9757.261369,889.0,889.0,13.75,0.1154,0.1223
sim_2019-02-09_2026-05-21_29c06ed80e5a,2024-02-26,short_straddle,SPY,short_straddle_SPY_000110,0.0,-18.600159,-18.600159,9738.66121,8704.500122,8704.500122,13.739999771118164,0.1157,0.1233
sim_2019-02-09_2026-05-21_29c06ed80e5a,2024-02-26,put_credit_spread,SPY,put_credit_spread_SPY_000111,0.0,0.0,0.0,9738.66121,889.0,889.0,13.739999771118164,0.1157,0.1233
sim_2019-02-09_2026-05-21_29c06ed80e5a,2024-02-27,short_straddle,SPY,short_straddle_SPY_000110,0.0,9.400024,9.400024,9748.061235,8704.500122,8704.500122,13.43000030517578,,
sim_2019-02-09_2026-05-21_29c06ed80e5a,2024-02-27,put_credit_spread,SPY,put_credit_spread_SPY_000111,0.0,0.0,0.0,9748.061235,889.0,889.0,13.43000030517578,,
sim_2019-02-09_2026-05-21_29c06ed80e5a,2024-02-28,short_straddle,SPY,short_straddle_SPY_000110,0.0,-6.699829,-6.699829,9741.361405,8704.500122,8704.500122,13.84000015258789,0.1143,0.1224
sim_2019-02-09_2026-05-21_29c06ed80e5a,2024-02-28,put_credit_spread,SPY,put_credit_spread_SPY_000111,0.0,0.0,0.0,9741.361405,889.0,889.0,13.84000015258789,0.1143,0.1224
sim_2019-02-09_2026-05-21_29c06ed80e5a,2024-02-29,short_straddle,SPY,short_straddle_SPY_000110,0.0,18.199768,18.199768,9759.561173,8704.500122,8704.500122,13.399999618530272,,
sim_2019-02-09_2026-05-21_29c06ed80e5a,2024-02-29,put_credit_spread,SPY,put_credit_spread_SPY_000111,0.0,0.0,0.0,9759.561173,889.0,889.0,13.399999618530272,,
sim_2019-02-09_2026-05-21_29c06ed80e5a,2024-03-01,short_straddle,SPY,short_straddle_SPY_000110,0.0,47.69989,47.69989,9807.261064,8704.500122,8704.500122,13.109999656677246,0.1106,0.1205
sim_2019-02-09_2026-05-21_29c06ed80e5a,2024-03-01,put_credit_spread,SPY,put_credit_spread_SPY_000111,0.0,0.0,0.0,9807.261064,889.0,889.0,13.109999656677246,0.1106,0.1205
sim_2019-02-09_2026-05-21_29c06ed80e5a,2024-03-04,short_straddle,SPY,short_straddle_SPY_000110,0.0,-5.499878,-5.499878,9801.761186,8704.500122,8704.500122,13.489999771118164,0.115,0.1171
sim_2019-02-09_2026-05-21_29c06ed80e5a,2024-03-04,put_credit_spread,SPY,put_credit_spread_SPY_000111,0.0,0.0,0.0,9801.761186,889.0,889.0,13.489999771118164,0.115,0.1171
sim_2019-02-09_2026-05-21_29c06ed80e5a,2024-03-05,short_straddle,SPY,short_straddle_SPY_000110,0.0,-51.199951,-51.199951,9750.561235,8704.500122,8704.500122,14.460000038146973,,
sim_2019-02-09_2026-05-21_29c06ed80e5a,2024-03-05,put_credit_spread,SPY,put_credit_spread_SPY_000111,0.0,0.0,0.0,9750.561235,889.0,889.0,14.460000038146973,,
sim_2019-02-09_2026-05-21_29c06ed80e5a,2024-03-06,short_straddle,SPY,short_straddle_SPY_000110,-2.62875,23.151323,20.522573,9771.083808,8704.500122,8704.500122,14.5,0.1239,0.1226
sim_2019-02-09_2026-05-21_29c06ed80e5a,2024-03-06,put_credit_spread,SPY,put_credit_spread_SPY_000111,0.0,0.0,0.0,9771.083808,889.0,889.0,14.5,0.1239,0.1226
sim_2019-02-09_2026-05-21_29c06ed80e5a,2024-03-06,short_straddle,SPY,short_straddle_SPY_000112,-2.72075,0.0,-2.72075,9768.363058,8753.5,8753.5,14.5,0.1239,0.1226
sim_2019-02-09_2026-05-21_29c06ed80e5a,2024-03-07,short_straddle,SPY,short_straddle_SPY_000112,0.0,-1.02962,-1.02962,9767.333438,8753.5,8753.5,14.4399995803833,,
sim_2019-02-09_2026-05-21_29c06ed80e5a,2024-03-07,put_credit_spread,SPY,put_credit_spread_SPY_000111,0.0,0.0,0.0,9767.333438,889.0,889.0,14.4399995803833,,
sim_2019-02-09_2026-05-21_29c06ed80e5a,2024-03-08,short_straddle,SPY,short_straddle_SPY_000112,0.0,-12.359985,-12.359985,9754.973452,8753.5,8753.5,14.739999771118164,0.1252,0.1265
sim_2019-02-09_2026-05-21_29c06ed80e5a,2024-03-08,put_credit_spread,SPY,put_credit_spread_SPY_000111,118.5,0.0,118.5,9873.473452,889.0,889.0,14.739999771118164,0.1252,0.1265
sim_2019-02-09_2026-05-21_29c06ed80e5a,2024-03-08,put_credit_spread,SPY,put_credit_spread_SPY_000113,-2.10575,0.0,-2.10575,9871.367702,1788.5,1788.5,14.739999771118164,0.1252,0.1265
sim_2019-02-09_2026-05-21_29c06ed80e5a,2024-03-11,short_straddle,SPY,short_straddle_SPY_000112,0.0,-1.76001,-1.76001,9869.607693,8753.5,8753.5,15.220000267028809,0.1301,0.1264
sim_2019-02-09_2026-05-21_29c06ed80e5a,2024-03-11,put_credit_spread,SPY,put_credit_spread_SPY_000113,-14.5,0.0,-14.5,9855.107693,1788.5,1788.5,15.220000267028809,0.1301,0.1264
sim_2019-02-09_2026-05-21_29c06ed80e5a,2024-03-12,short_straddle,SPY,short_straddle_SPY_000112,0.0,22.000122,22.000122,9877.107815,8753.5,8753.5,13.84000015258789,,
sim_2019-02-09_2026-05-21_29c06ed80e5a,2024-03-12,put_credit_spread,SPY,put_credit_spread_SPY_000113,0.0,0.0,0.0,9877.107815,1788.5,1788.5,13.84000015258789,,
sim_2019-02-09_2026-05-21_29c06ed80e5a,2024-03-13,short_straddle,SPY,short_straddle_SPY_000112,0.0,-3.240234,-3.240234,9873.86758,8753.5,8753.5,13.75,0.1165,0.128
sim_2019-02-09_2026-05-21_29c06ed80e5a,2024-03-13,put_credit_spread,SPY,put_credit_spread_SPY_000113,0.0,0.0,0.0,9873.86758,1788.5,1788.5,13.75,0.1165,0.128
sim_2019-02-09_2026-05-21_29c06ed80e5a,2024-03-14,short_straddle,SPY,short_straddle_SPY_000112,0.0,-4.079834,-4.079834,9869.787746,8753.5,8753.5,14.399999618530272,,
sim_2019-02-09_2026-05-21_29c06ed80e5a,2024-03-14,put_credit_spread,SPY,put_credit_spread_SPY_000113,0.0,0.0,0.0,9869.787746,1788.5,1788.5,14.399999618530272,,
sim_2019-02-09_2026-05-21_29c06ed80e5a,2024-03-15,short_straddle,SPY,short_straddle_SPY_000112,0.0,-20.480103,-20.480103,9849.307644,8753.5,8753.5,14.40999984741211,0.1257,0.117
sim_2019-02-09_2026-05-21_29c06ed80e5a,2024-03-15,put_credit_spread,SPY,put_credit_spread_SPY_000113,0.0,0.0,0.0,9849.307644,1788.5,1788.5,14.40999984741211,0.1257,0.117
sim_2019-02-09_2026-05-21_29c06ed80e5a,2024-03-18,short_straddle,SPY,short_straddle_SPY_000112,0.0,12.119995,12.119995,9861.427639,8753.5,8753.5,14.329999923706056,0.1262,0.1147
sim_2019-02-09_2026-05-21_29c06ed80e5a,2024-03-18,put_credit_spread,SPY,put_credit_spread_SPY_000113,0.0,0.0,0.0,9861.427639,1788.5,1788.5,14.329999923706056,0.1262,0.1147
sim_2019-02-09_2026-05-21_29c06ed80e5a,2024-03-19,short_straddle,SPY,short_straddle_SPY_000112,0.0,11.400146,11.400146,9872.827785,8753.5,8753.5,13.81999969482422,,
sim_2019-02-09_2026-05-21_29c06ed80e5a,2024-03-19,put_credit_spread,SPY,put_credit_spread_SPY_000113,0.0,0.0,0.0,9872.827785,1788.5,1788.5,13.81999969482422,,
sim_2019-02-09_2026-05-21_29c06ed80e5a,2024-03-20,short_straddle,SPY,short_straddle_SPY_000112,0.0,19.079834,19.079834,9891.907619,8753.5,8753.5,13.039999961853027,0.1143,0.1165
sim_2019-02-09_2026-05-21_29c06ed80e5a,2024-03-20,put_credit_spread,SPY,put_credit_spread_SPY_000113,0.0,0.0,0.0,9891.907619,1788.5,1788.5,13.039999961853027,0.1143,0.1165
sim_2019-02-09_2026-05-21_29c06ed80e5a,2024-03-21,short_straddle,SPY,short_straddle_SPY_000112,0.0,6.880127,6.880127,9898.787746,8753.5,8753.5,12.920000076293944,,
sim_2019-02-09_2026-05-21_29c06ed80e5a,2024-03-21,put_credit_spread,SPY,put_credit_spread_SPY_000113,0.0,0.0,0.0,9898.787746,1788.5,1788.5,12.920000076293944,,
sim_2019-02-09_2026-05-21_29c06ed80e5a,2024-03-22,short_straddle,SPY,short_straddle_SPY_000112,0.0,-3.959961,-3.959961,9894.827785,8753.5,8753.5,13.0600004196167,0.1096,0.1153
sim_2019-02-09_2026-05-21_29c06ed80e5a,2024-03-22,put_credit_spread,SPY,put_credit_spread_SPY_000113,0.0,0.0,0.0,9894.827785,1788.5,1788.5,13.0600004196167,0.1096,0.1153
sim_2019-02-09_2026-05-21_29c06ed80e5a,2024-03-25,short_straddle,SPY,short_straddle_SPY_000112,0.0,-5.76001,-5.76001,9889.067776,8753.5,8753.5,13.1899995803833,0.1129,0.1152
sim_2019-02-09_2026-05-21_29c06ed80e5a,2024-03-25,put_credit_spread,SPY,put_credit_spread_SPY_000113,0.0,0.0,0.0,9889.067776,1788.5,1788.5,13.1899995803833,0.1129,0.1152
sim_2019-02-09_2026-05-21_29c06ed80e5a,2024-03-26,short_straddle,SPY,short_straddle_SPY_000112,0.0,-3.840088,-3.840088,9885.227688,8753.5,8753.5,13.239999771118164,,
sim_2019-02-09_2026-05-21_29c06ed80e5a,2024-03-26,put_credit_spread,SPY,put_credit_spread_SPY_000113,0.0,0.0,0.0,9885.227688,1788.5,1788.5,13.239999771118164,,
sim_2019-02-09_2026-05-21_29c06ed80e5a,2024-03-27,short_straddle,SPY,short_straddle_SPY_000112,0.0,17.439941,17.439941,9902.667629,8753.5,8753.5,12.779999732971191,0.107,0.1081
sim_2019-02-09_2026-05-21_29c06ed80e5a,2024-03-27,put_credit_spread,SPY,put_credit_spread_SPY_000113,0.0,0.0,0.0,9902.667629,1788.5,1788.5,12.779999732971191,0.107,0.1081
sim_2019-02-09_2026-05-21_29c06ed80e5a,2024-03-28,short_straddle,SPY,short_straddle_SPY_000112,0.0,-0.399902,-0.399902,9902.267727,8753.5,8753.5,13.010000228881836,,
sim_2019-02-09_2026-05-21_29c06ed80e5a,2024-03-28,put_credit_spread,SPY,put_credit_spread_SPY_000113,0.0,0.0,0.0,9902.267727,1788.5,1788.5,13.010000228881836,,
sim_2019-02-09_2026-05-21_29c06ed80e5a,2024-04-01,short_straddle,SPY,short_straddle_SPY_000112,0.0,-3.640137,-3.640137,9898.62759,8753.5,8753.5,13.649999618530272,0.1135,0.1053
sim_2019-02-09_2026-05-21_29c06ed80e5a,2024-04-01,put_credit_spread,SPY,put_credit_spread_SPY_000113,0.0,0.0,0.0,9898.62759,1788.5,1788.5,13.649999618530272,0.1135,0.1053
sim_2019-02-09_2026-05-21_29c06ed80e5a,2024-04-02,short_straddle,SPY,short_straddle_SPY_000112,0.0,-13.279785,-13.279785,9885.347805,8753.5,8753.5,14.609999656677246,,
sim_2019-02-09_2026-05-21_29c06ed80e5a,2024-04-02,put_credit_spread,SPY,put_credit_spread_SPY_000113,0.0,0.0,0.0,9885.347805,1788.5,1788.5,14.609999656677246,,
sim_2019-02-09_2026-05-21_29c06ed80e5a,2024-04-03,short_straddle,SPY,short_straddle_SPY_000112,-2.72075,1.240965,-1.479785,9883.86802,8753.5,8753.5,14.329999923706056,0.1262,0.1041
sim_2019-02-09_2026-05-21_29c06ed80e5a,2024-04-03,put_credit_spread,SPY,put_credit_spread_SPY_000113,0.0,0.0,0.0,9883.86802,1788.5,1788.5,14.329999923706056,0.1262,0.1041
sim_2019-02-09_2026-05-21_29c06ed80e5a,2024-04-03,short_straddle,SPY,short_straddle_SPY_000114,-2.6885,0.0,-2.6885,9881.17952,9011.199463,9011.199463,14.329999923706056,0.1262,0.1041
sim_2019-02-09_2026-05-21_29c06ed80e5a,2024-04-04,short_straddle,SPY,short_straddle_SPY_000114,0.0,-3.334955,-3.334955,9877.844565,9011.199463,9011.199463,16.350000381469727,,
sim_2019-02-09_2026-05-21_29c06ed80e5a,2024-04-04,put_credit_spread,SPY,put_credit_spread_SPY_000113,0.0,0.0,0.0,9877.844565,1788.5,1788.5,16.350000381469727,,
sim_2019-02-09_2026-05-21_29c06ed80e5a,2024-04-05,short_straddle,SPY,short_straddle_SPY_000114,0.0,69.67981,69.67981,9947.524375,9011.199463,9011.199463,16.030000686645508,0.1385,0.0994
sim_2019-02-09_2026-05-21_29c06ed80e5a,2024-04-05,put_credit_spread,SPY,put_credit_spread_SPY_000113,224.0,0.0,224.0,10171.524375,1788.5,1788.5,16.030000686645508,0.1385,0.0994
sim_2019-02-09_2026-05-21_29c06ed80e5a,2024-04-05,put_credit_spread,SPY,put_credit_spread_SPY_000115,-2.13375,0.0,-2.13375,10169.390625,2032.5,2032.5,16.030000686645508,0.1385,0.0994
sim_2019-02-09_2026-05-21_29c06ed80e5a,2024-04-08,short_straddle,SPY,short_straddle_SPY_000114,0.0,3.769714,3.769714,10173.160339,9011.199463,9011.199463,15.1899995803833,0.1327,0.0994
sim_2019-02-09_2026-05-21_29c06ed80e5a,2024-04-08,put_credit_spread,SPY,put_credit_spread_SPY_000115,72.5,0.0,72.5,10245.660339,2032.5,2032.5,15.1899995803833,0.1327,0.0994
sim_2019-02-09_2026-05-21_29c06ed80e5a,2024-04-09,short_straddle,SPY,short_straddle_SPY_000114,0.0,7.800476,7.800476,10253.460815,9011.199463,9011.199463,14.979999542236328,,
sim_2019-02-09_2026-05-21_29c06ed80e5a,2024-04-09,put_credit_spread,SPY,put_credit_spread_SPY_000115,0.0,0.0,0.0,10253.460815,2032.5,2032.5,14.979999542236328,,
sim_2019-02-09_2026-05-21_29c06ed80e5a,2024-04-10,short_straddle,SPY,short_straddle_SPY_000114,0.0,-67.600159,-67.600159,10185.860656,9011.199463,9011.199463,15.800000190734863,0.1394,0.1034
sim_2019-02-09_2026-05-21_29c06ed80e5a,2024-04-10,put_credit_spread,SPY,put_credit_spread_SPY_000115,0.0,0.0,0.0,10185.860656,2032.5,2032.5,15.800000190734863,0.1394,0.1034
sim_2019-02-09_2026-05-21_29c06ed80e5a,2024-04-11,short_straddle,SPY,short_straddle_SPY_000114,0.0,50.440063,50.440063,10236.30072,9011.199463,9011.199463,14.90999984741211,,
sim_2019-02-09_2026-05-21_29c06ed80e5a,2024-04-11,put_credit_spread,SPY,put_credit_spread_SPY_000115,0.0,0.0,0.0,10236.30072,2032.5,2032.5,14.90999984741211,,
sim_2019-02-09_2026-05-21_29c06ed80e5a,2024-04-12,short_straddle,SPY,short_straddle_SPY_000114,0.0,-92.949921,-92.949921,10143.350799,9011.199463,9011.199463,17.309999465942383,0.1501,0.1131
sim_2019-02-09_2026-05-21_29c06ed80e5a,2024-04-12,put_credit_spread,SPY,put_credit_spread_SPY_000115,0.0,0.0,0.0,10143.350799,2032.5,2032.5,17.309999465942383,0.1501,0.1131
sim_2019-02-09_2026-05-21_29c06ed80e5a,2024-04-15,short_straddle,SPY,short_straddle_SPY_000114,0.0,-83.199921,-83.199921,10060.150879,9011.199463,9011.199463,19.229999542236328,0.1685,0.1155
sim_2019-02-09_2026-05-21_29c06ed80e5a,2024-04-15,put_credit_spread,SPY,put_credit_spread_SPY_000115,0.0,0.0,0.0,10060.150879,2032.5,2032.5,19.229999542236328,0.1685,0.1155
sim_2019-02-09_2026-05-21_29c06ed80e5a,2024-04-16,short_straddle,SPY,short_straddle_SPY_000114,0.0,-11.960175,-11.960175,10048.190704,9011.199463,9011.199463,18.39999961853028,,
sim_2019-02-09_2026-05-21_29c06ed80e5a,2024-04-16,put_credit_spread,SPY,put_credit_spread_SPY_000115,0.0,0.0,0.0,10048.190704,2032.5,2032.5,18.39999961853028,,
sim_2019-02-09_2026-05-21_29c06ed80e5a,2024-04-17,short_straddle,SPY,short_straddle_SPY_000114,0.0,-38.740143,-38.740143,10009.450561,9011.199463,9011.199463,18.209999084472656,0.1638,0.1132
sim_2019-02-09_2026-05-21_29c06ed80e5a,2024-04-17,put_credit_spread,SPY,put_credit_spread_SPY_000115,0.0,0.0,0.0,10009.450561,2032.5,2032.5,18.209999084472656,0.1638,0.1132
sim_2019-02-09_2026-05-21_29c06ed80e5a,2024-04-18,short_straddle,SPY,short_straddle_SPY_000114,0.0,-13.389984,-13.389984,9996.060577,9011.199463,9011.199463,18.0,,
sim_2019-02-09_2026-05-21_29c06ed80e5a,2024-04-18,put_credit_spread,SPY,put_credit_spread_SPY_000115,0.0,0.0,0.0,9996.060577,2032.5,2032.5,18.0,,
sim_2019-02-09_2026-05-21_29c06ed80e5a,2024-04-19,short_straddle,SPY,short_straddle_SPY_000114,0.0,-56.67981,-56.67981,9939.380768,9011.199463,9011.199463,18.709999084472656,0.1661,0.1098
sim_2019-02-09_2026-05-21_29c06ed80e5a,2024-04-19,put_credit_spread,SPY,put_credit_spread_SPY_000115,176.992,0.0,176.992,10116.372768,2032.5,2032.5,18.709999084472656,0.1661,0.1098
sim_2019-02-09_2026-05-21_29c06ed80e5a,2024-04-19,put_credit_spread,SPY,put_credit_spread_SPY_000116,-2.1835,0.0,-2.1835,10114.189268,2533.0,2533.0,18.709999084472656,0.1661,0.1098
sim_2019-02-09_2026-05-21_29c06ed80e5a,2024-04-22,short_straddle,SPY,short_straddle_SPY_000114,0.0,59.279968,59.279968,10173.469236,9011.199463,9011.199463,16.940000534057617,0.1514,0.1129
sim_2019-02-09_2026-05-21_29c06ed80e5a,2024-04-22,put_credit_spread,SPY,put_credit_spread_SPY_000116,0.0,0.0,0.0,10173.469236,2533.0,2533.0,16.940000534057617,0.1514,0.1129
sim_2019-02-09_2026-05-21_29c06ed80e5a,2024-04-23,short_straddle,SPY,short_straddle_SPY_000114,0.0,77.089905,77.089905,10250.559141,9011.199463,9011.199463,15.6899995803833,,
sim_2019-02-09_2026-05-21_29c06ed80e5a,2024-04-23,put_credit_spread,SPY,put_credit_spread_SPY_000116,0.0,0.0,0.0,10250.559141,2533.0,2533.0,15.6899995803833,,
sim_2019-02-09_2026-05-21_29c06ed80e5a,2024-04-24,short_straddle,SPY,short_straddle_SPY_000114,0.0,-3.119873,-3.119873,10247.439268,9011.199463,9011.199463,15.970000267028809,0.1408,0.114
sim_2019-02-09_2026-05-21_29c06ed80e5a,2024-04-24,put_credit_spread,SPY,put_credit_spread_SPY_000116,0.0,0.0,0.0,10247.439268,2533.0,2533.0,15.970000267028809,0.1408,0.114
sim_2019-02-09_2026-05-21_29c06ed80e5a,2024-04-25,short_straddle,SPY,short_straddle_SPY_000114,0.0,-24.960175,-24.960175,10222.479093,9011.199463,9011.199463,15.369999885559082,,
sim_2019-02-09_2026-05-21_29c06ed80e5a,2024-04-25,put_credit_spread,SPY,put_credit_spread_SPY_000116,0.0,0.0,0.0,10222.479093,2533.0,2533.0,15.369999885559082,,
sim_2019-02-09_2026-05-21_29c06ed80e5a,2024-04-26,short_straddle,SPY,short_straddle_SPY_000114,0.0,62.010254,62.010254,10284.489347,9011.199463,9011.199463,15.029999732971191,0.1332,0.118
sim_2019-02-09_2026-05-21_29c06ed80e5a,2024-04-26,put_credit_spread,SPY,put_credit_spread_SPY_000116,0.0,0.0,0.0,10284.489347,2533.0,2533.0,15.029999732971191,0.1332,0.118
sim_2019-02-09_2026-05-21_29c06ed80e5a,2024-04-29,short_straddle,SPY,short_straddle_SPY_000114,-2.6885,20.084451,17.395951,10301.885298,9011.199463,9011.199463,14.670000076293944,0.1297,0.1149
sim_2019-02-09_2026-05-21_29c06ed80e5a,2024-04-29,put_credit_spread,SPY,put_credit_spread_SPY_000116,0.0,0.0,0.0,10301.885298,2533.0,2533.0,14.670000076293944,0.1297,0.1149
sim_2019-02-09_2026-05-21_29c06ed80e5a,2024-04-29,short_straddle,SPY,short_straddle_SPY_000117,-2.72325,0.0,-2.72325,10299.162048,8754.699951,8754.699951,14.670000076293944,0.1297,0.1149
sim_2019-02-09_2026-05-21_29c06ed80e5a,2024-04-30,short_straddle,SPY,short_straddle_SPY_000117,0.0,-2.25891,-2.25891,10296.903138,8754.699951,8754.699951,15.649999618530272,,
sim_2019-02-09_2026-05-21_29c06ed80e5a,2024-04-30,put_credit_spread,SPY,put_credit_spread_SPY_000116,0.0,0.0,0.0,10296.903138,2533.0,2533.0,15.649999618530272,,
sim_2019-02-09_2026-05-21_29c06ed80e5a,2024-05-01,short_straddle,SPY,short_straddle_SPY_000117,0.0,-14.670044,-14.670044,10282.233094,8754.699951,8754.699951,15.390000343322754,0.1388,0.1212
sim_2019-02-09_2026-05-21_29c06ed80e5a,2024-05-01,put_credit_spread,SPY,put_credit_spread_SPY_000116,0.0,0.0,0.0,10282.233094,2533.0,2533.0,15.390000343322754,0.1388,0.1212
sim_2019-02-09_2026-05-21_29c06ed80e5a,2024-05-02,short_straddle,SPY,short_straddle_SPY_000117,0.0,42.119934,42.119934,10324.353028,8754.699951,8754.699951,14.68000030517578,,
sim_2019-02-09_2026-05-21_29c06ed80e5a,2024-05-02,put_credit_spread,SPY,put_credit_spread_SPY_000116,0.0,0.0,0.0,10324.353028,2533.0,2533.0,14.68000030517578,,
sim_2019-02-09_2026-05-21_29c06ed80e5a,2024-05-03,short_straddle,SPY,short_straddle_SPY_000117,0.0,56.340088,56.340088,10380.693116,8754.699951,8754.699951,13.489999771118164,0.1221,0.1267
sim_2019-02-09_2026-05-21_29c06ed80e5a,2024-05-03,put_credit_spread,SPY,put_credit_spread_SPY_000116,0.0,0.0,0.0,10380.693116,2533.0,2533.0,13.489999771118164,0.1221,0.1267
sim_2019-02-09_2026-05-21_29c06ed80e5a,2024-05-06,short_straddle,SPY,short_straddle_SPY_000117,0.0,47.519989,47.519989,10428.213105,8754.699951,8754.699951,13.489999771118164,0.1212,0.1306
sim_2019-02-09_2026-05-21_29c06ed80e5a,2024-05-06,put_credit_spread,SPY,put_credit_spread_SPY_000116,0.0,0.0,0.0,10428.213105,2533.0,2533.0,13.489999771118164,0.1212,0.1306
sim_2019-02-09_2026-05-21_29c06ed80e5a,2024-05-07,short_straddle,SPY,short_straddle_SPY_000117,0.0,5.130066,5.130066,10433.343171,8754.699951,8754.699951,13.229999542236328,,
sim_2019-02-09_2026-05-21_29c06ed80e5a,2024-05-07,put_credit_spread,SPY,put_credit_spread_SPY_000116,0.0,0.0,0.0,10433.343171,2533.0,2533.0,13.229999542236328,,
sim_2019-02-09_2026-05-21_29c06ed80e5a,2024-05-08,short_straddle,SPY,short_straddle_SPY_000117,0.0,0.44989,0.44989,10433.793061,8754.699951,8754.699951,13.0,0.1159,0.1303
sim_2019-02-09_2026-05-21_29c06ed80e5a,2024-05-08,put_credit_spread,SPY,put_credit_spread_SPY_000116,0.0,0.0,0.0,10433.793061,2533.0,2533.0,13.0,0.1159,0.1303
sim_2019-02-09_2026-05-21_29c06ed80e5a,2024-05-09,short_straddle,SPY,short_straddle_SPY_000117,0.0,26.819824,26.819824,10460.612885,8754.699951,8754.699951,12.6899995803833,,
sim_2019-02-09_2026-05-21_29c06ed80e5a,2024-05-09,put_credit_spread,SPY,put_credit_spread_SPY_000116,0.0,0.0,0.0,10460.612885,2533.0,2533.0,12.6899995803833,,
sim_2019-02-09_2026-05-21_29c06ed80e5a,2024-05-10,short_straddle,SPY,short_straddle_SPY_000117,19.0,-8.553125,10.446875,10471.05976,8754.699951,8754.699951,12.550000190734863,0.1118,0.1291
sim_2019-02-09_2026-05-21_29c06ed80e5a,2024-05-10,put_credit_spread,SPY,put_credit_spread_SPY_000116,0.0,0.0,0.0,10471.05976,2533.0,2533.0,12.550000190734863,0.1118,0.1291
sim_2019-02-09_2026-05-21_29c06ed80e5a,2024-05-13,short_straddle,SPY,short_straddle_SPY_000117,19.0,4.025599,23.025599,10494.085359,8754.699951,8754.699951,13.600000381469728,0.1209,0.1291
sim_2019-02-09_2026-05-21_29c06ed80e5a,2024-05-13,put_credit_spread,SPY,put_credit_spread_SPY_000116,0.0,0.0,0.0,10494.085359,2533.0,2533.0,13.600000381469728,0.1209,0.1291
sim_2019-02-09_2026-05-21_29c06ed80e5a,2024-05-14,short_straddle,SPY,short_straddle_SPY_000117,0.0,136.441823,136.441823,10630.527182,8754.699951,8754.699951,13.420000076293944,,
sim_2019-02-09_2026-05-21_29c06ed80e5a,2024-05-14,put_credit_spread,SPY,put_credit_spread_SPY_000116,0.0,0.0,0.0,10630.527182,2533.0,2533.0,13.420000076293944,,
sim_2019-02-09_2026-05-21_29c06ed80e5a,2024-05-15,short_straddle,SPY,short_straddle_SPY_000117,0.0,58.320374,58.320374,10688.847556,8754.699951,8754.699951,12.449999809265137,0.1077,0.133
sim_2019-02-09_2026-05-21_29c06ed80e5a,2024-05-15,put_credit_spread,SPY,put_credit_spread_SPY_000116,0.0,0.0,0.0,10688.847556,2533.0,2533.0,12.449999809265137,0.1077,0.133
sim_2019-02-09_2026-05-21_29c06ed80e5a,2024-05-16,short_straddle,SPY,short_straddle_SPY_000117,0.0,-9.810242,-9.810242,10679.037314,8754.699951,8754.699951,12.420000076293944,,
sim_2019-02-09_2026-05-21_29c06ed80e5a,2024-05-16,put_credit_spread,SPY,put_credit_spread_SPY_000116,0.0,0.0,0.0,10679.037314,2533.0,2533.0,12.420000076293944,,
sim_2019-02-09_2026-05-21_29c06ed80e5a,2024-05-17,short_straddle,SPY,short_straddle_SPY_000117,0.0,6.840088,6.840088,10685.877402,8754.699951,8754.699951,11.989999771118164,0.1034,0.1244
sim_2019-02-09_2026-05-21_29c06ed80e5a,2024-05-17,put_credit_spread,SPY,put_credit_spread_SPY_000116,365.0,0.0,365.0,11050.877402,2533.0,2533.0,11.989999771118164,0.1034,0.1244
sim_2019-02-09_2026-05-21_29c06ed80e5a,2024-05-17,put_credit_spread,SPY,put_credit_spread_SPY_000118,-2.061,0.0,-2.061,11048.816402,978.0,978.0,11.989999771118164,0.1034,0.1244
sim_2019-02-09_2026-05-21_29c06ed80e5a,2024-05-20,short_straddle,SPY,short_straddle_SPY_000117,0.0,5.489868,5.489868,11054.30627,8754.699951,8754.699951,12.149999618530272,0.1064,0.1244
sim_2019-02-09_2026-05-21_29c06ed80e5a,2024-05-20,put_credit_spread,SPY,put_credit_spread_SPY_000118,21.0,0.0,21.0,11075.30627,978.0,978.0,12.149999618530272,0.1064,0.1244
sim_2019-02-09_2026-05-21_29c06ed80e5a,2024-05-21,short_straddle,SPY,short_straddle_SPY_000117,0.0,11.69989,11.69989,11087.00616,8754.699951,8754.699951,11.859999656677246,,
sim_2019-02-09_2026-05-21_29c06ed80e5a,2024-05-21,put_credit_spread,SPY,put_credit_spread_SPY_000118,0.0,0.0,0.0,11087.00616,978.0,978.0,11.859999656677246,,
sim_2019-02-09_2026-05-21_29c06ed80e5a,2024-05-22,short_straddle,SPY,short_straddle_SPY_000117,-2.70425,-16.153949,-18.858199,11068.147961,8754.699951,8754.699951,12.289999961853027,0.1081,0.1207
sim_2019-02-09_2026-05-21_29c06ed80e5a,2024-05-22,put_credit_spread,SPY,put_credit_spread_SPY_000118,0.0,0.0,0.0,11068.147961,978.0,978.0,12.289999961853027,0.1081,0.1207
sim_2019-02-09_2026-05-21_29c06ed80e5a,2024-05-22,short_straddle,SPY,short_straddle_SPY_000119,-2.65775,0.0,-2.65775,11065.490211,9281.100342,9281.100342,12.289999961853027,0.1081,0.1207
sim_2019-02-09_2026-05-21_29c06ed80e5a,2024-05-23,short_straddle,SPY,short_straddle_SPY_000119,0.0,-2.10384,-2.10384,11063.386371,9281.100342,9281.100342,12.770000457763672,,
sim_2019-02-09_2026-05-21_29c06ed80e5a,2024-05-23,put_credit_spread,SPY,put_credit_spread_SPY_000118,0.0,0.0,0.0,11063.386371,978.0,978.0,12.770000457763672,,
sim_2019-02-09_2026-05-21_29c06ed80e5a,2024-05-24,short_straddle,SPY,short_straddle_SPY_000119,0.0,27.839844,27.839844,11091.226214,9281.100342,9281.100342,11.93000030517578,0.1019,0.1146
sim_2019-02-09_2026-05-21_29c06ed80e5a,2024-05-24,put_credit_spread,SPY,put_credit_spread_SPY_000118,0.0,0.0,0.0,11091.226214,978.0,978.0,11.93000030517578,0.1019,0.1146
sim_2019-02-09_2026-05-21_29c06ed80e5a,2024-05-28,short_straddle,SPY,short_straddle_SPY_000119,0.0,2.959961,2.959961,11094.186175,9281.100342,9281.100342,12.920000076293944,,
sim_2019-02-09_2026-05-21_29c06ed80e5a,2024-05-28,put_credit_spread,SPY,put_credit_spread_SPY_000118,0.0,0.0,0.0,11094.186175,978.0,978.0,12.920000076293944,,
sim_2019-02-09_2026-05-21_29c06ed80e5a,2024-05-29,short_straddle,SPY,short_straddle_SPY_000119,0.0,-29.680176,-29.680176,11064.506,9281.100342,9281.100342,14.279999732971191,0.1163,0.1094
sim_2019-02-09_2026-05-21_29c06ed80e5a,2024-05-29,put_credit_spread,SPY,put_credit_spread_SPY_000118,0.0,0.0,0.0,11064.506,978.0,978.0,14.279999732971191,0.1163,0.1094
sim_2019-02-09_2026-05-21_29c06ed80e5a,2024-05-30,short_straddle,SPY,short_straddle_SPY_000119,0.0,-27.919922,-27.919922,11036.586078,9281.100342,9281.100342,14.470000267028809,,
sim_2019-02-09_2026-05-21_29c06ed80e5a,2024-05-30,put_credit_spread,SPY,put_credit_spread_SPY_000118,0.0,0.0,0.0,11036.586078,978.0,978.0,14.470000267028809,,
sim_2019-02-09_2026-05-21_29c06ed80e5a,2024-05-31,short_straddle,SPY,short_straddle_SPY_000119,0.0,38.080078,38.080078,11074.666156,9281.100342,9281.100342,12.920000076293944,0.1116,0.1115
sim_2019-02-09_2026-05-21_29c06ed80e5a,2024-05-31,put_credit_spread,SPY,put_credit_spread_SPY_000118,0.0,0.0,0.0,11074.666156,978.0,978.0,12.920000076293944,0.1116,0.1115
sim_2019-02-09_2026-05-21_29c06ed80e5a,2024-06-03,short_straddle,SPY,short_straddle_SPY_000119,0.0,3.439941,3.439941,11078.106097,9281.100342,9281.100342,13.109999656677246,0.115,0.107
sim_2019-02-09_2026-05-21_29c06ed80e5a,2024-06-03,put_credit_spread,SPY,put_credit_spread_SPY_000118,0.0,0.0,0.0,11078.106097,978.0,978.0,13.109999656677246,0.115,0.107
sim_2019-02-09_2026-05-21_29c06ed80e5a,2024-06-04,short_straddle,SPY,short_straddle_SPY_000119,0.0,4.720215,4.720215,11082.826312,9281.100342,9281.100342,13.15999984741211,,
sim_2019-02-09_2026-05-21_29c06ed80e5a,2024-06-04,put_credit_spread,SPY,put_credit_spread_SPY_000118,0.0,0.0,0.0,11082.826312,978.0,978.0,13.15999984741211,,
sim_2019-02-09_2026-05-21_29c06ed80e5a,2024-06-05,short_straddle,SPY,short_straddle_SPY_000119,0.0,50.239746,50.239746,11133.066058,9281.100342,9281.100342,12.630000114440918,0.1104,0.1049
sim_2019-02-09_2026-05-21_29c06ed80e5a,2024-06-05,put_credit_spread,SPY,put_credit_spread_SPY_000118,0.0,0.0,0.0,11133.066058,978.0,978.0,12.630000114440918,0.1104,0.1049
sim_2019-02-09_2026-05-21_29c06ed80e5a,2024-06-06,short_straddle,SPY,short_straddle_SPY_000119,0.0,-0.080078,-0.080078,11132.98598,9281.100342,9281.100342,12.579999923706056,,
sim_2019-02-09_2026-05-21_29c06ed80e5a,2024-06-06,put_credit_spread,SPY,put_credit_spread_SPY_000118,0.0,0.0,0.0,11132.98598,978.0,978.0,12.579999923706056,,
sim_2019-02-09_2026-05-21_29c06ed80e5a,2024-06-07,short_straddle,SPY,short_straddle_SPY_000119,0.0,-5.199707,-5.199707,11127.786273,9281.100342,9281.100342,12.220000267028809,0.1074,0.1039
sim_2019-02-09_2026-05-21_29c06ed80e5a,2024-06-07,put_credit_spread,SPY,put_credit_spread_SPY_000118,0.0,0.0,0.0,11127.786273,978.0,978.0,12.220000267028809,0.1074,0.1039
sim_2019-02-09_2026-05-21_29c06ed80e5a,2024-06-10,short_straddle,SPY,short_straddle_SPY_000119,0.0,13.199707,13.199707,11140.98598,9281.100342,9281.100342,12.739999771118164,0.1116,0.1015
sim_2019-02-09_2026-05-21_29c06ed80e5a,2024-06-10,put_credit_spread,SPY,put_credit_spread_SPY_000118,0.0,0.0,0.0,11140.98598,978.0,978.0,12.739999771118164,0.1116,0.1015
sim_2019-02-09_2026-05-21_29c06ed80e5a,2024-06-11,short_straddle,SPY,short_straddle_SPY_000119,0.0,10.320312,10.320312,11151.306293,9281.100342,9281.100342,12.850000381469728,,
sim_2019-02-09_2026-05-21_29c06ed80e5a,2024-06-11,put_credit_spread,SPY,put_credit_spread_SPY_000118,0.0,0.0,0.0,11151.306293,978.0,978.0,12.850000381469728,,
sim_2019-02-09_2026-05-21_29c06ed80e5a,2024-06-12,short_straddle,SPY,short_straddle_SPY_000119,0.0,35.279785,35.279785,11186.586078,9281.100342,9281.100342,12.039999961853027,0.1007,0.0881
sim_2019-02-09_2026-05-21_29c06ed80e5a,2024-06-12,put_credit_spread,SPY,put_credit_spread_SPY_000118,0.0,0.0,0.0,11186.586078,978.0,978.0,12.039999961853027,0.1007,0.0881
sim_2019-02-09_2026-05-21_29c06ed80e5a,2024-06-13,short_straddle,SPY,short_straddle_SPY_000119,0.0,8.720215,8.720215,11195.306293,9281.100342,9281.100342,11.9399995803833,,
sim_2019-02-09_2026-05-21_29c06ed80e5a,2024-06-13,put_credit_spread,SPY,put_credit_spread_SPY_000118,0.0,0.0,0.0,11195.306293,978.0,978.0,11.9399995803833,,
sim_2019-02-09_2026-05-21_29c06ed80e5a,2024-06-14,short_straddle,SPY,short_straddle_SPY_000119,0.0,2.640137,2.640137,11197.946429,9281.100342,9281.100342,12.65999984741211,0.1038,0.0843
sim_2019-02-09_2026-05-21_29c06ed80e5a,2024-06-14,put_credit_spread,SPY,put_credit_spread_SPY_000118,99.0,0.0,99.0,11296.946429,978.0,978.0,12.65999984741211,0.1038,0.0843
sim_2019-02-09_2026-05-21_29c06ed80e5a,2024-06-14,put_credit_spread,SPY,put_credit_spread_SPY_000120,-2.10175,0.0,-2.10175,11294.844679,1996.5,1996.5,12.65999984741211,0.1038,0.0843
sim_2019-02-09_2026-05-21_29c06ed80e5a,2024-06-17,short_straddle,SPY,short_straddle_SPY_000119,0.0,34.55957,34.55957,11329.40425,9281.100342,9281.100342,12.75,0.1065,0.0807
sim_2019-02-09_2026-05-21_29c06ed80e5a,2024-06-17,put_credit_spread,SPY,put_credit_spread_SPY_000120,0.0,0.0,0.0,11329.40425,1996.5,1996.5,12.75,0.1065,0.0807
sim_2019-02-09_2026-05-21_29c06ed80e5a,2024-06-18,short_straddle,SPY,short_straddle_SPY_000119,0.0,11.120117,11.120117,11340.524367,9281.100342,9281.100342,12.300000190734863,,
sim_2019-02-09_2026-05-21_29c06ed80e5a,2024-06-18,put_credit_spread,SPY,put_credit_spread_SPY_000120,0.0,0.0,0.0,11340.524367,1996.5,1996.5,12.300000190734863,,
sim_2019-02-09_2026-05-21_29c06ed80e5a,2024-06-20,short_straddle,SPY,short_straddle_SPY_000119,-2.65775,-14.107922,-16.765672,11323.758695,9281.100342,9281.100342,13.279999732971191,,
sim_2019-02-09_2026-05-21_29c06ed80e5a,2024-06-20,put_credit_spread,SPY,put_credit_spread_SPY_000120,0.0,0.0,0.0,11323.758695,1996.5,1996.5,13.279999732971191,,
sim_2019-02-09_2026-05-21_29c06ed80e5a,2024-06-21,put_credit_spread,SPY,put_credit_spread_SPY_000120,0.0,0.0,0.0,11323.758695,1996.5,1996.5,13.199999809265137,0.1105,0.0803
sim_2019-02-09_2026-05-21_29c06ed80e5a,2024-06-21,short_straddle,SPY,short_straddle_SPY_000121,-2.677,0.0,-2.677,11321.081695,9536.200195,9536.200195,13.199999809265137,0.1105,0.0803
sim_2019-02-09_2026-05-21_29c06ed80e5a,2024-06-24,short_straddle,SPY,short_straddle_SPY_000121,0.0,-2.44233,-2.44233,11318.639365,9536.200195,9536.200195,13.329999923706056,0.1148,0.0806
sim_2019-02-09_2026-05-21_29c06ed80e5a,2024-06-24,put_credit_spread,SPY,put_credit_spread_SPY_000120,0.0,0.0,0.0,11318.639365,1996.5,1996.5,13.329999923706056,0.1148,0.0806
sim_2019-02-09_2026-05-21_29c06ed80e5a,2024-06-25,short_straddle,SPY,short_straddle_SPY_000121,0.0,18.810242,18.810242,11337.449607,9536.200195,9536.200195,12.84000015258789,,
sim_2019-02-09_2026-05-21_29c06ed80e5a,2024-06-25,put_credit_spread,SPY,put_credit_spread_SPY_000120,0.0,0.0,0.0,11337.449607,1996.5,1996.5,12.84000015258789,,
sim_2019-02-09_2026-05-21_29c06ed80e5a,2024-06-26,short_straddle,SPY,short_straddle_SPY_000121,0.0,6.119934,6.119934,11343.569541,9536.200195,9536.200195,12.550000190734863,0.108,0.0808
sim_2019-02-09_2026-05-21_29c06ed80e5a,2024-06-26,put_credit_spread,SPY,put_credit_spread_SPY_000120,0.0,0.0,0.0,11343.569541,1996.5,1996.5,12.550000190734863,0.108,0.0808
sim_2019-02-09_2026-05-21_29c06ed80e5a,2024-06-27,short_straddle,SPY,short_straddle_SPY_000121,0.0,7.739868,7.739868,11351.309409,9536.200195,9536.200195,12.239999771118164,,
sim_2019-02-09_2026-05-21_29c06ed80e5a,2024-06-27,put_credit_spread,SPY,put_credit_spread_SPY_000120,0.0,0.0,0.0,11351.309409,1996.5,1996.5,12.239999771118164,,
sim_2019-02-09_2026-05-21_29c06ed80e5a,2024-06-28,short_straddle,SPY,short_straddle_SPY_000121,0.0,-19.35022,-19.35022,11331.959189,9536.200195,9536.200195,12.4399995803833,0.1087,0.0748
sim_2019-02-09_2026-05-21_29c06ed80e5a,2024-06-28,put_credit_spread,SPY,put_credit_spread_SPY_000120,0.0,0.0,0.0,11331.959189,1996.5,1996.5,12.4399995803833,0.1087,0.0748
sim_2019-02-09_2026-05-21_29c06ed80e5a,2024-07-01,short_straddle,SPY,short_straddle_SPY_000121,0.0,10.080505,10.080505,11342.039695,9536.200195,9536.200195,12.220000267028809,0.1027,0.0743
sim_2019-02-09_2026-05-21_29c06ed80e5a,2024-07-01,put_credit_spread,SPY,put_credit_spread_SPY_000120,0.0,0.0,0.0,11342.039695,1996.5,1996.5,12.220000267028809,0.1027,0.0743
sim_2019-02-09_2026-05-21_29c06ed80e5a,2024-07-02,short_straddle,SPY,short_straddle_SPY_000121,0.0,33.029846,33.029846,11375.069541,9536.200195,9536.200195,12.029999732971191,,
sim_2019-02-09_2026-05-21_29c06ed80e5a,2024-07-02,put_credit_spread,SPY,put_credit_spread_SPY_000120,0.0,0.0,0.0,11375.069541,1996.5,1996.5,12.029999732971191,,
sim_2019-02-09_2026-05-21_29c06ed80e5a,2024-07-03,short_straddle,SPY,short_straddle_SPY_000121,0.0,22.05011,22.05011,11397.119651,9536.200195,9536.200195,12.09000015258789,0.1032,0.0767
sim_2019-02-09_2026-05-21_29c06ed80e5a,2024-07-03,put_credit_spread,SPY,put_credit_spread_SPY_000120,0.0,0.0,0.0,11397.119651,1996.5,1996.5,12.09000015258789,0.1032,0.0767
sim_2019-02-09_2026-05-21_29c06ed80e5a,2024-07-05,short_straddle,SPY,short_straddle_SPY_000121,0.0,28.619934,28.619934,11425.739585,9536.200195,9536.200195,12.479999542236328,0.1039,0.0777
sim_2019-02-09_2026-05-21_29c06ed80e5a,2024-07-05,put_credit_spread,SPY,put_credit_spread_SPY_000120,0.0,0.0,0.0,11425.739585,1996.5,1996.5,12.479999542236328,0.1039,0.0777
sim_2019-02-09_2026-05-21_29c06ed80e5a,2024-07-08,short_straddle,SPY,short_straddle_SPY_000121,0.0,5.760132,5.760132,11431.499717,9536.200195,9536.200195,12.369999885559082,0.1048,0.0766
sim_2019-02-09_2026-05-21_29c06ed80e5a,2024-07-08,put_credit_spread,SPY,put_credit_spread_SPY_000120,0.0,0.0,0.0,11431.499717,1996.5,1996.5,12.369999885559082,0.1048,0.0766
sim_2019-02-09_2026-05-21_29c06ed80e5a,2024-07-09,short_straddle,SPY,short_straddle_SPY_000121,0.0,4.859802,4.859802,11436.359519,9536.200195,9536.200195,12.510000228881836,,
sim_2019-02-09_2026-05-21_29c06ed80e5a,2024-07-09,put_credit_spread,SPY,put_credit_spread_SPY_000120,0.0,0.0,0.0,11436.359519,1996.5,1996.5,12.510000228881836,,
sim_2019-02-09_2026-05-21_29c06ed80e5a,2024-07-10,short_straddle,SPY,short_straddle_SPY_000121,0.0,49.5,49.5,11485.859519,9536.200195,9536.200195,12.850000381469728,0.1083,0.0743
sim_2019-02-09_2026-05-21_29c06ed80e5a,2024-07-10,put_credit_spread,SPY,put_credit_spread_SPY_000120,0.0,0.0,0.0,11485.859519,1996.5,1996.5,12.850000381469728,0.1083,0.0743
sim_2019-02-09_2026-05-21_29c06ed80e5a,2024-07-11,short_straddle,SPY,short_straddle_SPY_000121,0.0,-43.560242,-43.560242,11442.299277,9536.200195,9536.200195,12.920000076293944,,
sim_2019-02-09_2026-05-21_29c06ed80e5a,2024-07-11,put_credit_spread,SPY,put_credit_spread_SPY_000120,0.0,0.0,0.0,11442.299277,1996.5,1996.5,12.920000076293944,,
sim_2019-02-09_2026-05-21_29c06ed80e5a,2024-07-12,short_straddle,SPY,short_straddle_SPY_000121,0.0,31.590088,31.590088,11473.889365,9536.200195,9536.200195,12.460000038146973,0.1055,0.0771
sim_2019-02-09_2026-05-21_29c06ed80e5a,2024-07-12,put_credit_spread,SPY,put_credit_spread_SPY_000120,201.5,0.0,201.5,11675.389365,1996.5,1996.5,12.460000038146973,0.1055,0.0771
sim_2019-02-09_2026-05-21_29c06ed80e5a,2024-07-12,put_credit_spread,SPY,put_credit_spread_SPY_000122,-2.06275,0.0,-2.06275,11673.326615,1024.5,1024.5,12.460000038146973,0.1055,0.0771
sim_2019-02-09_2026-05-21_29c06ed80e5a,2024-07-15,short_straddle,SPY,short_straddle_SPY_000121,0.0,13.860352,13.860352,11687.186967,9536.200195,9536.200195,13.119999885559082,0.1112,0.0725
sim_2019-02-09_2026-05-21_29c06ed80e5a,2024-07-15,put_credit_spread,SPY,put_credit_spread_SPY_000122,0.0,0.0,0.0,11687.186967,1024.5,1024.5,13.119999885559082,0.1112,0.0725
sim_2019-02-09_2026-05-21_29c06ed80e5a,2024-07-16,short_straddle,SPY,short_straddle_SPY_000121,0.0,29.969604,29.969604,11717.156571,9536.200195,9536.200195,13.1899995803833,,
sim_2019-02-09_2026-05-21_29c06ed80e5a,2024-07-16,put_credit_spread,SPY,put_credit_spread_SPY_000122,0.0,0.0,0.0,11717.156571,1024.5,1024.5,13.1899995803833,,
sim_2019-02-09_2026-05-21_29c06ed80e5a,2024-07-17,short_straddle,SPY,short_straddle_SPY_000121,-2.677,-73.786076,-76.463076,11640.693495,9536.200195,9536.200195,14.479999542236328,0.1242,0.0851
sim_2019-02-09_2026-05-21_29c06ed80e5a,2024-07-17,put_credit_spread,SPY,put_credit_spread_SPY_000122,0.0,0.0,0.0,11640.693495,1024.5,1024.5,14.479999542236328,0.1242,0.0851
sim_2019-02-09_2026-05-21_29c06ed80e5a,2024-07-17,short_straddle,SPY,short_straddle_SPY_000123,-2.799,0.0,-2.799,11637.894495,9540.800049,9540.800049,14.479999542236328,0.1242,0.0851
sim_2019-02-09_2026-05-21_29c06ed80e5a,2024-07-18,short_straddle,SPY,short_straddle_SPY_000123,0.0,-2.48697,-2.48697,11635.407525,9540.800049,9540.800049,15.93000030517578,,
sim_2019-02-09_2026-05-21_29c06ed80e5a,2024-07-18,put_credit_spread,SPY,put_credit_spread_SPY_000122,0.0,0.0,0.0,11635.407525,1024.5,1024.5,15.93000030517578,,
sim_2019-02-09_2026-05-21_29c06ed80e5a,2024-07-19,short_straddle,SPY,short_straddle_SPY_000123,0.0,-33.029846,-33.029846,11602.377679,9540.800049,9540.800049,16.520000457763672,0.1395,0.0869
sim_2019-02-09_2026-05-21_29c06ed80e5a,2024-07-19,put_credit_spread,SPY,put_credit_spread_SPY_000122,0.0,0.0,0.0,11602.377679,1024.5,1024.5,16.520000457763672,0.1395,0.0869
sim_2019-02-09_2026-05-21_29c06ed80e5a,2024-07-22,short_straddle,SPY,short_straddle_SPY_000123,0.0,50.940308,50.940308,11653.317986,9540.800049,9540.800049,14.90999984741211,0.1293,0.091
sim_2019-02-09_2026-05-21_29c06ed80e5a,2024-07-22,put_credit_spread,SPY,put_credit_spread_SPY_000122,0.0,0.0,0.0,11653.317986,1024.5,1024.5,14.90999984741211,0.1293,0.091
sim_2019-02-09_2026-05-21_29c06ed80e5a,2024-07-23,short_straddle,SPY,short_straddle_SPY_000123,0.0,-7.829956,-7.829956,11645.48803,9540.800049,9540.800049,14.720000267028809,,
sim_2019-02-09_2026-05-21_29c06ed80e5a,2024-07-23,put_credit_spread,SPY,put_credit_spread_SPY_000122,0.0,0.0,0.0,11645.48803,1024.5,1024.5,14.720000267028809,,
sim_2019-02-09_2026-05-21_29c06ed80e5a,2024-07-24,short_straddle,SPY,short_straddle_SPY_000123,0.0,-112.950439,-112.950439,11532.537591,9540.800049,9540.800049,18.040000915527344,0.1562,0.1146
sim_2019-02-09_2026-05-21_29c06ed80e5a,2024-07-24,put_credit_spread,SPY,put_credit_spread_SPY_000122,0.0,0.0,0.0,11532.537591,1024.5,1024.5,18.040000915527344,0.1562,0.1146
sim_2019-02-09_2026-05-21_29c06ed80e5a,2024-07-25,short_straddle,SPY,short_straddle_SPY_000123,0.0,-25.380066,-25.380066,11507.157525,9540.800049,9540.800049,18.459999084472656,,
sim_2019-02-09_2026-05-21_29c06ed80e5a,2024-07-25,put_credit_spread,SPY,put_credit_spread_SPY_000122,0.0,0.0,0.0,11507.157525,1024.5,1024.5,18.459999084472656,,
sim_2019-02-09_2026-05-21_29c06ed80e5a,2024-07-26,short_straddle,SPY,short_straddle_SPY_000123,0.0,54.270264,54.270264,11561.427789,9540.800049,9540.800049,16.389999389648438,0.146,0.1176
sim_2019-02-09_2026-05-21_29c06ed80e5a,2024-07-26,put_credit_spread,SPY,put_credit_spread_SPY_000122,0.0,0.0,0.0,11561.427789,1024.5,1024.5,16.389999389648438,0.146,0.1176
sim_2019-02-09_2026-05-21_29c06ed80e5a,2024-07-29,short_straddle,SPY,short_straddle_SPY_000123,0.0,2.880066,2.880066,11564.307855,9540.800049,9540.800049,16.600000381469727,0.1498,0.1175
sim_2019-02-09_2026-05-21_29c06ed80e5a,2024-07-29,put_credit_spread,SPY,put_credit_spread_SPY_000122,0.0,0.0,0.0,11564.307855,1024.5,1024.5,16.600000381469727,0.1498,0.1175
sim_2019-02-09_2026-05-21_29c06ed80e5a,2024-07-30,short_straddle,SPY,short_straddle_SPY_000123,0.0,-24.840088,-24.840088,11539.467767,9540.800049,9540.800049,17.690000534057617,,
sim_2019-02-09_2026-05-21_29c06ed80e5a,2024-07-30,put_credit_spread,SPY,put_credit_spread_SPY_000122,0.0,0.0,0.0,11539.467767,1024.5,1024.5,17.690000534057617,,
sim_2019-02-09_2026-05-21_29c06ed80e5a,2024-07-31,short_straddle,SPY,short_straddle_SPY_000123,0.0,79.289978,79.289978,11618.757745,9540.800049,9540.800049,16.360000610351562,,
sim_2019-02-09_2026-05-21_29c06ed80e5a,2024-07-31,put_credit_spread,SPY,put_credit_spread_SPY_000122,0.0,0.0,0.0,11618.757745,1024.5,1024.5,16.360000610351562,,
sim_2019-02-09_2026-05-21_29c06ed80e5a,2024-08-01,short_straddle,SPY,short_straddle_SPY_000123,0.0,-70.19989,-70.19989,11548.557855,9540.800049,9540.800049,18.59000015258789,,
sim_2019-02-09_2026-05-21_29c06ed80e5a,2024-08-01,put_credit_spread,SPY,put_credit_spread_SPY_000122,0.0,0.0,0.0,11548.557855,1024.5,1024.5,18.59000015258789,,
sim_2019-02-09_2026-05-21_29c06ed80e5a,2024-08-02,short_straddle,SPY,short_straddle_SPY_000123,0.0,-90.989868,-90.989868,11457.567986,9540.800049,9540.800049,23.38999938964844,,
sim_2019-02-09_2026-05-21_29c06ed80e5a,2024-08-02,put_credit_spread,SPY,put_credit_spread_SPY_000122,0.0,0.0,0.0,11457.567986,1024.5,1024.5,23.38999938964844,,
sim_2019-02-09_2026-05-21_29c06ed80e5a,2024-08-05,short_straddle,SPY,short_straddle_SPY_000123,0.0,-139.680176,-139.680176,11317.887811,9540.800049,9540.800049,38.56999969482422,,
sim_2019-02-09_2026-05-21_29c06ed80e5a,2024-08-05,put_credit_spread,SPY,put_credit_spread_SPY_000122,0.0,0.0,0.0,11317.887811,1024.5,1024.5,38.56999969482422,,
sim_2019-02-09_2026-05-21_29c06ed80e5a,2024-08-06,short_straddle,SPY,short_straddle_SPY_000123,0.0,42.930176,42.930176,11360.817986,9540.800049,9540.800049,27.709999084472656,,
sim_2019-02-09_2026-05-21_29c06ed80e5a,2024-08-06,put_credit_spread,SPY,put_credit_spread_SPY_000122,0.0,0.0,0.0,11360.817986,1024.5,1024.5,27.709999084472656,,
sim_2019-02-09_2026-05-21_29c06ed80e5a,2024-08-07,short_straddle,SPY,short_straddle_SPY_000123,0.0,-31.410461,-31.410461,11329.407525,9540.800049,9540.800049,27.850000381469727,,
sim_2019-02-09_2026-05-21_29c06ed80e5a,2024-08-07,put_credit_spread,SPY,put_credit_spread_SPY_000122,-2.06275,0.0,-2.06275,11327.344775,1024.5,1024.5,27.850000381469727,,
sim_2019-02-09_2026-05-21_29c06ed80e5a,2024-08-08,short_straddle,SPY,short_straddle_SPY_000123,0.0,107.910461,107.910461,11435.255236,9540.800049,9540.800049,23.790000915527344,,
sim_2019-02-09_2026-05-21_29c06ed80e5a,2024-08-09,short_straddle,SPY,short_straddle_SPY_000123,0.0,21.059692,21.059692,11456.314929,9540.800049,9540.800049,20.3700008392334,,
sim_2019-02-09_2026-05-21_29c06ed80e5a,2024-08-12,short_straddle,SPY,short_straddle_SPY_000123,0.0,2.520264,2.520264,11458.835192,9540.800049,9540.800049,20.709999084472656,0.1745,0.1822
sim_2019-02-09_2026-05-21_29c06ed80e5a,2024-08-12,put_credit_spread,SPY,put_credit_spread_SPY_000124,-2.2055,0.0,-2.2055,11456.629692,2789.0,2789.0,20.709999084472656,0.1745,0.1822
sim_2019-02-09_2026-05-21_29c06ed80e5a,2024-08-13,short_straddle,SPY,short_straddle_SPY_000123,0.0,78.929626,78.929626,11535.559319,9540.800049,9540.800049,18.1200008392334,,
sim_2019-02-09_2026-05-21_29c06ed80e5a,2024-08-13,put_credit_spread,SPY,put_credit_spread_SPY_000124,0.0,0.0,0.0,11535.559319,2789.0,2789.0,18.1200008392334,,
sim_2019-02-09_2026-05-21_29c06ed80e5a,2024-08-14,short_straddle,SPY,short_straddle_SPY_000123,-2.799,12.943323,10.144323,11545.703642,9540.800049,9540.800049,16.190000534057617,0.1394,0.1878
sim_2019-02-09_2026-05-21_29c06ed80e5a,2024-08-14,put_credit_spread,SPY,put_credit_spread_SPY_000124,0.0,0.0,0.0,11545.703642,2789.0,2789.0,16.190000534057617,0.1394,0.1878
sim_2019-02-09_2026-05-21_29c06ed80e5a,2024-08-14,short_straddle,SPY,short_straddle_SPY_000125,-2.88225,0.0,-2.88225,11542.821392,9110.5,9110.5,16.190000534057617,0.1394,0.1878
sim_2019-02-09_2026-05-21_29c06ed80e5a,2024-08-15,short_straddle,SPY,short_straddle_SPY_000125,0.0,-3.041885,-3.041885,11539.779507,9110.5,9110.5,15.229999542236328,,
sim_2019-02-09_2026-05-21_29c06ed80e5a,2024-08-15,put_credit_spread,SPY,put_credit_spread_SPY_000124,0.0,0.0,0.0,11539.779507,2789.0,2789.0,15.229999542236328,,
sim_2019-02-09_2026-05-21_29c06ed80e5a,2024-08-16,short_straddle,SPY,short_straddle_SPY_000125,0.0,13.639893,13.639893,11553.419399,9110.5,9110.5,14.800000190734863,0.1258,0.1933
sim_2019-02-09_2026-05-21_29c06ed80e5a,2024-08-16,put_credit_spread,SPY,put_credit_spread_SPY_000124,0.0,0.0,0.0,11553.419399,2789.0,2789.0,14.800000190734863,0.1258,0.1933
sim_2019-02-09_2026-05-21_29c06ed80e5a,2024-08-19,short_straddle,SPY,short_straddle_SPY_000125,0.0,58.299866,58.299866,11611.719265,9110.5,9110.5,14.649999618530272,0.1245,0.1953
sim_2019-02-09_2026-05-21_29c06ed80e5a,2024-08-19,put_credit_spread,SPY,put_credit_spread_SPY_000124,0.0,0.0,0.0,11611.719265,2789.0,2789.0,14.649999618530272,0.1245,0.1953
sim_2019-02-09_2026-05-21_29c06ed80e5a,2024-08-20,short_straddle,SPY,short_straddle_SPY_000125,0.0,-10.009705,-10.009705,11601.70956,9110.5,9110.5,15.880000114440918,,
sim_2019-02-09_2026-05-21_29c06ed80e5a,2024-08-20,put_credit_spread,SPY,put_credit_spread_SPY_000124,0.0,0.0,0.0,11601.70956,2789.0,2789.0,15.880000114440918,,
sim_2019-02-09_2026-05-21_29c06ed80e5a,2024-08-21,short_straddle,SPY,short_straddle_SPY_000125,0.0,21.119812,21.119812,11622.829372,9110.5,9110.5,16.270000457763672,0.1348,0.1935
sim_2019-02-09_2026-05-21_29c06ed80e5a,2024-08-21,put_credit_spread,SPY,put_credit_spread_SPY_000124,0.0,0.0,0.0,11622.829372,2789.0,2789.0,16.270000457763672,0.1348,0.1935
sim_2019-02-09_2026-05-21_29c06ed80e5a,2024-08-22,short_straddle,SPY,short_straddle_SPY_000125,0.0,-48.400269,-48.400269,11574.429104,9110.5,9110.5,17.549999237060547,,
sim_2019-02-09_2026-05-21_29c06ed80e5a,2024-08-22,put_credit_spread,SPY,put_credit_spread_SPY_000124,0.0,0.0,0.0,11574.429104,2789.0,2789.0,17.549999237060547,,
sim_2019-02-09_2026-05-21_29c06ed80e5a,2024-08-23,short_straddle,SPY,short_straddle_SPY_000125,0.0,65.010376,65.010376,11639.43948,9110.5,9110.5,15.859999656677246,0.1278,0.1948
sim_2019-02-09_2026-05-21_29c06ed80e5a,2024-08-23,put_credit_spread,SPY,put_credit_spread_SPY_000124,0.0,0.0,0.0,11639.43948,2789.0,2789.0,15.859999656677246,0.1278,0.1948
sim_2019-02-09_2026-05-21_29c06ed80e5a,2024-08-26,short_straddle,SPY,short_straddle_SPY_000125,0.0,-14.740295,-14.740295,11624.699184,9110.5,9110.5,16.149999618530273,0.1299,0.1947
sim_2019-02-09_2026-05-21_29c06ed80e5a,2024-08-26,put_credit_spread,SPY,put_credit_spread_SPY_000124,0.0,0.0,0.0,11624.699184,2789.0,2789.0,16.149999618530273,0.1299,0.1947
sim_2019-02-09_2026-05-21_29c06ed80e5a,2024-08-27,short_straddle,SPY,short_straddle_SPY_000125,0.0,8.470215,8.470215,11633.169399,9110.5,9110.5,15.43000030517578,,
sim_2019-02-09_2026-05-21_29c06ed80e5a,2024-08-27,put_credit_spread,SPY,put_credit_spread_SPY_000124,0.0,0.0,0.0,11633.169399,2789.0,2789.0,15.43000030517578,,
sim_2019-02-09_2026-05-21_29c06ed80e5a,2024-08-28,short_straddle,SPY,short_straddle_SPY_000125,0.0,-35.860107,-35.860107,11597.309292,9110.5,9110.5,17.110000610351562,0.1362,0.1903
sim_2019-02-09_2026-05-21_29c06ed80e5a,2024-08-28,put_credit_spread,SPY,put_credit_spread_SPY_000124,0.0,0.0,0.0,11597.309292,2789.0,2789.0,17.110000610351562,0.1362,0.1903
sim_2019-02-09_2026-05-21_29c06ed80e5a,2024-08-29,short_straddle,SPY,short_straddle_SPY_000125,0.0,0.549866,0.549866,11597.859157,9110.5,9110.5,15.649999618530272,,
sim_2019-02-09_2026-05-21_29c06ed80e5a,2024-08-29,put_credit_spread,SPY,put_credit_spread_SPY_000124,0.0,0.0,0.0,11597.859157,2789.0,2789.0,15.649999618530272,,
sim_2019-02-09_2026-05-21_29c06ed80e5a,2024-08-30,short_straddle,SPY,short_straddle_SPY_000125,0.0,58.630188,58.630188,11656.489345,9110.5,9110.5,15.0,0.1153,0.1894
sim_2019-02-09_2026-05-21_29c06ed80e5a,2024-08-30,put_credit_spread,SPY,put_credit_spread_SPY_000124,0.0,0.0,0.0,11656.489345,2789.0,2789.0,15.0,0.1153,0.1894
sim_2019-02-09_2026-05-21_29c06ed80e5a,2024-09-03,short_straddle,SPY,short_straddle_SPY_000125,0.0,-127.599731,-127.599731,11528.889614,9110.5,9110.5,20.71999931335449,,
sim_2019-02-09_2026-05-21_29c06ed80e5a,2024-09-03,put_credit_spread,SPY,put_credit_spread_SPY_000124,0.0,0.0,0.0,11528.889614,2789.0,2789.0,20.71999931335449,,
sim_2019-02-09_2026-05-21_29c06ed80e5a,2024-09-04,short_straddle,SPY,short_straddle_SPY_000125,0.0,-12.430054,-12.430054,11516.45956,9110.5,9110.5,21.31999969482422,0.1646,0.1973
sim_2019-02-09_2026-05-21_29c06ed80e5a,2024-09-04,put_credit_spread,SPY,put_credit_spread_SPY_000124,0.0,0.0,0.0,11516.45956,2789.0,2789.0,21.31999969482422,0.1646,0.1973
sim_2019-02-09_2026-05-21_29c06ed80e5a,2024-09-05,short_straddle,SPY,short_straddle_SPY_000125,0.0,-14.740295,-14.740295,11501.719265,9110.5,9110.5,19.89999961853028,,
sim_2019-02-09_2026-05-21_29c06ed80e5a,2024-09-05,put_credit_spread,SPY,put_credit_spread_SPY_000124,0.0,0.0,0.0,11501.719265,2789.0,2789.0,19.89999961853028,,
sim_2019-02-09_2026-05-21_29c06ed80e5a,2024-09-06,short_straddle,SPY,short_straddle_SPY_000125,0.0,-101.75,-101.75,11399.969265,9110.5,9110.5,22.3799991607666,0.1811,0.1915
sim_2019-02-09_2026-05-21_29c06ed80e5a,2024-09-06,put_credit_spread,SPY,put_credit_spread_SPY_000124,409.0,0.0,409.0,11808.969265,2789.0,2789.0,22.3799991607666,0.1811,0.1915
sim_2019-02-09_2026-05-21_29c06ed80e5a,2024-09-06,put_credit_spread,SPY,put_credit_spread_SPY_000126,-2.1495,0.0,-2.1495,11806.819765,2201.0,2201.0,22.3799991607666,0.1811,0.1915
sim_2019-02-09_2026-05-21_29c06ed80e5a,2024-09-09,short_straddle,SPY,short_straddle_SPY_000125,0.0,66.549866,66.549866,11873.369631,9110.5,9110.5,19.450000762939453,0.1668,0.1915
sim_2019-02-09_2026-05-21_29c06ed80e5a,2024-09-09,put_credit_spread,SPY,put_credit_spread_SPY_000126,0.0,0.0,0.0,11873.369631,2201.0,2201.0,19.450000762939453,0.1668,0.1915
sim_2019-02-09_2026-05-21_29c06ed80e5a,2024-09-10,short_straddle,SPY,short_straddle_SPY_000125,0.0,26.180054,26.180054,11899.549684,9110.5,9110.5,19.07999992370605,,
sim_2019-02-09_2026-05-21_29c06ed80e5a,2024-09-10,put_credit_spread,SPY,put_credit_spread_SPY_000126,0.0,0.0,0.0,11899.549684,2201.0,2201.0,19.07999992370605,,
sim_2019-02-09_2026-05-21_29c06ed80e5a,2024-09-11,short_straddle,SPY,short_straddle_SPY_000125,-2.88225,58.880744,55.998494,11955.548178,9110.5,9110.5,17.690000534057617,0.1506,0.1934
sim_2019-02-09_2026-05-21_29c06ed80e5a,2024-09-11,put_credit_spread,SPY,put_credit_spread_SPY_000126,0.0,0.0,0.0,11955.548178,2201.0,2201.0,17.690000534057617,0.1506,0.1934
sim_2019-02-09_2026-05-21_29c06ed80e5a,2024-09-11,short_straddle,SPY,short_straddle_SPY_000127,-2.96025,0.0,-2.96025,11952.587928,9167.899658,9167.899658,17.690000534057617,0.1506,0.1934
sim_2019-02-09_2026-05-21_29c06ed80e5a,2024-09-12,short_straddle,SPY,short_straddle_SPY_000127,0.0,-1.397725,-1.397725,11951.190203,9167.899658,9167.899658,17.06999969482422,0.1397,0.1893
sim_2019-02-09_2026-05-21_29c06ed80e5a,2024-09-12,put_credit_spread,SPY,put_credit_spread_SPY_000126,0.0,0.0,0.0,11951.190203,2201.0,2201.0,17.06999969482422,0.1397,0.1893
sim_2019-02-09_2026-05-21_29c06ed80e5a,2024-09-13,short_straddle,SPY,short_straddle_SPY_000127,0.0,14.599915,14.599915,11965.790118,9167.899658,9167.899658,16.559999465942383,0.1369,0.1844
sim_2019-02-09_2026-05-21_29c06ed80e5a,2024-09-13,put_credit_spread,SPY,put_credit_spread_SPY_000126,0.0,0.0,0.0,11965.790118,2201.0,2201.0,16.559999465942383,0.1369,0.1844
sim_2019-02-09_2026-05-21_29c06ed80e5a,2024-09-16,short_straddle,SPY,short_straddle_SPY_000127,0.0,4.150085,4.150085,11969.940203,9167.899658,9167.899658,17.139999389648438,0.1402,0.1745
sim_2019-02-09_2026-05-21_29c06ed80e5a,2024-09-16,put_credit_spread,SPY,put_credit_spread_SPY_000126,0.0,0.0,0.0,11969.940203,2201.0,2201.0,17.139999389648438,0.1402,0.1745
sim_2019-02-09_2026-05-21_29c06ed80e5a,2024-09-17,short_straddle,SPY,short_straddle_SPY_000127,0.0,1.149902,1.149902,11971.090105,9167.899658,9167.899658,17.610000610351562,0.1407,0.1471
sim_2019-02-09_2026-05-21_29c06ed80e5a,2024-09-17,put_credit_spread,SPY,put_credit_spread_SPY_000126,0.0,0.0,0.0,11971.090105,2201.0,2201.0,17.610000610351562,0.1407,0.1471
sim_2019-02-09_2026-05-21_29c06ed80e5a,2024-09-18,short_straddle,SPY,short_straddle_SPY_000127,0.0,-8.349915,-8.349915,11962.740191,9167.899658,9167.899658,18.229999542236328,0.1451,0.1468
sim_2019-02-09_2026-05-21_29c06ed80e5a,2024-09-18,put_credit_spread,SPY,put_credit_spread_SPY_000126,0.0,0.0,0.0,11962.740191,2201.0,2201.0,18.229999542236328,0.1451,0.1468
sim_2019-02-09_2026-05-21_29c06ed80e5a,2024-09-19,short_straddle,SPY,short_straddle_SPY_000127,0.0,47.89978,47.89978,12010.639971,9167.899658,9167.899658,16.329999923706055,0.127,0.1499
sim_2019-02-09_2026-05-21_29c06ed80e5a,2024-09-19,put_credit_spread,SPY,put_credit_spread_SPY_000126,0.0,0.0,0.0,12010.639971,2201.0,2201.0,16.329999923706055,0.127,0.1499
sim_2019-02-09_2026-05-21_29c06ed80e5a,2024-09-20,short_straddle,SPY,short_straddle_SPY_000127,0.0,-13.649902,-13.649902,11996.990069,9167.899658,9167.899658,16.149999618530273,0.1247,0.1395
sim_2019-02-09_2026-05-21_29c06ed80e5a,2024-09-20,put_credit_spread,SPY,put_credit_spread_SPY_000126,-201.0,0.0,-201.0,11795.990069,2201.0,2201.0,16.149999618530273,0.1247,0.1395
sim_2019-02-09_2026-05-21_29c06ed80e5a,2024-09-23,short_straddle,SPY,short_straddle_SPY_000127,0.0,7.099915,7.099915,11803.089983,9167.899658,9167.899658,15.890000343322754,0.1243,0.1394
sim_2019-02-09_2026-05-21_29c06ed80e5a,2024-09-23,put_credit_spread,SPY,put_credit_spread_SPY_000126,0.0,0.0,0.0,11803.089983,2201.0,2201.0,15.890000343322754,0.1243,0.1394
sim_2019-02-09_2026-05-21_29c06ed80e5a,2024-09-24,short_straddle,SPY,short_straddle_SPY_000127,0.0,8.150024,8.150024,11811.240008,9167.899658,9167.899658,15.390000343322754,0.1188,0.1393
sim_2019-02-09_2026-05-21_29c06ed80e5a,2024-09-24,put_credit_spread,SPY,put_credit_spread_SPY_000126,0.0,0.0,0.0,11811.240008,2201.0,2201.0,15.390000343322754,0.1188,0.1393
sim_2019-02-09_2026-05-21_29c06ed80e5a,2024-09-25,short_straddle,SPY,short_straddle_SPY_000127,0.0,-6.300049,-6.300049,11804.939959,9167.899658,9167.899658,15.40999984741211,0.1232,0.1333
sim_2019-02-09_2026-05-21_29c06ed80e5a,2024-09-25,put_credit_spread,SPY,put_credit_spread_SPY_000126,0.0,0.0,0.0,11804.939959,2201.0,2201.0,15.40999984741211,0.1232,0.1333
sim_2019-02-09_2026-05-21_29c06ed80e5a,2024-09-26,short_straddle,SPY,short_straddle_SPY_000127,0.0,11.300049,11.300049,11816.240008,9167.899658,9167.899658,15.369999885559082,0.1217,0.1334
sim_2019-02-09_2026-05-21_29c06ed80e5a,2024-09-26,put_credit_spread,SPY,put_credit_spread_SPY_000126,0.0,0.0,0.0,11816.240008,2201.0,2201.0,15.369999885559082,0.1217,0.1334
sim_2019-02-09_2026-05-21_29c06ed80e5a,2024-09-27,short_straddle,SPY,short_straddle_SPY_000127,0.0,-4.150085,-4.150085,11812.089922,9167.899658,9167.899658,16.959999084472656,0.1305,0.1255
sim_2019-02-09_2026-05-21_29c06ed80e5a,2024-09-27,put_credit_spread,SPY,put_credit_spread_SPY_000126,0.0,0.0,0.0,11812.089922,2201.0,2201.0,16.959999084472656,0.1305,0.1255
sim_2019-02-09_2026-05-21_29c06ed80e5a,2024-09-30,short_straddle,SPY,short_straddle_SPY_000127,0.0,11.450195,11.450195,11823.540118,9167.899658,9167.899658,16.729999542236328,0.1274,0.1257
sim_2019-02-09_2026-05-21_29c06ed80e5a,2024-09-30,put_credit_spread,SPY,put_credit_spread_SPY_000126,0.0,0.0,0.0,11823.540118,2201.0,2201.0,16.729999542236328,0.1274,0.1257
sim_2019-02-09_2026-05-21_29c06ed80e5a,2024-10-01,short_straddle,SPY,short_straddle_SPY_000127,0.0,-25.700073,-25.700073,11797.840044,9167.899658,9167.899658,19.26000022888184,0.147,0.1265
sim_2019-02-09_2026-05-21_29c06ed80e5a,2024-10-01,put_credit_spread,SPY,put_credit_spread_SPY_000126,0.0,0.0,0.0,11797.840044,2201.0,2201.0,19.26000022888184,0.147,0.1265
sim_2019-02-09_2026-05-21_29c06ed80e5a,2024-10-02,short_straddle,SPY,short_straddle_SPY_000127,0.0,1.199951,1.199951,11799.039996,9167.899658,9167.899658,18.89999961853028,0.1491,0.1263
sim_2019-02-09_2026-05-21_29c06ed80e5a,2024-10-02,put_credit_spread,SPY,put_credit_spread_SPY_000126,0.0,0.0,0.0,11799.039996,2201.0,2201.0,18.89999961853028,0.1491,0.1263
sim_2019-02-09_2026-05-21_29c06ed80e5a,2024-10-03,short_straddle,SPY,short_straddle_SPY_000127,0.0,-5.19989,-5.19989,11793.840105,9167.899658,9167.899658,20.489999771118164,0.1599,0.1262
sim_2019-02-09_2026-05-21_29c06ed80e5a,2024-10-03,put_credit_spread,SPY,put_credit_spread_SPY_000126,0.0,0.0,0.0,11793.840105,2201.0,2201.0,20.489999771118164,0.1599,0.1262
sim_2019-02-09_2026-05-21_29c06ed80e5a,2024-10-04,short_straddle,SPY,short_straddle_SPY_000127,0.0,25.799866,25.799866,11819.639971,9167.899658,9167.899658,19.209999084472656,0.1469,0.1261
sim_2019-02-09_2026-05-21_29c06ed80e5a,2024-10-04,put_credit_spread,SPY,put_credit_spread_SPY_000126,498.0,0.0,498.0,12317.639971,2201.0,2201.0,19.209999084472656,0.1469,0.1261
sim_2019-02-09_2026-05-21_29c06ed80e5a,2024-10-04,put_credit_spread,SPY,put_credit_spread_SPY_000128,-2.1795,0.0,-2.1795,12315.460471,3341.0,3341.0,19.209999084472656,0.1469,0.1261
sim_2019-02-09_2026-05-21_29c06ed80e5a,2024-10-07,short_straddle,SPY,short_straddle_SPY_000127,0.0,-25.899963,-25.899963,12289.560508,9167.899658,9167.899658,22.63999938964844,0.1797,0.126
sim_2019-02-09_2026-05-21_29c06ed80e5a,2024-10-07,put_credit_spread,SPY,put_credit_spread_SPY_000128,0.0,0.0,0.0,12289.560508,3341.0,3341.0,22.63999938964844,0.1797,0.126
sim_2019-02-09_2026-05-21_29c06ed80e5a,2024-10-08,short_straddle,SPY,short_straddle_SPY_000127,0.0,26.849976,26.849976,12316.410483,9167.899658,9167.899658,21.420000076293945,0.1692,0.1284
sim_2019-02-09_2026-05-21_29c06ed80e5a,2024-10-08,put_credit_spread,SPY,put_credit_spread_SPY_000128,0.0,0.0,0.0,12316.410483,3341.0,3341.0,21.420000076293945,0.1692,0.1284
sim_2019-02-09_2026-05-21_29c06ed80e5a,2024-10-09,short_straddle,SPY,short_straddle_SPY_000127,-2.96025,18.407309,15.447059,12331.857542,9167.899658,9167.899658,20.86000061035156,0.1644,0.1296
sim_2019-02-09_2026-05-21_29c06ed80e5a,2024-10-09,put_credit_spread,SPY,put_credit_spread_SPY_000128,0.0,0.0,0.0,12331.857542,3341.0,3341.0,20.86000061035156,0.1644,0.1296
sim_2019-02-09_2026-05-21_29c06ed80e5a,2024-10-09,short_straddle,SPY,short_straddle_SPY_000129,-3.09175,0.0,-3.09175,12328.765792,9359.300293,9359.300293,20.86000061035156,0.1644,0.1296
sim_2019-02-09_2026-05-21_29c06ed80e5a,2024-10-10,short_straddle,SPY,short_straddle_SPY_000129,0.0,-2.016455,-2.016455,12326.749337,9359.300293,9359.300293,20.93000030517578,0.1632,0.1283
sim_2019-02-09_2026-05-21_29c06ed80e5a,2024-10-10,put_credit_spread,SPY,put_credit_spread_SPY_000128,0.0,0.0,0.0,12326.749337,3341.0,3341.0,20.93000030517578,0.1632,0.1283
sim_2019-02-09_2026-05-21_29c06ed80e5a,2024-10-11,short_straddle,SPY,short_straddle_SPY_000129,0.0,24.150085,24.150085,12350.899422,9359.300293,9359.300293,20.459999084472656,0.1598,0.129
sim_2019-02-09_2026-05-21_29c06ed80e5a,2024-10-11,put_credit_spread,SPY,put_credit_spread_SPY_000128,0.0,0.0,0.0,12350.899422,3341.0,3341.0,20.459999084472656,0.1598,0.129
sim_2019-02-09_2026-05-21_29c06ed80e5a,2024-10-14,short_straddle,SPY,short_straddle_SPY_000129,0.0,33.179932,33.179932,12384.079354,9359.300293,9359.300293,19.700000762939453,0.1561,0.1283
sim_2019-02-09_2026-05-21_29c06ed80e5a,2024-10-14,put_credit_spread,SPY,put_credit_spread_SPY_000128,0.0,0.0,0.0,12384.079354,3341.0,3341.0,19.700000762939453,0.1561,0.1283
sim_2019-02-09_2026-05-21_29c06ed80e5a,2024-10-15,short_straddle,SPY,short_straddle_SPY_000129,0.0,-31.779846,-31.779846,12352.299508,9359.300293,9359.300293,20.63999938964844,0.1617,0.1137
sim_2019-02-09_2026-05-21_29c06ed80e5a,2024-10-15,put_credit_spread,SPY,put_credit_spread_SPY_000128,0.0,0.0,0.0,12352.299508,3341.0,3341.0,20.63999938964844,0.1617,0.1137
sim_2019-02-09_2026-05-21_29c06ed80e5a,2024-10-16,short_straddle,SPY,short_straddle_SPY_000129,0.0,17.639709,17.639709,12369.939217,9359.300293,9359.300293,19.57999992370605,0.155,0.1134
sim_2019-02-09_2026-05-21_29c06ed80e5a,2024-10-16,put_credit_spread,SPY,put_credit_spread_SPY_000128,0.0,0.0,0.0,12369.939217,3341.0,3341.0,19.57999992370605,0.155,0.1134
sim_2019-02-09_2026-05-21_29c06ed80e5a,2024-10-17,short_straddle,SPY,short_straddle_SPY_000129,0.0,0.349915,0.349915,12370.289132,9359.300293,9359.300293,19.11000061035156,0.1504,0.1128
sim_2019-02-09_2026-05-21_29c06ed80e5a,2024-10-17,put_credit_spread,SPY,put_credit_spread_SPY_000128,0.0,0.0,0.0,12370.289132,3341.0,3341.0,19.11000061035156,0.1504,0.1128
sim_2019-02-09_2026-05-21_29c06ed80e5a,2024-10-18,short_straddle,SPY,short_straddle_SPY_000129,0.0,15.680359,15.680359,12385.969491,9359.300293,9359.300293,18.030000686645508,0.1454,0.0976
sim_2019-02-09_2026-05-21_29c06ed80e5a,2024-10-18,put_credit_spread,SPY,put_credit_spread_SPY_000128,-112.5,0.0,-112.5,12273.469491,3341.0,3341.0,18.030000686645508,0.1454,0.0976
sim_2019-02-09_2026-05-21_29c06ed80e5a,2024-10-21,short_straddle,SPY,short_straddle_SPY_000129,0.0,-6.720154,-6.720154,12266.749337,9359.300293,9359.300293,18.3700008392334,0.1514,0.0949
sim_2019-02-09_2026-05-21_29c06ed80e5a,2024-10-21,put_credit_spread,SPY,put_credit_spread_SPY_000128,-6.0,0.0,-6.0,12260.749337,3341.0,3341.0,18.3700008392334,0.1514,0.0949
sim_2019-02-09_2026-05-21_29c06ed80e5a,2024-10-22,short_straddle,SPY,short_straddle_SPY_000129,0.0,-2.169983,-2.169983,12258.579354,9359.300293,9359.300293,18.200000762939453,0.1519,0.095
sim_2019-02-09_2026-05-21_29c06ed80e5a,2024-10-22,put_credit_spread,SPY,put_credit_spread_SPY_000128,0.0,0.0,0.0,12258.579354,3341.0,3341.0,18.200000762939453,0.1519,0.095
sim_2019-02-09_2026-05-21_29c06ed80e5a,2024-10-23,short_straddle,SPY,short_straddle_SPY_000129,0.0,-37.31012,-37.31012,12221.269234,9359.300293,9359.300293,19.239999771118164,0.1645,0.0971
sim_2019-02-09_2026-05-21_29c06ed80e5a,2024-10-23,put_credit_spread,SPY,put_credit_spread_SPY_000128,0.0,0.0,0.0,12221.269234,3341.0,3341.0,19.239999771118164,0.1645,0.0971
sim_2019-02-09_2026-05-21_29c06ed80e5a,2024-10-24,short_straddle,SPY,short_straddle_SPY_000129,0.0,8.75,8.75,12230.019234,9359.300293,9359.300293,19.07999992370605,0.161,0.0948
sim_2019-02-09_2026-05-21_29c06ed80e5a,2024-10-24,put_credit_spread,SPY,put_credit_spread_SPY_000128,0.0,0.0,0.0,12230.019234,3341.0,3341.0,19.07999992370605,0.161,0.0948
sim_2019-02-09_2026-05-21_29c06ed80e5a,2024-10-25,short_straddle,SPY,short_straddle_SPY_000129,0.0,-1.400085,-1.400085,12228.619149,9359.300293,9359.300293,20.32999992370605,0.1656,0.0942
sim_2019-02-09_2026-05-21_29c06ed80e5a,2024-10-25,put_credit_spread,SPY,put_credit_spread_SPY_000128,0.0,0.0,0.0,12228.619149,3341.0,3341.0,20.32999992370605,0.1656,0.0942
sim_2019-02-09_2026-05-21_29c06ed80e5a,2024-10-28,short_straddle,SPY,short_straddle_SPY_000129,0.0,12.530273,12.530273,12241.149422,9359.300293,9359.300293,19.799999237060547,0.1637,0.0943
sim_2019-02-09_2026-05-21_29c06ed80e5a,2024-10-28,put_credit_spread,SPY,put_credit_spread_SPY_000128,0.0,0.0,0.0,12241.149422,3341.0,3341.0,19.799999237060547,0.1637,0.0943
sim_2019-02-09_2026-05-21_29c06ed80e5a,2024-10-29,short_straddle,SPY,short_straddle_SPY_000129,0.0,6.580017,6.580017,12247.72944,9359.300293,9359.300293,19.34000015258789,0.1618,0.0943
sim_2019-02-09_2026-05-21_29c06ed80e5a,2024-10-29,put_credit_spread,SPY,put_credit_spread_SPY_000128,0.0,0.0,0.0,12247.72944,3341.0,3341.0,19.34000015258789,0.1618,0.0943
sim_2019-02-09_2026-05-21_29c06ed80e5a,2024-10-30,short_straddle,SPY,short_straddle_SPY_000129,0.0,-12.320068,-12.320068,12235.409371,9359.300293,9359.300293,20.350000381469727,0.1655,0.0944
sim_2019-02-09_2026-05-21_29c06ed80e5a,2024-10-30,put_credit_spread,SPY,put_credit_spread_SPY_000128,0.0,0.0,0.0,12235.409371,3341.0,3341.0,20.350000381469727,0.1655,0.0944
sim_2019-02-09_2026-05-21_29c06ed80e5a,2024-10-31,short_straddle,SPY,short_straddle_SPY_000129,0.0,-79.589966,-79.589966,12155.819405,9359.300293,9359.300293,23.15999984741211,0.1876,0.1006
sim_2019-02-09_2026-05-21_29c06ed80e5a,2024-10-31,put_credit_spread,SPY,put_credit_spread_SPY_000128,0.0,0.0,0.0,12155.819405,3341.0,3341.0,23.15999984741211,0.1876,0.1006
sim_2019-02-09_2026-05-21_29c06ed80e5a,2024-11-01,short_straddle,SPY,short_straddle_SPY_000129,0.0,16.799744,16.799744,12172.619149,9359.300293,9359.300293,21.8799991607666,0.1807,0.1004
sim_2019-02-09_2026-05-21_29c06ed80e5a,2024-11-01,put_credit_spread,SPY,put_credit_spread_SPY_000128,475.5,0.0,475.5,12648.119149,3341.0,3341.0,21.8799991607666,0.1807,0.1004
sim_2019-02-09_2026-05-21_29c06ed80e5a,2024-11-01,put_credit_spread,SPY,put_credit_spread_SPY_000130,-2.24075,0.0,-2.24075,12645.878399,3018.5,3018.5,21.8799991607666,0.1807,0.1004
sim_2019-02-09_2026-05-21_29c06ed80e5a,2024-11-04,short_straddle,SPY,short_straddle_SPY_000129,0.0,-8.609863,-8.609863,12637.268536,9359.300293,9359.300293,21.979999542236328,0.1818,0.1004
sim_2019-02-09_2026-05-21_29c06ed80e5a,2024-11-04,put_credit_spread,SPY,put_credit_spread_SPY_000130,0.0,0.0,0.0,12637.268536,3018.5,3018.5,21.979999542236328,0.1818,0.1004
sim_2019-02-09_2026-05-21_29c06ed80e5a,2024-11-05,short_straddle,SPY,short_straddle_SPY_000129,0.0,48.230103,48.230103,12685.498638,9359.300293,9359.300293,20.489999771118164,0.166,0.106
sim_2019-02-09_2026-05-21_29c06ed80e5a,2024-11-05,put_credit_spread,SPY,put_credit_spread_SPY_000130,0.0,0.0,0.0,12685.498638,3018.5,3018.5,20.489999771118164,0.166,0.106
sim_2019-02-09_2026-05-21_29c06ed80e5a,2024-11-06,short_straddle,SPY,short_straddle_SPY_000129,-3.09175,98.311121,95.219371,12780.718009,9359.300293,9359.300293,16.270000457763672,0.1276,0.1268
sim_2019-02-09_2026-05-21_29c06ed80e5a,2024-11-06,put_credit_spread,SPY,put_credit_spread_SPY_000130,0.0,0.0,0.0,12780.718009,3018.5,3018.5,16.270000457763672,0.1276,0.1268
sim_2019-02-09_2026-05-21_29c06ed80e5a,2024-11-06,short_straddle,SPY,short_straddle_SPY_000131,-2.88675,0.0,-2.88675,12777.831259,10047.299561,10047.299561,16.270000457763672,0.1276,0.1268
sim_2019-02-09_2026-05-21_29c06ed80e5a,2024-11-07,short_straddle,SPY,short_straddle_SPY_000131,0.0,-2.97805,-2.97805,12774.853209,10047.299561,10047.299561,15.199999809265137,0.1218,0.128
sim_2019-02-09_2026-05-21_29c06ed80e5a,2024-11-07,put_credit_spread,SPY,put_credit_spread_SPY_000130,0.0,0.0,0.0,12774.853209,3018.5,3018.5,15.199999809265137,0.1218,0.128
sim_2019-02-09_2026-05-21_29c06ed80e5a,2024-11-08,short_straddle,SPY,short_straddle_SPY_000131,0.0,25.800171,25.800171,12800.65338,10047.299561,10047.299561,14.9399995803833,0.1182,0.128
sim_2019-02-09_2026-05-21_29c06ed80e5a,2024-11-08,put_credit_spread,SPY,put_credit_spread_SPY_000130,0.0,0.0,0.0,12800.65338,3018.5,3018.5,14.9399995803833,0.1182,0.128
sim_2019-02-09_2026-05-21_29c06ed80e5a,2024-11-11,short_straddle,SPY,short_straddle_SPY_000131,0.0,5.700073,5.700073,12806.353453,10047.299561,10047.299561,14.970000267028809,0.1218,0.1278
sim_2019-02-09_2026-05-21_29c06ed80e5a,2024-11-11,put_credit_spread,SPY,put_credit_spread_SPY_000130,0.0,0.0,0.0,12806.353453,3018.5,3018.5,14.970000267028809,0.1218,0.1278
sim_2019-02-09_2026-05-21_29c06ed80e5a,2024-11-12,short_straddle,SPY,short_straddle_SPY_000131,0.0,-18.599854,-18.599854,12787.7536,10047.299561,10047.299561,14.710000038146973,,
sim_2019-02-09_2026-05-21_29c06ed80e5a,2024-11-12,put_credit_spread,SPY,put_credit_spread_SPY_000130,0.0,0.0,0.0,12787.7536,3018.5,3018.5,14.710000038146973,,
sim_2019-02-09_2026-05-21_29c06ed80e5a,2024-11-13,short_straddle,SPY,short_straddle_SPY_000131,0.0,2.89978,2.89978,12790.65338,10047.299561,10047.299561,14.020000457763672,0.1166,0.1247
sim_2019-02-09_2026-05-21_29c06ed80e5a,2024-11-13,put_credit_spread,SPY,put_credit_spread_SPY_000130,0.0,0.0,0.0,12790.65338,3018.5,3018.5,14.020000457763672,0.1166,0.1247
sim_2019-02-09_2026-05-21_29c06ed80e5a,2024-11-14,short_straddle,SPY,short_straddle_SPY_000131,0.0,-38.400269,-38.400269,12752.253111,10047.299561,10047.299561,14.3100004196167,0.1171,0.1265
sim_2019-02-09_2026-05-21_29c06ed80e5a,2024-11-14,put_credit_spread,SPY,put_credit_spread_SPY_000130,0.0,0.0,0.0,12752.253111,3018.5,3018.5,14.3100004196167,0.1171,0.1265
sim_2019-02-09_2026-05-21_29c06ed80e5a,2024-11-15,short_straddle,SPY,short_straddle_SPY_000131,0.0,-75.999756,-75.999756,12676.253356,10047.299561,10047.299561,16.139999389648438,0.1328,0.131
sim_2019-02-09_2026-05-21_29c06ed80e5a,2024-11-15,put_credit_spread,SPY,put_credit_spread_SPY_000130,0.0,0.0,0.0,12676.253356,3018.5,3018.5,16.139999389648438,0.1328,0.131
sim_2019-02-09_2026-05-21_29c06ed80e5a,2024-11-18,short_straddle,SPY,short_straddle_SPY_000131,0.0,24.000244,24.000244,12700.2536,10047.299561,10047.299561,15.579999923706056,0.1308,0.1279
sim_2019-02-09_2026-05-21_29c06ed80e5a,2024-11-18,put_credit_spread,SPY,put_credit_spread_SPY_000130,0.0,0.0,0.0,12700.2536,3018.5,3018.5,15.579999923706056,0.1308,0.1279
sim_2019-02-09_2026-05-21_29c06ed80e5a,2024-11-19,short_straddle,SPY,short_straddle_SPY_000131,0.0,21.499634,21.499634,12721.753234,10047.299561,10047.299561,16.350000381469727,0.1346,0.1258
sim_2019-02-09_2026-05-21_29c06ed80e5a,2024-11-19,put_credit_spread,SPY,put_credit_spread_SPY_000130,0.0,0.0,0.0,12721.753234,3018.5,3018.5,16.350000381469727,0.1346,0.1258
sim_2019-02-09_2026-05-21_29c06ed80e5a,2024-11-20,short_straddle,SPY,short_straddle_SPY_000131,0.0,2.000122,2.000122,12723.753356,10047.299561,10047.299561,17.15999984741211,0.1411,0.1245
sim_2019-02-09_2026-05-21_29c06ed80e5a,2024-11-20,put_credit_spread,SPY,put_credit_spread_SPY_000130,0.0,0.0,0.0,12723.753356,3018.5,3018.5,17.15999984741211,0.1411,0.1245
sim_2019-02-09_2026-05-21_29c06ed80e5a,2024-11-21,short_straddle,SPY,short_straddle_SPY_000131,0.0,31.699829,31.699829,12755.453185,10047.299561,10047.299561,16.8700008392334,0.1346,0.125
sim_2019-02-09_2026-05-21_29c06ed80e5a,2024-11-21,put_credit_spread,SPY,put_credit_spread_SPY_000130,0.0,0.0,0.0,12755.453185,3018.5,3018.5,16.8700008392334,0.1346,0.125
sim_2019-02-09_2026-05-21_29c06ed80e5a,2024-11-22,short_straddle,SPY,short_straddle_SPY_000131,0.0,18.400269,18.400269,12773.853453,10047.299561,10047.299561,15.239999771118164,0.1212,0.1243
sim_2019-02-09_2026-05-21_29c06ed80e5a,2024-11-22,put_credit_spread,SPY,put_credit_spread_SPY_000130,0.0,0.0,0.0,12773.853453,3018.5,3018.5,15.239999771118164,0.1212,0.1243
sim_2019-02-09_2026-05-21_29c06ed80e5a,2024-11-25,short_straddle,SPY,short_straddle_SPY_000131,0.0,20.200195,20.200195,12794.053649,10047.299561,10047.299561,14.600000381469728,0.1138,0.1226
sim_2019-02-09_2026-05-21_29c06ed80e5a,2024-11-25,put_credit_spread,SPY,put_credit_spread_SPY_000130,0.0,0.0,0.0,12794.053649,3018.5,3018.5,14.600000381469728,0.1138,0.1226
sim_2019-02-09_2026-05-21_29c06ed80e5a,2024-11-26,short_straddle,SPY,short_straddle_SPY_000131,0.0,31.199951,31.199951,12825.2536,10047.299561,10047.299561,14.100000381469728,0.1075,0.1205
sim_2019-02-09_2026-05-21_29c06ed80e5a,2024-11-26,put_credit_spread,SPY,put_credit_spread_SPY_000130,0.0,0.0,0.0,12825.2536,3018.5,3018.5,14.100000381469728,0.1075,0.1205
sim_2019-02-09_2026-05-21_29c06ed80e5a,2024-11-27,short_straddle,SPY,short_straddle_SPY_000131,0.0,-18.200073,-18.200073,12807.053527,10047.299561,10047.299561,14.100000381469728,0.1061,0.1207
sim_2019-02-09_2026-05-21_29c06ed80e5a,2024-11-27,put_credit_spread,SPY,put_credit_spread_SPY_000130,0.0,0.0,0.0,12807.053527,3018.5,3018.5,14.100000381469728,0.1061,0.1207
sim_2019-02-09_2026-05-21_29c06ed80e5a,2024-11-29,short_straddle,SPY,short_straddle_SPY_000131,0.0,37.199707,37.199707,12844.253234,10047.299561,10047.299561,13.510000228881836,0.1022,0.1216
sim_2019-02-09_2026-05-21_29c06ed80e5a,2024-11-29,put_credit_spread,SPY,put_credit_spread_SPY_000130,479.5,0.0,479.5,13323.753234,3018.5,3018.5,13.510000228881836,0.1022,0.1216
sim_2019-02-09_2026-05-21_29c06ed80e5a,2024-11-29,put_credit_spread,SPY,put_credit_spread_SPY_000132,-2.10225,0.0,-2.10225,13321.650984,2295.5,2295.5,13.510000228881836,0.1022,0.1216
sim_2019-02-09_2026-05-21_29c06ed80e5a,2024-12-02,short_straddle,SPY,short_straddle_SPY_000131,0.0,10.800171,10.800171,13332.451154,10047.299561,10047.299561,13.34000015258789,0.102,0.1214
sim_2019-02-09_2026-05-21_29c06ed80e5a,2024-12-02,put_credit_spread,SPY,put_credit_spread_SPY_000132,0.0,0.0,0.0,13332.451154,2295.5,2295.5,13.34000015258789,0.102,0.1214
sim_2019-02-09_2026-05-21_29c06ed80e5a,2024-12-03,short_straddle,SPY,short_straddle_SPY_000131,0.0,2.799683,2.799683,13335.250837,10047.299561,10047.299561,13.300000190734863,0.1006,0.1211
sim_2019-02-09_2026-05-21_29c06ed80e5a,2024-12-03,put_credit_spread,SPY,put_credit_spread_SPY_000132,0.0,0.0,0.0,13335.250837,2295.5,2295.5,13.300000190734863,0.1006,0.1211
sim_2019-02-09_2026-05-21_29c06ed80e5a,2024-12-04,short_straddle,SPY,short_straddle_SPY_000131,-2.88675,34.4617,31.57495,13366.825787,10047.299561,10047.299561,13.449999809265137,0.0988,0.1219
sim_2019-02-09_2026-05-21_29c06ed80e5a,2024-12-04,put_credit_spread,SPY,put_credit_spread_SPY_000132,0.0,0.0,0.0,13366.825787,2295.5,2295.5,13.449999809265137,0.0988,0.1219
sim_2019-02-09_2026-05-21_29c06ed80e5a,2024-12-04,short_straddle,SPY,short_straddle_SPY_000133,-2.632,0.0,-2.632,13364.193787,10889.199463,10889.199463,13.449999809265137,0.0988,0.1219
sim_2019-02-09_2026-05-21_29c06ed80e5a,2024-12-05,short_straddle,SPY,short_straddle_SPY_000133,0.0,0.0,0.0,13364.193787,10889.199463,10889.199463,13.539999961853027,0.0988,0.1181
sim_2019-02-09_2026-05-21_29c06ed80e5a,2024-12-05,put_credit_spread,SPY,put_credit_spread_SPY_000132,0.0,0.0,0.0,13364.193787,2295.5,2295.5,13.539999961853027,0.0988,0.1181
sim_2019-02-09_2026-05-21_29c06ed80e5a,2024-12-06,short_straddle,SPY,short_straddle_SPY_000133,0.0,0.0,0.0,13364.193787,10889.199463,10889.199463,12.770000457763672,0.0966,0.1181
sim_2019-02-09_2026-05-21_29c06ed80e5a,2024-12-06,put_credit_spread,SPY,put_credit_spread_SPY_000132,0.0,0.0,0.0,13364.193787,2295.5,2295.5,12.770000457763672,0.0966,0.1181
sim_2019-02-09_2026-05-21_29c06ed80e5a,2024-12-09,short_straddle,SPY,short_straddle_SPY_000133,0.0,0.0,0.0,13364.193787,10889.199463,10889.199463,14.1899995803833,0.1072,0.1196
sim_2019-02-09_2026-05-21_29c06ed80e5a,2024-12-09,put_credit_spread,SPY,put_credit_spread_SPY_000132,0.0,0.0,0.0,13364.193787,2295.5,2295.5,14.1899995803833,0.1072,0.1196
sim_2019-02-09_2026-05-21_29c06ed80e5a,2024-12-10,short_straddle,SPY,short_straddle_SPY_000133,0.0,0.0,0.0,13364.193787,10889.199463,10889.199463,14.18000030517578,0.1072,0.1202
sim_2019-02-09_2026-05-21_29c06ed80e5a,2024-12-10,put_credit_spread,SPY,put_credit_spread_SPY_000132,0.0,0.0,0.0,13364.193787,2295.5,2295.5,14.18000030517578,0.1072,0.1202
sim_2019-02-09_2026-05-21_29c06ed80e5a,2024-12-11,short_straddle,SPY,short_straddle_SPY_000133,0.0,0.0,0.0,13364.193787,10889.199463,10889.199463,13.579999923706056,0.1016,0.1217
sim_2019-02-09_2026-05-21_29c06ed80e5a,2024-12-11,put_credit_spread,SPY,put_credit_spread_SPY_000132,0.0,0.0,0.0,13364.193787,2295.5,2295.5,13.579999923706056,0.1016,0.1217
sim_2019-02-09_2026-05-21_29c06ed80e5a,2024-12-12,short_straddle,SPY,short_straddle_SPY_000133,0.0,0.0,0.0,13364.193787,10889.199463,10889.199463,13.920000076293944,0.1042,0.1225
sim_2019-02-09_2026-05-21_29c06ed80e5a,2024-12-12,put_credit_spread,SPY,put_credit_spread_SPY_000132,0.0,0.0,0.0,13364.193787,2295.5,2295.5,13.920000076293944,0.1042,0.1225
sim_2019-02-09_2026-05-21_29c06ed80e5a,2024-12-13,short_straddle,SPY,short_straddle_SPY_000133,0.0,0.0,0.0,13364.193787,10889.199463,10889.199463,13.8100004196167,0.1031,0.105
sim_2019-02-09_2026-05-21_29c06ed80e5a,2024-12-13,put_credit_spread,SPY,put_credit_spread_SPY_000132,0.0,0.0,0.0,13364.193787,2295.5,2295.5,13.8100004196167,0.1031,0.105
sim_2019-02-09_2026-05-21_29c06ed80e5a,2024-12-16,short_straddle,SPY,short_straddle_SPY_000133,0.0,0.0,0.0,13364.193787,10889.199463,10889.199463,14.6899995803833,0.1105,0.105
sim_2019-02-09_2026-05-21_29c06ed80e5a,2024-12-16,put_credit_spread,SPY,put_credit_spread_SPY_000132,0.0,0.0,0.0,13364.193787,2295.5,2295.5,14.6899995803833,0.1105,0.105
sim_2019-02-09_2026-05-21_29c06ed80e5a,2024-12-17,short_straddle,SPY,short_straddle_SPY_000133,0.0,0.0,0.0,13364.193787,10889.199463,10889.199463,15.869999885559082,0.1166,0.1059
sim_2019-02-09_2026-05-21_29c06ed80e5a,2024-12-17,put_credit_spread,SPY,put_credit_spread_SPY_000132,0.0,0.0,0.0,13364.193787,2295.5,2295.5,15.869999885559082,0.1166,0.1059
sim_2019-02-09_2026-05-21_29c06ed80e5a,2024-12-18,short_straddle,SPY,short_straddle_SPY_000133,0.0,0.0,0.0,13364.193787,10889.199463,10889.199463,27.6200008392334,0.1727,0.1372
sim_2019-02-09_2026-05-21_29c06ed80e5a,2024-12-18,put_credit_spread,SPY,put_credit_spread_SPY_000132,0.0,0.0,0.0,13364.193787,2295.5,2295.5,27.6200008392334,0.1727,0.1372
sim_2019-02-09_2026-05-21_29c06ed80e5a,2024-12-19,short_straddle,SPY,short_straddle_SPY_000133,0.0,0.0,0.0,13364.193787,10889.199463,10889.199463,24.09000015258789,0.1725,0.1168
sim_2019-02-09_2026-05-21_29c06ed80e5a,2024-12-19,put_credit_spread,SPY,put_credit_spread_SPY_000132,0.0,0.0,0.0,13364.193787,2295.5,2295.5,24.09000015258789,0.1725,0.1168
sim_2019-02-09_2026-05-21_29c06ed80e5a,2024-12-20,short_straddle,SPY,short_straddle_SPY_000133,0.0,0.0,0.0,13364.193787,10889.199463,10889.199463,18.36000061035156,0.1475,0.1173
sim_2019-02-09_2026-05-21_29c06ed80e5a,2024-12-20,put_credit_spread,SPY,put_credit_spread_SPY_000132,0.0,0.0,0.0,13364.193787,2295.5,2295.5,18.36000061035156,0.1475,0.1173
sim_2019-02-09_2026-05-21_29c06ed80e5a,2024-12-23,short_straddle,SPY,short_straddle_SPY_000133,0.0,0.0,0.0,13364.193787,10889.199463,10889.199463,16.780000686645508,0.1347,0.118
sim_2019-02-09_2026-05-21_29c06ed80e5a,2024-12-23,put_credit_spread,SPY,put_credit_spread_SPY_000132,0.0,0.0,0.0,13364.193787,2295.5,2295.5,16.780000686645508,0.1347,0.118
sim_2019-02-09_2026-05-21_29c06ed80e5a,2024-12-24,short_straddle,SPY,short_straddle_SPY_000133,0.0,0.0,0.0,13364.193787,10889.199463,10889.199463,14.270000457763672,0.1053,0.1224
sim_2019-02-09_2026-05-21_29c06ed80e5a,2024-12-24,put_credit_spread,SPY,put_credit_spread_SPY_000132,0.0,0.0,0.0,13364.193787,2295.5,2295.5,14.270000457763672,0.1053,0.1224
sim_2019-02-09_2026-05-21_29c06ed80e5a,2024-12-26,short_straddle,SPY,short_straddle_SPY_000133,0.0,0.0,0.0,13364.193787,10889.199463,10889.199463,14.729999542236328,0.1131,0.122
sim_2019-02-09_2026-05-21_29c06ed80e5a,2024-12-26,put_credit_spread,SPY,put_credit_spread_SPY_000132,0.0,0.0,0.0,13364.193787,2295.5,2295.5,14.729999542236328,0.1131,0.122
sim_2019-02-09_2026-05-21_29c06ed80e5a,2024-12-27,short_straddle,SPY,short_straddle_SPY_000133,0.0,0.0,0.0,13364.193787,10889.199463,10889.199463,15.949999809265137,0.1277,0.126
sim_2019-02-09_2026-05-21_29c06ed80e5a,2024-12-27,put_credit_spread,SPY,put_credit_spread_SPY_000132,202.5,0.0,202.5,13566.693787,2295.5,2295.5,15.949999809265137,0.1277,0.126
sim_2019-02-09_2026-05-21_29c06ed80e5a,2024-12-27,put_credit_spread,SPY,put_credit_spread_SPY_000134,-2.13075,0.0,-2.13075,13564.563037,2038.5,2038.5,15.949999809265137,0.1277,0.126
sim_2019-02-09_2026-05-21_29c06ed80e5a,2024-12-30,short_straddle,SPY,short_straddle_SPY_000133,-2.632,0.0,-2.632,13561.931037,10889.199463,10889.199463,17.399999618530273,0.1422,0.129
sim_2019-02-09_2026-05-21_29c06ed80e5a,2024-12-30,put_credit_spread,SPY,put_credit_spread_SPY_000134,0.0,0.0,0.0,13561.931037,2038.5,2038.5,17.399999618530273,0.1422,0.129
sim_2019-02-09_2026-05-21_29c06ed80e5a,2024-12-30,short_straddle,SPY,short_straddle_SPY_000135,-2.86775,0.0,-2.86775,13559.063287,10028.899414,10028.899414,17.399999618530273,0.1422,0.129
sim_2019-02-09_2026-05-21_29c06ed80e5a,2024-12-31,short_straddle,SPY,short_straddle_SPY_000135,0.0,-1.75824,-1.75824,13557.305047,10028.899414,10028.899414,17.350000381469727,0.1418,0.1238
sim_2019-02-09_2026-05-21_29c06ed80e5a,2024-12-31,put_credit_spread,SPY,put_credit_spread_SPY_000134,0.0,0.0,0.0,13557.305047,2038.5,2038.5,17.350000381469727,0.1418,0.1238
sim_2019-02-09_2026-05-21_29c06ed80e5a,2025-01-02,short_straddle,SPY,short_straddle_SPY_000135,0.0,-8.640015,-8.640015,13548.665033,10028.899414,10028.899414,17.93000030517578,0.1499,0.1234
sim_2019-02-09_2026-05-21_29c06ed80e5a,2025-01-02,put_credit_spread,SPY,put_credit_spread_SPY_000134,0.0,0.0,0.0,13548.665033,2038.5,2038.5,17.93000030517578,0.1499,0.1234
sim_2019-02-09_2026-05-21_29c06ed80e5a,2025-01-03,short_straddle,SPY,short_straddle_SPY_000135,0.0,43.859985,43.859985,13592.525018,10028.899414,10028.899414,16.1299991607666,0.1342,0.1283
sim_2019-02-09_2026-05-21_29c06ed80e5a,2025-01-03,put_credit_spread,SPY,put_credit_spread_SPY_000134,0.0,0.0,0.0,13592.525018,2038.5,2038.5,16.1299991607666,0.1342,0.1283
sim_2019-02-09_2026-05-21_29c06ed80e5a,2025-01-06,short_straddle,SPY,short_straddle_SPY_000135,0.0,20.459839,20.459839,13612.984857,10028.899414,10028.899414,16.040000915527344,0.133,0.1293
sim_2019-02-09_2026-05-21_29c06ed80e5a,2025-01-06,put_credit_spread,SPY,put_credit_spread_SPY_000134,0.0,0.0,0.0,13612.984857,2038.5,2038.5,16.040000915527344,0.133,0.1293
sim_2019-02-09_2026-05-21_29c06ed80e5a,2025-01-07,short_straddle,SPY,short_straddle_SPY_000135,0.0,-40.379883,-40.379883,13572.604974,10028.899414,10028.899414,17.81999969482422,0.1496,0.1327
sim_2019-02-09_2026-05-21_29c06ed80e5a,2025-01-07,put_credit_spread,SPY,put_credit_spread_SPY_000134,0.0,0.0,0.0,13572.604974,2038.5,2038.5,17.81999969482422,0.1496,0.1327
sim_2019-02-09_2026-05-21_29c06ed80e5a,2025-01-08,short_straddle,SPY,short_straddle_SPY_000135,0.0,5.159912,5.159912,13577.764886,10028.899414,10028.899414,17.700000762939453,0.148,0.1324
sim_2019-02-09_2026-05-21_29c06ed80e5a,2025-01-08,put_credit_spread,SPY,put_credit_spread_SPY_000134,0.0,0.0,0.0,13577.764886,2038.5,2038.5,17.700000762939453,0.148,0.1324
sim_2019-02-09_2026-05-21_29c06ed80e5a,2025-01-10,short_straddle,SPY,short_straddle_SPY_000135,0.0,-54.0,-54.0,13523.764886,10028.899414,10028.899414,19.540000915527344,0.1619,0.1388
sim_2019-02-09_2026-05-21_29c06ed80e5a,2025-01-10,put_credit_spread,SPY,put_credit_spread_SPY_000134,0.0,0.0,0.0,13523.764886,2038.5,2038.5,19.540000915527344,0.1619,0.1388
sim_2019-02-09_2026-05-21_29c06ed80e5a,2025-01-13,short_straddle,SPY,short_straddle_SPY_000135,0.0,5.400146,5.400146,13529.165033,10028.899414,10028.899414,19.190000534057617,0.1598,0.1378
sim_2019-02-09_2026-05-21_29c06ed80e5a,2025-01-13,put_credit_spread,SPY,put_credit_spread_SPY_000134,-15.0,0.0,-15.0,13514.165033,2038.5,2038.5,19.190000534057617,0.1598,0.1378
sim_2019-02-09_2026-05-21_29c06ed80e5a,2025-01-14,short_straddle,SPY,short_straddle_SPY_000135,0.0,4.799927,4.799927,13518.964959,10028.899414,10028.899414,18.709999084472656,0.1602,0.1379
sim_2019-02-09_2026-05-21_29c06ed80e5a,2025-01-14,put_credit_spread,SPY,put_credit_spread_SPY_000134,0.0,0.0,0.0,13518.964959,2038.5,2038.5,18.709999084472656,0.1602,0.1379
sim_2019-02-09_2026-05-21_29c06ed80e5a,2025-01-15,short_straddle,SPY,short_straddle_SPY_000135,0.0,63.540161,63.540161,13582.50512,10028.899414,10028.899414,16.1200008392334,0.1341,0.1471
sim_2019-02-09_2026-05-21_29c06ed80e5a,2025-01-15,put_credit_spread,SPY,put_credit_spread_SPY_000134,0.0,0.0,0.0,13582.50512,2038.5,2038.5,16.1200008392334,0.1341,0.1471
sim_2019-02-09_2026-05-21_29c06ed80e5a,2025-01-16,short_straddle,SPY,short_straddle_SPY_000135,0.0,-6.840088,-6.840088,13575.665033,10028.899414,10028.899414,16.600000381469727,0.1336,0.147
sim_2019-02-09_2026-05-21_29c06ed80e5a,2025-01-16,put_credit_spread,SPY,put_credit_spread_SPY_000134,0.0,0.0,0.0,13575.665033,2038.5,2038.5,16.600000381469727,0.1336,0.147
sim_2019-02-09_2026-05-21_29c06ed80e5a,2025-01-17,short_straddle,SPY,short_straddle_SPY_000135,0.0,35.640015,35.640015,13611.305047,10028.899414,10028.899414,15.970000267028809,0.1312,0.1502
sim_2019-02-09_2026-05-21_29c06ed80e5a,2025-01-17,put_credit_spread,SPY,put_credit_spread_SPY_000134,0.0,0.0,0.0,13611.305047,2038.5,2038.5,15.970000267028809,0.1312,0.1502
sim_2019-02-09_2026-05-21_29c06ed80e5a,2025-01-21,short_straddle,SPY,short_straddle_SPY_000135,0.0,32.819824,32.819824,13644.124871,10028.899414,10028.899414,15.0600004196167,0.1224,0.1516
sim_2019-02-09_2026-05-21_29c06ed80e5a,2025-01-21,put_credit_spread,SPY,put_credit_spread_SPY_000134,0.0,0.0,0.0,13644.124871,2038.5,2038.5,15.0600004196167,0.1224,0.1516
sim_2019-02-09_2026-05-21_29c06ed80e5a,2025-01-22,short_straddle,SPY,short_straddle_SPY_000135,-2.86775,18.520768,15.653018,13659.777889,10028.899414,10028.899414,15.100000381469728,0.1183,0.1524
sim_2019-02-09_2026-05-21_29c06ed80e5a,2025-01-22,put_credit_spread,SPY,put_credit_spread_SPY_000134,0.0,0.0,0.0,13659.777889,2038.5,2038.5,15.100000381469728,0.1183,0.1524
sim_2019-02-09_2026-05-21_29c06ed80e5a,2025-01-22,short_straddle,SPY,short_straddle_SPY_000136,-2.83725,0.0,-2.83725,13656.940639,10454.300049,10454.300049,15.100000381469728,0.1183,0.1524
sim_2019-02-09_2026-05-21_29c06ed80e5a,2025-01-23,short_straddle,SPY,short_straddle_SPY_000136,0.0,-2.743875,-2.743875,13654.196764,10454.300049,10454.300049,15.020000457763672,0.1171,0.1532
sim_2019-02-09_2026-05-21_29c06ed80e5a,2025-01-23,put_credit_spread,SPY,put_credit_spread_SPY_000134,0.0,0.0,0.0,13654.196764,2038.5,2038.5,15.020000457763672,0.1171,0.1532
sim_2019-02-09_2026-05-21_29c06ed80e5a,2025-01-24,short_straddle,SPY,short_straddle_SPY_000136,0.0,-16.020264,-16.020264,13638.176501,10454.300049,10454.300049,14.850000381469728,0.1175,0.1526
sim_2019-02-09_2026-05-21_29c06ed80e5a,2025-01-24,put_credit_spread,SPY,put_credit_spread_SPY_000134,274.5,0.0,274.5,13912.676501,2038.5,2038.5,14.850000381469728,0.1175,0.1526
sim_2019-02-09_2026-05-21_29c06ed80e5a,2025-01-24,put_credit_spread,SPY,put_credit_spread_SPY_000137,-2.125,0.0,-2.125,13910.551501,2250.0,2250.0,14.850000381469728,0.1175,0.1526
sim_2019-02-09_2026-05-21_29c06ed80e5a,2025-01-27,short_straddle,SPY,short_straddle_SPY_000136,0.0,-77.39978,-77.39978,13833.15172,10454.300049,10454.300049,17.899999618530273,0.1439,0.158
sim_2019-02-09_2026-05-21_29c06ed80e5a,2025-01-27,put_credit_spread,SPY,put_credit_spread_SPY_000137,0.0,0.0,0.0,13833.15172,2250.0,2250.0,17.899999618530273,0.1439,0.158
sim_2019-02-09_2026-05-21_29c06ed80e5a,2025-01-28,short_straddle,SPY,short_straddle_SPY_000136,0.0,46.35022,46.35022,13879.50194,10454.300049,10454.300049,16.40999984741211,0.1315,0.1584
sim_2019-02-09_2026-05-21_29c06ed80e5a,2025-01-28,put_credit_spread,SPY,put_credit_spread_SPY_000137,0.0,0.0,0.0,13879.50194,2250.0,2250.0,16.40999984741211,0.1315,0.1584
sim_2019-02-09_2026-05-21_29c06ed80e5a,2025-01-29,short_straddle,SPY,short_straddle_SPY_000136,0.0,-24.390198,-24.390198,13855.111742,10454.300049,10454.300049,16.559999465942383,0.1364,0.1582
sim_2019-02-09_2026-05-21_29c06ed80e5a,2025-01-29,put_credit_spread,SPY,put_credit_spread_SPY_000137,0.0,0.0,0.0,13855.111742,2250.0,2250.0,16.559999465942383,0.1364,0.1582
sim_2019-02-09_2026-05-21_29c06ed80e5a,2025-01-30,short_straddle,SPY,short_straddle_SPY_000136,0.0,29.069824,29.069824,13884.181567,10454.300049,10454.300049,15.84000015258789,0.1302,0.159
sim_2019-02-09_2026-05-21_29c06ed80e5a,2025-01-30,put_credit_spread,SPY,put_credit_spread_SPY_000137,0.0,0.0,0.0,13884.181567,2250.0,2250.0,15.84000015258789,0.1302,0.159
sim_2019-02-09_2026-05-21_29c06ed80e5a,2025-01-31,short_straddle,SPY,short_straddle_SPY_000136,0.0,-28.979736,-28.979736,13855.20183,10454.300049,10454.300049,16.43000030517578,0.1373,0.1593
sim_2019-02-09_2026-05-21_29c06ed80e5a,2025-01-31,put_credit_spread,SPY,put_credit_spread_SPY_000137,0.0,0.0,0.0,13855.20183,2250.0,2250.0,16.43000030517578,0.1373,0.1593
sim_2019-02-09_2026-05-21_29c06ed80e5a,2025-02-03,short_straddle,SPY,short_straddle_SPY_000136,0.0,-36.44989,-36.44989,13818.75194,10454.300049,10454.300049,18.6200008392334,0.1527,0.16
sim_2019-02-09_2026-05-21_29c06ed80e5a,2025-02-03,put_credit_spread,SPY,put_credit_spread_SPY_000137,0.0,0.0,0.0,13818.75194,2250.0,2250.0,18.6200008392334,0.1527,0.16
sim_2019-02-09_2026-05-21_29c06ed80e5a,2025-02-04,short_straddle,SPY,short_straddle_SPY_000136,0.0,36.090088,36.090088,13854.842028,10454.300049,10454.300049,17.209999084472656,0.139,0.1337
sim_2019-02-09_2026-05-21_29c06ed80e5a,2025-02-04,put_credit_spread,SPY,put_credit_spread_SPY_000137,0.0,0.0,0.0,13854.842028,2250.0,2250.0,17.209999084472656,0.139,0.1337
sim_2019-02-09_2026-05-21_29c06ed80e5a,2025-02-05,short_straddle,SPY,short_straddle_SPY_000136,0.0,21.959473,21.959473,13876.801501,10454.300049,10454.300049,15.770000457763672,0.1298,0.1339
sim_2019-02-09_2026-05-21_29c06ed80e5a,2025-02-05,put_credit_spread,SPY,put_credit_spread_SPY_000137,0.0,0.0,0.0,13876.801501,2250.0,2250.0,15.770000457763672,0.1298,0.1339
sim_2019-02-09_2026-05-21_29c06ed80e5a,2025-02-06,short_straddle,SPY,short_straddle_SPY_000136,515.5,16.47505,531.97505,14408.77655,10454.300049,10454.300049,15.5,0.1246,0.1322
sim_2019-02-09_2026-05-21_29c06ed80e5a,2025-02-06,put_credit_spread,SPY,put_credit_spread_SPY_000137,0.0,0.0,0.0,14408.77655,2250.0,2250.0,15.5,0.1246,0.1322
sim_2019-02-09_2026-05-21_29c06ed80e5a,2025-02-07,short_straddle,SPY,short_straddle_SPY_000136,0.0,-7.953068,-7.953068,14400.823482,10454.300049,10454.300049,16.540000915527344,0.1331,0.1344
sim_2019-02-09_2026-05-21_29c06ed80e5a,2025-02-07,put_credit_spread,SPY,put_credit_spread_SPY_000137,0.0,0.0,0.0,14400.823482,2250.0,2250.0,16.540000915527344,0.1331,0.1344
sim_2019-02-09_2026-05-21_29c06ed80e5a,2025-02-10,short_straddle,SPY,short_straddle_SPY_000136,0.0,36.719604,36.719604,14437.543087,10454.300049,10454.300049,15.8100004196167,0.1268,0.132
sim_2019-02-09_2026-05-21_29c06ed80e5a,2025-02-10,put_credit_spread,SPY,put_credit_spread_SPY_000137,0.0,0.0,0.0,14437.543087,2250.0,2250.0,15.8100004196167,0.1268,0.132
sim_2019-02-09_2026-05-21_29c06ed80e5a,2025-02-11,short_straddle,SPY,short_straddle_SPY_000136,0.0,4.140198,4.140198,14441.683285,10454.300049,10454.300049,16.020000457763672,0.1256,0.132
sim_2019-02-09_2026-05-21_29c06ed80e5a,2025-02-11,put_credit_spread,SPY,put_credit_spread_SPY_000137,0.0,0.0,0.0,14441.683285,2250.0,2250.0,16.020000457763672,0.1256,0.132
sim_2019-02-09_2026-05-21_29c06ed80e5a,2025-02-12,short_straddle,SPY,short_straddle_SPY_000136,0.0,-17.55011,-17.55011,14424.133175,10454.300049,10454.300049,15.890000343322754,0.13,0.1285
sim_2019-02-09_2026-05-21_29c06ed80e5a,2025-02-12,put_credit_spread,SPY,put_credit_spread_SPY_000137,0.0,0.0,0.0,14424.133175,2250.0,2250.0,15.890000343322754,0.13,0.1285
sim_2019-02-09_2026-05-21_29c06ed80e5a,2025-02-13,short_straddle,SPY,short_straddle_SPY_000136,0.0,57.329956,57.329956,14481.463131,10454.300049,10454.300049,15.100000381469728,0.1194,0.1265
sim_2019-02-09_2026-05-21_29c06ed80e5a,2025-02-13,put_credit_spread,SPY,put_credit_spread_SPY_000137,0.0,0.0,0.0,14481.463131,2250.0,2250.0,15.100000381469728,0.1194,0.1265
sim_2019-02-09_2026-05-21_29c06ed80e5a,2025-02-14,short_straddle,SPY,short_straddle_SPY_000136,0.0,-0.269714,-0.269714,14481.193416,10454.300049,10454.300049,14.770000457763672,0.1171,0.1257
sim_2019-02-09_2026-05-21_29c06ed80e5a,2025-02-14,put_credit_spread,SPY,put_credit_spread_SPY_000137,0.0,0.0,0.0,14481.193416,2250.0,2250.0,14.770000457763672,0.1171,0.1257
sim_2019-02-09_2026-05-21_29c06ed80e5a,2025-02-18,short_straddle,SPY,short_straddle_SPY_000136,0.0,16.109802,16.109802,14497.303219,10454.300049,10454.300049,15.350000381469728,0.1213,0.1253
sim_2019-02-09_2026-05-21_29c06ed80e5a,2025-02-18,put_credit_spread,SPY,put_credit_spread_SPY_000137,0.0,0.0,0.0,14497.303219,2250.0,2250.0,15.350000381469728,0.1213,0.1253
sim_2019-02-09_2026-05-21_29c06ed80e5a,2025-02-19,short_straddle,SPY,short_straddle_SPY_000136,-2.5795,10.201837,7.622337,14504.925556,10454.300049,10454.300049,15.270000457763672,0.1197,0.121
sim_2019-02-09_2026-05-21_29c06ed80e5a,2025-02-19,put_credit_spread,SPY,put_credit_spread_SPY_000137,0.0,0.0,0.0,14504.925556,2250.0,2250.0,15.270000457763672,0.1197,0.121
sim_2019-02-09_2026-05-21_29c06ed80e5a,2025-02-19,short_straddle,SPY,short_straddle_SPY_000138,-2.83725,0.0,-2.83725,14502.088306,10584.099854,10584.099854,15.270000457763672,0.1197,0.121
sim_2019-02-09_2026-05-21_29c06ed80e5a,2025-02-20,short_straddle,SPY,short_straddle_SPY_000138,0.0,-0.91557,-0.91557,14501.172736,10584.099854,10584.099854,15.65999984741211,0.1196,0.1211
sim_2019-02-09_2026-05-21_29c06ed80e5a,2025-02-20,put_credit_spread,SPY,put_credit_spread_SPY_000137,0.0,0.0,0.0,14501.172736,2250.0,2250.0,15.65999984741211,0.1196,0.1211
sim_2019-02-09_2026-05-21_29c06ed80e5a,2025-02-21,short_straddle,SPY,short_straddle_SPY_000138,0.0,-31.320007,-31.320007,14469.852728,10584.099854,10584.099854,18.209999084472656,0.1457,0.1273
sim_2019-02-09_2026-05-21_29c06ed80e5a,2025-02-21,put_credit_spread,SPY,put_credit_spread_SPY_000137,248.0,0.0,248.0,14717.852728,2250.0,2250.0,18.209999084472656,0.1457,0.1273
sim_2019-02-09_2026-05-21_29c06ed80e5a,2025-02-21,put_credit_spread,SPY,put_credit_spread_SPY_000139,-2.19675,0.0,-2.19675,14715.655978,3206.5,3206.5,18.209999084472656,0.1457,0.1273
sim_2019-02-09_2026-05-21_29c06ed80e5a,2025-02-24,short_straddle,SPY,short_straddle_SPY_000138,0.0,-8.189941,-8.189941,14707.466037,10584.099854,10584.099854,18.979999542236328,0.1541,0.1282
sim_2019-02-09_2026-05-21_29c06ed80e5a,2025-02-24,put_credit_spread,SPY,put_credit_spread_SPY_000139,0.0,0.0,0.0,14707.466037,3206.5,3206.5,18.979999542236328,0.1541,0.1282
sim_2019-02-09_2026-05-21_29c06ed80e5a,2025-02-25,short_straddle,SPY,short_straddle_SPY_000138,0.0,-8.910095,-8.910095,14698.555942,10584.099854,10584.099854,19.43000030517578,0.1603,0.1203
sim_2019-02-09_2026-05-21_29c06ed80e5a,2025-02-25,put_credit_spread,SPY,put_credit_spread_SPY_000139,0.0,0.0,0.0,14698.555942,3206.5,3206.5,19.43000030517578,0.1603,0.1203
sim_2019-02-09_2026-05-21_29c06ed80e5a,2025-02-26,short_straddle,SPY,short_straddle_SPY_000138,0.0,0.899963,0.899963,14699.455905,10584.099854,10584.099854,19.100000381469727,0.1592,0.1203
sim_2019-02-09_2026-05-21_29c06ed80e5a,2025-02-26,put_credit_spread,SPY,put_credit_spread_SPY_000139,0.0,0.0,0.0,14699.455905,3206.5,3206.5,19.100000381469727,0.1592,0.1203
sim_2019-02-09_2026-05-21_29c06ed80e5a,2025-02-27,short_straddle,SPY,short_straddle_SPY_000138,0.0,-28.469971,-28.469971,14670.985934,10584.099854,10584.099854,21.1299991607666,0.1767,0.1298
sim_2019-02-09_2026-05-21_29c06ed80e5a,2025-02-27,put_credit_spread,SPY,put_credit_spread_SPY_000139,0.0,0.0,0.0,14670.985934,3206.5,3206.5,21.1299991607666,0.1767,0.1298
sim_2019-02-09_2026-05-21_29c06ed80e5a,2025-02-28,short_straddle,SPY,short_straddle_SPY_000138,0.0,27.390015,27.390015,14698.375949,10584.099854,10584.099854,19.6299991607666,0.1565,0.1269
sim_2019-02-09_2026-05-21_29c06ed80e5a,2025-02-28,put_credit_spread,SPY,put_credit_spread_SPY_000139,0.0,0.0,0.0,14698.375949,3206.5,3206.5,19.6299991607666,0.1565,0.1269
sim_2019-02-09_2026-05-21_29c06ed80e5a,2025-03-03,short_straddle,SPY,short_straddle_SPY_000138,0.0,-31.229919,-31.229919,14667.14603,10584.099854,10584.099854,22.780000686645508,0.1893,0.1369
sim_2019-02-09_2026-05-21_29c06ed80e5a,2025-03-03,put_credit_spread,SPY,put_credit_spread_SPY_000139,0.0,0.0,0.0,14667.14603,3206.5,3206.5,22.780000686645508,0.1893,0.1369
sim_2019-02-09_2026-05-21_29c06ed80e5a,2025-03-04,short_straddle,SPY,short_straddle_SPY_000138,0.0,-20.730103,-20.730103,14646.415927,10584.099854,10584.099854,23.51000022888184,0.1989,0.1371
sim_2019-02-09_2026-05-21_29c06ed80e5a,2025-03-04,put_credit_spread,SPY,put_credit_spread_SPY_000139,0.0,0.0,0.0,14646.415927,3206.5,3206.5,23.51000022888184,0.1989,0.1371
sim_2019-02-09_2026-05-21_29c06ed80e5a,2025-03-05,short_straddle,SPY,short_straddle_SPY_000138,0.0,18.600037,18.600037,14665.015964,10584.099854,10584.099854,21.93000030517578,0.1869,0.1382
sim_2019-02-09_2026-05-21_29c06ed80e5a,2025-03-05,put_credit_spread,SPY,put_credit_spread_SPY_000139,0.0,0.0,0.0,14665.015964,3206.5,3206.5,21.93000030517578,0.1869,0.1382
sim_2019-02-09_2026-05-21_29c06ed80e5a,2025-03-06,short_straddle,SPY,short_straddle_SPY_000138,0.0,-31.049927,-31.049927,14633.966037,10584.099854,10584.099854,24.8700008392334,0.217,0.1449
sim_2019-02-09_2026-05-21_29c06ed80e5a,2025-03-06,put_credit_spread,SPY,put_credit_spread_SPY_000139,0.0,0.0,0.0,14633.966037,3206.5,3206.5,24.8700008392334,0.217,0.1449
sim_2019-02-09_2026-05-21_29c06ed80e5a,2025-03-07,short_straddle,SPY,short_straddle_SPY_000138,0.0,9.629883,9.629883,14643.59592,10584.099854,10584.099854,23.3700008392334,0.1996,0.145
sim_2019-02-09_2026-05-21_29c06ed80e5a,2025-03-07,put_credit_spread,SPY,put_credit_spread_SPY_000139,0.0,0.0,0.0,14643.59592,3206.5,3206.5,23.3700008392334,0.1996,0.145
sim_2019-02-09_2026-05-21_29c06ed80e5a,2025-03-10,short_straddle,SPY,short_straddle_SPY_000138,0.0,-46.019897,-46.019897,14597.576022,10584.099854,10584.099854,27.86000061035156,0.2395,0.1622
sim_2019-02-09_2026-05-21_29c06ed80e5a,2025-03-10,put_credit_spread,SPY,put_credit_spread_SPY_000139,0.0,0.0,0.0,14597.576022,3206.5,3206.5,27.86000061035156,0.2395,0.1622
sim_2019-02-09_2026-05-21_29c06ed80e5a,2025-03-11,short_straddle,SPY,short_straddle_SPY_000138,0.0,-13.980103,-13.980103,14583.59592,10584.099854,10584.099854,26.920000076293945,0.2369,0.1594
sim_2019-02-09_2026-05-21_29c06ed80e5a,2025-03-11,put_credit_spread,SPY,put_credit_spread_SPY_000139,0.0,0.0,0.0,14583.59592,3206.5,3206.5,26.920000076293945,0.2369,0.1594
sim_2019-02-09_2026-05-21_29c06ed80e5a,2025-03-12,short_straddle,SPY,short_straddle_SPY_000138,0.0,8.850037,8.850037,14592.445956,10584.099854,10584.099854,24.229999542236328,0.2169,0.1577
sim_2019-02-09_2026-05-21_29c06ed80e5a,2025-03-12,put_credit_spread,SPY,put_credit_spread_SPY_000139,0.0,0.0,0.0,14592.445956,3206.5,3206.5,24.229999542236328,0.2169,0.1577
sim_2019-02-09_2026-05-21_29c06ed80e5a,2025-03-13,short_straddle,SPY,short_straddle_SPY_000138,0.0,-22.350037,-22.350037,14570.09592,10584.099854,10584.099854,24.65999984741211,0.2243,0.1607
sim_2019-02-09_2026-05-21_29c06ed80e5a,2025-03-13,put_credit_spread,SPY,put_credit_spread_SPY_000139,0.0,0.0,0.0,14570.09592,3206.5,3206.5,24.65999984741211,0.2243,0.1607
sim_2019-02-09_2026-05-21_29c06ed80e5a,2025-03-14,short_straddle,SPY,short_straddle_SPY_000138,0.0,34.170044,34.170044,14604.265964,10584.099854,10584.099854,21.770000457763672,0.1947,0.173
sim_2019-02-09_2026-05-21_29c06ed80e5a,2025-03-14,put_credit_spread,SPY,put_credit_spread_SPY_000139,0.0,0.0,0.0,14604.265964,3206.5,3206.5,21.770000457763672,0.1947,0.173
sim_2019-02-09_2026-05-21_29c06ed80e5a,2025-03-17,short_straddle,SPY,short_straddle_SPY_000138,0.0,13.020081,13.020081,14617.286044,10584.099854,10584.099854,20.51000022888184,0.1826,0.1752
sim_2019-02-09_2026-05-21_29c06ed80e5a,2025-03-17,put_credit_spread,SPY,put_credit_spread_SPY_000139,0.0,0.0,0.0,14617.286044,3206.5,3206.5,20.51000022888184,0.1826,0.1752
sim_2019-02-09_2026-05-21_29c06ed80e5a,2025-03-18,short_straddle,SPY,short_straddle_SPY_000138,0.0,-18.390015,-18.390015,14598.89603,10584.099854,10584.099854,21.700000762939453,0.194,0.1765
sim_2019-02-09_2026-05-21_29c06ed80e5a,2025-03-18,put_credit_spread,SPY,put_credit_spread_SPY_000139,0.0,0.0,0.0,14598.89603,3206.5,3206.5,21.700000762939453,0.194,0.1765
sim_2019-02-09_2026-05-21_29c06ed80e5a,2025-03-19,short_straddle,SPY,short_straddle_SPY_000138,-2.83725,17.479261,14.642011,14613.538041,10584.099854,10584.099854,19.89999961853028,0.1767,0.1787
sim_2019-02-09_2026-05-21_29c06ed80e5a,2025-03-19,put_credit_spread,SPY,put_credit_spread_SPY_000139,-2.19675,0.0,-2.19675,14611.341291,3206.5,3206.5,19.89999961853028,0.1767,0.1787
sim_2019-02-09_2026-05-21_29c06ed80e5a,2025-03-19,short_straddle,SPY,short_straddle_SPY_000140,-3.131,0.0,-3.131,14608.210291,9080.600098,9080.600098,19.89999961853028,0.1767,0.1787
sim_2019-02-09_2026-05-21_29c06ed80e5a,2025-03-19,put_credit_spread,SPY,put_credit_spread_SPY_000141,-2.26275,0.0,-2.26275,14605.947541,2874.5,2874.5,19.89999961853028,0.1767,0.1787
sim_2019-02-09_2026-05-21_29c06ed80e5a,2025-03-20,short_straddle,SPY,short_straddle_SPY_000140,0.0,-1.13098,-1.13098,14604.816561,9080.600098,9080.600098,19.799999237060547,0.1753,0.1778
sim_2019-02-09_2026-05-21_29c06ed80e5a,2025-03-20,put_credit_spread,SPY,put_credit_spread_SPY_000141,0.0,0.0,0.0,14604.816561,2874.5,2874.5,19.799999237060547,0.1753,0.1778
sim_2019-02-09_2026-05-21_29c06ed80e5a,2025-03-21,short_straddle,SPY,short_straddle_SPY_000140,0.0,-6.040039,-6.040039,14598.776522,9080.600098,9080.600098,19.280000686645508,0.1716,0.177
sim_2019-02-09_2026-05-21_29c06ed80e5a,2025-03-21,put_credit_spread,SPY,put_credit_spread_SPY_000141,0.0,0.0,0.0,14598.776522,2874.5,2874.5,19.280000686645508,0.1716,0.177
sim_2019-02-09_2026-05-21_29c06ed80e5a,2025-03-24,short_straddle,SPY,short_straddle_SPY_000140,0.0,40.400146,40.400146,14639.176668,9080.600098,9080.600098,17.479999542236328,0.1548,0.1851
sim_2019-02-09_2026-05-21_29c06ed80e5a,2025-03-24,put_credit_spread,SPY,put_credit_spread_SPY_000141,0.0,0.0,0.0,14639.176668,2874.5,2874.5,17.479999542236328,0.1548,0.1851
sim_2019-02-09_2026-05-21_29c06ed80e5a,2025-03-25,short_straddle,SPY,short_straddle_SPY_000140,0.0,5.52002,5.52002,14644.696688,9080.600098,9080.600098,17.149999618530273,0.1496,0.1838
sim_2019-02-09_2026-05-21_29c06ed80e5a,2025-03-25,put_credit_spread,SPY,put_credit_spread_SPY_000141,0.0,0.0,0.0,14644.696688,2874.5,2874.5,17.149999618530273,0.1496,0.1838
sim_2019-02-09_2026-05-21_29c06ed80e5a,2025-03-26,short_straddle,SPY,short_straddle_SPY_000140,0.0,-27.47998,-27.47998,14617.216707,9080.600098,9080.600098,18.32999992370605,0.1626,0.1861
sim_2019-02-09_2026-05-21_29c06ed80e5a,2025-03-26,put_credit_spread,SPY,put_credit_spread_SPY_000141,0.0,0.0,0.0,14617.216707,2874.5,2874.5,18.32999992370605,0.1626,0.1861
sim_2019-02-09_2026-05-21_29c06ed80e5a,2025-03-27,short_straddle,SPY,short_straddle_SPY_000140,0.0,-6.040039,-6.040039,14611.176668,9080.600098,9080.600098,18.690000534057617,0.166,0.186
sim_2019-02-09_2026-05-21_29c06ed80e5a,2025-03-27,put_credit_spread,SPY,put_credit_spread_SPY_000141,0.0,0.0,0.0,14611.176668,2874.5,2874.5,18.690000534057617,0.166,0.186
sim_2019-02-09_2026-05-21_29c06ed80e5a,2025-03-28,short_straddle,SPY,short_straddle_SPY_000140,0.0,-45.680176,-45.680176,14565.496492,9080.600098,9080.600098,21.64999961853028,0.1908,0.1894
sim_2019-02-09_2026-05-21_29c06ed80e5a,2025-03-28,put_credit_spread,SPY,put_credit_spread_SPY_000141,0.0,0.0,0.0,14565.496492,2874.5,2874.5,21.64999961853028,0.1908,0.1894
sim_2019-02-09_2026-05-21_29c06ed80e5a,2025-03-31,short_straddle,SPY,short_straddle_SPY_000140,0.0,14.920166,14.920166,14580.416658,9080.600098,9080.600098,22.280000686645508,0.1877,0.1913
sim_2019-02-09_2026-05-21_29c06ed80e5a,2025-03-31,put_credit_spread,SPY,put_credit_spread_SPY_000141,0.0,0.0,0.0,14580.416658,2874.5,2874.5,22.280000686645508,0.1877,0.1913
sim_2019-02-09_2026-05-21_29c06ed80e5a,2025-04-01,short_straddle,SPY,short_straddle_SPY_000140,0.0,6.319824,6.319824,14586.736482,9080.600098,9080.600098,21.770000457763672,0.1867,0.1913
sim_2019-02-09_2026-05-21_29c06ed80e5a,2025-04-01,put_credit_spread,SPY,put_credit_spread_SPY_000141,0.0,0.0,0.0,14586.736482,2874.5,2874.5,21.770000457763672,0.1867,0.1913
sim_2019-02-09_2026-05-21_29c06ed80e5a,2025-04-02,short_straddle,SPY,short_straddle_SPY_000140,0.0,14.200195,14.200195,14600.936678,9080.600098,9080.600098,21.51000022888184,0.1852,0.1926
sim_2019-02-09_2026-05-21_29c06ed80e5a,2025-04-02,put_credit_spread,SPY,put_credit_spread_SPY_000141,0.0,0.0,0.0,14600.936678,2874.5,2874.5,21.51000022888184,0.1852,0.1926
sim_2019-02-09_2026-05-21_29c06ed80e5a,2025-04-03,short_straddle,SPY,short_straddle_SPY_000140,0.0,-111.280029,-111.280029,14489.656649,9080.600098,9080.600098,30.020000457763672,0.2543,0.2373
sim_2019-02-09_2026-05-21_29c06ed80e5a,2025-04-03,put_credit_spread,SPY,put_credit_spread_SPY_000141,0.0,0.0,0.0,14489.656649,2874.5,2874.5,30.020000457763672,0.2543,0.2373
sim_2019-02-09_2026-05-21_29c06ed80e5a,2025-04-04,short_straddle,SPY,short_straddle_SPY_000140,0.0,-125.680054,-125.680054,14363.976595,9080.600098,9080.600098,45.310001373291016,0.3623,0.2856
sim_2019-02-09_2026-05-21_29c06ed80e5a,2025-04-04,put_credit_spread,SPY,put_credit_spread_SPY_000141,-4433.0,0.0,-4433.0,9930.976595,2874.5,2874.5,45.310001373291016,0.3623,0.2856
sim_2019-02-09_2026-05-21_29c06ed80e5a,2025-04-07,short_straddle,SPY,short_straddle_SPY_000140,0.0,-3.599976,-3.599976,9927.376619,9080.600098,9080.600098,46.97999954223633,0.3958,0.2858
sim_2019-02-09_2026-05-21_29c06ed80e5a,2025-04-07,put_credit_spread,SPY,put_credit_spread_SPY_000141,0.0,0.0,0.0,9927.376619,2874.5,2874.5,46.97999954223633,0.3958,0.2858
sim_2019-02-09_2026-05-21_29c06ed80e5a,2025-04-08,short_straddle,SPY,short_straddle_SPY_000140,0.0,-31.599976,-31.599976,9895.776644,9080.600098,9080.600098,52.33000183105469,0.4255,0.2873
sim_2019-02-09_2026-05-21_29c06ed80e5a,2025-04-08,put_credit_spread,SPY,put_credit_spread_SPY_000141,0.0,0.0,0.0,9895.776644,2874.5,2874.5,52.33000183105469,0.4255,0.2873
sim_2019-02-09_2026-05-21_29c06ed80e5a,2025-04-09,short_straddle,SPY,short_straddle_SPY_000140,0.0,208.559937,208.559937,10104.33658,9080.600098,9080.600098,33.619998931884766,0.2678,0.4204
sim_2019-02-09_2026-05-21_29c06ed80e5a,2025-04-09,put_credit_spread,SPY,put_credit_spread_SPY_000141,0.0,0.0,0.0,10104.33658,2874.5,2874.5,33.619998931884766,0.2678,0.4204
sim_2019-02-09_2026-05-21_29c06ed80e5a,2025-04-10,short_straddle,SPY,short_straddle_SPY_000140,0.0,-96.159912,-96.159912,10008.176668,9080.600098,9080.600098,40.720001220703125,0.3556,0.4363
sim_2019-02-09_2026-05-21_29c06ed80e5a,2025-04-10,put_credit_spread,SPY,put_credit_spread_SPY_000141,0.0,0.0,0.0,10008.176668,2874.5,2874.5,40.720001220703125,0.3556,0.4363
sim_2019-02-09_2026-05-21_29c06ed80e5a,2025-04-11,short_straddle,SPY,short_straddle_SPY_000140,0.0,37.439941,37.439941,10045.616609,9080.600098,9080.600098,37.560001373291016,0.3241,0.4371
sim_2019-02-09_2026-05-21_29c06ed80e5a,2025-04-11,put_credit_spread,SPY,put_credit_spread_SPY_000141,0.0,0.0,0.0,10045.616609,2874.5,2874.5,37.560001373291016,0.3241,0.4371
sim_2019-02-09_2026-05-21_29c06ed80e5a,2025-04-14,short_straddle,SPY,short_straddle_SPY_000140,0.0,20.719971,20.719971,10066.33658,9080.600098,9080.600098,30.88999938964844,0.2641,0.4367
sim_2019-02-09_2026-05-21_29c06ed80e5a,2025-04-14,put_credit_spread,SPY,put_credit_spread_SPY_000141,0.0,0.0,0.0,10066.33658,2874.5,2874.5,30.88999938964844,0.2641,0.4367
sim_2019-02-09_2026-05-21_29c06ed80e5a,2025-04-15,short_straddle,SPY,short_straddle_SPY_000140,-3.131,-7.115259,-10.246259,10056.090321,9080.600098,9080.600098,30.1200008392334,0.254,0.4358
sim_2019-02-09_2026-05-21_29c06ed80e5a,2025-04-15,put_credit_spread,SPY,put_credit_spread_SPY_000141,-4.47925,0.0,-4.47925,10051.611071,2874.5,2874.5,30.1200008392334,0.254,0.4358
sim_2019-02-09_2026-05-21_29c06ed80e5a,2025-04-15,short_straddle,SPY,short_straddle_SPY_000142,-3.5865,0.0,-3.5865,10048.024571,7579.199707,7579.199707,30.1200008392334,0.254,0.4358
sim_2019-02-09_2026-05-21_29c06ed80e5a,2025-04-15,put_credit_spread,SPY,put_credit_spread_SPY_000143,-2.28675,0.0,-2.28675,10045.737821,4026.5,4026.5,30.1200008392334,0.254,0.4358
sim_2019-02-09_2026-05-21_29c06ed80e5a,2025-04-16,short_straddle,SPY,short_straddle_SPY_000142,0.0,-1.83981,-1.83981,10043.898011,7579.199707,7579.199707,32.63999938964844,0.2836,0.4378
sim_2019-02-09_2026-05-21_29c06ed80e5a,2025-04-16,put_credit_spread,SPY,put_credit_spread_SPY_000143,0.0,0.0,0.0,10043.898011,4026.5,4026.5,32.63999938964844,0.2836,0.4378
sim_2019-02-09_2026-05-21_29c06ed80e5a,2025-04-17,short_straddle,SPY,short_straddle_SPY_000142,0.0,5.25,5.25,10049.148011,7579.199707,7579.199707,29.64999961853028,0.265,0.4358
sim_2019-02-09_2026-05-21_29c06ed80e5a,2025-04-17,put_credit_spread,SPY,put_credit_spread_SPY_000143,-248.0,0.0,-248.0,9801.148011,4026.5,4026.5,29.64999961853028,0.265,0.4358
sim_2019-02-09_2026-05-21_29c06ed80e5a,2025-04-21,short_straddle,SPY,short_straddle_SPY_000142,0.0,-87.709778,-87.709778,9713.438233,7579.199707,7579.199707,33.81999969482422,0.3012,0.4393
sim_2019-02-09_2026-05-21_29c06ed80e5a,2025-04-21,put_credit_spread,SPY,put_credit_spread_SPY_000143,0.0,0.0,0.0,9713.438233,4026.5,4026.5,33.81999969482422,0.3012,0.4393
sim_2019-02-09_2026-05-21_29c06ed80e5a,2025-04-22,short_straddle,SPY,short_straddle_SPY_000142,0.0,93.589966,93.589966,9807.028199,7579.199707,7579.199707,30.56999969482422,0.2749,0.4416
sim_2019-02-09_2026-05-21_29c06ed80e5a,2025-04-22,put_credit_spread,SPY,put_credit_spread_SPY_000143,0.0,0.0,0.0,9807.028199,4026.5,4026.5,30.56999969482422,0.2749,0.4416
sim_2019-02-09_2026-05-21_29c06ed80e5a,2025-04-23,short_straddle,SPY,short_straddle_SPY_000142,0.0,57.18988,57.18988,9864.21808,7579.199707,7579.199707,28.450000762939453,0.2542,0.444
sim_2019-02-09_2026-05-21_29c06ed80e5a,2025-04-23,put_credit_spread,SPY,put_credit_spread_SPY_000143,0.0,0.0,0.0,9864.21808,4026.5,4026.5,28.450000762939453,0.2542,0.444
sim_2019-02-09_2026-05-21_29c06ed80e5a,2025-04-24,short_straddle,SPY,short_straddle_SPY_000142,0.0,78.890137,78.890137,9943.108216,7579.199707,7579.199707,26.46999931335449,0.2336,0.4483
sim_2019-02-09_2026-05-21_29c06ed80e5a,2025-04-24,put_credit_spread,SPY,put_credit_spread_SPY_000143,0.0,0.0,0.0,9943.108216,4026.5,4026.5,26.46999931335449,0.2336,0.4483
sim_2019-02-09_2026-05-21_29c06ed80e5a,2025-04-25,short_straddle,SPY,short_straddle_SPY_000142,0.0,27.650085,27.650085,9970.758302,7579.199707,7579.199707,24.84000015258789,0.2179,0.4472
sim_2019-02-09_2026-05-21_29c06ed80e5a,2025-04-25,put_credit_spread,SPY,put_credit_spread_SPY_000143,0.0,0.0,0.0,9970.758302,4026.5,4026.5,24.84000015258789,0.2179,0.4472
sim_2019-02-09_2026-05-21_29c06ed80e5a,2025-04-28,short_straddle,SPY,short_straddle_SPY_000142,0.0,1.469727,1.469727,9972.228028,7579.199707,7579.199707,25.14999961853028,0.2198,0.443
sim_2019-02-09_2026-05-21_29c06ed80e5a,2025-04-28,put_credit_spread,SPY,put_credit_spread_SPY_000143,0.0,0.0,0.0,9972.228028,4026.5,4026.5,25.14999961853028,0.2198,0.443
sim_2019-02-09_2026-05-21_29c06ed80e5a,2025-04-29,short_straddle,SPY,short_straddle_SPY_000142,0.0,24.290222,24.290222,9996.51825,7579.199707,7579.199707,24.170000076293945,0.211,0.4428
sim_2019-02-09_2026-05-21_29c06ed80e5a,2025-04-29,put_credit_spread,SPY,put_credit_spread_SPY_000143,0.0,0.0,0.0,9996.51825,4026.5,4026.5,24.170000076293945,0.211,0.4428
sim_2019-02-09_2026-05-21_29c06ed80e5a,2025-04-30,short_straddle,SPY,short_straddle_SPY_000142,0.0,1.539795,1.539795,9998.058045,7579.199707,7579.199707,24.700000762939453,0.2179,0.4417
sim_2019-02-09_2026-05-21_29c06ed80e5a,2025-04-30,put_credit_spread,SPY,put_credit_spread_SPY_000143,0.0,0.0,0.0,9998.058045,4026.5,4026.5,24.700000762939453,0.2179,0.4417
sim_2019-02-09_2026-05-21_29c06ed80e5a,2025-05-01,short_straddle,SPY,short_straddle_SPY_000142,0.0,27.509949,27.509949,10025.567994,7579.199707,7579.199707,24.600000381469727,0.2094,0.441
sim_2019-02-09_2026-05-21_29c06ed80e5a,2025-05-01,put_credit_spread,SPY,put_credit_spread_SPY_000143,0.0,0.0,0.0,10025.567994,4026.5,4026.5,24.600000381469727,0.2094,0.441
sim_2019-02-09_2026-05-21_29c06ed80e5a,2025-05-02,short_straddle,SPY,short_straddle_SPY_000142,0.0,58.030273,58.030273,10083.598268,7579.199707,7579.199707,22.68000030517578,0.1924,0.4432
sim_2019-02-09_2026-05-21_29c06ed80e5a,2025-05-02,put_credit_spread,SPY,put_credit_spread_SPY_000143,0.0,0.0,0.0,10083.598268,4026.5,4026.5,22.68000030517578,0.1924,0.4432
sim_2019-02-09_2026-05-21_29c06ed80e5a,2025-05-05,short_straddle,SPY,short_straddle_SPY_000142,0.0,-22.75,-22.75,10060.848268,7579.199707,7579.199707,23.63999938964844,0.2007,0.4434
sim_2019-02-09_2026-05-21_29c06ed80e5a,2025-05-05,put_credit_spread,SPY,put_credit_spread_SPY_000143,0.0,0.0,0.0,10060.848268,4026.5,4026.5,23.63999938964844,0.2007,0.4434
sim_2019-02-09_2026-05-21_29c06ed80e5a,2025-05-06,short_straddle,SPY,short_straddle_SPY_000142,0.0,-32.970154,-32.970154,10027.878114,7579.199707,7579.199707,24.76000022888184,0.2129,0.4408
sim_2019-02-09_2026-05-21_29c06ed80e5a,2025-05-06,put_credit_spread,SPY,put_credit_spread_SPY_000143,0.0,0.0,0.0,10027.878114,4026.5,4026.5,24.76000022888184,0.2129,0.4408
sim_2019-02-09_2026-05-21_29c06ed80e5a,2025-05-07,short_straddle,SPY,short_straddle_SPY_000142,0.0,16.450256,16.450256,10044.32837,7579.199707,7579.199707,23.549999237060547,0.2046,0.4409
sim_2019-02-09_2026-05-21_29c06ed80e5a,2025-05-07,put_credit_spread,SPY,put_credit_spread_SPY_000143,0.0,0.0,0.0,10044.32837,4026.5,4026.5,23.549999237060547,0.2046,0.4409
sim_2019-02-09_2026-05-21_29c06ed80e5a,2025-05-08,short_straddle,SPY,short_straddle_SPY_000142,0.0,27.369812,27.369812,10071.698182,7579.199707,7579.199707,22.479999542236328,0.1975,0.4402
sim_2019-02-09_2026-05-21_29c06ed80e5a,2025-05-08,put_credit_spread,SPY,put_credit_spread_SPY_000143,0.0,0.0,0.0,10071.698182,4026.5,4026.5,22.479999542236328,0.1975,0.4402
sim_2019-02-09_2026-05-21_29c06ed80e5a,2025-05-09,short_straddle,SPY,short_straddle_SPY_000142,0.0,-5.039795,-5.039795,10066.658387,7579.199707,7579.199707,21.89999961853028,0.1942,0.4401
sim_2019-02-09_2026-05-21_29c06ed80e5a,2025-05-09,put_credit_spread,SPY,put_credit_spread_SPY_000143,0.0,0.0,0.0,10066.658387,4026.5,4026.5,21.89999961853028,0.1942,0.4401
sim_2019-02-09_2026-05-21_29c06ed80e5a,2025-05-12,short_straddle,SPY,short_straddle_SPY_000142,0.0,130.549744,130.549744,10197.208131,7579.199707,7579.199707,18.38999938964844,0.1555,0.4457
sim_2019-02-09_2026-05-21_29c06ed80e5a,2025-05-12,put_credit_spread,SPY,put_credit_spread_SPY_000143,0.0,0.0,0.0,10197.208131,4026.5,4026.5,18.38999938964844,0.1555,0.4457
sim_2019-02-09_2026-05-21_29c06ed80e5a,2025-05-13,short_straddle,SPY,short_straddle_SPY_000142,0.0,26.950256,26.950256,10224.158387,7579.199707,7579.199707,18.21999931335449,0.1524,0.4457
sim_2019-02-09_2026-05-21_29c06ed80e5a,2025-05-13,put_credit_spread,SPY,put_credit_spread_SPY_000143,0.0,0.0,0.0,10224.158387,4026.5,4026.5,18.21999931335449,0.1524,0.4457
sim_2019-02-09_2026-05-21_29c06ed80e5a,2025-05-14,short_straddle,SPY,short_straddle_SPY_000142,-3.5865,3.193435,-0.393065,10223.765322,7579.199707,7579.199707,18.6200008392334,0.156,0.4457
sim_2019-02-09_2026-05-21_29c06ed80e5a,2025-05-14,put_credit_spread,SPY,put_credit_spread_SPY_000143,0.0,0.0,0.0,10223.765322,4026.5,4026.5,18.6200008392334,0.156,0.4457
sim_2019-02-09_2026-05-21_29c06ed80e5a,2025-05-14,short_straddle,SPY,short_straddle_SPY_000144,-3.0545,0.0,-3.0545,10220.710822,9642.800537,9642.800537,18.6200008392334,0.156,0.4457
sim_2019-02-09_2026-05-21_29c06ed80e5a,2025-05-15,short_straddle,SPY,short_straddle_SPY_000144,0.0,-1.47615,-1.47615,10219.234672,9642.800537,9642.800537,17.829999923706055,0.15,0.4456
sim_2019-02-09_2026-05-21_29c06ed80e5a,2025-05-15,put_credit_spread,SPY,put_credit_spread_SPY_000143,0.0,0.0,0.0,10219.234672,4026.5,4026.5,17.829999923706055,0.15,0.4456
sim_2019-02-09_2026-05-21_29c06ed80e5a,2025-05-16,short_straddle,SPY,short_straddle_SPY_000144,0.0,18.699951,18.699951,10237.934623,9642.800537,9642.800537,17.239999771118164,0.1463,0.4174
sim_2019-02-09_2026-05-21_29c06ed80e5a,2025-05-16,put_credit_spread,SPY,put_credit_spread_SPY_000143,819.5,0.0,819.5,11057.434623,4026.5,4026.5,17.239999771118164,0.1463,0.4174
sim_2019-02-09_2026-05-21_29c06ed80e5a,2025-05-16,put_credit_spread,SPY,put_credit_spread_SPY_000145,-2.1585,0.0,-2.1585,11055.276123,1983.0,1983.0,17.239999771118164,0.1463,0.4174
sim_2019-02-09_2026-05-21_29c06ed80e5a,2025-05-19,short_straddle,SPY,short_straddle_SPY_000144,0.0,3.249817,3.249817,11058.52594,9642.800537,9642.800537,18.13999938964844,0.1555,0.3714
sim_2019-02-09_2026-05-21_29c06ed80e5a,2025-05-19,put_credit_spread,SPY,put_credit_spread_SPY_000145,1.5,0.0,1.5,11060.02594,1983.0,1983.0,18.13999938964844,0.1555,0.3714
sim_2019-02-09_2026-05-21_29c06ed80e5a,2025-05-20,short_straddle,SPY,short_straddle_SPY_000144,0.0,-10.0,-10.0,11050.02594,9642.800537,9642.800537,18.09000015258789,0.1554,0.3717
sim_2019-02-09_2026-05-21_29c06ed80e5a,2025-05-20,put_credit_spread,SPY,put_credit_spread_SPY_000145,0.0,0.0,0.0,11050.02594,1983.0,1983.0,18.09000015258789,0.1554,0.3717
sim_2019-02-09_2026-05-21_29c06ed80e5a,2025-05-21,short_straddle,SPY,short_straddle_SPY_000144,0.0,-49.949951,-49.949951,11000.075989,9642.800537,9642.800537,20.8700008392334,0.1774,0.3723
sim_2019-02-09_2026-05-21_29c06ed80e5a,2025-05-21,put_credit_spread,SPY,put_credit_spread_SPY_000145,0.0,0.0,0.0,11000.075989,1983.0,1983.0,20.8700008392334,0.1774,0.3723
sim_2019-02-09_2026-05-21_29c06ed80e5a,2025-05-22,short_straddle,SPY,short_straddle_SPY_000144,0.0,1.150208,1.150208,11001.226196,9642.800537,9642.800537,20.280000686645508,0.1727,0.2415
sim_2019-02-09_2026-05-21_29c06ed80e5a,2025-05-22,put_credit_spread,SPY,put_credit_spread_SPY_000145,0.0,0.0,0.0,11001.226196,1983.0,1983.0,20.280000686645508,0.1727,0.2415
sim_2019-02-09_2026-05-21_29c06ed80e5a,2025-05-23,short_straddle,SPY,short_straddle_SPY_000144,0.0,-19.900208,-19.900208,10981.325989,9642.800537,9642.800537,22.290000915527344,0.1876,0.1988
sim_2019-02-09_2026-05-21_29c06ed80e5a,2025-05-23,put_credit_spread,SPY,put_credit_spread_SPY_000145,0.0,0.0,0.0,10981.325989,1983.0,1983.0,22.290000915527344,0.1876,0.1988
sim_2019-02-09_2026-05-21_29c06ed80e5a,2025-05-27,short_straddle,SPY,short_straddle_SPY_000144,0.0,60.200195,60.200195,11041.526184,9642.800537,9642.800537,18.959999084472656,0.1549,0.2008
sim_2019-02-09_2026-05-21_29c06ed80e5a,2025-05-27,put_credit_spread,SPY,put_credit_spread_SPY_000145,0.0,0.0,0.0,11041.526184,1983.0,1983.0,18.959999084472656,0.1549,0.2008
sim_2019-02-09_2026-05-21_29c06ed80e5a,2025-05-28,short_straddle,SPY,short_straddle_SPY_000144,0.0,-17.10022,-17.10022,11024.425965,9642.800537,9642.800537,19.309999465942383,0.1604,0.2016
sim_2019-02-09_2026-05-21_29c06ed80e5a,2025-05-28,put_credit_spread,SPY,put_credit_spread_SPY_000145,0.0,0.0,0.0,11024.425965,1983.0,1983.0,19.309999465942383,0.1604,0.2016
sim_2019-02-09_2026-05-21_29c06ed80e5a,2025-05-29,short_straddle,SPY,short_straddle_SPY_000144,0.0,11.600037,11.600037,11036.026001,9642.800537,9642.800537,19.18000030517578,0.157,0.2009
sim_2019-02-09_2026-05-21_29c06ed80e5a,2025-05-29,put_credit_spread,SPY,put_credit_spread_SPY_000145,0.0,0.0,0.0,11036.026001,1983.0,1983.0,19.18000030517578,0.157,0.2009
sim_2019-02-09_2026-05-21_29c06ed80e5a,2025-05-30,short_straddle,SPY,short_straddle_SPY_000144,0.0,-3.299866,-3.299866,11032.726135,9642.800537,9642.800537,18.56999969482422,0.1548,0.1863
sim_2019-02-09_2026-05-21_29c06ed80e5a,2025-05-30,put_credit_spread,SPY,put_credit_spread_SPY_000145,0.0,0.0,0.0,11032.726135,1983.0,1983.0,18.56999969482422,0.1548,0.1863
sim_2019-02-09_2026-05-21_29c06ed80e5a,2025-06-02,short_straddle,SPY,short_straddle_SPY_000144,0.0,16.600037,16.600037,11049.326172,9642.800537,9642.800537,18.36000061035156,0.1531,0.1862
sim_2019-02-09_2026-05-21_29c06ed80e5a,2025-06-02,put_credit_spread,SPY,put_credit_spread_SPY_000145,0.0,0.0,0.0,11049.326172,1983.0,1983.0,18.36000061035156,0.1531,0.1862
sim_2019-02-09_2026-05-21_29c06ed80e5a,2025-06-03,short_straddle,SPY,short_straddle_SPY_000144,0.0,16.900024,16.900024,11066.226196,9642.800537,9642.800537,17.690000534057617,0.1469,0.1662
sim_2019-02-09_2026-05-21_29c06ed80e5a,2025-06-03,put_credit_spread,SPY,put_credit_spread_SPY_000145,0.0,0.0,0.0,11066.226196,1983.0,1983.0,17.690000534057617,0.1469,0.1662
sim_2019-02-09_2026-05-21_29c06ed80e5a,2025-06-04,short_straddle,SPY,short_straddle_SPY_000144,0.0,-0.800171,-0.800171,11065.426026,9642.800537,9642.800537,17.610000610351562,0.1474,0.1546
sim_2019-02-09_2026-05-21_29c06ed80e5a,2025-06-04,put_credit_spread,SPY,put_credit_spread_SPY_000145,0.0,0.0,0.0,11065.426026,1983.0,1983.0,17.610000610351562,0.1474,0.1546
sim_2019-02-09_2026-05-21_29c06ed80e5a,2025-06-05,short_straddle,SPY,short_straddle_SPY_000144,0.0,-14.400024,-14.400024,11051.026001,9642.800537,9642.800537,18.479999542236328,0.1533,0.1529
sim_2019-02-09_2026-05-21_29c06ed80e5a,2025-06-05,put_credit_spread,SPY,put_credit_spread_SPY_000145,0.0,0.0,0.0,11051.026001,1983.0,1983.0,18.479999542236328,0.1533,0.1529
sim_2019-02-09_2026-05-21_29c06ed80e5a,2025-06-06,short_straddle,SPY,short_straddle_SPY_000144,0.0,30.450134,30.450134,11081.476135,9642.800537,9642.800537,16.770000457763672,0.1397,0.1453
sim_2019-02-09_2026-05-21_29c06ed80e5a,2025-06-06,put_credit_spread,SPY,put_credit_spread_SPY_000145,0.0,0.0,0.0,11081.476135,1983.0,1983.0,16.770000457763672,0.1397,0.1453
sim_2019-02-09_2026-05-21_29c06ed80e5a,2025-06-09,short_straddle,SPY,short_straddle_SPY_000144,0.0,2.69989,2.69989,11084.176026,9642.800537,9642.800537,17.15999984741211,0.1426,0.1449
sim_2019-02-09_2026-05-21_29c06ed80e5a,2025-06-09,put_credit_spread,SPY,put_credit_spread_SPY_000145,0.0,0.0,0.0,11084.176026,1983.0,1983.0,17.15999984741211,0.1426,0.1449
sim_2019-02-09_2026-05-21_29c06ed80e5a,2025-06-10,short_straddle,SPY,short_straddle_SPY_000144,0.0,17.000122,17.000122,11101.176148,9642.800537,9642.800537,16.950000762939453,0.1376,0.1449
sim_2019-02-09_2026-05-21_29c06ed80e5a,2025-06-10,put_credit_spread,SPY,put_credit_spread_SPY_000145,0.0,0.0,0.0,11101.176148,1983.0,1983.0,16.950000762939453,0.1376,0.1449
sim_2019-02-09_2026-05-21_29c06ed80e5a,2025-06-11,short_straddle,SPY,short_straddle_SPY_000144,-3.0545,-10.103559,-13.158059,11088.018089,9642.800537,9642.800537,17.260000228881836,0.1414,0.1455
sim_2019-02-09_2026-05-21_29c06ed80e5a,2025-06-11,put_credit_spread,SPY,put_credit_spread_SPY_000145,0.0,0.0,0.0,11088.018089,1983.0,1983.0,17.260000228881836,0.1414,0.1455
sim_2019-02-09_2026-05-21_29c06ed80e5a,2025-06-11,short_straddle,SPY,short_straddle_SPY_000146,-2.9745,0.0,-2.9745,11085.043589,10078.199707,10078.199707,17.260000228881836,0.1414,0.1455
sim_2019-02-09_2026-05-21_29c06ed80e5a,2025-06-12,short_straddle,SPY,short_straddle_SPY_000146,0.0,-1.2075,-1.2075,11083.836089,10078.199707,10078.199707,18.020000457763672,0.1434,0.1454
sim_2019-02-09_2026-05-21_29c06ed80e5a,2025-06-12,put_credit_spread,SPY,put_credit_spread_SPY_000145,0.0,0.0,0.0,11083.836089,1983.0,1983.0,18.020000457763672,0.1434,0.1454
sim_2019-02-09_2026-05-21_29c06ed80e5a,2025-06-13,short_straddle,SPY,short_straddle_SPY_000146,0.0,-27.0,-27.0,11056.836089,10078.199707,10078.199707,20.81999969482422,0.1644,0.1504
sim_2019-02-09_2026-05-21_29c06ed80e5a,2025-06-13,put_credit_spread,SPY,put_credit_spread_SPY_000145,313.5,0.0,313.5,11370.336089,1983.0,1983.0,20.81999969482422,0.1644,0.1504
sim_2019-02-09_2026-05-21_29c06ed80e5a,2025-06-13,put_credit_spread,SPY,put_credit_spread_SPY_000147,-2.232,0.0,-2.232,11368.104089,3036.0,3036.0,20.81999969482422,0.1644,0.1504
sim_2019-02-09_2026-05-21_29c06ed80e5a,2025-06-16,short_straddle,SPY,short_straddle_SPY_000146,0.0,22.719971,22.719971,11390.82406,10078.199707,10078.199707,19.11000061035156,0.1487,0.1473
sim_2019-02-09_2026-05-21_29c06ed80e5a,2025-06-16,put_credit_spread,SPY,put_credit_spread_SPY_000147,0.0,0.0,0.0,11390.82406,3036.0,3036.0,19.11000061035156,0.1487,0.1473
sim_2019-02-09_2026-05-21_29c06ed80e5a,2025-06-17,short_straddle,SPY,short_straddle_SPY_000146,0.0,-20.599854,-20.599854,11370.224206,10078.199707,10078.199707,21.600000381469727,0.1695,0.1488
sim_2019-02-09_2026-05-21_29c06ed80e5a,2025-06-17,put_credit_spread,SPY,put_credit_spread_SPY_000147,0.0,0.0,0.0,11370.224206,3036.0,3036.0,21.600000381469727,0.1695,0.1488
sim_2019-02-09_2026-05-21_29c06ed80e5a,2025-06-18,short_straddle,SPY,short_straddle_SPY_000146,0.0,-0.360107,-0.360107,11369.864099,10078.199707,10078.199707,20.13999938964844,0.1623,0.1457
sim_2019-02-09_2026-05-21_29c06ed80e5a,2025-06-18,put_credit_spread,SPY,put_credit_spread_SPY_000147,0.0,0.0,0.0,11369.864099,3036.0,3036.0,20.13999938964844,0.1623,0.1457
sim_2019-02-09_2026-05-21_29c06ed80e5a,2025-06-20,short_straddle,SPY,short_straddle_SPY_000146,0.0,-12.639893,-12.639893,11357.224206,10078.199707,10078.199707,20.6200008392334,0.1671,0.1472
sim_2019-02-09_2026-05-21_29c06ed80e5a,2025-06-20,put_credit_spread,SPY,put_credit_spread_SPY_000147,0.0,0.0,0.0,11357.224206,3036.0,3036.0,20.6200008392334,0.1671,0.1472
sim_2019-02-09_2026-05-21_29c06ed80e5a,2025-06-23,short_straddle,SPY,short_straddle_SPY_000146,0.0,23.47998,23.47998,11380.704187,10078.199707,10078.199707,19.82999992370605,0.1559,0.1483
sim_2019-02-09_2026-05-21_29c06ed80e5a,2025-06-23,put_credit_spread,SPY,put_credit_spread_SPY_000147,-140.0,0.0,-140.0,11240.704187,3036.0,3036.0,19.82999992370605,0.1559,0.1483
sim_2019-02-09_2026-05-21_29c06ed80e5a,2025-06-24,short_straddle,SPY,short_straddle_SPY_000146,0.0,26.52002,26.52002,11267.224206,10078.199707,10078.199707,17.479999542236328,0.1401,0.1502
sim_2019-02-09_2026-05-21_29c06ed80e5a,2025-06-24,put_credit_spread,SPY,put_credit_spread_SPY_000147,0.0,0.0,0.0,11267.224206,3036.0,3036.0,17.479999542236328,0.1401,0.1502
sim_2019-02-09_2026-05-21_29c06ed80e5a,2025-06-25,short_straddle,SPY,short_straddle_SPY_000146,0.0,1.359863,1.359863,11268.584069,10078.199707,10078.199707,16.760000228881836,0.1372,0.1201
sim_2019-02-09_2026-05-21_29c06ed80e5a,2025-06-25,put_credit_spread,SPY,put_credit_spread_SPY_000147,0.0,0.0,0.0,11268.584069,3036.0,3036.0,16.760000228881836,0.1372,0.1201
sim_2019-02-09_2026-05-21_29c06ed80e5a,2025-06-26,short_straddle,SPY,short_straddle_SPY_000146,0.0,19.0,19.0,11287.584069,10078.199707,10078.199707,16.59000015258789,0.1354,0.1206
sim_2019-02-09_2026-05-21_29c06ed80e5a,2025-06-26,put_credit_spread,SPY,put_credit_spread_SPY_000147,-76.5,0.0,-76.5,11211.084069,3036.0,3036.0,16.59000015258789,0.1354,0.1206
sim_2019-02-09_2026-05-21_29c06ed80e5a,2025-06-27,short_straddle,SPY,short_straddle_SPY_000146,0.0,12.159912,12.159912,11223.243982,10078.199707,10078.199707,16.31999969482422,0.1345,0.1211
sim_2019-02-09_2026-05-21_29c06ed80e5a,2025-06-27,put_credit_spread,SPY,put_credit_spread_SPY_000147,0.0,0.0,0.0,11223.243982,3036.0,3036.0,16.31999969482422,0.1345,0.1211
sim_2019-02-09_2026-05-21_29c06ed80e5a,2025-06-30,short_straddle,SPY,short_straddle_SPY_000146,0.0,11.76001,11.76001,11235.003991,10078.199707,10078.199707,16.729999542236328,0.1381,0.121
sim_2019-02-09_2026-05-21_29c06ed80e5a,2025-06-30,put_credit_spread,SPY,put_credit_spread_SPY_000147,0.0,0.0,0.0,11235.003991,3036.0,3036.0,16.729999542236328,0.1381,0.121
sim_2019-02-09_2026-05-21_29c06ed80e5a,2025-07-01,short_straddle,SPY,short_straddle_SPY_000146,0.0,-0.799805,-0.799805,11234.204187,10078.199707,10078.199707,16.829999923706055,0.1392,0.1203
sim_2019-02-09_2026-05-21_29c06ed80e5a,2025-07-01,put_credit_spread,SPY,put_credit_spread_SPY_000147,0.0,0.0,0.0,11234.204187,3036.0,3036.0,16.829999923706055,0.1392,0.1203
sim_2019-02-09_2026-05-21_29c06ed80e5a,2025-07-02,short_straddle,SPY,short_straddle_SPY_000146,0.0,11.199951,11.199951,11245.404138,10078.199707,10078.199707,16.639999389648438,0.1431,0.1206
sim_2019-02-09_2026-05-21_29c06ed80e5a,2025-07-02,put_credit_spread,SPY,put_credit_spread_SPY_000147,0.0,0.0,0.0,11245.404138,3036.0,3036.0,16.639999389648438,0.1431,0.1206
sim_2019-02-09_2026-05-21_29c06ed80e5a,2025-07-03,short_straddle,SPY,short_straddle_SPY_000146,0.0,19.560059,19.560059,11264.964196,10078.199707,10078.199707,16.3799991607666,0.1384,0.1212
sim_2019-02-09_2026-05-21_29c06ed80e5a,2025-07-03,put_credit_spread,SPY,put_credit_spread_SPY_000147,0.0,0.0,0.0,11264.964196,3036.0,3036.0,16.3799991607666,0.1384,0.1212
sim_2019-02-09_2026-05-21_29c06ed80e5a,2025-07-07,short_straddle,SPY,short_straddle_SPY_000146,0.0,-18.640137,-18.640137,11246.32406,10078.199707,10078.199707,17.790000915527344,0.1512,0.1111
sim_2019-02-09_2026-05-21_29c06ed80e5a,2025-07-07,put_credit_spread,SPY,put_credit_spread_SPY_000147,0.0,0.0,0.0,11246.32406,3036.0,3036.0,17.790000915527344,0.1512,0.1111
sim_2019-02-09_2026-05-21_29c06ed80e5a,2025-07-08,short_straddle,SPY,short_straddle_SPY_000146,0.0,-1.359863,-1.359863,11244.964196,10078.199707,10078.199707,16.809999465942383,0.1426,0.1112
sim_2019-02-09_2026-05-21_29c06ed80e5a,2025-07-08,put_credit_spread,SPY,put_credit_spread_SPY_000147,0.0,0.0,0.0,11244.964196,3036.0,3036.0,16.809999465942383,0.1426,0.1112
sim_2019-02-09_2026-05-21_29c06ed80e5a,2025-07-09,short_straddle,SPY,short_straddle_SPY_000146,-2.9745,13.631763,10.657263,11255.621459,10078.199707,10078.199707,15.9399995803833,0.1337,0.1085
sim_2019-02-09_2026-05-21_29c06ed80e5a,2025-07-09,put_credit_spread,SPY,put_credit_spread_SPY_000147,0.0,0.0,0.0,11255.621459,3036.0,3036.0,15.9399995803833,0.1337,0.1085
sim_2019-02-09_2026-05-21_29c06ed80e5a,2025-07-09,short_straddle,SPY,short_straddle_SPY_000148,-2.9725,0.0,-2.9725,11252.648959,10536.199951,10536.199951,15.9399995803833,0.1337,0.1085
sim_2019-02-09_2026-05-21_29c06ed80e5a,2025-07-10,short_straddle,SPY,short_straddle_SPY_000148,0.0,-2.50328,-2.50328,11250.145679,10536.199951,10536.199951,15.779999732971191,0.1329,0.094
sim_2019-02-09_2026-05-21_29c06ed80e5a,2025-07-10,put_credit_spread,SPY,put_credit_spread_SPY_000147,0.0,0.0,0.0,11250.145679,3036.0,3036.0,15.779999732971191,0.1329,0.094
sim_2019-02-09_2026-05-21_29c06ed80e5a,2025-07-11,short_straddle,SPY,short_straddle_SPY_000148,67.5,-18.535528,48.964472,11299.110152,10536.199951,10536.199951,16.399999618530273,0.1377,0.0926
sim_2019-02-09_2026-05-21_29c06ed80e5a,2025-07-11,put_credit_spread,SPY,put_credit_spread_SPY_000147,678.5,0.0,678.5,11977.610152,3036.0,3036.0,16.399999618530273,0.1377,0.0926
sim_2019-02-09_2026-05-21_29c06ed80e5a,2025-07-11,put_credit_spread,SPY,put_credit_spread_SPY_000149,-2.15475,0.0,-2.15475,11975.455402,2190.5,2190.5,16.399999618530273,0.1377,0.0926
sim_2019-02-09_2026-05-21_29c06ed80e5a,2025-07-14,short_straddle,SPY,short_straddle_SPY_000148,0.0,5.012797,5.012797,11980.468199,10536.199951,10536.199951,17.200000762939453,0.1448,0.0924
sim_2019-02-09_2026-05-21_29c06ed80e5a,2025-07-14,put_credit_spread,SPY,put_credit_spread_SPY_000149,0.0,0.0,0.0,11980.468199,2190.5,2190.5,17.200000762939453,0.1448,0.0924
sim_2019-02-09_2026-05-21_29c06ed80e5a,2025-07-15,short_straddle,SPY,short_straddle_SPY_000148,0.0,-21.359863,-21.359863,11959.108335,10536.199951,10536.199951,17.3799991607666,0.1483,0.0937
sim_2019-02-09_2026-05-21_29c06ed80e5a,2025-07-15,put_credit_spread,SPY,put_credit_spread_SPY_000149,0.0,0.0,0.0,11959.108335,2190.5,2190.5,17.3799991607666,0.1483,0.0937
sim_2019-02-09_2026-05-21_29c06ed80e5a,2025-07-16,short_straddle,SPY,short_straddle_SPY_000148,0.0,16.639648,16.639648,11975.747984,10536.199951,10536.199951,17.15999984741211,0.1446,0.0932
sim_2019-02-09_2026-05-21_29c06ed80e5a,2025-07-16,put_credit_spread,SPY,put_credit_spread_SPY_000149,0.0,0.0,0.0,11975.747984,2190.5,2190.5,17.15999984741211,0.1446,0.0932
sim_2019-02-09_2026-05-21_29c06ed80e5a,2025-07-17,short_straddle,SPY,short_straddle_SPY_000148,0.0,30.560059,30.560059,12006.308042,10536.199951,10536.199951,16.520000457763672,0.1384,0.0933
sim_2019-02-09_2026-05-21_29c06ed80e5a,2025-07-17,put_credit_spread,SPY,put_credit_spread_SPY_000149,0.0,0.0,0.0,12006.308042,2190.5,2190.5,16.520000457763672,0.1384,0.0933
sim_2019-02-09_2026-05-21_29c06ed80e5a,2025-07-18,short_straddle,SPY,short_straddle_SPY_000148,0.0,-3.679688,-3.679688,12002.628355,10536.199951,10536.199951,16.40999984741211,0.1365,0.0934
sim_2019-02-09_2026-05-21_29c06ed80e5a,2025-07-18,put_credit_spread,SPY,put_credit_spread_SPY_000149,0.0,0.0,0.0,12002.628355,2190.5,2190.5,16.40999984741211,0.1365,0.0934
sim_2019-02-09_2026-05-21_29c06ed80e5a,2025-07-21,short_straddle,SPY,short_straddle_SPY_000148,0.0,9.52002,9.52002,12012.148375,10536.199951,10536.199951,16.649999618530273,0.1384,0.0913
sim_2019-02-09_2026-05-21_29c06ed80e5a,2025-07-21,put_credit_spread,SPY,put_credit_spread_SPY_000149,0.0,0.0,0.0,12012.148375,2190.5,2190.5,16.649999618530273,0.1384,0.0913
sim_2019-02-09_2026-05-21_29c06ed80e5a,2025-07-22,short_straddle,SPY,short_straddle_SPY_000148,0.0,0.719727,0.719727,12012.868101,10536.199951,10536.199951,16.5,0.137,0.088
sim_2019-02-09_2026-05-21_29c06ed80e5a,2025-07-22,put_credit_spread,SPY,put_credit_spread_SPY_000149,0.0,0.0,0.0,12012.868101,2190.5,2190.5,16.5,0.137,0.088
sim_2019-02-09_2026-05-21_29c06ed80e5a,2025-07-23,short_straddle,SPY,short_straddle_SPY_000148,0.0,42.800293,42.800293,12055.668394,10536.199951,10536.199951,15.369999885559082,0.1269,0.0902
sim_2019-02-09_2026-05-21_29c06ed80e5a,2025-07-23,put_credit_spread,SPY,put_credit_spread_SPY_000149,0.0,0.0,0.0,12055.668394,2190.5,2190.5,15.369999885559082,0.1269,0.0902
sim_2019-02-09_2026-05-21_29c06ed80e5a,2025-07-24,short_straddle,SPY,short_straddle_SPY_000148,0.0,1.679688,1.679688,12057.348082,10536.199951,10536.199951,15.390000343322754,0.1267,0.0895
sim_2019-02-09_2026-05-21_29c06ed80e5a,2025-07-24,put_credit_spread,SPY,put_credit_spread_SPY_000149,0.0,0.0,0.0,12057.348082,2190.5,2190.5,15.390000343322754,0.1267,0.0895
sim_2019-02-09_2026-05-21_29c06ed80e5a,2025-07-25,short_straddle,SPY,short_straddle_SPY_000148,88.5,5.193892,93.693892,12151.041974,10536.199951,10536.199951,14.93000030517578,0.1218,0.0888
sim_2019-02-09_2026-05-21_29c06ed80e5a,2025-07-25,put_credit_spread,SPY,put_credit_spread_SPY_000149,-148.5,0.0,-148.5,12002.541974,2190.5,2190.5,14.93000030517578,0.1218,0.0888
sim_2019-02-09_2026-05-21_29c06ed80e5a,2025-07-28,short_straddle,SPY,short_straddle_SPY_000148,77.5,-10.712296,66.787704,12069.329678,10536.199951,10536.199951,15.029999732971191,0.124,0.0888
sim_2019-02-09_2026-05-21_29c06ed80e5a,2025-07-28,put_credit_spread,SPY,put_credit_spread_SPY_000149,415.98,0.0,415.98,12485.309678,2190.5,2190.5,15.029999732971191,0.124,0.0888
sim_2019-02-09_2026-05-21_29c06ed80e5a,2025-07-28,put_credit_spread,SPY,put_credit_spread_SPY_000150,-2.122,0.0,-2.122,12483.187678,2256.0,2256.0,15.029999732971191,0.124,0.0888
sim_2019-02-09_2026-05-21_29c06ed80e5a,2025-07-29,short_straddle,SPY,short_straddle_SPY_000148,0.0,-123.309189,-123.309189,12359.878489,10536.199951,10536.199951,15.979999542236328,0.1289,0.081
sim_2019-02-09_2026-05-21_29c06ed80e5a,2025-07-29,put_credit_spread,SPY,put_credit_spread_SPY_000150,0.0,0.0,0.0,12359.878489,2256.0,2256.0,15.979999542236328,0.1289,0.081
sim_2019-02-09_2026-05-21_29c06ed80e5a,2025-07-30,short_straddle,SPY,short_straddle_SPY_000148,0.0,-6.399902,-6.399902,12353.478587,10536.199951,10536.199951,15.479999542236328,0.1302,0.0784
sim_2019-02-09_2026-05-21_29c06ed80e5a,2025-07-30,put_credit_spread,SPY,put_credit_spread_SPY_000150,0.0,0.0,0.0,12353.478587,2256.0,2256.0,15.479999542236328,0.1302,0.0784
sim_2019-02-09_2026-05-21_29c06ed80e5a,2025-07-31,short_straddle,SPY,short_straddle_SPY_000148,0.0,-19.040039,-19.040039,12334.438548,10536.199951,10536.199951,16.719999313354492,0.1376,0.074
sim_2019-02-09_2026-05-21_29c06ed80e5a,2025-07-31,put_credit_spread,SPY,put_credit_spread_SPY_000150,0.0,0.0,0.0,12334.438548,2256.0,2256.0,16.719999313354492,0.1376,0.074
sim_2019-02-09_2026-05-21_29c06ed80e5a,2025-08-01,short_straddle,SPY,short_straddle_SPY_000148,0.0,-82.880371,-82.880371,12251.558177,10536.199951,10536.199951,20.3799991607666,0.1647,0.0911
sim_2019-02-09_2026-05-21_29c06ed80e5a,2025-08-01,put_credit_spread,SPY,put_credit_spread_SPY_000150,0.0,0.0,0.0,12251.558177,2256.0,2256.0,20.3799991607666,0.1647,0.0911
sim_2019-02-09_2026-05-21_29c06ed80e5a,2025-08-04,short_straddle,SPY,short_straddle_SPY_000148,0.0,75.600098,75.600098,12327.158274,10536.199951,10536.199951,17.520000457763672,0.1391,0.0972
sim_2019-02-09_2026-05-21_29c06ed80e5a,2025-08-04,put_credit_spread,SPY,put_credit_spread_SPY_000150,0.0,0.0,0.0,12327.158274,2256.0,2256.0,17.520000457763672,0.1391,0.0972
sim_2019-02-09_2026-05-21_29c06ed80e5a,2025-08-05,short_straddle,SPY,short_straddle_SPY_000148,0.0,-25.600098,-25.600098,12301.558177,10536.199951,10536.199951,17.850000381469727,0.1467,0.0964
sim_2019-02-09_2026-05-21_29c06ed80e5a,2025-08-05,put_credit_spread,SPY,put_credit_spread_SPY_000150,0.0,0.0,0.0,12301.558177,2256.0,2256.0,17.850000381469727,0.1467,0.0964
sim_2019-02-09_2026-05-21_29c06ed80e5a,2025-08-06,short_straddle,SPY,short_straddle_SPY_000148,-2.85575,35.949349,33.093599,12334.651775,10536.199951,10536.199951,16.770000457763672,0.1348,0.094
sim_2019-02-09_2026-05-21_29c06ed80e5a,2025-08-06,put_credit_spread,SPY,put_credit_spread_SPY_000150,0.0,0.0,0.0,12334.651775,2256.0,2256.0,16.770000457763672,0.1348,0.094
sim_2019-02-09_2026-05-21_29c06ed80e5a,2025-08-06,short_straddle,SPY,short_straddle_SPY_000151,-2.98325,0.0,-2.98325,12331.668525,10689.100586,10689.100586,16.770000457763672,0.1348,0.094
sim_2019-02-09_2026-05-21_29c06ed80e5a,2025-08-07,short_straddle,SPY,short_straddle_SPY_000151,0.0,-1.89675,-1.89675,12329.771775,10689.100586,10689.100586,16.56999969482422,0.1353,0.0941
sim_2019-02-09_2026-05-21_29c06ed80e5a,2025-08-07,put_credit_spread,SPY,put_credit_spread_SPY_000150,0.0,0.0,0.0,12329.771775,2256.0,2256.0,16.56999969482422,0.1353,0.0941
sim_2019-02-09_2026-05-21_29c06ed80e5a,2025-08-08,short_straddle,SPY,short_straddle_SPY_000151,0.0,29.579956,29.579956,12359.351731,10689.100586,10689.100586,15.149999618530272,0.1232,0.0941
sim_2019-02-09_2026-05-21_29c06ed80e5a,2025-08-08,put_credit_spread,SPY,put_credit_spread_SPY_000150,92.5,0.0,92.5,12451.851731,2256.0,2256.0,15.149999618530272,0.1232,0.0941
sim_2019-02-09_2026-05-21_29c06ed80e5a,2025-08-11,short_straddle,SPY,short_straddle_SPY_000151,0.0,-7.560059,-7.560059,12444.291673,10689.100586,10689.100586,16.25,0.1312,0.094
sim_2019-02-09_2026-05-21_29c06ed80e5a,2025-08-11,put_credit_spread,SPY,put_credit_spread_SPY_000150,0.0,0.0,0.0,12444.291673,2256.0,2256.0,16.25,0.1312,0.094
sim_2019-02-09_2026-05-21_29c06ed80e5a,2025-08-12,short_straddle,SPY,short_straddle_SPY_000151,0.0,40.620117,40.620117,12484.91179,10689.100586,10689.100586,14.729999542236328,0.1193,0.0974
sim_2019-02-09_2026-05-21_29c06ed80e5a,2025-08-12,put_credit_spread,SPY,put_credit_spread_SPY_000150,0.0,0.0,0.0,12484.91179,2256.0,2256.0,14.729999542236328,0.1193,0.0974
sim_2019-02-09_2026-05-21_29c06ed80e5a,2025-08-13,short_straddle,SPY,short_straddle_SPY_000151,0.0,13.200073,13.200073,12498.111863,10689.100586,10689.100586,14.489999771118164,0.1155,0.0974
sim_2019-02-09_2026-05-21_29c06ed80e5a,2025-08-13,put_credit_spread,SPY,put_credit_spread_SPY_000150,0.0,0.0,0.0,12498.111863,2256.0,2256.0,14.489999771118164,0.1155,0.0974
sim_2019-02-09_2026-05-21_29c06ed80e5a,2025-08-14,short_straddle,SPY,short_straddle_SPY_000151,0.0,0.359985,0.359985,12498.471849,10689.100586,10689.100586,14.829999923706056,0.1179,0.0971
sim_2019-02-09_2026-05-21_29c06ed80e5a,2025-08-14,put_credit_spread,SPY,put_credit_spread_SPY_000150,0.0,0.0,0.0,12498.471849,2256.0,2256.0,14.829999923706056,0.1179,0.0971
sim_2019-02-09_2026-05-21_29c06ed80e5a,2025-08-15,short_straddle,SPY,short_straddle_SPY_000151,0.0,-9.060059,-9.060059,12489.41179,10689.100586,10689.100586,15.09000015258789,0.1207,0.0956
sim_2019-02-09_2026-05-21_29c06ed80e5a,2025-08-15,put_credit_spread,SPY,put_credit_spread_SPY_000150,0.0,0.0,0.0,12489.41179,2256.0,2256.0,15.09000015258789,0.1207,0.0956
sim_2019-02-09_2026-05-21_29c06ed80e5a,2025-08-18,short_straddle,SPY,short_straddle_SPY_000151,0.0,-0.840088,-0.840088,12488.571702,10689.100586,10689.100586,14.989999771118164,0.121,0.0923
sim_2019-02-09_2026-05-21_29c06ed80e5a,2025-08-18,put_credit_spread,SPY,put_credit_spread_SPY_000150,0.0,0.0,0.0,12488.571702,2256.0,2256.0,14.989999771118164,0.121,0.0923
sim_2019-02-09_2026-05-21_29c06ed80e5a,2025-08-19,short_straddle,SPY,short_straddle_SPY_000151,0.0,-20.939941,-20.939941,12467.631761,10689.100586,10689.100586,15.56999969482422,0.1272,0.0941
sim_2019-02-09_2026-05-21_29c06ed80e5a,2025-08-19,put_credit_spread,SPY,put_credit_spread_SPY_000150,0.0,0.0,0.0,12467.631761,2256.0,2256.0,15.56999969482422,0.1272,0.0941
sim_2019-02-09_2026-05-21_29c06ed80e5a,2025-08-20,short_straddle,SPY,short_straddle_SPY_000151,0.0,-10.200073,-10.200073,12457.431687,10689.100586,10689.100586,15.6899995803833,0.1305,0.0935
sim_2019-02-09_2026-05-21_29c06ed80e5a,2025-08-20,put_credit_spread,SPY,put_credit_spread_SPY_000150,0.0,0.0,0.0,12457.431687,2256.0,2256.0,15.6899995803833,0.1305,0.0935
sim_2019-02-09_2026-05-21_29c06ed80e5a,2025-08-21,short_straddle,SPY,short_straddle_SPY_000151,0.0,-15.359985,-15.359985,12442.071702,10689.100586,10689.100586,16.600000381469727,0.1407,0.0943
sim_2019-02-09_2026-05-21_29c06ed80e5a,2025-08-21,put_credit_spread,SPY,put_credit_spread_SPY_000150,0.0,0.0,0.0,12442.071702,2256.0,2256.0,16.600000381469727,0.1407,0.0943
sim_2019-02-09_2026-05-21_29c06ed80e5a,2025-08-22,short_straddle,SPY,short_straddle_SPY_000151,0.0,58.560059,58.560059,12500.631761,10689.100586,10689.100586,14.220000267028809,0.1164,0.1026
sim_2019-02-09_2026-05-21_29c06ed80e5a,2025-08-22,put_credit_spread,SPY,put_credit_spread_SPY_000150,149.5,0.0,149.5,12650.131761,2256.0,2256.0,14.220000267028809,0.1164,0.1026
sim_2019-02-09_2026-05-21_29c06ed80e5a,2025-08-22,put_credit_spread,SPY,put_credit_spread_SPY_000152,-2.13275,0.0,-2.13275,12647.999011,2234.5,2234.5,14.220000267028809,0.1164,0.1026
sim_2019-02-09_2026-05-21_29c06ed80e5a,2025-08-25,short_straddle,SPY,short_straddle_SPY_000151,0.0,-17.040161,-17.040161,12630.95885,10689.100586,10689.100586,14.789999961853027,0.1204,0.1038
sim_2019-02-09_2026-05-21_29c06ed80e5a,2025-08-25,put_credit_spread,SPY,put_credit_spread_SPY_000152,0.0,0.0,0.0,12630.95885,2234.5,2234.5,14.789999961853027,0.1204,0.1038
sim_2019-02-09_2026-05-21_29c06ed80e5a,2025-08-26,short_straddle,SPY,short_straddle_SPY_000151,0.0,16.140015,16.140015,12647.098864,10689.100586,10689.100586,14.619999885559082,,
sim_2019-02-09_2026-05-21_29c06ed80e5a,2025-08-26,put_credit_spread,SPY,put_credit_spread_SPY_000152,0.0,0.0,0.0,12647.098864,2234.5,2234.5,14.619999885559082,,
sim_2019-02-09_2026-05-21_29c06ed80e5a,2025-08-27,short_straddle,SPY,short_straddle_SPY_000151,0.0,8.82019,8.82019,12655.919055,10689.100586,10689.100586,14.850000381469728,0.1186,0.1029
sim_2019-02-09_2026-05-21_29c06ed80e5a,2025-08-27,put_credit_spread,SPY,put_credit_spread_SPY_000152,0.0,0.0,0.0,12655.919055,2234.5,2234.5,14.850000381469728,0.1186,0.1029
sim_2019-02-09_2026-05-21_29c06ed80e5a,2025-08-28,short_straddle,SPY,short_straddle_SPY_000151,0.0,13.739868,13.739868,12669.658923,10689.100586,10689.100586,14.43000030517578,0.113,0.1021
sim_2019-02-09_2026-05-21_29c06ed80e5a,2025-08-28,put_credit_spread,SPY,put_credit_spread_SPY_000152,0.0,0.0,0.0,12669.658923,2234.5,2234.5,14.43000030517578,0.113,0.1021
sim_2019-02-09_2026-05-21_29c06ed80e5a,2025-08-29,short_straddle,SPY,short_straddle_SPY_000151,0.0,-23.219971,-23.219971,12646.438952,10689.100586,10689.100586,15.359999656677246,0.1186,0.104
sim_2019-02-09_2026-05-21_29c06ed80e5a,2025-08-29,put_credit_spread,SPY,put_credit_spread_SPY_000152,0.0,0.0,0.0,12646.438952,2234.5,2234.5,15.359999656677246,0.1186,0.104
sim_2019-02-09_2026-05-21_29c06ed80e5a,2025-09-02,short_straddle,SPY,short_straddle_SPY_000151,0.0,-28.67981,-28.67981,12617.759143,10689.100586,10689.100586,17.170000076293945,0.1366,0.1067
sim_2019-02-09_2026-05-21_29c06ed80e5a,2025-09-02,put_credit_spread,SPY,put_credit_spread_SPY_000152,0.0,0.0,0.0,12617.759143,2234.5,2234.5,17.170000076293945,0.1366,0.1067
sim_2019-02-09_2026-05-21_29c06ed80e5a,2025-09-03,short_straddle,SPY,short_straddle_SPY_000151,-2.98325,18.888604,15.905354,12633.664497,10689.100586,10689.100586,16.350000381469727,0.1299,0.1076
sim_2019-02-09_2026-05-21_29c06ed80e5a,2025-09-03,put_credit_spread,SPY,put_credit_spread_SPY_000152,0.0,0.0,0.0,12633.664497,2234.5,2234.5,16.350000381469727,0.1299,0.1076
sim_2019-02-09_2026-05-21_29c06ed80e5a,2025-09-03,short_straddle,SPY,short_straddle_SPY_000153,-2.869,0.0,-2.869,12630.795497,11136.799805,11136.799805,16.350000381469727,0.1299,0.1076
sim_2019-02-09_2026-05-21_29c06ed80e5a,2025-09-04,short_straddle,SPY,short_straddle_SPY_000153,0.0,-0.32456,-0.32456,12630.470937,11136.799805,11136.799805,15.300000190734863,0.1226,0.1075
sim_2019-02-09_2026-05-21_29c06ed80e5a,2025-09-04,put_credit_spread,SPY,put_credit_spread_SPY_000152,0.0,0.0,0.0,12630.470937,2234.5,2234.5,15.300000190734863,0.1226,0.1075
sim_2019-02-09_2026-05-21_29c06ed80e5a,2025-09-05,short_straddle,SPY,short_straddle_SPY_000153,0.0,-1.880005,-1.880005,12628.590932,11136.799805,11136.799805,15.18000030517578,0.1197,0.1081
sim_2019-02-09_2026-05-21_29c06ed80e5a,2025-09-05,put_credit_spread,SPY,put_credit_spread_SPY_000152,0.0,0.0,0.0,12628.590932,2234.5,2234.5,15.18000030517578,0.1197,0.1081
sim_2019-02-09_2026-05-21_29c06ed80e5a,2025-09-08,short_straddle,SPY,short_straddle_SPY_000153,0.0,1.590027,1.590027,12630.180959,11136.799805,11136.799805,15.109999656677246,0.1209,0.1077
sim_2019-02-09_2026-05-21_29c06ed80e5a,2025-09-08,put_credit_spread,SPY,put_credit_spread_SPY_000152,0.0,0.0,0.0,12630.180959,2234.5,2234.5,15.109999656677246,0.1209,0.1077
sim_2019-02-09_2026-05-21_29c06ed80e5a,2025-09-09,short_straddle,SPY,short_straddle_SPY_000153,0.0,1.5,1.5,12631.680959,11136.799805,11136.799805,15.039999961853027,0.119,0.1078
sim_2019-02-09_2026-05-21_29c06ed80e5a,2025-09-09,put_credit_spread,SPY,put_credit_spread_SPY_000152,0.0,0.0,0.0,12631.680959,2234.5,2234.5,15.039999961853027,0.119,0.1078
sim_2019-02-09_2026-05-21_29c06ed80e5a,2025-09-10,short_straddle,SPY,short_straddle_SPY_000153,0.0,1.880005,1.880005,12633.560964,11136.799805,11136.799805,15.350000381469728,0.1191,0.1075
sim_2019-02-09_2026-05-21_29c06ed80e5a,2025-09-10,put_credit_spread,SPY,put_credit_spread_SPY_000152,0.0,0.0,0.0,12633.560964,2234.5,2234.5,15.350000381469728,0.1191,0.1075
sim_2019-02-09_2026-05-21_29c06ed80e5a,2025-09-11,short_straddle,SPY,short_straddle_SPY_000153,0.0,5.419983,5.419983,12638.980947,11136.799805,11136.799805,14.710000038146973,0.1167,0.1094
sim_2019-02-09_2026-05-21_29c06ed80e5a,2025-09-11,put_credit_spread,SPY,put_credit_spread_SPY_000152,0.0,0.0,0.0,12638.980947,2234.5,2234.5,14.710000038146973,0.1167,0.1094
sim_2019-02-09_2026-05-21_29c06ed80e5a,2025-09-12,short_straddle,SPY,short_straddle_SPY_000153,0.0,-0.220032,-0.220032,12638.760915,11136.799805,11136.799805,14.760000228881836,0.1168,0.1085
sim_2019-02-09_2026-05-21_29c06ed80e5a,2025-09-12,put_credit_spread,SPY,put_credit_spread_SPY_000152,0.0,0.0,0.0,12638.760915,2234.5,2234.5,14.760000228881836,0.1168,0.1085
sim_2019-02-09_2026-05-21_29c06ed80e5a,2025-09-15,short_straddle,SPY,short_straddle_SPY_000153,0.0,3.5,3.5,12642.260915,11136.799805,11136.799805,15.6899995803833,0.1233,0.0949
sim_2019-02-09_2026-05-21_29c06ed80e5a,2025-09-15,put_credit_spread,SPY,put_credit_spread_SPY_000152,0.0,0.0,0.0,12642.260915,2234.5,2234.5,15.6899995803833,0.1233,0.0949
sim_2019-02-09_2026-05-21_29c06ed80e5a,2025-09-16,short_straddle,SPY,short_straddle_SPY_000153,0.0,-0.909973,-0.909973,12641.350942,11136.799805,11136.799805,16.360000610351562,0.1296,0.0868
sim_2019-02-09_2026-05-21_29c06ed80e5a,2025-09-16,put_credit_spread,SPY,put_credit_spread_SPY_000152,0.0,0.0,0.0,12641.350942,2234.5,2234.5,16.360000610351562,0.1296,0.0868
sim_2019-02-09_2026-05-21_29c06ed80e5a,2025-09-17,short_straddle,SPY,short_straddle_SPY_000153,0.0,-0.820007,-0.820007,12640.530934,11136.799805,11136.799805,15.720000267028809,0.1248,0.085
sim_2019-02-09_2026-05-21_29c06ed80e5a,2025-09-17,put_credit_spread,SPY,put_credit_spread_SPY_000152,0.0,0.0,0.0,12640.530934,2234.5,2234.5,15.720000267028809,0.1248,0.085
sim_2019-02-09_2026-05-21_29c06ed80e5a,2025-09-18,short_straddle,SPY,short_straddle_SPY_000153,0.0,3.080017,3.080017,12643.610951,11136.799805,11136.799805,15.699999809265137,0.1247,0.0836
sim_2019-02-09_2026-05-21_29c06ed80e5a,2025-09-18,put_credit_spread,SPY,put_credit_spread_SPY_000152,0.0,0.0,0.0,12643.610951,2234.5,2234.5,15.699999809265137,0.1247,0.0836
sim_2019-02-09_2026-05-21_29c06ed80e5a,2025-09-19,short_straddle,SPY,short_straddle_SPY_000153,0.0,1.440002,1.440002,12645.050954,11136.799805,11136.799805,15.449999809265137,0.1257,0.0833
sim_2019-02-09_2026-05-21_29c06ed80e5a,2025-09-19,put_credit_spread,SPY,put_credit_spread_SPY_000152,263.5,0.0,263.5,12908.550954,2234.5,2234.5,15.449999809265137,0.1257,0.0833
sim_2019-02-09_2026-05-21_29c06ed80e5a,2025-09-19,put_credit_spread,SPY,put_credit_spread_SPY_000154,-2.1385,0.0,-2.1385,12906.412454,2323.0,2323.0,15.449999809265137,0.1257,0.0833
sim_2019-02-09_2026-05-21_29c06ed80e5a,2025-09-22,short_straddle,SPY,short_straddle_SPY_000153,0.0,3.140015,3.140015,12909.552469,11136.799805,11136.799805,16.100000381469727,0.1315,0.0818
sim_2019-02-09_2026-05-21_29c06ed80e5a,2025-09-22,put_credit_spread,SPY,put_credit_spread_SPY_000154,0.0,0.0,0.0,12909.552469,2323.0,2323.0,16.100000381469727,0.1315,0.0818
sim_2019-02-09_2026-05-21_29c06ed80e5a,2025-09-23,short_straddle,SPY,short_straddle_SPY_000153,0.0,-3.630005,-3.630005,12905.922464,11136.799805,11136.799805,16.639999389648438,0.1368,0.0837
sim_2019-02-09_2026-05-21_29c06ed80e5a,2025-09-23,put_credit_spread,SPY,put_credit_spread_SPY_000154,0.0,0.0,0.0,12905.922464,2323.0,2323.0,16.639999389648438,0.1368,0.0837
sim_2019-02-09_2026-05-21_29c06ed80e5a,2025-09-24,short_straddle,SPY,short_straddle_SPY_000153,0.0,-2.110046,-2.110046,12903.812417,11136.799805,11136.799805,16.18000030517578,0.1344,0.08
sim_2019-02-09_2026-05-21_29c06ed80e5a,2025-09-24,put_credit_spread,SPY,put_credit_spread_SPY_000154,0.0,0.0,0.0,12903.812417,2323.0,2323.0,16.18000030517578,0.1344,0.08
sim_2019-02-09_2026-05-21_29c06ed80e5a,2025-09-25,short_straddle,SPY,short_straddle_SPY_000153,0.0,-3.049988,-3.049988,12900.762429,11136.799805,11136.799805,16.739999771118164,0.1385,0.0812
sim_2019-02-09_2026-05-21_29c06ed80e5a,2025-09-25,put_credit_spread,SPY,put_credit_spread_SPY_000154,0.0,0.0,0.0,12900.762429,2323.0,2323.0,16.739999771118164,0.1385,0.0812
sim_2019-02-09_2026-05-21_29c06ed80e5a,2025-09-26,short_straddle,SPY,short_straddle_SPY_000153,0.0,3.77002,3.77002,12904.532449,11136.799805,11136.799805,15.289999961853027,0.1272,0.0825
sim_2019-02-09_2026-05-21_29c06ed80e5a,2025-09-26,put_credit_spread,SPY,put_credit_spread_SPY_000154,0.0,0.0,0.0,12904.532449,2323.0,2323.0,15.289999961853027,0.1272,0.0825
sim_2019-02-09_2026-05-21_29c06ed80e5a,2025-09-29,short_straddle,SPY,short_straddle_SPY_000153,-2.869,1.528145,-1.340855,12903.191594,11136.799805,11136.799805,16.1200008392334,0.1316,0.0821
sim_2019-02-09_2026-05-21_29c06ed80e5a,2025-09-29,put_credit_spread,SPY,put_credit_spread_SPY_000154,0.0,0.0,0.0,12903.191594,2323.0,2323.0,16.1200008392334,0.1316,0.0821
sim_2019-02-09_2026-05-21_29c06ed80e5a,2025-09-29,short_straddle,SPY,short_straddle_SPY_000155,-2.88075,0.0,-2.88075,12900.310844,11512.099854,11512.099854,16.1200008392334,0.1316,0.0821
sim_2019-02-09_2026-05-21_29c06ed80e5a,2025-09-30,short_straddle,SPY,short_straddle_SPY_000155,0.0,-1.99854,-1.99854,12898.312304,11512.099854,11512.099854,16.280000686645508,0.131,0.0824
sim_2019-02-09_2026-05-21_29c06ed80e5a,2025-09-30,put_credit_spread,SPY,put_credit_spread_SPY_000154,0.0,0.0,0.0,12898.312304,2323.0,2323.0,16.280000686645508,0.131,0.0824
sim_2019-02-09_2026-05-21_29c06ed80e5a,2025-10-01,short_straddle,SPY,short_straddle_SPY_000155,0.0,13.620117,13.620117,12911.932422,11512.099854,11512.099854,16.290000915527344,0.1315,0.0802
sim_2019-02-09_2026-05-21_29c06ed80e5a,2025-10-01,put_credit_spread,SPY,put_credit_spread_SPY_000154,0.0,0.0,0.0,12911.932422,2323.0,2323.0,16.290000915527344,0.1315,0.0802
sim_2019-02-09_2026-05-21_29c06ed80e5a,2025-10-02,short_straddle,SPY,short_straddle_SPY_000155,0.0,4.619751,4.619751,12916.552173,11512.099854,11512.099854,16.6299991607666,0.1349,0.0793
sim_2019-02-09_2026-05-21_29c06ed80e5a,2025-10-02,put_credit_spread,SPY,put_credit_spread_SPY_000154,0.0,0.0,0.0,12916.552173,2323.0,2323.0,16.6299991607666,0.1349,0.0793
sim_2019-02-09_2026-05-21_29c06ed80e5a,2025-10-03,short_straddle,SPY,short_straddle_SPY_000155,0.0,-0.059692,-0.059692,12916.49248,11512.099854,11512.099854,16.649999618530273,0.1336,0.0776
sim_2019-02-09_2026-05-21_29c06ed80e5a,2025-10-03,put_credit_spread,SPY,put_credit_spread_SPY_000154,0.0,0.0,0.0,12916.49248,2323.0,2323.0,16.649999618530273,0.1336,0.0776
sim_2019-02-09_2026-05-21_29c06ed80e5a,2025-10-06,short_straddle,SPY,short_straddle_SPY_000155,0.0,14.39978,14.39978,12930.89226,11512.099854,11512.099854,16.3700008392334,0.1332,0.0666
sim_2019-02-09_2026-05-21_29c06ed80e5a,2025-10-06,put_credit_spread,SPY,put_credit_spread_SPY_000154,0.0,0.0,0.0,12930.89226,2323.0,2323.0,16.3700008392334,0.1332,0.0666
sim_2019-02-09_2026-05-21_29c06ed80e5a,2025-10-07,short_straddle,SPY,short_straddle_SPY_000155,0.0,-14.939941,-14.939941,12915.952319,11512.099854,11512.099854,17.239999771118164,0.1415,0.0661
sim_2019-02-09_2026-05-21_29c06ed80e5a,2025-10-07,put_credit_spread,SPY,put_credit_spread_SPY_000154,0.0,0.0,0.0,12915.952319,2323.0,2323.0,17.239999771118164,0.1415,0.0661
sim_2019-02-09_2026-05-21_29c06ed80e5a,2025-10-08,short_straddle,SPY,short_straddle_SPY_000155,0.0,23.939941,23.939941,12939.89226,11512.099854,11512.099854,16.299999237060547,0.1324,0.0669
sim_2019-02-09_2026-05-21_29c06ed80e5a,2025-10-08,put_credit_spread,SPY,put_credit_spread_SPY_000154,0.0,0.0,0.0,12939.89226,2323.0,2323.0,16.299999237060547,0.1324,0.0669
sim_2019-02-09_2026-05-21_29c06ed80e5a,2025-10-09,short_straddle,SPY,short_straddle_SPY_000155,0.0,-11.700073,-11.700073,12928.192187,11512.099854,11512.099854,16.43000030517578,0.1345,0.068
sim_2019-02-09_2026-05-21_29c06ed80e5a,2025-10-09,put_credit_spread,SPY,put_credit_spread_SPY_000154,0.0,0.0,0.0,12928.192187,2323.0,2323.0,16.43000030517578,0.1345,0.068
sim_2019-02-09_2026-05-21_29c06ed80e5a,2025-10-10,short_straddle,SPY,short_straddle_SPY_000155,0.0,-108.839722,-108.839722,12819.352465,11512.099854,11512.099854,21.65999984741211,0.1821,0.1069
sim_2019-02-09_2026-05-21_29c06ed80e5a,2025-10-10,put_credit_spread,SPY,put_credit_spread_SPY_000154,0.0,0.0,0.0,12819.352465,2323.0,2323.0,21.65999984741211,0.1821,0.1069
sim_2019-02-09_2026-05-21_29c06ed80e5a,2025-10-13,short_straddle,SPY,short_straddle_SPY_000155,0.0,60.119751,60.119751,12879.472216,11512.099854,11512.099854,19.030000686645508,0.1542,0.1137
sim_2019-02-09_2026-05-21_29c06ed80e5a,2025-10-13,put_credit_spread,SPY,put_credit_spread_SPY_000154,0.0,0.0,0.0,12879.472216,2323.0,2323.0,19.030000686645508,0.1542,0.1137
sim_2019-02-09_2026-05-21_29c06ed80e5a,2025-10-14,short_straddle,SPY,short_straddle_SPY_000155,0.0,-4.859985,-4.859985,12874.612231,11512.099854,11512.099854,20.809999465942383,0.1646,0.1111
sim_2019-02-09_2026-05-21_29c06ed80e5a,2025-10-14,put_credit_spread,SPY,put_credit_spread_SPY_000154,0.0,0.0,0.0,12874.612231,2323.0,2323.0,20.809999465942383,0.1646,0.1111
sim_2019-02-09_2026-05-21_29c06ed80e5a,2025-10-15,short_straddle,SPY,short_straddle_SPY_000155,0.0,17.640015,17.640015,12892.252246,11512.099854,11512.099854,20.63999938964844,0.165,0.1108
sim_2019-02-09_2026-05-21_29c06ed80e5a,2025-10-15,put_credit_spread,SPY,put_credit_spread_SPY_000154,0.0,0.0,0.0,12892.252246,2323.0,2323.0,20.63999938964844,0.165,0.1108
sim_2019-02-09_2026-05-21_29c06ed80e5a,2025-10-16,short_straddle,SPY,short_straddle_SPY_000155,0.0,-27.17981,-27.17981,12865.072436,11512.099854,11512.099854,25.309999465942383,0.1957,0.1109
sim_2019-02-09_2026-05-21_29c06ed80e5a,2025-10-16,put_credit_spread,SPY,put_credit_spread_SPY_000154,0.0,0.0,0.0,12865.072436,2323.0,2323.0,25.309999465942383,0.1957,0.1109
sim_2019-02-09_2026-05-21_29c06ed80e5a,2025-10-17,short_straddle,SPY,short_straddle_SPY_000155,0.0,22.5,22.5,12887.572436,11512.099854,11512.099854,20.780000686645508,0.1684,0.1114
sim_2019-02-09_2026-05-21_29c06ed80e5a,2025-10-17,put_credit_spread,SPY,put_credit_spread_SPY_000154,275.0,0.0,275.0,13162.572436,2323.0,2323.0,20.780000686645508,0.1684,0.1114
sim_2019-02-09_2026-05-21_29c06ed80e5a,2025-10-17,put_credit_spread,SPY,put_credit_spread_SPY_000156,-2.2465,0.0,-2.2465,13160.325936,3907.0,3907.0,20.780000686645508,0.1684,0.1114
sim_2019-02-09_2026-05-21_29c06ed80e5a,2025-10-20,short_straddle,SPY,short_straddle_SPY_000155,0.0,41.459839,41.459839,13201.785775,11512.099854,11512.099854,18.229999542236328,0.1466,0.1147
sim_2019-02-09_2026-05-21_29c06ed80e5a,2025-10-20,put_credit_spread,SPY,put_credit_spread_SPY_000156,414.46175,0.0,414.46175,13616.247525,3907.0,3907.0,18.229999542236328,0.1466,0.1147
sim_2019-02-09_2026-05-21_29c06ed80e5a,2025-10-20,put_credit_spread,SPY,put_credit_spread_SPY_000157,-2.196,0.0,-2.196,13614.051525,3408.0,3408.0,18.229999542236328,0.1466,0.1147
sim_2019-02-09_2026-05-21_29c06ed80e5a,2025-10-21,short_straddle,SPY,short_straddle_SPY_000155,0.0,-0.060059,-0.060059,13613.991466,11512.099854,11512.099854,17.8700008392334,0.1429,0.1146
sim_2019-02-09_2026-05-21_29c06ed80e5a,2025-10-21,put_credit_spread,SPY,put_credit_spread_SPY_000157,0.0,0.0,0.0,13613.991466,3408.0,3408.0,17.8700008392334,0.1429,0.1146
sim_2019-02-09_2026-05-21_29c06ed80e5a,2025-10-22,short_straddle,SPY,short_straddle_SPY_000155,-2.88075,-22.943341,-25.824091,13588.167375,11512.099854,11512.099854,18.600000381469727,0.1516,0.1159
sim_2019-02-09_2026-05-21_29c06ed80e5a,2025-10-22,put_credit_spread,SPY,put_credit_spread_SPY_000157,0.0,0.0,0.0,13588.167375,3408.0,3408.0,18.600000381469727,0.1516,0.1159
sim_2019-02-09_2026-05-21_29c06ed80e5a,2025-10-22,short_straddle,SPY,short_straddle_SPY_000158,-3.1645,0.0,-3.1645,13585.002875,11026.999756,11026.999756,18.600000381469727,0.1516,0.1159
sim_2019-02-09_2026-05-21_29c06ed80e5a,2025-10-23,short_straddle,SPY,short_straddle_SPY_000158,0.0,-2.35116,-2.35116,13582.651715,11026.999756,11026.999756,17.299999237060547,0.1406,0.1148
sim_2019-02-09_2026-05-21_29c06ed80e5a,2025-10-23,put_credit_spread,SPY,put_credit_spread_SPY_000157,0.0,0.0,0.0,13582.651715,3408.0,3408.0,17.299999237060547,0.1406,0.1148
sim_2019-02-09_2026-05-21_29c06ed80e5a,2025-10-24,short_straddle,SPY,short_straddle_SPY_000158,0.0,38.429932,38.429932,13621.081647,11026.999756,11026.999756,16.3700008392334,0.1318,0.1167
sim_2019-02-09_2026-05-21_29c06ed80e5a,2025-10-24,put_credit_spread,SPY,put_credit_spread_SPY_000157,0.0,0.0,0.0,13621.081647,3408.0,3408.0,16.3700008392334,0.1318,0.1167
sim_2019-02-09_2026-05-21_29c06ed80e5a,2025-10-27,short_straddle,SPY,short_straddle_SPY_000158,0.0,55.929932,55.929932,13677.011578,11026.999756,11026.999756,15.789999961853027,0.1303,0.1202
sim_2019-02-09_2026-05-21_29c06ed80e5a,2025-10-27,put_credit_spread,SPY,put_credit_spread_SPY_000157,0.0,0.0,0.0,13677.011578,3408.0,3408.0,15.789999961853027,0.1303,0.1202
sim_2019-02-09_2026-05-21_29c06ed80e5a,2025-10-28,short_straddle,SPY,short_straddle_SPY_000158,0.0,12.740051,12.740051,13689.75163,11026.999756,11026.999756,16.420000076293945,0.1379,0.12
sim_2019-02-09_2026-05-21_29c06ed80e5a,2025-10-28,put_credit_spread,SPY,put_credit_spread_SPY_000157,0.0,0.0,0.0,13689.75163,3408.0,3408.0,16.420000076293945,0.1379,0.12
sim_2019-02-09_2026-05-21_29c06ed80e5a,2025-10-29,short_straddle,SPY,short_straddle_SPY_000158,0.0,2.31012,2.31012,13692.061749,11026.999756,11026.999756,16.920000076293945,0.1439,0.1198
sim_2019-02-09_2026-05-21_29c06ed80e5a,2025-10-29,put_credit_spread,SPY,put_credit_spread_SPY_000157,0.0,0.0,0.0,13692.061749,3408.0,3408.0,16.920000076293945,0.1439,0.1198
sim_2019-02-09_2026-05-21_29c06ed80e5a,2025-10-30,short_straddle,SPY,short_straddle_SPY_000158,0.0,-52.919983,-52.919983,13639.141766,11026.999756,11026.999756,16.90999984741211,0.1491,0.1247
sim_2019-02-09_2026-05-21_29c06ed80e5a,2025-10-30,put_credit_spread,SPY,put_credit_spread_SPY_000157,0.0,0.0,0.0,13639.141766,3408.0,3408.0,16.90999984741211,0.1491,0.1247
sim_2019-02-09_2026-05-21_29c06ed80e5a,2025-10-31,short_straddle,SPY,short_straddle_SPY_000158,0.0,15.609863,15.609863,13654.75163,11026.999756,11026.999756,17.440000534057617,0.1483,0.1248
sim_2019-02-09_2026-05-21_29c06ed80e5a,2025-10-31,put_credit_spread,SPY,put_credit_spread_SPY_000157,0.0,0.0,0.0,13654.75163,3408.0,3408.0,17.440000534057617,0.1483,0.1248
sim_2019-02-09_2026-05-21_29c06ed80e5a,2025-11-03,short_straddle,SPY,short_straddle_SPY_000158,0.0,8.960205,8.960205,13663.711835,11026.999756,11026.999756,17.170000076293945,0.1457,0.1243
sim_2019-02-09_2026-05-21_29c06ed80e5a,2025-11-03,put_credit_spread,SPY,put_credit_spread_SPY_000157,0.0,0.0,0.0,13663.711835,3408.0,3408.0,17.170000076293945,0.1457,0.1243
sim_2019-02-09_2026-05-21_29c06ed80e5a,2025-11-04,short_straddle,SPY,short_straddle_SPY_000158,0.0,-56.700256,-56.700256,13607.011578,11026.999756,11026.999756,19.0,0.1578,0.1285
sim_2019-02-09_2026-05-21_29c06ed80e5a,2025-11-04,put_credit_spread,SPY,put_credit_spread_SPY_000157,0.0,0.0,0.0,13607.011578,3408.0,3408.0,19.0,0.1578,0.1285
sim_2019-02-09_2026-05-21_29c06ed80e5a,2025-11-05,short_straddle,SPY,short_straddle_SPY_000158,0.0,16.380188,16.380188,13623.391766,11026.999756,11026.999756,18.010000228881836,0.1492,0.1282
sim_2019-02-09_2026-05-21_29c06ed80e5a,2025-11-05,put_credit_spread,SPY,put_credit_spread_SPY_000157,0.0,0.0,0.0,13623.391766,3408.0,3408.0,18.010000228881836,0.1492,0.1282
sim_2019-02-09_2026-05-21_29c06ed80e5a,2025-11-06,short_straddle,SPY,short_straddle_SPY_000158,0.0,-50.890137,-50.890137,13572.50163,11026.999756,11026.999756,19.5,0.165,0.1317
sim_2019-02-09_2026-05-21_29c06ed80e5a,2025-11-06,put_credit_spread,SPY,put_credit_spread_SPY_000157,0.0,0.0,0.0,13572.50163,3408.0,3408.0,19.5,0.165,0.1317
sim_2019-02-09_2026-05-21_29c06ed80e5a,2025-11-07,short_straddle,SPY,short_straddle_SPY_000158,0.0,4.619812,4.619812,13577.121442,11026.999756,11026.999756,19.07999992370605,0.1618,0.1308
sim_2019-02-09_2026-05-21_29c06ed80e5a,2025-11-07,put_credit_spread,SPY,put_credit_spread_SPY_000157,0.0,0.0,0.0,13577.121442,3408.0,3408.0,19.07999992370605,0.1618,0.1308
sim_2019-02-09_2026-05-21_29c06ed80e5a,2025-11-10,short_straddle,SPY,short_straddle_SPY_000158,315.0,56.935662,371.935662,13949.057104,11026.999756,11026.999756,17.600000381469727,0.1465,0.1378
sim_2019-02-09_2026-05-21_29c06ed80e5a,2025-11-10,put_credit_spread,SPY,put_credit_spread_SPY_000157,0.0,0.0,0.0,13949.057104,3408.0,3408.0,17.600000381469727,0.1465,0.1378
sim_2019-02-09_2026-05-21_29c06ed80e5a,2025-11-11,short_straddle,SPY,short_straddle_SPY_000158,0.0,69.407866,69.407866,14018.464969,11026.999756,11026.999756,17.280000686645508,0.1442,0.1376
sim_2019-02-09_2026-05-21_29c06ed80e5a,2025-11-11,put_credit_spread,SPY,put_credit_spread_SPY_000157,0.0,0.0,0.0,14018.464969,3408.0,3408.0,17.280000686645508,0.1442,0.1376
sim_2019-02-09_2026-05-21_29c06ed80e5a,2025-11-12,short_straddle,SPY,short_straddle_SPY_000158,0.0,2.660034,2.660034,14021.125004,11026.999756,11026.999756,17.510000228881836,0.1459,0.1374
sim_2019-02-09_2026-05-21_29c06ed80e5a,2025-11-12,put_credit_spread,SPY,put_credit_spread_SPY_000157,0.0,0.0,0.0,14021.125004,3408.0,3408.0,17.510000228881836,0.1459,0.1374
sim_2019-02-09_2026-05-21_29c06ed80e5a,2025-11-13,short_straddle,SPY,short_straddle_SPY_000158,0.0,-79.380188,-79.380188,13941.744816,11026.999756,11026.999756,20.0,0.1698,0.1464
sim_2019-02-09_2026-05-21_29c06ed80e5a,2025-11-13,put_credit_spread,SPY,put_credit_spread_SPY_000157,0.0,0.0,0.0,13941.744816,3408.0,3408.0,20.0,0.1698,0.1464
sim_2019-02-09_2026-05-21_29c06ed80e5a,2025-11-14,short_straddle,SPY,short_straddle_SPY_000158,0.0,-0.769897,-0.769897,13940.974918,11026.999756,11026.999756,19.82999992370605,0.1685,0.1464
sim_2019-02-09_2026-05-21_29c06ed80e5a,2025-11-14,put_credit_spread,SPY,put_credit_spread_SPY_000157,390.0,0.0,390.0,14330.974918,3408.0,3408.0,19.82999992370605,0.1685,0.1464
sim_2019-02-09_2026-05-21_29c06ed80e5a,2025-11-14,put_credit_spread,SPY,put_credit_spread_SPY_000159,-2.24225,0.0,-2.24225,14328.732668,3315.5,3315.5,19.82999992370605,0.1685,0.1464
sim_2019-02-09_2026-05-21_29c06ed80e5a,2025-11-17,short_straddle,SPY,short_straddle_SPY_000158,0.0,-43.820068,-43.820068,14284.9126,11026.999756,11026.999756,22.3799991607666,0.1878,0.1485
sim_2019-02-09_2026-05-21_29c06ed80e5a,2025-11-17,put_credit_spread,SPY,put_credit_spread_SPY_000159,0.0,0.0,0.0,14284.9126,3315.5,3315.5,22.3799991607666,0.1878,0.1485
sim_2019-02-09_2026-05-21_29c06ed80e5a,2025-11-18,short_straddle,SPY,short_straddle_SPY_000158,0.0,-39.129761,-39.129761,14245.782839,11026.999756,11026.999756,24.690000534057617,0.2017,0.1501
sim_2019-02-09_2026-05-21_29c06ed80e5a,2025-11-18,put_credit_spread,SPY,put_credit_spread_SPY_000159,0.0,0.0,0.0,14245.782839,3315.5,3315.5,24.690000534057617,0.2017,0.1501
sim_2019-02-09_2026-05-21_29c06ed80e5a,2025-11-19,short_straddle,SPY,short_straddle_SPY_000158,-3.007,15.53071,12.52371,14258.306549,11026.999756,11026.999756,23.65999984741211,0.1963,0.1494
sim_2019-02-09_2026-05-21_29c06ed80e5a,2025-11-19,put_credit_spread,SPY,put_credit_spread_SPY_000159,0.0,0.0,0.0,14258.306549,3315.5,3315.5,23.65999984741211,0.1963,0.1494
sim_2019-02-09_2026-05-21_29c06ed80e5a,2025-11-19,short_straddle,SPY,short_straddle_SPY_000160,-3.48625,0.0,-3.48625,14254.820299,10280.100098,10280.100098,23.65999984741211,0.1963,0.1494
sim_2019-02-09_2026-05-21_29c06ed80e5a,2025-11-20,short_straddle,SPY,short_straddle_SPY_000160,0.0,-0.65253,-0.65253,14254.167769,10280.100098,10280.100098,26.420000076293945,0.2183,0.1554
sim_2019-02-09_2026-05-21_29c06ed80e5a,2025-11-20,put_credit_spread,SPY,put_credit_spread_SPY_000159,0.0,0.0,0.0,14254.167769,3315.5,3315.5,26.420000076293945,0.2183,0.1554
sim_2019-02-09_2026-05-21_29c06ed80e5a,2025-11-21,short_straddle,SPY,short_straddle_SPY_000160,0.0,13.0,13.0,14267.167769,10280.100098,10280.100098,23.43000030517578,0.1948,0.1367
sim_2019-02-09_2026-05-21_29c06ed80e5a,2025-11-21,put_credit_spread,SPY,put_credit_spread_SPY_000159,0.0,0.0,0.0,14267.167769,3315.5,3315.5,23.43000030517578,0.1948,0.1367
sim_2019-02-09_2026-05-21_29c06ed80e5a,2025-11-24,short_straddle,SPY,short_straddle_SPY_000160,0.0,19.399902,19.399902,14286.567671,10280.100098,10280.100098,20.520000457763672,0.1672,0.1361
sim_2019-02-09_2026-05-21_29c06ed80e5a,2025-11-24,put_credit_spread,SPY,put_credit_spread_SPY_000159,0.0,0.0,0.0,14286.567671,3315.5,3315.5,20.520000457763672,0.1672,0.1361
sim_2019-02-09_2026-05-21_29c06ed80e5a,2025-11-25,short_straddle,SPY,short_straddle_SPY_000160,0.0,12.580078,12.580078,14299.147749,10280.100098,10280.100098,18.559999465942383,0.1489,0.1385
sim_2019-02-09_2026-05-21_29c06ed80e5a,2025-11-25,put_credit_spread,SPY,put_credit_spread_SPY_000159,0.0,0.0,0.0,14299.147749,3315.5,3315.5,18.559999465942383,0.1489,0.1385
sim_2019-02-09_2026-05-21_29c06ed80e5a,2025-11-26,short_straddle,SPY,short_straddle_SPY_000160,0.0,9.319946,9.319946,14308.467695,10280.100098,10280.100098,17.190000534057617,0.1413,0.1393
sim_2019-02-09_2026-05-21_29c06ed80e5a,2025-11-26,put_credit_spread,SPY,put_credit_spread_SPY_000159,0.0,0.0,0.0,14308.467695,3315.5,3315.5,17.190000534057617,0.1413,0.1393
sim_2019-02-09_2026-05-21_29c06ed80e5a,2025-11-28,short_straddle,SPY,short_straddle_SPY_000160,0.0,7.420044,7.420044,14315.887739,10280.100098,10280.100098,16.350000381469727,0.1349,0.1381
sim_2019-02-09_2026-05-21_29c06ed80e5a,2025-11-28,put_credit_spread,SPY,put_credit_spread_SPY_000159,0.0,0.0,0.0,14315.887739,3315.5,3315.5,16.350000381469727,0.1349,0.1381
sim_2019-02-09_2026-05-21_29c06ed80e5a,2025-12-01,short_straddle,SPY,short_straddle_SPY_000160,0.0,-6.23999,-6.23999,14309.647749,10280.100098,10280.100098,17.239999771118164,0.1416,0.1383
sim_2019-02-09_2026-05-21_29c06ed80e5a,2025-12-01,put_credit_spread,SPY,put_credit_spread_SPY_000159,0.0,0.0,0.0,14309.647749,3315.5,3315.5,17.239999771118164,0.1416,0.1383
sim_2019-02-09_2026-05-21_29c06ed80e5a,2025-12-02,short_straddle,SPY,short_straddle_SPY_000160,0.0,2.52002,2.52002,14312.167769,10280.100098,10280.100098,16.59000015258789,0.1381,0.1354
sim_2019-02-09_2026-05-21_29c06ed80e5a,2025-12-02,put_credit_spread,SPY,put_credit_spread_SPY_000159,0.0,0.0,0.0,14312.167769,3315.5,3315.5,16.59000015258789,0.1381,0.1354
sim_2019-02-09_2026-05-21_29c06ed80e5a,2025-12-03,short_straddle,SPY,short_straddle_SPY_000160,0.0,4.719971,4.719971,14316.887739,10280.100098,10280.100098,16.079999923706055,0.1344,0.1356
sim_2019-02-09_2026-05-21_29c06ed80e5a,2025-12-03,put_credit_spread,SPY,put_credit_spread_SPY_000159,0.0,0.0,0.0,14316.887739,3315.5,3315.5,16.079999923706055,0.1344,0.1356
sim_2019-02-09_2026-05-21_29c06ed80e5a,2025-12-04,short_straddle,SPY,short_straddle_SPY_000160,0.0,1.0,1.0,14317.887739,10280.100098,10280.100098,15.779999732971191,0.13,0.1345
sim_2019-02-09_2026-05-21_29c06ed80e5a,2025-12-04,put_credit_spread,SPY,put_credit_spread_SPY_000159,0.0,0.0,0.0,14317.887739,3315.5,3315.5,15.779999732971191,0.13,0.1345
sim_2019-02-09_2026-05-21_29c06ed80e5a,2025-12-05,short_straddle,SPY,short_straddle_SPY_000160,0.0,2.599976,2.599976,14320.487715,10280.100098,10280.100098,15.40999984741211,0.1275,0.1337
sim_2019-02-09_2026-05-21_29c06ed80e5a,2025-12-05,put_credit_spread,SPY,put_credit_spread_SPY_000159,0.0,0.0,0.0,14320.487715,3315.5,3315.5,15.40999984741211,0.1275,0.1337
sim_2019-02-09_2026-05-21_29c06ed80e5a,2025-12-08,short_straddle,SPY,short_straddle_SPY_000160,492.0,-25.312525,466.687475,14787.17519,10280.100098,10280.100098,16.65999984741211,0.1375,0.1322
sim_2019-02-09_2026-05-21_29c06ed80e5a,2025-12-08,put_credit_spread,SPY,put_credit_spread_SPY_000159,0.0,0.0,0.0,14787.17519,3315.5,3315.5,16.65999984741211,0.1375,0.1322
sim_2019-02-09_2026-05-21_29c06ed80e5a,2025-12-09,short_straddle,SPY,short_straddle_SPY_000160,0.0,-58.935958,-58.935958,14728.239232,10280.100098,10280.100098,16.93000030517578,0.1376,0.1277
sim_2019-02-09_2026-05-21_29c06ed80e5a,2025-12-09,put_credit_spread,SPY,put_credit_spread_SPY_000159,0.0,0.0,0.0,14728.239232,3315.5,3315.5,16.93000030517578,0.1376,0.1277
sim_2019-02-09_2026-05-21_29c06ed80e5a,2025-12-10,short_straddle,SPY,short_straddle_SPY_000160,0.0,9.060059,9.060059,14737.29929,10280.100098,10280.100098,15.770000457763672,0.1289,0.1289
sim_2019-02-09_2026-05-21_29c06ed80e5a,2025-12-10,put_credit_spread,SPY,put_credit_spread_SPY_000159,0.0,0.0,0.0,14737.29929,3315.5,3315.5,15.770000457763672,0.1289,0.1289
sim_2019-02-09_2026-05-21_29c06ed80e5a,2025-12-11,short_straddle,SPY,short_straddle_SPY_000160,0.0,3.199951,3.199951,14740.499241,10280.100098,10280.100098,14.850000381469728,0.1201,0.1291
sim_2019-02-09_2026-05-21_29c06ed80e5a,2025-12-11,put_credit_spread,SPY,put_credit_spread_SPY_000159,0.0,0.0,0.0,14740.499241,3315.5,3315.5,14.850000381469728,0.1201,0.1291
sim_2019-02-09_2026-05-21_29c06ed80e5a,2025-12-12,short_straddle,SPY,short_straddle_SPY_000160,0.0,-14.819946,-14.819946,14725.679295,10280.100098,10280.100098,15.739999771118164,0.1272,0.1289
sim_2019-02-09_2026-05-21_29c06ed80e5a,2025-12-12,put_credit_spread,SPY,put_credit_spread_SPY_000159,482.5,0.0,482.5,15208.179295,3315.5,3315.5,15.739999771118164,0.1272,0.1289
sim_2019-02-09_2026-05-21_29c06ed80e5a,2025-12-12,put_credit_spread,SPY,put_credit_spread_SPY_000161,-2.1665,0.0,-2.1665,15206.012795,2467.0,2467.0,15.739999771118164,0.1272,0.1289
sim_2019-02-09_2026-05-21_29c06ed80e5a,2025-12-15,short_straddle,SPY,short_straddle_SPY_000160,0.0,-2.060059,-2.060059,15203.952736,10280.100098,10280.100098,16.5,0.1328,0.1286
sim_2019-02-09_2026-05-21_29c06ed80e5a,2025-12-15,put_credit_spread,SPY,put_credit_spread_SPY_000161,-6.0,0.0,-6.0,15197.952736,2467.0,2467.0,16.5,0.1328,0.1286
sim_2019-02-09_2026-05-21_29c06ed80e5a,2025-12-16,short_straddle,SPY,short_straddle_SPY_000160,0.0,-3.719971,-3.719971,15194.232766,10280.100098,10280.100098,16.479999542236328,0.1335,0.1287
sim_2019-02-09_2026-05-21_29c06ed80e5a,2025-12-16,put_credit_spread,SPY,put_credit_spread_SPY_000161,0.0,0.0,0.0,15194.232766,2467.0,2467.0,16.479999542236328,0.1335,0.1287
sim_2019-02-09_2026-05-21_29c06ed80e5a,2025-12-17,short_straddle,SPY,short_straddle_SPY_000160,-3.24025,-15.611341,-18.851591,15175.381174,10280.100098,10280.100098,17.6200008392334,0.1478,0.1281
sim_2019-02-09_2026-05-21_29c06ed80e5a,2025-12-17,put_credit_spread,SPY,put_credit_spread_SPY_000161,0.0,0.0,0.0,15175.381174,2467.0,2467.0,17.6200008392334,0.1478,0.1281
sim_2019-02-09_2026-05-21_29c06ed80e5a,2025-12-17,short_straddle,SPY,short_straddle_SPY_000162,-3.1385,0.0,-3.1385,15172.242674,11151.000488,11151.000488,17.6200008392334,0.1478,0.1281
sim_2019-02-09_2026-05-21_29c06ed80e5a,2025-12-18,short_straddle,SPY,short_straddle_SPY_000162,0.0,-2.70588,-2.70588,15169.536794,11151.000488,11151.000488,16.8700008392334,0.1348,0.1296
sim_2019-02-09_2026-05-21_29c06ed80e5a,2025-12-18,put_credit_spread,SPY,put_credit_spread_SPY_000161,0.0,0.0,0.0,15169.536794,2467.0,2467.0,16.8700008392334,0.1348,0.1296
sim_2019-02-09_2026-05-21_29c06ed80e5a,2025-12-19,short_straddle,SPY,short_straddle_SPY_000162,0.0,32.960449,32.960449,15202.497244,11151.000488,11151.000488,14.90999984741211,0.1222,0.1267
sim_2019-02-09_2026-05-21_29c06ed80e5a,2025-12-19,put_credit_spread,SPY,put_credit_spread_SPY_000161,0.0,0.0,0.0,15202.497244,2467.0,2467.0,14.90999984741211,0.1222,0.1267
sim_2019-02-09_2026-05-21_29c06ed80e5a,2025-12-22,short_straddle,SPY,short_straddle_SPY_000162,-55.0,19.538492,-35.461508,15167.035735,11151.000488,11151.000488,14.079999923706056,0.1141,0.1277
sim_2019-02-09_2026-05-21_29c06ed80e5a,2025-12-22,put_credit_spread,SPY,put_credit_spread_SPY_000161,0.0,0.0,0.0,15167.035735,2467.0,2467.0,14.079999923706056,0.1141,0.1277
sim_2019-02-09_2026-05-21_29c06ed80e5a,2025-12-23,short_straddle,SPY,short_straddle_SPY_000162,0.0,142.053084,142.053084,15309.088819,11151.000488,11151.000488,14.0,0.1116,0.1205
sim_2019-02-09_2026-05-21_29c06ed80e5a,2025-12-23,put_credit_spread,SPY,put_credit_spread_SPY_000161,0.0,0.0,0.0,15309.088819,2467.0,2467.0,14.0,0.1116,0.1205
sim_2019-02-09_2026-05-21_29c06ed80e5a,2025-12-24,short_straddle,SPY,short_straddle_SPY_000162,0.0,19.359863,19.359863,15328.448682,11151.000488,11151.000488,13.470000267028809,0.109,0.1207
sim_2019-02-09_2026-05-21_29c06ed80e5a,2025-12-24,put_credit_spread,SPY,put_credit_spread_SPY_000161,0.0,0.0,0.0,15328.448682,2467.0,2467.0,13.470000267028809,0.109,0.1207
sim_2019-02-09_2026-05-21_29c06ed80e5a,2025-12-26,short_straddle,SPY,short_straddle_SPY_000162,0.0,-0.560059,-0.560059,15327.888624,11151.000488,11151.000488,13.600000381469728,0.1114,0.1207
sim_2019-02-09_2026-05-21_29c06ed80e5a,2025-12-26,put_credit_spread,SPY,put_credit_spread_SPY_000161,0.0,0.0,0.0,15327.888624,2467.0,2467.0,13.600000381469728,0.1114,0.1207
sim_2019-02-09_2026-05-21_29c06ed80e5a,2025-12-29,short_straddle,SPY,short_straddle_SPY_000162,0.0,-19.680176,-19.680176,15308.208448,11151.000488,11151.000488,14.199999809265137,0.1195,0.1101
sim_2019-02-09_2026-05-21_29c06ed80e5a,2025-12-29,put_credit_spread,SPY,put_credit_spread_SPY_000161,0.0,0.0,0.0,15308.208448,2467.0,2467.0,14.199999809265137,0.1195,0.1101
sim_2019-02-09_2026-05-21_29c06ed80e5a,2025-12-30,short_straddle,SPY,short_straddle_SPY_000162,0.0,-6.719727,-6.719727,15301.488721,11151.000488,11151.000488,14.329999923706056,0.1202,0.1102
sim_2019-02-09_2026-05-21_29c06ed80e5a,2025-12-30,put_credit_spread,SPY,put_credit_spread_SPY_000161,0.0,0.0,0.0,15301.488721,2467.0,2467.0,14.329999923706056,0.1202,0.1102
sim_2019-02-09_2026-05-21_29c06ed80e5a,2025-12-31,short_straddle,SPY,short_straddle_SPY_000162,0.0,-40.720215,-40.720215,15260.768506,11151.000488,11151.000488,14.949999809265137,0.128,0.1088
sim_2019-02-09_2026-05-21_29c06ed80e5a,2025-12-31,put_credit_spread,SPY,put_credit_spread_SPY_000161,0.0,0.0,0.0,15260.768506,2467.0,2467.0,14.949999809265137,0.128,0.1088
sim_2019-02-09_2026-05-21_29c06ed80e5a,2026-01-02,short_straddle,SPY,short_straddle_SPY_000162,0.0,10.0,10.0,15270.768506,11151.000488,11151.000488,14.510000228881836,0.1248,0.1052
sim_2019-02-09_2026-05-21_29c06ed80e5a,2026-01-02,put_credit_spread,SPY,put_credit_spread_SPY_000161,0.0,0.0,0.0,15270.768506,2467.0,2467.0,14.510000228881836,0.1248,0.1052
sim_2019-02-09_2026-05-21_29c06ed80e5a,2026-01-05,short_straddle,SPY,short_straddle_SPY_000162,0.0,36.399902,36.399902,15307.168409,11151.000488,11151.000488,14.899999618530272,0.1268,0.1062
sim_2019-02-09_2026-05-21_29c06ed80e5a,2026-01-05,put_credit_spread,SPY,put_credit_spread_SPY_000161,0.0,0.0,0.0,15307.168409,2467.0,2467.0,14.899999618530272,0.1268,0.1062
sim_2019-02-09_2026-05-21_29c06ed80e5a,2026-01-06,short_straddle,SPY,short_straddle_SPY_000162,0.0,32.720215,32.720215,15339.888624,11151.000488,11151.000488,14.75,0.1246,0.0945
sim_2019-02-09_2026-05-21_29c06ed80e5a,2026-01-06,put_credit_spread,SPY,put_credit_spread_SPY_000161,0.0,0.0,0.0,15339.888624,2467.0,2467.0,14.75,0.1246,0.0945
sim_2019-02-09_2026-05-21_29c06ed80e5a,2026-01-07,short_straddle,SPY,short_straddle_SPY_000162,0.0,-17.839844,-17.839844,15322.04878,11151.000488,11151.000488,15.380000114440918,0.1284,0.0926
sim_2019-02-09_2026-05-21_29c06ed80e5a,2026-01-07,put_credit_spread,SPY,put_credit_spread_SPY_000161,0.0,0.0,0.0,15322.04878,2467.0,2467.0,15.380000114440918,0.1284,0.0926
sim_2019-02-09_2026-05-21_29c06ed80e5a,2026-01-08,short_straddle,SPY,short_straddle_SPY_000162,0.0,-0.560059,-0.560059,15321.488721,11151.000488,11151.000488,15.449999809265137,0.1284,0.0839
sim_2019-02-09_2026-05-21_29c06ed80e5a,2026-01-08,put_credit_spread,SPY,put_credit_spread_SPY_000161,0.0,0.0,0.0,15321.488721,2467.0,2467.0,15.449999809265137,0.1284,0.0839
sim_2019-02-09_2026-05-21_29c06ed80e5a,2026-01-09,short_straddle,SPY,short_straddle_SPY_000162,0.0,36.47998,36.47998,15357.968702,11151.000488,11151.000488,14.489999771118164,0.1191,0.0818
sim_2019-02-09_2026-05-21_29c06ed80e5a,2026-01-09,put_credit_spread,SPY,put_credit_spread_SPY_000161,337.0,0.0,337.0,15694.968702,2467.0,2467.0,14.489999771118164,0.1191,0.0818
sim_2019-02-09_2026-05-21_29c06ed80e5a,2026-01-09,put_credit_spread,SPY,put_credit_spread_SPY_000163,-2.15075,0.0,-2.15075,15692.817952,2698.5,2698.5,14.489999771118164,0.1191,0.0818
sim_2019-02-09_2026-05-21_29c06ed80e5a,2026-01-12,short_straddle,SPY,short_straddle_SPY_000162,0.0,8.719727,8.719727,15701.537678,11151.000488,11151.000488,15.119999885559082,0.1245,0.0799
sim_2019-02-09_2026-05-21_29c06ed80e5a,2026-01-12,put_credit_spread,SPY,put_credit_spread_SPY_000163,0.0,0.0,0.0,15701.537678,2698.5,2698.5,15.119999885559082,0.1245,0.0799
sim_2019-02-09_2026-05-21_29c06ed80e5a,2026-01-13,short_straddle,SPY,short_straddle_SPY_000162,0.0,-11.119629,-11.119629,15690.418049,11151.000488,11151.000488,15.979999542236328,0.1307,0.079
sim_2019-02-09_2026-05-21_29c06ed80e5a,2026-01-13,put_credit_spread,SPY,put_credit_spread_SPY_000163,0.0,0.0,0.0,15690.418049,2698.5,2698.5,15.979999542236328,0.1307,0.079
sim_2019-02-09_2026-05-21_29c06ed80e5a,2026-01-14,short_straddle,SPY,short_straddle_SPY_000162,-3.166,-30.041713,-33.207713,15657.210336,11151.000488,11151.000488,16.75,0.1356,0.0792
sim_2019-02-09_2026-05-21_29c06ed80e5a,2026-01-14,put_credit_spread,SPY,put_credit_spread_SPY_000163,0.0,0.0,0.0,15657.210336,2698.5,2698.5,16.75,0.1356,0.0792
sim_2019-02-09_2026-05-21_29c06ed80e5a,2026-01-14,short_straddle,SPY,short_straddle_SPY_000164,-3.093,0.0,-3.093,15654.117336,11621.199707,11621.199707,16.75,0.1356,0.0792
sim_2019-02-09_2026-05-21_29c06ed80e5a,2026-01-15,short_straddle,SPY,short_straddle_SPY_000164,0.0,-2.42284,-2.42284,15651.694496,11621.199707,11621.199707,15.84000015258789,0.1281,0.0794
sim_2019-02-09_2026-05-21_29c06ed80e5a,2026-01-15,put_credit_spread,SPY,put_credit_spread_SPY_000163,0.0,0.0,0.0,15651.694496,2698.5,2698.5,15.84000015258789,0.1281,0.0794
sim_2019-02-09_2026-05-21_29c06ed80e5a,2026-01-16,short_straddle,SPY,short_straddle_SPY_000164,0.0,-4.06012,-4.06012,15647.634376,11621.199707,11621.199707,15.859999656677246,0.1301,0.079
sim_2019-02-09_2026-05-21_29c06ed80e5a,2026-01-16,put_credit_spread,SPY,put_credit_spread_SPY_000163,0.0,0.0,0.0,15647.634376,2698.5,2698.5,15.859999656677246,0.1301,0.079
sim_2019-02-09_2026-05-21_29c06ed80e5a,2026-01-20,short_straddle,SPY,short_straddle_SPY_000164,0.0,-98.559692,-98.559692,15549.074684,11621.199707,11621.199707,20.09000015258789,0.1678,0.0996
sim_2019-02-09_2026-05-21_29c06ed80e5a,2026-01-20,put_credit_spread,SPY,put_credit_spread_SPY_000163,183.0,0.0,183.0,15732.074684,2698.5,2698.5,20.09000015258789,0.1678,0.0996
sim_2019-02-09_2026-05-21_29c06ed80e5a,2026-01-21,short_straddle,SPY,short_straddle_SPY_000164,0.0,54.740051,54.740051,15786.814735,11621.199707,11621.199707,16.899999618530273,0.1418,0.1052
sim_2019-02-09_2026-05-21_29c06ed80e5a,2026-01-21,put_credit_spread,SPY,put_credit_spread_SPY_000163,0.0,0.0,0.0,15786.814735,2698.5,2698.5,16.899999618530273,0.1418,0.1052
sim_2019-02-09_2026-05-21_29c06ed80e5a,2026-01-22,short_straddle,SPY,short_straddle_SPY_000164,0.0,25.059692,25.059692,15811.874428,11621.199707,11621.199707,15.640000343322754,0.1327,0.1058
sim_2019-02-09_2026-05-21_29c06ed80e5a,2026-01-22,put_credit_spread,SPY,put_credit_spread_SPY_000163,0.0,0.0,0.0,15811.874428,2698.5,2698.5,15.640000343322754,0.1327,0.1058
sim_2019-02-09_2026-05-21_29c06ed80e5a,2026-01-23,short_straddle,SPY,short_straddle_SPY_000164,0.0,1.75,1.75,15813.624428,11621.199707,11621.199707,16.09000015258789,0.1317,0.1058
sim_2019-02-09_2026-05-21_29c06ed80e5a,2026-01-23,put_credit_spread,SPY,put_credit_spread_SPY_000163,-241.0,0.0,-241.0,15572.624428,2698.5,2698.5,16.09000015258789,0.1317,0.1058
sim_2019-02-09_2026-05-21_29c06ed80e5a,2026-01-26,short_straddle,SPY,short_straddle_SPY_000164,0.0,24.5,24.5,15597.124428,11621.199707,11621.199707,16.149999618530273,0.1332,0.1051
sim_2019-02-09_2026-05-21_29c06ed80e5a,2026-01-26,put_credit_spread,SPY,put_credit_spread_SPY_000163,-36.0,0.0,-36.0,15561.124428,2698.5,2698.5,16.149999618530273,0.1332,0.1051
sim_2019-02-09_2026-05-21_29c06ed80e5a,2026-01-27,short_straddle,SPY,short_straddle_SPY_000164,0.0,19.320068,19.320068,15580.444496,11621.199707,11621.199707,16.350000381469727,0.1323,0.1055
sim_2019-02-09_2026-05-21_29c06ed80e5a,2026-01-27,put_credit_spread,SPY,put_credit_spread_SPY_000163,0.0,0.0,0.0,15580.444496,2698.5,2698.5,16.350000381469727,0.1323,0.1055
sim_2019-02-09_2026-05-21_29c06ed80e5a,2026-01-28,short_straddle,SPY,short_straddle_SPY_000164,0.0,-0.490051,-0.490051,15579.954445,11621.199707,11621.199707,16.350000381469727,0.1365,0.1001
sim_2019-02-09_2026-05-21_29c06ed80e5a,2026-01-28,put_credit_spread,SPY,put_credit_spread_SPY_000163,0.0,0.0,0.0,15579.954445,2698.5,2698.5,16.350000381469727,0.1365,0.1001
sim_2019-02-09_2026-05-21_29c06ed80e5a,2026-01-29,short_straddle,SPY,short_straddle_SPY_000164,0.0,-9.660034,-9.660034,15570.294411,11621.199707,11621.199707,16.8799991607666,0.1388,0.1002
sim_2019-02-09_2026-05-21_29c06ed80e5a,2026-01-29,put_credit_spread,SPY,put_credit_spread_SPY_000163,0.0,0.0,0.0,15570.294411,2698.5,2698.5,16.8799991607666,0.1388,0.1002
sim_2019-02-09_2026-05-21_29c06ed80e5a,2026-01-30,short_straddle,SPY,short_straddle_SPY_000164,0.0,-14.490051,-14.490051,15555.804359,11621.199707,11621.199707,17.440000534057617,0.1453,0.1002
sim_2019-02-09_2026-05-21_29c06ed80e5a,2026-01-30,put_credit_spread,SPY,put_credit_spread_SPY_000163,0.0,0.0,0.0,15555.804359,2698.5,2698.5,17.440000534057617,0.1453,0.1002
sim_2019-02-09_2026-05-21_29c06ed80e5a,2026-02-02,short_straddle,SPY,short_straddle_SPY_000164,0.0,24.080017,24.080017,15579.884376,11621.199707,11621.199707,16.34000015258789,0.1361,0.0946
sim_2019-02-09_2026-05-21_29c06ed80e5a,2026-02-02,put_credit_spread,SPY,put_credit_spread_SPY_000163,0.0,0.0,0.0,15579.884376,2698.5,2698.5,16.34000015258789,0.1361,0.0946
sim_2019-02-09_2026-05-21_29c06ed80e5a,2026-02-03,short_straddle,SPY,short_straddle_SPY_000164,0.0,-41.159607,-41.159607,15538.724769,11621.199707,11621.199707,18.0,0.1502,0.0966
sim_2019-02-09_2026-05-21_29c06ed80e5a,2026-02-03,put_credit_spread,SPY,put_credit_spread_SPY_000163,0.0,0.0,0.0,15538.724769,2698.5,2698.5,18.0,0.1502,0.0966
sim_2019-02-09_2026-05-21_29c06ed80e5a,2026-02-04,short_straddle,SPY,short_straddle_SPY_000164,0.0,-23.380188,-23.380188,15515.344581,11621.199707,11621.199707,18.63999938964844,0.1632,0.0965
sim_2019-02-09_2026-05-21_29c06ed80e5a,2026-02-04,put_credit_spread,SPY,put_credit_spread_SPY_000163,0.0,0.0,0.0,15515.344581,2698.5,2698.5,18.63999938964844,0.1632,0.0965
sim_2019-02-09_2026-05-21_29c06ed80e5a,2026-02-05,short_straddle,SPY,short_straddle_SPY_000164,0.0,-59.990051,-59.990051,15455.35453,11621.199707,11621.199707,21.770000457763672,0.185,0.1016
sim_2019-02-09_2026-05-21_29c06ed80e5a,2026-02-05,put_credit_spread,SPY,put_credit_spread_SPY_000163,-2.19775,0.0,-2.19775,15453.15678,2698.5,2698.5,21.770000457763672,0.185,0.1016
sim_2019-02-09_2026-05-21_29c06ed80e5a,2026-02-05,put_credit_spread,SPY,put_credit_spread_SPY_000165,-2.27625,0.0,-2.27625,15450.88053,4147.5,4147.5,21.770000457763672,0.185,0.1016
sim_2019-02-09_2026-05-21_29c06ed80e5a,2026-02-06,short_straddle,SPY,short_straddle_SPY_000164,0.0,91.0,91.0,15541.88053,11621.199707,11621.199707,20.3700008392334,0.1496,0.1154
sim_2019-02-09_2026-05-21_29c06ed80e5a,2026-02-06,put_credit_spread,SPY,put_credit_spread_SPY_000165,0.0,0.0,0.0,15541.88053,4147.5,4147.5,20.3700008392334,0.1496,0.1154
sim_2019-02-09_2026-05-21_29c06ed80e5a,2026-02-09,short_straddle,SPY,short_straddle_SPY_000164,0.0,23.31012,23.31012,15565.19065,11621.199707,11621.199707,17.360000610351562,0.1451,0.1158
sim_2019-02-09_2026-05-21_29c06ed80e5a,2026-02-09,put_credit_spread,SPY,put_credit_spread_SPY_000165,0.0,0.0,0.0,15565.19065,4147.5,4147.5,17.360000610351562,0.1451,0.1158
sim_2019-02-09_2026-05-21_29c06ed80e5a,2026-02-10,short_straddle,SPY,short_straddle_SPY_000164,0.0,-12.81012,-12.81012,15552.38053,11621.199707,11621.199707,17.790000915527344,0.1465,0.1161
sim_2019-02-09_2026-05-21_29c06ed80e5a,2026-02-10,put_credit_spread,SPY,put_credit_spread_SPY_000165,0.0,0.0,0.0,15552.38053,4147.5,4147.5,17.790000915527344,0.1465,0.1161
sim_2019-02-09_2026-05-21_29c06ed80e5a,2026-02-11,short_straddle,SPY,short_straddle_SPY_000164,-3.093,-3.541672,-6.634672,15545.745858,11621.199707,11621.199707,17.649999618530273,0.1477,0.1156
sim_2019-02-09_2026-05-21_29c06ed80e5a,2026-02-11,put_credit_spread,SPY,put_credit_spread_SPY_000165,0.0,0.0,0.0,15545.745858,4147.5,4147.5,17.649999618530273,0.1477,0.1156
sim_2019-02-09_2026-05-21_29c06ed80e5a,2026-02-11,short_straddle,SPY,short_straddle_SPY_000166,-3.1705,0.0,-3.1705,15542.575358,11498.200439,11498.200439,17.649999618530273,0.1477,0.1156
sim_2019-02-09_2026-05-21_29c06ed80e5a,2026-02-12,short_straddle,SPY,short_straddle_SPY_000166,0.0,-3.065715,-3.065715,15539.509643,11498.200439,11498.200439,20.81999969482422,0.1738,0.1242
sim_2019-02-09_2026-05-21_29c06ed80e5a,2026-02-12,put_credit_spread,SPY,put_credit_spread_SPY_000165,0.0,0.0,0.0,15539.509643,4147.5,4147.5,20.81999969482422,0.1738,0.1242
sim_2019-02-09_2026-05-21_29c06ed80e5a,2026-02-13,short_straddle,SPY,short_straddle_SPY_000166,0.0,4.319824,4.319824,15543.829467,11498.200439,11498.200439,20.600000381469727,0.172,0.1224
sim_2019-02-09_2026-05-21_29c06ed80e5a,2026-02-13,put_credit_spread,SPY,put_credit_spread_SPY_000165,0.0,0.0,0.0,15543.829467,4147.5,4147.5,20.600000381469727,0.172,0.1224
sim_2019-02-09_2026-05-21_29c06ed80e5a,2026-02-17,short_straddle,SPY,short_straddle_SPY_000166,0.0,9.89978,9.89978,15553.729247,11498.200439,11498.200439,20.290000915527344,0.1722,0.1224
sim_2019-02-09_2026-05-21_29c06ed80e5a,2026-02-17,put_credit_spread,SPY,put_credit_spread_SPY_000165,0.0,0.0,0.0,15553.729247,4147.5,4147.5,20.290000915527344,0.1722,0.1224
sim_2019-02-09_2026-05-21_29c06ed80e5a,2026-02-18,short_straddle,SPY,short_straddle_SPY_000166,0.0,30.960022,30.960022,15584.689269,11498.200439,11498.200439,19.6200008392334,0.1656,0.1217
sim_2019-02-09_2026-05-21_29c06ed80e5a,2026-02-18,put_credit_spread,SPY,put_credit_spread_SPY_000165,0.0,0.0,0.0,15584.689269,4147.5,4147.5,19.6200008392334,0.1656,0.1217
sim_2019-02-09_2026-05-21_29c06ed80e5a,2026-02-19,short_straddle,SPY,short_straddle_SPY_000166,0.0,-16.289978,-16.289978,15568.399291,11498.200439,11498.200439,20.229999542236328,0.1721,0.1206
sim_2019-02-09_2026-05-21_29c06ed80e5a,2026-02-19,put_credit_spread,SPY,put_credit_spread_SPY_000165,0.0,0.0,0.0,15568.399291,4147.5,4147.5,20.229999542236328,0.1721,0.1206
sim_2019-02-09_2026-05-21_29c06ed80e5a,2026-02-20,short_straddle,SPY,short_straddle_SPY_000166,0.0,44.55011,44.55011,15612.949401,11498.200439,11498.200439,19.09000015258789,0.1585,0.1222
sim_2019-02-09_2026-05-21_29c06ed80e5a,2026-02-20,put_credit_spread,SPY,put_credit_spread_SPY_000165,0.0,0.0,0.0,15612.949401,4147.5,4147.5,19.09000015258789,0.1585,0.1222
sim_2019-02-09_2026-05-21_29c06ed80e5a,2026-02-23,short_straddle,SPY,short_straddle_SPY_000166,0.0,-63.359802,-63.359802,15549.589599,11498.200439,11498.200439,21.01000022888184,0.1791,0.1257
sim_2019-02-09_2026-05-21_29c06ed80e5a,2026-02-23,put_credit_spread,SPY,put_credit_spread_SPY_000165,0.0,0.0,0.0,15549.589599,4147.5,4147.5,21.01000022888184,0.1791,0.1257
sim_2019-02-09_2026-05-21_29c06ed80e5a,2026-02-24,short_straddle,SPY,short_straddle_SPY_000166,0.0,44.639648,44.639648,15594.229247,11498.200439,11498.200439,19.549999237060547,0.1623,0.1261
sim_2019-02-09_2026-05-21_29c06ed80e5a,2026-02-24,put_credit_spread,SPY,put_credit_spread_SPY_000165,0.0,0.0,0.0,15594.229247,4147.5,4147.5,19.549999237060547,0.1623,0.1261
sim_2019-02-09_2026-05-21_29c06ed80e5a,2026-02-25,short_straddle,SPY,short_straddle_SPY_000166,0.0,52.200439,52.200439,15646.429687,11498.200439,11498.200439,17.93000030517578,0.145,0.1285
sim_2019-02-09_2026-05-21_29c06ed80e5a,2026-02-25,put_credit_spread,SPY,put_credit_spread_SPY_000165,0.0,0.0,0.0,15646.429687,4147.5,4147.5,17.93000030517578,0.145,0.1285
sim_2019-02-09_2026-05-21_29c06ed80e5a,2026-02-26,short_straddle,SPY,short_straddle_SPY_000166,0.0,-34.65033,-34.65033,15611.779357,11498.200439,11498.200439,18.6299991607666,0.1498,0.1294
sim_2019-02-09_2026-05-21_29c06ed80e5a,2026-02-26,put_credit_spread,SPY,put_credit_spread_SPY_000165,0.0,0.0,0.0,15611.779357,4147.5,4147.5,18.6299991607666,0.1498,0.1294
sim_2019-02-09_2026-05-21_29c06ed80e5a,2026-02-27,short_straddle,SPY,short_straddle_SPY_000166,0.0,-29.789978,-29.789978,15581.989379,11498.200439,11498.200439,19.86000061035156,0.1615,0.1293
sim_2019-02-09_2026-05-21_29c06ed80e5a,2026-02-27,put_credit_spread,SPY,put_credit_spread_SPY_000165,0.0,0.0,0.0,15581.989379,4147.5,4147.5,19.86000061035156,0.1615,0.1293
sim_2019-02-09_2026-05-21_29c06ed80e5a,2026-03-02,short_straddle,SPY,short_straddle_SPY_000166,0.0,3.510132,3.510132,15585.499511,11498.200439,11498.200439,21.440000534057617,0.1684,0.1291
sim_2019-02-09_2026-05-21_29c06ed80e5a,2026-03-02,put_credit_spread,SPY,put_credit_spread_SPY_000165,0.0,0.0,0.0,15585.499511,4147.5,4147.5,21.440000534057617,0.1684,0.1291
sim_2019-02-09_2026-05-21_29c06ed80e5a,2026-03-03,short_straddle,SPY,short_straddle_SPY_000166,0.0,-54.44989,-54.44989,15531.049621,11498.200439,11498.200439,23.56999969482422,0.1887,0.1314
sim_2019-02-09_2026-05-21_29c06ed80e5a,2026-03-03,put_credit_spread,SPY,put_credit_spread_SPY_000165,0.0,0.0,0.0,15531.049621,4147.5,4147.5,23.56999969482422,0.1887,0.1314
sim_2019-02-09_2026-05-21_29c06ed80e5a,2026-03-04,short_straddle,SPY,short_straddle_SPY_000166,0.0,43.19989,43.19989,15574.249511,11498.200439,11498.200439,21.14999961853028,0.1697,0.1186
sim_2019-02-09_2026-05-21_29c06ed80e5a,2026-03-04,put_credit_spread,SPY,put_credit_spread_SPY_000165,0.0,0.0,0.0,15574.249511,4147.5,4147.5,21.14999961853028,0.1697,0.1186
sim_2019-02-09_2026-05-21_29c06ed80e5a,2026-03-05,short_straddle,SPY,short_straddle_SPY_000166,0.0,-34.380066,-34.380066,15539.869445,11498.200439,11498.200439,23.75,0.1841,0.115
sim_2019-02-09_2026-05-21_29c06ed80e5a,2026-03-05,put_credit_spread,SPY,put_credit_spread_SPY_000165,0.0,0.0,0.0,15539.869445,4147.5,4147.5,23.75,0.1841,0.115
sim_2019-02-09_2026-05-21_29c06ed80e5a,2026-03-06,short_straddle,SPY,short_straddle_SPY_000166,0.0,-80.369934,-80.369934,15459.499511,11498.200439,11498.200439,29.489999771118164,0.2287,0.1197
sim_2019-02-09_2026-05-21_29c06ed80e5a,2026-03-06,put_credit_spread,SPY,put_credit_spread_SPY_000165,550.5,0.0,550.5,16009.999511,4147.5,4147.5,29.489999771118164,0.2287,0.1197
sim_2019-02-09_2026-05-21_29c06ed80e5a,2026-03-06,put_credit_spread,SPY,put_credit_spread_SPY_000167,-2.2815,0.0,-2.2815,16007.718011,3937.0,3937.0,29.489999771118164,0.2287,0.1197
sim_2019-02-09_2026-05-21_29c06ed80e5a,2026-03-09,short_straddle,SPY,short_straddle_SPY_000166,0.0,53.010132,53.010132,16060.728143,11498.200439,11498.200439,25.5,0.1961,0.1229
sim_2019-02-09_2026-05-21_29c06ed80e5a,2026-03-09,put_credit_spread,SPY,put_credit_spread_SPY_000167,0.0,0.0,0.0,16060.728143,3937.0,3937.0,25.5,0.1961,0.1229
sim_2019-02-09_2026-05-21_29c06ed80e5a,2026-03-10,short_straddle,SPY,short_straddle_SPY_000166,0.0,-9.810242,-9.810242,16050.917901,11498.200439,11498.200439,24.93000030517578,0.2027,0.1217
sim_2019-02-09_2026-05-21_29c06ed80e5a,2026-03-10,put_credit_spread,SPY,put_credit_spread_SPY_000167,0.0,0.0,0.0,16050.917901,3937.0,3937.0,24.93000030517578,0.2027,0.1217
sim_2019-02-09_2026-05-21_29c06ed80e5a,2026-03-11,short_straddle,SPY,short_straddle_SPY_000166,-3.1705,-10.693265,-13.863765,16037.054136,11498.200439,11498.200439,24.229999542236328,0.1956,0.1209
sim_2019-02-09_2026-05-21_29c06ed80e5a,2026-03-11,put_credit_spread,SPY,put_credit_spread_SPY_000167,0.0,0.0,0.0,16037.054136,3937.0,3937.0,24.229999542236328,0.1956,0.1209
sim_2019-02-09_2026-05-21_29c06ed80e5a,2026-03-11,short_straddle,SPY,short_straddle_SPY_000168,-3.51575,0.0,-3.51575,16033.538386,10495.100342,10495.100342,24.229999542236328,0.1956,0.1209
sim_2019-02-09_2026-05-21_29c06ed80e5a,2026-03-12,short_straddle,SPY,short_straddle_SPY_000168,0.0,-0.99909,-0.99909,16032.539296,10495.100342,10495.100342,27.290000915527344,0.2257,0.1278
sim_2019-02-09_2026-05-21_29c06ed80e5a,2026-03-12,put_credit_spread,SPY,put_credit_spread_SPY_000167,0.0,0.0,0.0,16032.539296,3937.0,3937.0,27.290000915527344,0.2257,0.1278
sim_2019-02-09_2026-05-21_29c06ed80e5a,2026-03-13,short_straddle,SPY,short_straddle_SPY_000168,-32.5,-16.608378,-49.108378,15983.430917,10495.100342,10495.100342,27.190000534057617,0.2296,0.1284
sim_2019-02-09_2026-05-21_29c06ed80e5a,2026-03-13,put_credit_spread,SPY,put_credit_spread_SPY_000167,0.0,0.0,0.0,15983.430917,3937.0,3937.0,27.190000534057617,0.2296,0.1284
sim_2019-02-09_2026-05-21_29c06ed80e5a,2026-03-16,short_straddle,SPY,short_straddle_SPY_000168,389.5,-88.289697,301.210303,16284.641221,10495.100342,10495.100342,23.51000022888184,0.2005,0.1327
sim_2019-02-09_2026-05-21_29c06ed80e5a,2026-03-16,put_credit_spread,SPY,put_credit_spread_SPY_000167,0.0,0.0,0.0,16284.641221,3937.0,3937.0,23.51000022888184,0.2005,0.1327
sim_2019-02-09_2026-05-21_29c06ed80e5a,2026-03-17,short_straddle,SPY,short_straddle_SPY_000168,0.0,-32.436341,-32.436341,16252.20488,10495.100342,10495.100342,22.3700008392334,0.1866,0.1319
sim_2019-02-09_2026-05-21_29c06ed80e5a,2026-03-17,put_credit_spread,SPY,put_credit_spread_SPY_000167,0.0,0.0,0.0,16252.20488,3937.0,3937.0,22.3700008392334,0.1866,0.1319
sim_2019-02-09_2026-05-21_29c06ed80e5a,2026-03-18,short_straddle,SPY,short_straddle_SPY_000168,0.0,-28.079956,-28.079956,16224.124924,10495.100342,10495.100342,25.09000015258789,0.2098,0.1355
sim_2019-02-09_2026-05-21_29c06ed80e5a,2026-03-18,put_credit_spread,SPY,put_credit_spread_SPY_000167,0.0,0.0,0.0,16224.124924,3937.0,3937.0,25.09000015258789,0.2098,0.1355
sim_2019-02-09_2026-05-21_29c06ed80e5a,2026-03-19,short_straddle,SPY,short_straddle_SPY_000168,0.0,-4.890015,-4.890015,16219.23491,10495.100342,10495.100342,24.059999465942383,0.2078,0.1352
sim_2019-02-09_2026-05-21_29c06ed80e5a,2026-03-19,put_credit_spread,SPY,put_credit_spread_SPY_000167,-126.0,0.0,-126.0,16093.23491,3937.0,3937.0,24.059999465942383,0.2078,0.1352
sim_2019-02-09_2026-05-21_29c06ed80e5a,2026-03-20,short_straddle,SPY,short_straddle_SPY_000168,0.0,-33.689941,-33.689941,16059.544968,10495.100342,10495.100342,26.780000686645508,0.2371,0.1391
sim_2019-02-09_2026-05-21_29c06ed80e5a,2026-03-20,put_credit_spread,SPY,put_credit_spread_SPY_000167,0.0,0.0,0.0,16059.544968,3937.0,3937.0,26.780000686645508,0.2371,0.1391
sim_2019-02-09_2026-05-21_29c06ed80e5a,2026-03-23,short_straddle,SPY,short_straddle_SPY_000168,0.0,20.429993,20.429993,16079.974961,10495.100342,10495.100342,26.14999961853028,0.2209,0.1301
sim_2019-02-09_2026-05-21_29c06ed80e5a,2026-03-23,put_credit_spread,SPY,put_credit_spread_SPY_000167,0.0,0.0,0.0,16079.974961,3937.0,3937.0,26.14999961853028,0.2209,0.1301
sim_2019-02-09_2026-05-21_29c06ed80e5a,2026-03-24,short_straddle,SPY,short_straddle_SPY_000168,0.0,-6.600037,-6.600037,16073.374924,10495.100342,10495.100342,26.950000762939453,0.2253,0.1287
sim_2019-02-09_2026-05-21_29c06ed80e5a,2026-03-24,put_credit_spread,SPY,put_credit_spread_SPY_000167,0.0,0.0,0.0,16073.374924,3937.0,3937.0,26.950000762939453,0.2253,0.1287
sim_2019-02-09_2026-05-21_29c06ed80e5a,2026-03-25,short_straddle,SPY,short_straddle_SPY_000168,0.0,10.920044,10.920044,16084.294968,10495.100342,10495.100342,25.32999992370605,0.2149,0.1305
sim_2019-02-09_2026-05-21_29c06ed80e5a,2026-03-25,put_credit_spread,SPY,put_credit_spread_SPY_000167,0.0,0.0,0.0,16084.294968,3937.0,3937.0,25.32999992370605,0.2149,0.1305
sim_2019-02-09_2026-05-21_29c06ed80e5a,2026-03-26,short_straddle,SPY,short_straddle_SPY_000168,0.0,-35.189941,-35.189941,16049.105027,10495.100342,10495.100342,27.440000534057617,0.2418,0.1386
sim_2019-02-09_2026-05-21_29c06ed80e5a,2026-03-26,put_credit_spread,SPY,put_credit_spread_SPY_000167,0.0,0.0,0.0,16049.105027,3937.0,3937.0,27.440000534057617,0.2418,0.1386
sim_2019-02-09_2026-05-21_29c06ed80e5a,2026-03-27,short_straddle,SPY,short_straddle_SPY_000168,0.0,-33.0,-33.0,16016.105027,10495.100342,10495.100342,31.049999237060547,0.2648,0.1401
sim_2019-02-09_2026-05-21_29c06ed80e5a,2026-03-27,put_credit_spread,SPY,put_credit_spread_SPY_000167,0.0,0.0,0.0,16016.105027,3937.0,3937.0,31.049999237060547,0.2648,0.1401
sim_2019-02-09_2026-05-21_29c06ed80e5a,2026-03-30,short_straddle,SPY,short_straddle_SPY_000168,0.0,-6.360168,-6.360168,16009.744858,10495.100342,10495.100342,30.61000061035156,0.2574,0.1398
sim_2019-02-09_2026-05-21_29c06ed80e5a,2026-03-30,put_credit_spread,SPY,put_credit_spread_SPY_000167,0.0,0.0,0.0,16009.744858,3937.0,3937.0,30.61000061035156,0.2574,0.1398
sim_2019-02-09_2026-05-21_29c06ed80e5a,2026-03-31,short_straddle,SPY,short_straddle_SPY_000168,0.0,55.110168,55.110168,16064.855027,10495.100342,10495.100342,25.25,0.2165,0.1662
sim_2019-02-09_2026-05-21_29c06ed80e5a,2026-03-31,put_credit_spread,SPY,put_credit_spread_SPY_000167,0.0,0.0,0.0,16064.855027,3937.0,3937.0,25.25,0.2165,0.1662
sim_2019-02-09_2026-05-21_29c06ed80e5a,2026-04-01,short_straddle,SPY,short_straddle_SPY_000168,0.0,14.69989,14.69989,16079.554917,10495.100342,10495.100342,24.540000915527344,0.2092,0.1672
sim_2019-02-09_2026-05-21_29c06ed80e5a,2026-04-01,put_credit_spread,SPY,put_credit_spread_SPY_000167,0.0,0.0,0.0,16079.554917,3937.0,3937.0,24.540000915527344,0.2092,0.1672
sim_2019-02-09_2026-05-21_29c06ed80e5a,2026-04-02,short_straddle,SPY,short_straddle_SPY_000168,0.0,1.770081,1.770081,16081.324997,10495.100342,10495.100342,23.8700008392334,0.2058,0.1673
sim_2019-02-09_2026-05-21_29c06ed80e5a,2026-04-02,put_credit_spread,SPY,put_credit_spread_SPY_000167,687.0,0.0,687.0,16768.324997,3937.0,3937.0,23.8700008392334,0.2058,0.1673
sim_2019-02-09_2026-05-21_29c06ed80e5a,2026-04-02,put_credit_spread,SPY,put_credit_spread_SPY_000169,-2.30975,0.0,-2.30975,16766.015247,3980.5,3980.5,23.8700008392334,0.2058,0.1673
sim_2019-02-09_2026-05-21_29c06ed80e5a,2026-04-06,short_straddle,SPY,short_straddle_SPY_000168,0.0,9.299927,9.299927,16775.315174,10495.100342,10495.100342,24.170000076293945,0.2032,0.1664
sim_2019-02-09_2026-05-21_29c06ed80e5a,2026-04-06,put_credit_spread,SPY,put_credit_spread_SPY_000169,0.0,0.0,0.0,16775.315174,3980.5,3980.5,24.170000076293945,0.2032,0.1664
sim_2019-02-09_2026-05-21_29c06ed80e5a,2026-04-07,short_straddle,SPY,short_straddle_SPY_000168,0.0,0.869934,0.869934,16776.185108,10495.100342,10495.100342,25.780000686645508,0.2165,0.1644
sim_2019-02-09_2026-05-21_29c06ed80e5a,2026-04-07,put_credit_spread,SPY,put_credit_spread_SPY_000169,0.0,0.0,0.0,16776.185108,3980.5,3980.5,25.780000686645508,0.2165,0.1644
sim_2019-02-09_2026-05-21_29c06ed80e5a,2026-04-08,short_straddle,SPY,short_straddle_SPY_000168,-3.33725,49.356102,46.018852,16822.20396,10495.100342,10495.100342,21.040000915527344,0.1735,0.1798
sim_2019-02-09_2026-05-21_29c06ed80e5a,2026-04-08,put_credit_spread,SPY,put_credit_spread_SPY_000169,0.0,0.0,0.0,16822.20396,3980.5,3980.5,21.040000915527344,0.1735,0.1798
sim_2019-02-09_2026-05-21_29c06ed80e5a,2026-04-08,short_straddle,SPY,short_straddle_SPY_000170,-3.30325,0.0,-3.30325,16818.90071,10913.700195,10913.700195,21.040000915527344,0.1735,0.1798
sim_2019-02-09_2026-05-21_29c06ed80e5a,2026-04-09,short_straddle,SPY,short_straddle_SPY_000170,0.0,-0.67991,-0.67991,16818.2208,10913.700195,10913.700195,19.489999771118164,0.1613,0.1788
sim_2019-02-09_2026-05-21_29c06ed80e5a,2026-04-09,put_credit_spread,SPY,put_credit_spread_SPY_000169,0.0,0.0,0.0,16818.2208,3980.5,3980.5,19.489999771118164,0.1613,0.1788
sim_2019-02-09_2026-05-21_29c06ed80e5a,2026-04-10,short_straddle,SPY,short_straddle_SPY_000170,0.0,-0.899902,-0.899902,16817.320898,10913.700195,10913.700195,19.229999542236328,0.1589,0.1782
sim_2019-02-09_2026-05-21_29c06ed80e5a,2026-04-10,put_credit_spread,SPY,put_credit_spread_SPY_000169,0.0,0.0,0.0,16817.320898,3980.5,3980.5,19.229999542236328,0.1589,0.1782
sim_2019-02-09_2026-05-21_29c06ed80e5a,2026-04-13,short_straddle,SPY,short_straddle_SPY_000170,0.0,13.279907,13.279907,16830.600805,10913.700195,10913.700195,19.1200008392334,0.1535,0.1801
sim_2019-02-09_2026-05-21_29c06ed80e5a,2026-04-13,put_credit_spread,SPY,put_credit_spread_SPY_000169,0.0,0.0,0.0,16830.600805,3980.5,3980.5,19.1200008392334,0.1535,0.1801
sim_2019-02-09_2026-05-21_29c06ed80e5a,2026-04-14,short_straddle,SPY,short_straddle_SPY_000170,0.0,16.720093,16.720093,16847.320898,10913.700195,10913.700195,18.36000061035156,0.1501,0.1835
sim_2019-02-09_2026-05-21_29c06ed80e5a,2026-04-14,put_credit_spread,SPY,put_credit_spread_SPY_000169,0.0,0.0,0.0,16847.320898,3980.5,3980.5,18.36000061035156,0.1501,0.1835
sim_2019-02-09_2026-05-21_29c06ed80e5a,2026-04-15,short_straddle,SPY,short_straddle_SPY_000170,0.0,10.959961,10.959961,16858.280859,10913.700195,10913.700195,18.170000076293945,0.1507,0.1825
sim_2019-02-09_2026-05-21_29c06ed80e5a,2026-04-15,put_credit_spread,SPY,put_credit_spread_SPY_000169,0.0,0.0,0.0,16858.280859,3980.5,3980.5,18.170000076293945,0.1507,0.1825
sim_2019-02-09_2026-05-21_29c06ed80e5a,2026-04-16,short_straddle,SPY,short_straddle_SPY_000170,0.0,3.439941,3.439941,16861.7208,10913.700195,10913.700195,17.940000534057617,0.1489,0.1817
sim_2019-02-09_2026-05-21_29c06ed80e5a,2026-04-16,put_credit_spread,SPY,put_credit_spread_SPY_000169,0.0,0.0,0.0,16861.7208,3980.5,3980.5,17.940000534057617,0.1489,0.1817
sim_2019-02-09_2026-05-21_29c06ed80e5a,2026-04-17,short_straddle,SPY,short_straddle_SPY_000170,0.0,16.960083,16.960083,16878.680883,10913.700195,10913.700195,17.479999542236328,0.1457,0.1835
sim_2019-02-09_2026-05-21_29c06ed80e5a,2026-04-17,put_credit_spread,SPY,put_credit_spread_SPY_000169,0.0,0.0,0.0,16878.680883,3980.5,3980.5,17.479999542236328,0.1457,0.1835
sim_2019-02-09_2026-05-21_29c06ed80e5a,2026-04-20,short_straddle,SPY,short_straddle_SPY_000170,0.0,-2.840088,-2.840088,16875.840796,10913.700195,10913.700195,18.8700008392334,0.1576,0.1786
sim_2019-02-09_2026-05-21_29c06ed80e5a,2026-04-20,put_credit_spread,SPY,put_credit_spread_SPY_000169,0.0,0.0,0.0,16875.840796,3980.5,3980.5,18.8700008392334,0.1576,0.1786
sim_2019-02-09_2026-05-21_29c06ed80e5a,2026-04-21,short_straddle,SPY,short_straddle_SPY_000170,0.0,-9.279907,-9.279907,16866.560888,10913.700195,10913.700195,19.5,0.1702,0.1789
sim_2019-02-09_2026-05-21_29c06ed80e5a,2026-04-21,put_credit_spread,SPY,put_credit_spread_SPY_000169,0.0,0.0,0.0,16866.560888,3980.5,3980.5,19.5,0.1702,0.1789
sim_2019-02-09_2026-05-21_29c06ed80e5a,2026-04-22,short_straddle,SPY,short_straddle_SPY_000170,0.0,14.26001,14.26001,16880.820898,10913.700195,10913.700195,18.920000076293945,0.1561,0.1805
sim_2019-02-09_2026-05-21_29c06ed80e5a,2026-04-22,put_credit_spread,SPY,put_credit_spread_SPY_000169,0.0,0.0,0.0,16880.820898,3980.5,3980.5,18.920000076293945,0.1561,0.1805
sim_2019-02-09_2026-05-21_29c06ed80e5a,2026-04-23,short_straddle,SPY,short_straddle_SPY_000170,0.0,-5.52002,-5.52002,16875.300879,10913.700195,10913.700195,19.309999465942383,0.1609,0.181
sim_2019-02-09_2026-05-21_29c06ed80e5a,2026-04-23,put_credit_spread,SPY,put_credit_spread_SPY_000169,0.0,0.0,0.0,16875.300879,3980.5,3980.5,19.309999465942383,0.1609,0.181
sim_2019-02-09_2026-05-21_29c06ed80e5a,2026-04-24,short_straddle,SPY,short_straddle_SPY_000170,0.0,10.97998,10.97998,16886.280859,10913.700195,10913.700195,18.709999084472656,0.1584,0.1745
sim_2019-02-09_2026-05-21_29c06ed80e5a,2026-04-24,put_credit_spread,SPY,put_credit_spread_SPY_000169,0.0,0.0,0.0,16886.280859,3980.5,3980.5,18.709999084472656,0.1584,0.1745
sim_2019-02-09_2026-05-21_29c06ed80e5a,2026-04-27,short_straddle,SPY,short_straddle_SPY_000170,0.0,2.459961,2.459961,16888.74082,10913.700195,10913.700195,18.020000457763672,0.1542,0.1729
sim_2019-02-09_2026-05-21_29c06ed80e5a,2026-04-27,put_credit_spread,SPY,put_credit_spread_SPY_000169,0.0,0.0,0.0,16888.74082,3980.5,3980.5,18.020000457763672,0.1542,0.1729
sim_2019-02-09_2026-05-21_29c06ed80e5a,2026-04-28,short_straddle,SPY,short_straddle_SPY_000170,0.0,-6.959961,-6.959961,16881.780859,10913.700195,10913.700195,17.829999923706055,0.1533,0.1727
sim_2019-02-09_2026-05-21_29c06ed80e5a,2026-04-28,put_credit_spread,SPY,put_credit_spread_SPY_000169,0.0,0.0,0.0,16881.780859,3980.5,3980.5,17.829999923706055,0.1533,0.1727
sim_2019-02-09_2026-05-21_29c06ed80e5a,2026-04-29,short_straddle,SPY,short_straddle_SPY_000170,0.0,-0.219971,-0.219971,16881.560888,10913.700195,10913.700195,18.809999465942383,0.1566,0.1728
sim_2019-02-09_2026-05-21_29c06ed80e5a,2026-04-29,put_credit_spread,SPY,put_credit_spread_SPY_000169,0.0,0.0,0.0,16881.560888,3980.5,3980.5,18.809999465942383,0.1566,0.1728
sim_2019-02-09_2026-05-21_29c06ed80e5a,2026-04-30,short_straddle,SPY,short_straddle_SPY_000170,0.0,14.159912,14.159912,16895.7208,10913.700195,10913.700195,16.889999389648438,0.1443,0.1673
sim_2019-02-09_2026-05-21_29c06ed80e5a,2026-04-30,put_credit_spread,SPY,put_credit_spread_SPY_000169,617.5,0.0,617.5,17513.2208,3980.5,3980.5,16.889999389648438,0.1443,0.1673
sim_2019-02-09_2026-05-21_29c06ed80e5a,2026-04-30,put_credit_spread,SPY,put_credit_spread_SPY_000171,-2.23325,0.0,-2.23325,17510.98755,3133.5,3133.5,16.889999389648438,0.1443,0.1673
sim_2019-02-09_2026-05-21_29c06ed80e5a,2026-05-01,short_straddle,SPY,short_straddle_SPY_000170,0.0,3.980103,3.980103,17514.967653,10913.700195,10913.700195,16.989999771118164,,
sim_2019-02-09_2026-05-21_29c06ed80e5a,2026-05-01,put_credit_spread,SPY,put_credit_spread_SPY_000171,0.0,0.0,0.0,17514.967653,3133.5,3133.5,16.989999771118164,,
sim_2019-02-09_2026-05-21_29c06ed80e5a,2026-05-04,short_straddle,SPY,short_straddle_SPY_000170,0.0,-5.280029,-5.280029,17509.687624,10913.700195,10913.700195,18.290000915527344,0.1523,0.1567
sim_2019-02-09_2026-05-21_29c06ed80e5a,2026-05-04,put_credit_spread,SPY,put_credit_spread_SPY_000171,-69.0,0.0,-69.0,17440.687624,3133.5,3133.5,18.290000915527344,0.1523,0.1567
sim_2019-02-09_2026-05-21_29c06ed80e5a,2026-05-05,short_straddle,SPY,short_straddle_SPY_000170,0.0,11.52002,11.52002,17452.207643,10913.700195,10913.700195,17.3799991607666,0.148,0.1559
sim_2019-02-09_2026-05-21_29c06ed80e5a,2026-05-05,put_credit_spread,SPY,put_credit_spread_SPY_000171,0.0,0.0,0.0,17452.207643,3133.5,3133.5,17.3799991607666,0.148,0.1559
sim_2019-02-09_2026-05-21_29c06ed80e5a,2026-05-06,short_straddle,SPY,short_straddle_SPY_000170,-3.30325,19.386165,16.082915,17468.290558,10913.700195,10913.700195,17.389999389648438,0.1475,0.1575
sim_2019-02-09_2026-05-21_29c06ed80e5a,2026-05-06,put_credit_spread,SPY,put_credit_spread_SPY_000171,0.0,0.0,0.0,17468.290558,3133.5,3133.5,17.389999389648438,0.1475,0.1575
sim_2019-02-09_2026-05-21_29c06ed80e5a,2026-05-06,short_straddle,SPY,short_straddle_SPY_000172,-3.17725,0.0,-3.17725,17465.113308,12322.100342,12322.100342,17.389999389648438,0.1475,0.1575
sim_2019-02-09_2026-05-21_29c06ed80e5a,2026-05-07,short_straddle,SPY,short_straddle_SPY_000172,0.0,-1.82895,-1.82895,17463.284358,12322.100342,12322.100342,17.079999923706055,0.146,0.1587
sim_2019-02-09_2026-05-21_29c06ed80e5a,2026-05-07,put_credit_spread,SPY,put_credit_spread_SPY_000171,0.0,0.0,0.0,17463.284358,3133.5,3133.5,17.079999923706055,0.146,0.1587
sim_2019-02-09_2026-05-21_29c06ed80e5a,2026-05-08,short_straddle,SPY,short_straddle_SPY_000172,0.0,-30.19989,-30.19989,17433.084468,12322.100342,12322.100342,17.190000534057617,0.146,0.1453
sim_2019-02-09_2026-05-21_29c06ed80e5a,2026-05-08,put_credit_spread,SPY,put_credit_spread_SPY_000171,0.0,0.0,0.0,17433.084468,3133.5,3133.5,17.190000534057617,0.146,0.1453
sim_2019-02-09_2026-05-21_29c06ed80e5a,2026-05-11,short_straddle,SPY,short_straddle_SPY_000172,0.0,-8.399963,-8.399963,17424.684505,12322.100342,12322.100342,18.3799991607666,0.1546,0.1302
sim_2019-02-09_2026-05-21_29c06ed80e5a,2026-05-11,put_credit_spread,SPY,put_credit_spread_SPY_000171,0.0,0.0,0.0,17424.684505,3133.5,3133.5,18.3799991607666,0.1546,0.1302
sim_2019-02-09_2026-05-21_29c06ed80e5a,2026-05-12,short_straddle,SPY,short_straddle_SPY_000172,0.0,5.599976,5.599976,17430.28448,12322.100342,12322.100342,17.989999771118164,0.1511,0.1293
sim_2019-02-09_2026-05-21_29c06ed80e5a,2026-05-12,put_credit_spread,SPY,put_credit_spread_SPY_000171,0.0,0.0,0.0,17430.28448,3133.5,3133.5,17.989999771118164,0.1511,0.1293
sim_2019-02-09_2026-05-21_29c06ed80e5a,2026-05-13,short_straddle,SPY,short_straddle_SPY_000172,0.0,-20.650024,-20.650024,17409.634456,12322.100342,12322.100342,17.8700008392334,,
sim_2019-02-09_2026-05-21_29c06ed80e5a,2026-05-13,put_credit_spread,SPY,put_credit_spread_SPY_000171,0.0,0.0,0.0,17409.634456,3133.5,3133.5,17.8700008392334,,
sim_2019-02-09_2026-05-21_29c06ed80e5a,2026-05-14,short_straddle,SPY,short_straddle_SPY_000172,0.0,-29.299927,-29.299927,17380.334529,12322.100342,12322.100342,17.260000228881836,,
sim_2019-02-09_2026-05-21_29c06ed80e5a,2026-05-14,put_credit_spread,SPY,put_credit_spread_SPY_000171,0.0,0.0,0.0,17380.334529,3133.5,3133.5,17.260000228881836,,
sim_2019-02-09_2026-05-21_29c06ed80e5a,2026-05-15,short_straddle,SPY,short_straddle_SPY_000172,0.0,45.0,45.0,17425.334529,12322.100342,12322.100342,18.43000030517578,0.1534,0.1184
sim_2019-02-09_2026-05-21_29c06ed80e5a,2026-05-15,put_credit_spread,SPY,put_credit_spread_SPY_000171,0.0,0.0,0.0,17425.334529,3133.5,3133.5,18.43000030517578,0.1534,0.1184
sim_2019-02-09_2026-05-21_29c06ed80e5a,2026-05-18,short_straddle,SPY,short_straddle_SPY_000172,0.0,2.599792,2.599792,17427.934322,12322.100342,12322.100342,17.81999969482422,0.1527,0.1191
sim_2019-02-09_2026-05-21_29c06ed80e5a,2026-05-18,put_credit_spread,SPY,put_credit_spread_SPY_000171,0.0,0.0,0.0,17427.934322,3133.5,3133.5,17.81999969482422,0.1527,0.1191
sim_2019-02-09_2026-05-21_29c06ed80e5a,2026-05-19,short_straddle,SPY,short_straddle_SPY_000172,0.0,24.60022,24.60022,17452.534541,12322.100342,12322.100342,18.059999465942383,0.1573,0.1226
sim_2019-02-09_2026-05-21_29c06ed80e5a,2026-05-19,put_credit_spread,SPY,put_credit_spread_SPY_000171,0.0,0.0,0.0,17452.534541,3133.5,3133.5,18.059999465942383,0.1573,0.1226
sim_2019-02-09_2026-05-21_29c06ed80e5a,2026-05-20,short_straddle,SPY,short_straddle_SPY_000172,0.0,-37.600098,-37.600098,17414.934444,12322.100342,12322.100342,17.440000534057617,0.1511,0.1063
sim_2019-02-09_2026-05-21_29c06ed80e5a,2026-05-20,put_credit_spread,SPY,put_credit_spread_SPY_000171,0.0,0.0,0.0,17414.934444,3133.5,3133.5,17.440000534057617,0.1511,0.1063
sim_2019-02-09_2026-05-21_29c06ed80e5a,2026-05-21,short_straddle,SPY,short_straddle_SPY_000172,0.0,-7.349854,-7.349854,17407.58459,12322.100342,12322.100342,16.760000228881836,0.1438,0.106
sim_2019-02-09_2026-05-21_29c06ed80e5a,2026-05-21,put_credit_spread,SPY,put_credit_spread_SPY_000171,0.0,0.0,0.0,17407.58459,3133.5,3133.5,16.760000228881836,0.1438,0.106
