date,strategy,total_option_pnl,total_hedge_pnl,total_pnl,trade_count,cum_pnl
2019-05-10,put_credit_spread,-2.0945,0.0,-2.0945,1,-2.0945
2019-05-13,put_credit_spread,0.0,0.0,0.0,1,-2.0945
2019-05-14,put_credit_spread,0.0,0.0,0.0,1,-2.0945
2019-05-15,put_credit_spread,0.0,0.0,0.0,1,-2.0945
2019-05-16,put_credit_spread,0.0,0.0,0.0,1,-2.0945
2019-05-17,put_credit_spread,0.0,0.0,0.0,1,-2.0945
2019-05-20,put_credit_spread,0.0,0.0,0.0,1,-2.0945
2019-05-21,put_credit_spread,0.0,0.0,0.0,1,-2.0945
2019-05-22,put_credit_spread,0.0,0.0,0.0,1,-2.0945
2019-05-23,put_credit_spread,0.0,0.0,0.0,1,-2.0945
2019-05-24,put_credit_spread,0.0,0.0,0.0,1,-2.0945
2019-05-28,put_credit_spread,0.0,0.0,0.0,1,-2.0945
2019-05-29,put_credit_spread,0.0,0.0,0.0,1,-2.0945
2019-05-30,put_credit_spread,0.0,0.0,0.0,1,-2.0945
2019-05-31,put_credit_spread,0.0,0.0,0.0,1,-2.0945
2019-06-03,put_credit_spread,0.0,0.0,0.0,1,-2.0945
2019-06-04,put_credit_spread,0.0,0.0,0.0,1,-2.0945
2019-06-05,put_credit_spread,0.0,0.0,0.0,1,-2.0945
2019-06-06,put_credit_spread,0.0,0.0,0.0,1,-2.0945
2019-06-07,put_credit_spread,187.0,0.0,187.0,1,184.9055
2020-01-06,put_credit_spread,-2.0815,0.0,-2.0815,1,182.82399999999998
2020-01-07,put_credit_spread,0.0,0.0,0.0,1,182.82399999999998
2020-01-08,put_credit_spread,0.0,0.0,0.0,1,182.82399999999998
2020-01-09,put_credit_spread,0.0,0.0,0.0,1,182.82399999999998
2020-01-10,put_credit_spread,0.0,0.0,0.0,1,182.82399999999998
2020-01-13,put_credit_spread,0.0,0.0,0.0,1,182.82399999999998
2020-01-14,put_credit_spread,0.0,0.0,0.0,1,182.82399999999998
2020-01-15,put_credit_spread,0.0,0.0,0.0,1,182.82399999999998
2020-01-16,put_credit_spread,0.0,0.0,0.0,1,182.82399999999998
2020-01-17,put_credit_spread,0.0,0.0,0.0,1,182.82399999999998
2020-01-21,put_credit_spread,0.0,0.0,0.0,1,182.82399999999998
2020-01-22,put_credit_spread,0.0,0.0,0.0,1,182.82399999999998
2020-01-23,put_credit_spread,0.0,0.0,0.0,1,182.82399999999998
2020-01-24,put_credit_spread,0.0,0.0,0.0,1,182.82399999999998
2020-01-27,put_credit_spread,0.0,0.0,0.0,1,182.82399999999998
2020-01-28,put_credit_spread,0.0,0.0,0.0,1,182.82399999999998
2020-01-29,put_credit_spread,0.0,0.0,0.0,1,182.82399999999998
2020-01-30,put_credit_spread,0.0,0.0,0.0,1,182.82399999999998
2020-01-31,put_credit_spread,0.0,0.0,0.0,1,182.82399999999998
2020-02-03,put_credit_spread,158.87525,0.0,158.87525,2,341.69925
2020-02-04,put_credit_spread,0.0,0.0,0.0,1,341.69925
2020-02-05,put_credit_spread,0.0,0.0,0.0,1,341.69925
2020-02-06,put_credit_spread,0.0,0.0,0.0,1,341.69925
2020-02-07,put_credit_spread,0.0,0.0,0.0,1,341.69925
2020-02-10,put_credit_spread,0.0,0.0,0.0,1,341.69925
2020-02-11,put_credit_spread,0.0,0.0,0.0,1,341.69925
2020-02-12,put_credit_spread,0.0,0.0,0.0,1,341.69925
2020-02-13,put_credit_spread,0.0,0.0,0.0,1,341.69925
2020-02-14,put_credit_spread,0.0,0.0,0.0,1,341.69925
2020-02-18,put_credit_spread,0.0,0.0,0.0,1,341.69925
2020-02-19,put_credit_spread,0.0,0.0,0.0,1,341.69925
2020-02-20,put_credit_spread,0.0,0.0,0.0,1,341.69925
2020-02-21,put_credit_spread,0.0,0.0,0.0,1,341.69925
2020-02-24,put_credit_spread,0.0,0.0,0.0,1,341.69925
2020-02-25,put_credit_spread,0.0,0.0,0.0,1,341.69925
2020-02-26,put_credit_spread,0.0,0.0,0.0,1,341.69925
2020-02-27,put_credit_spread,0.0,0.0,0.0,1,341.69925
2020-02-28,put_credit_spread,0.0,0.0,0.0,1,341.69925
2020-02-28,short_straddle,-3.2465,0.0,-3.2465,1,338.45275
2020-03-02,put_credit_spread,-646.0933660000001,0.0,-646.0933660000001,2,-307.6406160000001
2020-03-02,short_straddle,0.0,-0.772725,-0.772725,1,-308.41334100000006
2020-03-03,put_credit_spread,0.0,0.0,0.0,1,-308.41334100000006
2020-03-03,short_straddle,0.0,-44.250031,-44.250031,1,-352.66337200000004
2020-03-04,put_credit_spread,0.0,0.0,0.0,1,-352.66337200000004
2020-03-04,short_straddle,0.0,63.099976,63.099976,1,-289.563396
2020-03-05,put_credit_spread,0.0,0.0,0.0,1,-289.563396
2020-03-05,short_straddle,0.0,-51.999969,-51.999969,1,-341.56336500000003
2020-03-06,put_credit_spread,0.0,0.0,0.0,1,-341.56336500000003
2020-03-06,short_straddle,0.0,-25.0,-25.0,1,-366.56336500000003
2020-03-09,put_credit_spread,0.0,0.0,0.0,1,-366.56336500000003
2020-03-09,short_straddle,0.0,-116.149902,-116.149902,1,-482.71326700000003
2020-03-10,put_credit_spread,0.0,0.0,0.0,1,-482.71326700000003
2020-03-10,short_straddle,0.0,70.950012,70.950012,1,-411.763255
2020-03-11,put_credit_spread,0.0,0.0,0.0,1,-411.763255
2020-03-11,short_straddle,0.0,-70.30014,-70.30014,1,-482.063395
2020-03-12,put_credit_spread,0.0,0.0,0.0,1,-482.063395
2020-03-12,short_straddle,0.0,-131.249924,-131.249924,1,-613.313319
2020-03-13,put_credit_spread,0.0,0.0,0.0,1,-613.313319
2020-03-13,short_straddle,-380.0,94.334613,-285.665387,1,-898.978706
2020-03-16,put_credit_spread,0.0,0.0,0.0,1,-898.978706
2020-03-16,short_straddle,0.0,2406.106625,2406.106625,1,1507.127919
2020-03-17,put_credit_spread,0.0,0.0,0.0,1,1507.127919
2020-03-17,short_straddle,0.0,64.749985,64.749985,1,1571.877904
2020-03-18,put_credit_spread,0.0,0.0,0.0,1,1571.877904
2020-03-18,short_straddle,0.0,-64.000015,-64.000015,1,1507.8778889999999
2020-03-19,put_credit_spread,0.0,0.0,0.0,1,1507.8778889999999
2020-03-19,short_straddle,0.0,2.549973,2.549973,1,1510.4278619999998
2020-03-20,put_credit_spread,0.0,0.0,0.0,1,1510.4278619999998
2020-03-20,short_straddle,0.0,-58.549957,-58.549957,1,1451.8779049999998
2020-03-23,put_credit_spread,0.0,0.0,0.0,1,1451.8779049999998
2020-03-23,short_straddle,0.0,-29.250031,-29.250031,1,1422.6278739999998
2020-03-24,put_credit_spread,0.0,0.0,0.0,1,1422.6278739999998
2020-03-24,short_straddle,0.0,100.999985,100.999985,1,1523.6278589999997
2020-03-25,put_credit_spread,0.0,0.0,0.0,1,1523.6278589999997
2020-03-25,short_straddle,-7.04125,17.583022,10.541771999999998,2,1534.1696309999998
2020-03-26,put_credit_spread,0.0,0.0,0.0,1,1534.1696309999998
2020-03-26,short_straddle,0.0,-0.653,-0.653,1,1533.5166309999997
2020-03-27,put_credit_spread,0.0,0.0,0.0,1,1533.5166309999997
2020-03-27,short_straddle,0.0,-38.90007,-38.90007,1,1494.6165609999998
2020-03-30,put_credit_spread,-1910.42725,0.0,-1910.42725,2,-415.81068900000014
2020-03-30,short_straddle,0.0,41.149979,41.149979,1,-374.6607100000001
2020-03-31,put_credit_spread,0.0,0.0,0.0,1,-374.6607100000001
2020-03-31,short_straddle,0.0,-19.499969,-19.499969,1,-394.16067900000013
2020-04-01,put_credit_spread,0.0,0.0,0.0,1,-394.16067900000013
2020-04-01,short_straddle,0.0,-58.000031,-58.000031,1,-452.1607100000001
2020-04-02,put_credit_spread,0.0,0.0,0.0,1,-452.1607100000001
2020-04-02,short_straddle,0.0,28.40004,28.40004,1,-423.7606700000001
2020-04-03,put_credit_spread,0.0,0.0,0.0,1,-423.7606700000001
2020-04-03,short_straddle,0.0,-18.199997,-18.199997,1,-441.9606670000001
2020-04-06,put_credit_spread,0.0,0.0,0.0,1,-441.9606670000001
2020-04-06,short_straddle,0.0,83.349915,83.349915,1,-358.6107520000001
2020-04-07,put_credit_spread,0.0,0.0,0.0,1,-358.6107520000001
2020-04-07,short_straddle,0.0,1.350098,1.350098,1,-357.2606540000001
2020-04-08,put_credit_spread,0.0,0.0,0.0,1,-357.2606540000001
2020-04-08,short_straddle,128.5,35.45698,163.95698,1,-193.30367400000011
2020-04-09,put_credit_spread,0.0,0.0,0.0,1,-193.30367400000011
2020-04-09,short_straddle,0.0,286.890353,286.890353,1,93.58667899999989
2020-04-13,put_credit_spread,-247.0,0.0,-247.0,1,-153.4133210000001
2020-04-13,short_straddle,0.0,-12.700043,-12.700043,1,-166.1133640000001
2020-04-14,put_credit_spread,0.0,0.0,0.0,1,-166.1133640000001
2020-04-14,short_straddle,0.0,40.650024,40.650024,1,-125.4633400000001
2020-04-15,put_credit_spread,0.0,0.0,0.0,1,-125.4633400000001
2020-04-15,short_straddle,0.0,-30.149994,-30.149994,1,-155.6133340000001
2020-04-16,put_credit_spread,0.0,0.0,0.0,1,-155.6133340000001
2020-04-16,short_straddle,0.0,6.699982,6.699982,1,-148.9133520000001
2020-04-17,put_credit_spread,0.0,0.0,0.0,1,-148.9133520000001
2020-04-17,short_straddle,0.0,37.700043,37.700043,1,-111.2133090000001
2020-04-20,put_credit_spread,0.0,0.0,0.0,1,-111.2133090000001
2020-04-20,short_straddle,-6.704000000000001,-25.954067,-32.658067,2,-143.8713760000001
2020-04-21,put_credit_spread,0.0,0.0,0.0,1,-143.8713760000001
2020-04-21,short_straddle,0.0,-0.13652,-0.13652,1,-144.0078960000001
2020-04-22,put_credit_spread,0.0,0.0,0.0,1,-144.0078960000001
2020-04-22,short_straddle,0.0,6.059998,6.059998,1,-137.9478980000001
2020-04-23,put_credit_spread,0.0,0.0,0.0,1,-137.9478980000001
2020-04-23,short_straddle,0.0,-0.02002,-0.02002,1,-137.96791800000008
2020-04-24,put_credit_spread,0.0,0.0,0.0,1,-137.96791800000008
2020-04-24,short_straddle,0.0,3.890015,3.890015,1,-134.07790300000008
2020-04-27,put_credit_spread,897.29125,0.0,897.29125,2,763.2133469999999
2020-04-27,short_straddle,0.0,4.079987,4.079987,1,767.2933339999998
2020-04-28,put_credit_spread,0.0,0.0,0.0,1,767.2933339999998
2020-04-28,short_straddle,0.0,-1.319977,-1.319977,1,765.9733569999999
2020-04-29,put_credit_spread,0.0,0.0,0.0,1,765.9733569999999
2020-04-29,short_straddle,0.0,7.47998,7.47998,1,773.4533369999998
2020-04-30,put_credit_spread,0.0,0.0,0.0,1,773.4533369999998
2020-04-30,short_straddle,0.0,-2.72998,-2.72998,1,770.7233569999999
2020-05-01,put_credit_spread,0.0,0.0,0.0,1,770.7233569999999
2020-05-01,short_straddle,0.0,-7.690002,-7.690002,1,763.0333549999998
2020-05-04,put_credit_spread,0.0,0.0,0.0,1,763.0333549999998
2020-05-04,short_straddle,0.0,0.779999,0.779999,1,763.8133539999998
2020-05-05,put_credit_spread,0.0,0.0,0.0,1,763.8133539999998
2020-05-05,short_straddle,0.0,2.619995,2.619995,1,766.4333489999998
2020-05-06,put_credit_spread,0.0,0.0,0.0,1,766.4333489999998
2020-05-06,short_straddle,0.0,-1.940002,-1.940002,1,764.4933469999997
2020-05-07,put_credit_spread,0.0,0.0,0.0,1,764.4933469999997
2020-05-07,short_straddle,0.0,3.429993,3.429993,1,767.9233399999997
2020-05-08,put_credit_spread,0.0,0.0,0.0,1,767.9233399999997
2020-05-08,short_straddle,0.0,4.76001,4.76001,1,772.6833499999997
2020-05-11,put_credit_spread,0.0,0.0,0.0,1,772.6833499999997
2020-05-11,short_straddle,0.0,0.059998,0.059998,1,772.7433479999996
2020-05-12,put_credit_spread,0.0,0.0,0.0,1,772.7433479999996
2020-05-12,short_straddle,0.0,-5.829987,-5.829987,1,766.9133609999997
2020-05-13,put_credit_spread,0.0,0.0,0.0,1,766.9133609999997
2020-05-13,short_straddle,0.0,-5.070007,-5.070007,1,761.8433539999996
2020-05-14,put_credit_spread,0.0,0.0,0.0,1,761.8433539999996
2020-05-14,short_straddle,0.0,3.369995,3.369995,1,765.2133489999997
2020-05-15,put_credit_spread,0.0,0.0,0.0,1,765.2133489999997
2020-05-15,short_straddle,0.0,1.309998,1.309998,1,766.5233469999996
2020-05-18,put_credit_spread,0.0,0.0,0.0,1,766.5233469999996
2020-05-18,short_straddle,1024.35,8.572501,1032.922501,1,1799.4458479999996
2020-05-19,put_credit_spread,0.0,0.0,0.0,1,1799.4458479999996
2020-05-20,put_credit_spread,0.0,0.0,0.0,1,1799.4458479999996
2020-05-21,put_credit_spread,0.0,0.0,0.0,1,1799.4458479999996
2020-05-22,put_credit_spread,0.0,0.0,0.0,1,1799.4458479999996
2020-05-26,put_credit_spread,415.5,0.0,415.5,1,2214.9458479999994
2020-05-27,put_credit_spread,-2.14975,0.0,-2.14975,1,2212.7960979999993
2020-05-28,put_credit_spread,0.0,0.0,0.0,1,2212.7960979999993
2020-05-29,put_credit_spread,0.0,0.0,0.0,1,2212.7960979999993
2020-06-01,put_credit_spread,0.0,0.0,0.0,1,2212.7960979999993
2020-06-02,put_credit_spread,0.0,0.0,0.0,1,2212.7960979999993
2020-06-03,put_credit_spread,0.0,0.0,0.0,1,2212.7960979999993
2020-06-04,put_credit_spread,0.0,0.0,0.0,1,2212.7960979999993
2020-06-05,put_credit_spread,0.0,0.0,0.0,1,2212.7960979999993
2020-06-08,put_credit_spread,0.0,0.0,0.0,1,2212.7960979999993
2020-06-09,put_credit_spread,0.0,0.0,0.0,1,2212.7960979999993
2020-06-10,put_credit_spread,0.0,0.0,0.0,1,2212.7960979999993
2020-06-11,put_credit_spread,0.0,0.0,0.0,1,2212.7960979999993
2020-06-12,put_credit_spread,0.0,0.0,0.0,1,2212.7960979999993
2020-06-15,put_credit_spread,0.0,0.0,0.0,1,2212.7960979999993
2020-06-16,put_credit_spread,0.0,0.0,0.0,1,2212.7960979999993
2020-06-17,put_credit_spread,0.0,0.0,0.0,1,2212.7960979999993
2020-06-18,put_credit_spread,0.0,0.0,0.0,1,2212.7960979999993
2020-06-19,put_credit_spread,0.0,0.0,0.0,1,2212.7960979999993
2020-06-22,put_credit_spread,0.0,0.0,0.0,1,2212.7960979999993
2020-06-23,put_credit_spread,0.0,0.0,0.0,1,2212.7960979999993
2020-06-24,put_credit_spread,295.30275,0.0,295.30275,2,2508.098847999999
2020-06-25,put_credit_spread,0.0,0.0,0.0,1,2508.098847999999
2020-06-26,put_credit_spread,0.0,0.0,0.0,1,2508.098847999999
2020-06-29,put_credit_spread,0.0,0.0,0.0,1,2508.098847999999
2020-06-30,put_credit_spread,0.0,0.0,0.0,1,2508.098847999999
2020-07-01,put_credit_spread,0.0,0.0,0.0,1,2508.098847999999
2020-07-02,put_credit_spread,0.0,0.0,0.0,1,2508.098847999999
2020-07-06,put_credit_spread,0.0,0.0,0.0,1,2508.098847999999
2020-07-07,put_credit_spread,0.0,0.0,0.0,1,2508.098847999999
2020-07-08,put_credit_spread,0.0,0.0,0.0,1,2508.098847999999
2020-07-09,put_credit_spread,0.0,0.0,0.0,1,2508.098847999999
2020-07-10,put_credit_spread,0.0,0.0,0.0,1,2508.098847999999
2020-07-13,put_credit_spread,0.0,0.0,0.0,1,2508.098847999999
2020-07-14,put_credit_spread,0.0,0.0,0.0,1,2508.098847999999
2020-07-15,put_credit_spread,0.0,0.0,0.0,1,2508.098847999999
2020-07-16,put_credit_spread,0.0,0.0,0.0,1,2508.098847999999
2020-07-17,put_credit_spread,0.0,0.0,0.0,1,2508.098847999999
2020-07-20,put_credit_spread,0.0,0.0,0.0,1,2508.098847999999
2020-07-21,put_credit_spread,0.0,0.0,0.0,1,2508.098847999999
2020-07-22,put_credit_spread,390.38825,0.0,390.38825,2,2898.487097999999
2020-07-23,put_credit_spread,0.0,0.0,0.0,1,2898.487097999999
2020-07-24,put_credit_spread,0.0,0.0,0.0,1,2898.487097999999
2020-07-27,put_credit_spread,0.0,0.0,0.0,1,2898.487097999999
2020-07-28,put_credit_spread,0.0,0.0,0.0,1,2898.487097999999
2020-07-29,put_credit_spread,0.0,0.0,0.0,1,2898.487097999999
2020-07-30,put_credit_spread,0.0,0.0,0.0,1,2898.487097999999
2020-07-31,put_credit_spread,0.0,0.0,0.0,1,2898.487097999999
2020-08-03,put_credit_spread,0.0,0.0,0.0,1,2898.487097999999
2020-08-04,put_credit_spread,0.0,0.0,0.0,1,2898.487097999999
2020-08-05,put_credit_spread,0.0,0.0,0.0,1,2898.487097999999
2020-08-06,put_credit_spread,0.0,0.0,0.0,1,2898.487097999999
2020-08-07,put_credit_spread,0.0,0.0,0.0,1,2898.487097999999
2020-08-10,put_credit_spread,0.0,0.0,0.0,1,2898.487097999999
2020-08-11,put_credit_spread,0.0,0.0,0.0,1,2898.487097999999
2020-08-12,put_credit_spread,0.0,0.0,0.0,1,2898.487097999999
2020-08-13,put_credit_spread,0.0,0.0,0.0,1,2898.487097999999
2020-08-14,put_credit_spread,0.0,0.0,0.0,1,2898.487097999999
2020-08-17,put_credit_spread,0.0,0.0,0.0,1,2898.487097999999
2020-08-18,put_credit_spread,0.0,0.0,0.0,1,2898.487097999999
2020-08-19,put_credit_spread,219.3525,0.0,219.3525,2,3117.839597999999
2020-08-20,put_credit_spread,0.0,0.0,0.0,1,3117.839597999999
2020-08-21,put_credit_spread,0.0,0.0,0.0,1,3117.839597999999
2020-08-24,put_credit_spread,0.0,0.0,0.0,1,3117.839597999999
2020-08-25,put_credit_spread,0.0,0.0,0.0,1,3117.839597999999
2020-08-26,put_credit_spread,0.0,0.0,0.0,1,3117.839597999999
2020-08-27,put_credit_spread,0.0,0.0,0.0,1,3117.839597999999
2020-08-28,put_credit_spread,0.0,0.0,0.0,1,3117.839597999999
2020-08-31,put_credit_spread,0.0,0.0,0.0,1,3117.839597999999
2020-09-01,put_credit_spread,0.0,0.0,0.0,1,3117.839597999999
2020-09-02,put_credit_spread,0.0,0.0,0.0,1,3117.839597999999
2020-09-03,put_credit_spread,0.0,0.0,0.0,1,3117.839597999999
2020-09-04,put_credit_spread,0.0,0.0,0.0,1,3117.839597999999
2020-09-08,put_credit_spread,0.0,0.0,0.0,1,3117.839597999999
2020-09-09,put_credit_spread,0.0,0.0,0.0,1,3117.839597999999
2020-09-10,put_credit_spread,0.0,0.0,0.0,1,3117.839597999999
2020-09-11,put_credit_spread,0.0,0.0,0.0,1,3117.839597999999
2020-09-14,put_credit_spread,0.0,0.0,0.0,1,3117.839597999999
2020-09-15,put_credit_spread,0.0,0.0,0.0,1,3117.839597999999
2020-09-16,put_credit_spread,290.871,0.0,290.871,2,3408.710597999999
2020-09-17,put_credit_spread,0.0,0.0,0.0,1,3408.710597999999
2020-09-18,put_credit_spread,0.0,0.0,0.0,1,3408.710597999999
2020-09-21,put_credit_spread,0.0,0.0,0.0,1,3408.710597999999
2020-09-22,put_credit_spread,0.0,0.0,0.0,1,3408.710597999999
2020-09-23,put_credit_spread,0.0,0.0,0.0,1,3408.710597999999
2020-09-24,put_credit_spread,0.0,0.0,0.0,1,3408.710597999999
2020-09-25,put_credit_spread,0.0,0.0,0.0,1,3408.710597999999
2020-09-28,put_credit_spread,0.0,0.0,0.0,1,3408.710597999999
2020-09-29,put_credit_spread,0.0,0.0,0.0,1,3408.710597999999
2020-09-30,put_credit_spread,0.0,0.0,0.0,1,3408.710597999999
2020-10-01,put_credit_spread,0.0,0.0,0.0,1,3408.710597999999
2020-10-02,put_credit_spread,0.0,0.0,0.0,1,3408.710597999999
2020-10-05,put_credit_spread,0.0,0.0,0.0,1,3408.710597999999
2020-10-06,put_credit_spread,0.0,0.0,0.0,1,3408.710597999999
2020-10-07,put_credit_spread,0.0,0.0,0.0,1,3408.710597999999
2020-10-08,put_credit_spread,0.0,0.0,0.0,1,3408.710597999999
2020-10-09,put_credit_spread,0.0,0.0,0.0,1,3408.710597999999
2020-10-12,put_credit_spread,0.0,0.0,0.0,1,3408.710597999999
2020-10-13,put_credit_spread,0.0,0.0,0.0,1,3408.710597999999
2020-10-14,put_credit_spread,253.85025,0.0,253.85025,2,3662.560847999999
2020-10-15,put_credit_spread,0.0,0.0,0.0,1,3662.560847999999
2020-10-16,put_credit_spread,0.0,0.0,0.0,1,3662.560847999999
2020-10-19,put_credit_spread,0.0,0.0,0.0,1,3662.560847999999
2020-10-20,put_credit_spread,0.0,0.0,0.0,1,3662.560847999999
2020-10-21,put_credit_spread,0.0,0.0,0.0,1,3662.560847999999
2020-10-22,put_credit_spread,0.0,0.0,0.0,1,3662.560847999999
2020-10-23,put_credit_spread,0.0,0.0,0.0,1,3662.560847999999
2020-10-26,put_credit_spread,0.0,0.0,0.0,1,3662.560847999999
2020-10-27,put_credit_spread,0.0,0.0,0.0,1,3662.560847999999
2020-10-28,put_credit_spread,-514.0,0.0,-514.0,1,3148.560847999999
2020-10-28,short_straddle,-3.32375,0.0,-3.32375,1,3145.237097999999
2020-10-29,put_credit_spread,0.0,0.0,0.0,1,3145.237097999999
2020-10-29,short_straddle,0.0,-1.48491,-1.48491,1,3143.752187999999
2020-10-30,put_credit_spread,0.0,0.0,0.0,1,3143.752187999999
2020-10-30,short_straddle,0.0,-30.960022,-30.960022,1,3112.792165999999
2020-11-02,put_credit_spread,0.0,0.0,0.0,1,3112.792165999999
2020-11-02,short_straddle,0.0,32.940033,32.940033,1,3145.7321989999987
2020-11-03,put_credit_spread,0.0,0.0,0.0,1,3145.7321989999987
2020-11-03,short_straddle,0.0,52.469879,52.469879,1,3198.202077999999
2020-11-04,put_credit_spread,0.0,0.0,0.0,1,3198.202077999999
2020-11-04,short_straddle,0.0,67.590088,67.590088,1,3265.792165999999
2020-11-05,put_credit_spread,0.0,0.0,0.0,1,3265.792165999999
2020-11-05,short_straddle,0.0,60.299835,60.299835,1,3326.0920009999986
2020-11-06,put_credit_spread,0.0,0.0,0.0,1,3326.0920009999986
2020-11-06,short_straddle,0.0,-0.719879,-0.719879,1,3325.3721219999984
2020-11-09,put_credit_spread,0.0,0.0,0.0,1,3325.3721219999984
2020-11-09,short_straddle,0.0,39.599945,39.599945,1,3364.9720669999983
2020-11-10,put_credit_spread,0.0,0.0,0.0,1,3364.9720669999983
2020-11-10,short_straddle,0.0,-4.679901,-4.679901,1,3360.2921659999984
2020-11-11,put_credit_spread,809.31125,0.0,809.31125,2,4169.603415999998
2020-11-11,short_straddle,0.0,23.670044,23.670044,1,4193.2734599999985
2020-11-12,put_credit_spread,0.0,0.0,0.0,1,4193.2734599999985
2020-11-12,short_straddle,0.0,-31.140198,-31.140198,1,4162.1332619999985
2020-11-13,put_credit_spread,0.0,0.0,0.0,1,4162.1332619999985
2020-11-13,short_straddle,0.0,44.010132,44.010132,1,4206.143393999999
2020-11-16,put_credit_spread,0.0,0.0,0.0,1,4206.143393999999
2020-11-16,short_straddle,0.0,40.230011,40.230011,1,4246.3734049999985
2020-11-17,put_credit_spread,0.0,0.0,0.0,1,4246.3734049999985
2020-11-17,short_straddle,0.0,-17.55011,-17.55011,1,4228.823294999998
2020-11-18,put_credit_spread,0.0,0.0,0.0,1,4228.823294999998
2020-11-18,short_straddle,0.0,-39.059967,-39.059967,1,4189.763327999998
2020-11-19,put_credit_spread,0.0,0.0,0.0,1,4189.763327999998
2020-11-19,short_straddle,0.0,13.5,13.5,1,4203.263327999998
2020-11-20,put_credit_spread,0.0,0.0,0.0,1,4203.263327999998
2020-11-20,short_straddle,0.0,-22.05011,-22.05011,1,4181.213217999998
2020-11-23,put_credit_spread,0.0,0.0,0.0,1,4181.213217999998
2020-11-23,short_straddle,-3.32375,17.561474,14.237724,1,4195.450941999998
2020-11-24,put_credit_spread,0.0,0.0,0.0,1,4195.450941999998
2020-11-25,put_credit_spread,0.0,0.0,0.0,1,4195.450941999998
2020-11-27,put_credit_spread,0.0,0.0,0.0,1,4195.450941999998
2020-11-30,put_credit_spread,0.0,0.0,0.0,1,4195.450941999998
2020-12-01,put_credit_spread,0.0,0.0,0.0,1,4195.450941999998
2020-12-02,put_credit_spread,0.0,0.0,0.0,1,4195.450941999998
2020-12-03,put_credit_spread,0.0,0.0,0.0,1,4195.450941999998
2020-12-04,put_credit_spread,0.0,0.0,0.0,1,4195.450941999998
2020-12-07,put_credit_spread,0.0,0.0,0.0,1,4195.450941999998
2020-12-08,put_credit_spread,0.0,0.0,0.0,1,4195.450941999998
2020-12-09,put_credit_spread,373.397,0.0,373.397,2,4568.847941999998
2020-12-10,put_credit_spread,0.0,0.0,0.0,1,4568.847941999998
2020-12-11,put_credit_spread,0.0,0.0,0.0,1,4568.847941999998
2020-12-14,put_credit_spread,0.0,0.0,0.0,1,4568.847941999998
2020-12-15,put_credit_spread,0.0,0.0,0.0,1,4568.847941999998
2020-12-16,put_credit_spread,0.0,0.0,0.0,1,4568.847941999998
2020-12-17,put_credit_spread,0.0,0.0,0.0,1,4568.847941999998
2020-12-18,put_credit_spread,0.0,0.0,0.0,1,4568.847941999998
2020-12-21,put_credit_spread,0.0,0.0,0.0,1,4568.847941999998
2020-12-22,put_credit_spread,0.0,0.0,0.0,1,4568.847941999998
2020-12-23,put_credit_spread,-77.5,0.0,-77.5,1,4491.347941999998
2020-12-24,put_credit_spread,0.0,0.0,0.0,1,4491.347941999998
2020-12-28,put_credit_spread,0.0,0.0,0.0,1,4491.347941999998
2020-12-29,put_credit_spread,0.0,0.0,0.0,1,4491.347941999998
2020-12-30,put_credit_spread,0.0,0.0,0.0,1,4491.347941999998
2020-12-31,put_credit_spread,0.0,0.0,0.0,1,4491.347941999998
2021-01-04,put_credit_spread,0.0,0.0,0.0,1,4491.347941999998
2021-01-05,put_credit_spread,0.0,0.0,0.0,1,4491.347941999998
2021-01-06,put_credit_spread,279.3055,0.0,279.3055,2,4770.653441999998
2021-01-07,put_credit_spread,0.0,0.0,0.0,1,4770.653441999998
2021-01-08,put_credit_spread,0.0,0.0,0.0,1,4770.653441999998
2021-01-11,put_credit_spread,0.0,0.0,0.0,1,4770.653441999998
2021-01-12,put_credit_spread,0.0,0.0,0.0,1,4770.653441999998
2021-01-13,put_credit_spread,0.0,0.0,0.0,1,4770.653441999998
2021-01-14,put_credit_spread,0.0,0.0,0.0,1,4770.653441999998
2021-01-15,put_credit_spread,0.0,0.0,0.0,1,4770.653441999998
2021-01-19,put_credit_spread,0.0,0.0,0.0,1,4770.653441999998
2021-01-20,put_credit_spread,-134.5,0.0,-134.5,1,4636.153441999998
2021-01-21,put_credit_spread,0.0,0.0,0.0,1,4636.153441999998
2021-01-22,put_credit_spread,0.0,0.0,0.0,1,4636.153441999998
2021-01-25,put_credit_spread,0.0,0.0,0.0,1,4636.153441999998
2021-01-26,put_credit_spread,0.0,0.0,0.0,1,4636.153441999998
2021-01-27,put_credit_spread,0.0,0.0,0.0,1,4636.153441999998
2021-01-28,put_credit_spread,0.0,0.0,0.0,1,4636.153441999998
2021-01-29,put_credit_spread,0.0,0.0,0.0,1,4636.153441999998
2021-02-01,put_credit_spread,0.0,0.0,0.0,1,4636.153441999998
2021-02-02,put_credit_spread,0.0,0.0,0.0,1,4636.153441999998
2021-02-03,put_credit_spread,519.32625,0.0,519.32625,2,5155.479691999998
2021-02-04,put_credit_spread,0.0,0.0,0.0,1,5155.479691999998
2021-02-05,put_credit_spread,0.0,0.0,0.0,1,5155.479691999998
2021-02-08,put_credit_spread,0.0,0.0,0.0,1,5155.479691999998
2021-02-09,put_credit_spread,0.0,0.0,0.0,1,5155.479691999998
2021-02-10,put_credit_spread,0.0,0.0,0.0,1,5155.479691999998
2021-02-11,put_credit_spread,0.0,0.0,0.0,1,5155.479691999998
2021-02-12,put_credit_spread,0.0,0.0,0.0,1,5155.479691999998
2021-02-16,put_credit_spread,0.0,0.0,0.0,1,5155.479691999998
2021-02-17,put_credit_spread,0.0,0.0,0.0,1,5155.479691999998
2021-02-18,put_credit_spread,0.0,0.0,0.0,1,5155.479691999998
2021-02-19,put_credit_spread,0.0,0.0,0.0,1,5155.479691999998
2021-02-22,put_credit_spread,0.0,0.0,0.0,1,5155.479691999998
2021-02-23,put_credit_spread,0.0,0.0,0.0,1,5155.479691999998
2021-02-24,put_credit_spread,0.0,0.0,0.0,1,5155.479691999998
2021-02-25,put_credit_spread,0.0,0.0,0.0,1,5155.479691999998
2021-02-26,put_credit_spread,0.0,0.0,0.0,1,5155.479691999998
2021-03-01,put_credit_spread,0.0,0.0,0.0,1,5155.479691999998
2021-03-02,put_credit_spread,0.0,0.0,0.0,1,5155.479691999998
2021-03-03,put_credit_spread,343.3175,0.0,343.3175,2,5498.797191999998
2021-03-04,put_credit_spread,0.0,0.0,0.0,1,5498.797191999998
2021-03-05,put_credit_spread,0.0,0.0,0.0,1,5498.797191999998
2021-03-08,put_credit_spread,0.0,0.0,0.0,1,5498.797191999998
2021-03-09,put_credit_spread,0.0,0.0,0.0,1,5498.797191999998
2021-03-10,put_credit_spread,0.0,0.0,0.0,1,5498.797191999998
2021-03-11,put_credit_spread,0.0,0.0,0.0,1,5498.797191999998
2021-03-12,put_credit_spread,0.0,0.0,0.0,1,5498.797191999998
2021-03-15,put_credit_spread,0.0,0.0,0.0,1,5498.797191999998
2021-03-16,put_credit_spread,0.0,0.0,0.0,1,5498.797191999998
2021-03-17,put_credit_spread,0.0,0.0,0.0,1,5498.797191999998
2021-03-18,put_credit_spread,0.0,0.0,0.0,1,5498.797191999998
2021-03-19,put_credit_spread,0.0,0.0,0.0,1,5498.797191999998
2021-03-22,put_credit_spread,0.0,0.0,0.0,1,5498.797191999998
2021-03-23,put_credit_spread,0.0,0.0,0.0,1,5498.797191999998
2021-03-24,put_credit_spread,0.0,0.0,0.0,1,5498.797191999998
2021-03-25,put_credit_spread,0.0,0.0,0.0,1,5498.797191999998
2021-03-26,put_credit_spread,0.0,0.0,0.0,1,5498.797191999998
2021-03-29,put_credit_spread,0.0,0.0,0.0,1,5498.797191999998
2021-03-30,put_credit_spread,0.0,0.0,0.0,1,5498.797191999998
2021-03-31,put_credit_spread,360.92925,0.0,360.92925,2,5859.726441999998
2021-04-01,put_credit_spread,0.0,0.0,0.0,1,5859.726441999998
2021-04-05,put_credit_spread,0.0,0.0,0.0,1,5859.726441999998
2021-04-06,put_credit_spread,0.0,0.0,0.0,1,5859.726441999998
2021-04-07,put_credit_spread,0.0,0.0,0.0,1,5859.726441999998
2021-04-08,put_credit_spread,0.0,0.0,0.0,1,5859.726441999998
2021-04-09,put_credit_spread,0.0,0.0,0.0,1,5859.726441999998
2021-04-12,put_credit_spread,0.0,0.0,0.0,1,5859.726441999998
2021-04-13,put_credit_spread,0.0,0.0,0.0,1,5859.726441999998
2021-04-14,put_credit_spread,0.0,0.0,0.0,1,5859.726441999998
2021-04-15,put_credit_spread,0.0,0.0,0.0,1,5859.726441999998
2021-04-16,put_credit_spread,0.0,0.0,0.0,1,5859.726441999998
2021-04-19,put_credit_spread,0.0,0.0,0.0,1,5859.726441999998
2021-04-20,put_credit_spread,0.0,0.0,0.0,1,5859.726441999998
2021-04-21,put_credit_spread,0.0,0.0,0.0,1,5859.726441999998
2021-04-22,put_credit_spread,0.0,0.0,0.0,1,5859.726441999998
2021-04-23,put_credit_spread,0.0,0.0,0.0,1,5859.726441999998
2021-04-26,put_credit_spread,0.0,0.0,0.0,1,5859.726441999998
2021-04-27,put_credit_spread,0.0,0.0,0.0,1,5859.726441999998
2021-04-28,put_credit_spread,137.35325,0.0,137.35325,2,5997.079691999998
2021-04-29,put_credit_spread,0.0,0.0,0.0,1,5997.079691999998
2021-04-30,put_credit_spread,0.0,0.0,0.0,1,5997.079691999998
2021-05-03,put_credit_spread,0.0,0.0,0.0,1,5997.079691999998
2021-05-04,put_credit_spread,0.0,0.0,0.0,1,5997.079691999998
2021-05-05,put_credit_spread,0.0,0.0,0.0,1,5997.079691999998
2021-05-06,put_credit_spread,0.0,0.0,0.0,1,5997.079691999998
2021-05-07,put_credit_spread,0.0,0.0,0.0,1,5997.079691999998
2021-05-10,put_credit_spread,0.0,0.0,0.0,1,5997.079691999998
2021-05-11,put_credit_spread,0.0,0.0,0.0,1,5997.079691999998
2021-05-12,put_credit_spread,0.0,0.0,0.0,1,5997.079691999998
2021-05-13,put_credit_spread,0.0,0.0,0.0,1,5997.079691999998
2021-05-14,put_credit_spread,0.0,0.0,0.0,1,5997.079691999998
2021-05-17,put_credit_spread,0.0,0.0,0.0,1,5997.079691999998
2021-05-18,put_credit_spread,0.0,0.0,0.0,1,5997.079691999998
2021-05-19,put_credit_spread,0.0,0.0,0.0,1,5997.079691999998
2021-05-20,put_credit_spread,0.0,0.0,0.0,1,5997.079691999998
2021-05-21,put_credit_spread,0.0,0.0,0.0,1,5997.079691999998
2021-05-24,put_credit_spread,0.0,0.0,0.0,1,5997.079691999998
2021-05-25,put_credit_spread,0.0,0.0,0.0,1,5997.079691999998
2021-05-26,put_credit_spread,291.5,0.0,291.5,1,6288.579691999998
2021-05-27,put_credit_spread,-2.12025,0.0,-2.12025,1,6286.4594419999985
2021-05-28,put_credit_spread,0.0,0.0,0.0,1,6286.4594419999985
2021-06-01,put_credit_spread,0.0,0.0,0.0,1,6286.4594419999985
2021-06-02,put_credit_spread,0.0,0.0,0.0,1,6286.4594419999985
2021-06-03,put_credit_spread,0.0,0.0,0.0,1,6286.4594419999985
2021-06-04,put_credit_spread,0.0,0.0,0.0,1,6286.4594419999985
2021-06-07,put_credit_spread,0.0,0.0,0.0,1,6286.4594419999985
2021-06-08,put_credit_spread,0.0,0.0,0.0,1,6286.4594419999985
2021-06-09,put_credit_spread,0.0,0.0,0.0,1,6286.4594419999985
2021-06-10,put_credit_spread,0.0,0.0,0.0,1,6286.4594419999985
2021-06-11,put_credit_spread,0.0,0.0,0.0,1,6286.4594419999985
2021-06-14,put_credit_spread,0.0,0.0,0.0,1,6286.4594419999985
2021-06-15,put_credit_spread,0.0,0.0,0.0,1,6286.4594419999985
2021-06-16,put_credit_spread,0.0,0.0,0.0,1,6286.4594419999985
2021-06-17,put_credit_spread,0.0,0.0,0.0,1,6286.4594419999985
2021-06-18,put_credit_spread,0.0,0.0,0.0,1,6286.4594419999985
2021-06-21,put_credit_spread,0.0,0.0,0.0,1,6286.4594419999985
2021-06-22,put_credit_spread,0.0,0.0,0.0,1,6286.4594419999985
2021-06-23,put_credit_spread,236.394,0.0,236.394,2,6522.853441999999
2021-06-24,put_credit_spread,0.0,0.0,0.0,1,6522.853441999999
2021-06-25,put_credit_spread,0.0,0.0,0.0,1,6522.853441999999
2021-06-28,put_credit_spread,0.0,0.0,0.0,1,6522.853441999999
2021-06-29,put_credit_spread,0.0,0.0,0.0,1,6522.853441999999
2021-06-30,put_credit_spread,0.0,0.0,0.0,1,6522.853441999999
2021-07-01,put_credit_spread,0.0,0.0,0.0,1,6522.853441999999
2021-07-02,put_credit_spread,0.0,0.0,0.0,1,6522.853441999999
2021-07-06,put_credit_spread,0.0,0.0,0.0,1,6522.853441999999
2021-07-07,put_credit_spread,0.0,0.0,0.0,1,6522.853441999999
2021-07-08,put_credit_spread,0.0,0.0,0.0,1,6522.853441999999
2021-07-09,put_credit_spread,0.0,0.0,0.0,1,6522.853441999999
2021-07-12,put_credit_spread,0.0,0.0,0.0,1,6522.853441999999
2021-07-13,put_credit_spread,0.0,0.0,0.0,1,6522.853441999999
2021-07-14,put_credit_spread,0.0,0.0,0.0,1,6522.853441999999
2021-07-15,put_credit_spread,0.0,0.0,0.0,1,6522.853441999999
2021-07-16,put_credit_spread,0.0,0.0,0.0,1,6522.853441999999
2021-07-19,put_credit_spread,0.0,0.0,0.0,1,6522.853441999999
2021-07-20,put_credit_spread,0.0,0.0,0.0,1,6522.853441999999
2021-07-21,put_credit_spread,207.86575,0.0,207.86575,2,6730.719191999999
2021-07-22,put_credit_spread,0.0,0.0,0.0,1,6730.719191999999
2021-07-23,put_credit_spread,0.0,0.0,0.0,1,6730.719191999999
2021-07-26,put_credit_spread,0.0,0.0,0.0,1,6730.719191999999
2021-07-27,put_credit_spread,0.0,0.0,0.0,1,6730.719191999999
2021-07-28,put_credit_spread,0.0,0.0,0.0,1,6730.719191999999
2021-07-29,put_credit_spread,0.0,0.0,0.0,1,6730.719191999999
2021-07-30,put_credit_spread,0.0,0.0,0.0,1,6730.719191999999
2021-08-02,put_credit_spread,0.0,0.0,0.0,1,6730.719191999999
2021-08-03,put_credit_spread,0.0,0.0,0.0,1,6730.719191999999
2021-08-04,put_credit_spread,0.0,0.0,0.0,1,6730.719191999999
2021-08-05,put_credit_spread,0.0,0.0,0.0,1,6730.719191999999
2021-08-06,put_credit_spread,0.0,0.0,0.0,1,6730.719191999999
2021-08-09,put_credit_spread,0.0,0.0,0.0,1,6730.719191999999
2021-08-10,put_credit_spread,0.0,0.0,0.0,1,6730.719191999999
2021-08-11,put_credit_spread,0.0,0.0,0.0,1,6730.719191999999
2021-08-12,put_credit_spread,0.0,0.0,0.0,1,6730.719191999999
2021-08-13,put_credit_spread,0.0,0.0,0.0,1,6730.719191999999
2021-08-16,put_credit_spread,0.0,0.0,0.0,1,6730.719191999999
2021-08-17,put_credit_spread,0.0,0.0,0.0,1,6730.719191999999
2021-08-18,put_credit_spread,264.3135,0.0,264.3135,2,6995.032691999999
2021-08-19,put_credit_spread,0.0,0.0,0.0,1,6995.032691999999
2021-08-20,put_credit_spread,0.0,0.0,0.0,1,6995.032691999999
2021-08-23,put_credit_spread,0.0,0.0,0.0,1,6995.032691999999
2021-08-24,put_credit_spread,0.0,0.0,0.0,1,6995.032691999999
2021-08-25,put_credit_spread,0.0,0.0,0.0,1,6995.032691999999
2021-08-26,put_credit_spread,0.0,0.0,0.0,1,6995.032691999999
2021-08-27,put_credit_spread,0.0,0.0,0.0,1,6995.032691999999
2021-08-30,put_credit_spread,0.0,0.0,0.0,1,6995.032691999999
2021-08-31,put_credit_spread,0.0,0.0,0.0,1,6995.032691999999
2021-09-01,put_credit_spread,-143.5,0.0,-143.5,1,6851.532691999999
2021-09-02,put_credit_spread,0.0,0.0,0.0,1,6851.532691999999
2021-09-03,put_credit_spread,0.0,0.0,0.0,1,6851.532691999999
2021-09-07,put_credit_spread,0.0,0.0,0.0,1,6851.532691999999
2021-09-08,put_credit_spread,0.0,0.0,0.0,1,6851.532691999999
2021-09-09,put_credit_spread,0.0,0.0,0.0,1,6851.532691999999
2021-09-10,put_credit_spread,0.0,0.0,0.0,1,6851.532691999999
2021-09-13,put_credit_spread,0.0,0.0,0.0,1,6851.532691999999
2021-09-14,put_credit_spread,0.0,0.0,0.0,1,6851.532691999999
2021-09-15,put_credit_spread,512.35275,0.0,512.35275,2,7363.885441999999
2021-09-16,put_credit_spread,0.0,0.0,0.0,1,7363.885441999999
2021-09-17,put_credit_spread,0.0,0.0,0.0,1,7363.885441999999
2021-09-20,put_credit_spread,0.0,0.0,0.0,1,7363.885441999999
2021-09-21,put_credit_spread,0.0,0.0,0.0,1,7363.885441999999
2021-09-22,put_credit_spread,0.0,0.0,0.0,1,7363.885441999999
2021-09-23,put_credit_spread,0.0,0.0,0.0,1,7363.885441999999
2021-09-24,put_credit_spread,0.0,0.0,0.0,1,7363.885441999999
2021-09-27,put_credit_spread,0.0,0.0,0.0,1,7363.885441999999
2021-09-28,put_credit_spread,0.0,0.0,0.0,1,7363.885441999999
2021-09-29,put_credit_spread,0.0,0.0,0.0,1,7363.885441999999
2021-09-30,put_credit_spread,0.0,0.0,0.0,1,7363.885441999999
2021-10-01,put_credit_spread,0.0,0.0,0.0,1,7363.885441999999
2021-10-04,put_credit_spread,0.0,0.0,0.0,1,7363.885441999999
2021-10-05,put_credit_spread,0.0,0.0,0.0,1,7363.885441999999
2021-10-06,put_credit_spread,0.0,0.0,0.0,1,7363.885441999999
2021-10-07,put_credit_spread,0.0,0.0,0.0,1,7363.885441999999
2021-10-08,put_credit_spread,0.0,0.0,0.0,1,7363.885441999999
2021-10-11,put_credit_spread,-4.3395,0.0,-4.3395,2,7359.545941999999
2021-10-12,put_credit_spread,0.0,0.0,0.0,1,7359.545941999999
2021-10-13,put_credit_spread,0.0,0.0,0.0,1,7359.545941999999
2021-10-14,put_credit_spread,0.0,0.0,0.0,1,7359.545941999999
2021-10-15,put_credit_spread,0.0,0.0,0.0,1,7359.545941999999
2021-10-18,put_credit_spread,0.0,0.0,0.0,1,7359.545941999999
2021-10-19,put_credit_spread,0.0,0.0,0.0,1,7359.545941999999
2021-10-20,put_credit_spread,0.0,0.0,0.0,1,7359.545941999999
2021-10-21,put_credit_spread,0.0,0.0,0.0,1,7359.545941999999
2021-10-22,put_credit_spread,0.0,0.0,0.0,1,7359.545941999999
2021-10-25,put_credit_spread,0.0,0.0,0.0,1,7359.545941999999
2021-10-26,put_credit_spread,0.0,0.0,0.0,1,7359.545941999999
2021-10-27,put_credit_spread,0.0,0.0,0.0,1,7359.545941999999
2021-10-28,put_credit_spread,0.0,0.0,0.0,1,7359.545941999999
2021-10-29,put_credit_spread,0.0,0.0,0.0,1,7359.545941999999
2021-11-01,put_credit_spread,0.0,0.0,0.0,1,7359.545941999999
2021-11-02,put_credit_spread,0.0,0.0,0.0,1,7359.545941999999
2021-11-03,put_credit_spread,0.0,0.0,0.0,1,7359.545941999999
2021-11-04,put_credit_spread,0.0,0.0,0.0,1,7359.545941999999
2021-11-05,put_credit_spread,0.0,0.0,0.0,1,7359.545941999999
2021-11-08,put_credit_spread,380.36875,0.0,380.36875,2,7739.9146919999985
2021-11-09,put_credit_spread,0.0,0.0,0.0,1,7739.9146919999985
2021-11-10,put_credit_spread,0.0,0.0,0.0,1,7739.9146919999985
2021-11-11,put_credit_spread,0.0,0.0,0.0,1,7739.9146919999985
2021-11-12,put_credit_spread,0.0,0.0,0.0,1,7739.9146919999985
2021-11-15,put_credit_spread,0.0,0.0,0.0,1,7739.9146919999985
2021-11-16,put_credit_spread,0.0,0.0,0.0,1,7739.9146919999985
2021-11-17,put_credit_spread,0.0,0.0,0.0,1,7739.9146919999985
2021-11-18,put_credit_spread,0.0,0.0,0.0,1,7739.9146919999985
2021-11-19,put_credit_spread,0.0,0.0,0.0,1,7739.9146919999985
2021-11-22,put_credit_spread,0.0,0.0,0.0,1,7739.9146919999985
2021-11-23,put_credit_spread,0.0,0.0,0.0,1,7739.9146919999985
2021-11-24,put_credit_spread,0.0,0.0,0.0,1,7739.9146919999985
2021-11-26,put_credit_spread,0.0,0.0,0.0,1,7739.9146919999985
2021-11-29,put_credit_spread,0.0,0.0,0.0,1,7739.9146919999985
2021-11-30,put_credit_spread,0.0,0.0,0.0,1,7739.9146919999985
2021-12-01,put_credit_spread,0.0,0.0,0.0,1,7739.9146919999985
2021-12-02,put_credit_spread,0.0,0.0,0.0,1,7739.9146919999985
2021-12-03,put_credit_spread,0.0,0.0,0.0,1,7739.9146919999985
2021-12-06,put_credit_spread,139.440355,0.0,139.440355,1,7879.355046999998
2021-12-08,put_credit_spread,-2.1805,0.0,-2.1805,1,7877.174546999998
2021-12-09,put_credit_spread,0.0,0.0,0.0,1,7877.174546999998
2021-12-10,put_credit_spread,0.0,0.0,0.0,1,7877.174546999998
2021-12-13,put_credit_spread,0.0,0.0,0.0,1,7877.174546999998
2021-12-14,put_credit_spread,0.0,0.0,0.0,1,7877.174546999998
2021-12-15,put_credit_spread,0.0,0.0,0.0,1,7877.174546999998
2021-12-16,put_credit_spread,0.0,0.0,0.0,1,7877.174546999998
2021-12-17,put_credit_spread,0.0,0.0,0.0,1,7877.174546999998
2021-12-20,put_credit_spread,0.0,0.0,0.0,1,7877.174546999998
2021-12-21,put_credit_spread,0.0,0.0,0.0,1,7877.174546999998
2021-12-22,put_credit_spread,0.0,0.0,0.0,1,7877.174546999998
2021-12-23,put_credit_spread,0.0,0.0,0.0,1,7877.174546999998
2021-12-27,put_credit_spread,0.0,0.0,0.0,1,7877.174546999998
2021-12-28,put_credit_spread,0.0,0.0,0.0,1,7877.174546999998
2021-12-29,put_credit_spread,0.0,0.0,0.0,1,7877.174546999998
2021-12-30,put_credit_spread,0.0,0.0,0.0,1,7877.174546999998
2021-12-31,put_credit_spread,0.0,0.0,0.0,1,7877.174546999998
2022-01-03,put_credit_spread,0.0,0.0,0.0,1,7877.174546999998
2022-01-04,put_credit_spread,0.0,0.0,0.0,1,7877.174546999998
2022-01-05,put_credit_spread,356.8125,0.0,356.8125,2,8233.987046999999
2022-01-06,put_credit_spread,0.0,0.0,0.0,1,8233.987046999999
2022-01-07,put_credit_spread,0.0,0.0,0.0,1,8233.987046999999
2022-01-10,put_credit_spread,0.0,0.0,0.0,1,8233.987046999999
2022-01-11,put_credit_spread,0.0,0.0,0.0,1,8233.987046999999
2022-01-12,put_credit_spread,0.0,0.0,0.0,1,8233.987046999999
2022-01-13,put_credit_spread,0.0,0.0,0.0,1,8233.987046999999
2022-01-14,put_credit_spread,0.0,0.0,0.0,1,8233.987046999999
2022-01-18,put_credit_spread,0.0,0.0,0.0,1,8233.987046999999
2022-01-19,put_credit_spread,-615.0,0.0,-615.0,1,7618.987046999999
2022-01-20,put_credit_spread,0.0,0.0,0.0,1,7618.987046999999
2022-01-21,put_credit_spread,0.0,0.0,0.0,1,7618.987046999999
2022-01-24,put_credit_spread,0.0,0.0,0.0,1,7618.987046999999
2022-01-25,put_credit_spread,0.0,0.0,0.0,1,7618.987046999999
2022-01-26,put_credit_spread,0.0,0.0,0.0,1,7618.987046999999
2022-01-27,put_credit_spread,0.0,0.0,0.0,1,7618.987046999999
2022-01-28,put_credit_spread,0.0,0.0,0.0,1,7618.987046999999
2022-01-31,put_credit_spread,-4.66425,0.0,-4.66425,2,7614.322796999999
2022-02-01,put_credit_spread,0.0,0.0,0.0,1,7614.322796999999
2022-02-02,put_credit_spread,0.0,0.0,0.0,1,7614.322796999999
2022-02-03,put_credit_spread,0.0,0.0,0.0,1,7614.322796999999
2022-02-04,put_credit_spread,0.0,0.0,0.0,1,7614.322796999999
2022-02-07,put_credit_spread,0.0,0.0,0.0,1,7614.322796999999
2022-02-08,put_credit_spread,0.0,0.0,0.0,1,7614.322796999999
2022-02-09,put_credit_spread,0.0,0.0,0.0,1,7614.322796999999
2022-02-10,put_credit_spread,0.0,0.0,0.0,1,7614.322796999999
2022-02-11,put_credit_spread,0.0,0.0,0.0,1,7614.322796999999
2022-02-14,put_credit_spread,0.0,0.0,0.0,1,7614.322796999999
2022-02-15,put_credit_spread,0.0,0.0,0.0,1,7614.322796999999
2022-02-16,put_credit_spread,0.0,0.0,0.0,1,7614.322796999999
2022-02-17,put_credit_spread,0.0,0.0,0.0,1,7614.322796999999
2022-02-18,put_credit_spread,0.0,0.0,0.0,1,7614.322796999999
2022-02-22,put_credit_spread,0.0,0.0,0.0,1,7614.322796999999
2022-02-23,put_credit_spread,0.0,0.0,0.0,1,7614.322796999999
2022-02-24,put_credit_spread,0.0,0.0,0.0,1,7614.322796999999
2022-02-25,put_credit_spread,0.0,0.0,0.0,1,7614.322796999999
2022-02-28,put_credit_spread,334.23725,0.0,334.23725,2,7948.560046999999
2022-03-01,put_credit_spread,0.0,0.0,0.0,1,7948.560046999999
2022-03-02,put_credit_spread,0.0,0.0,0.0,1,7948.560046999999
2022-03-03,put_credit_spread,0.0,0.0,0.0,1,7948.560046999999
2022-03-04,put_credit_spread,0.0,0.0,0.0,1,7948.560046999999
2022-03-07,put_credit_spread,0.0,0.0,0.0,1,7948.560046999999
2022-03-08,put_credit_spread,0.0,0.0,0.0,1,7948.560046999999
2022-03-09,put_credit_spread,0.0,0.0,0.0,1,7948.560046999999
2022-03-10,put_credit_spread,0.0,0.0,0.0,1,7948.560046999999
2022-03-11,put_credit_spread,0.0,0.0,0.0,1,7948.560046999999
2022-03-14,put_credit_spread,0.0,0.0,0.0,1,7948.560046999999
2022-03-15,put_credit_spread,0.0,0.0,0.0,1,7948.560046999999
2022-03-16,put_credit_spread,0.0,0.0,0.0,1,7948.560046999999
2022-03-17,put_credit_spread,0.0,0.0,0.0,1,7948.560046999999
2022-03-18,put_credit_spread,0.0,0.0,0.0,1,7948.560046999999
2022-03-21,put_credit_spread,0.0,0.0,0.0,1,7948.560046999999
2022-03-22,put_credit_spread,0.0,0.0,0.0,1,7948.560046999999
2022-03-23,put_credit_spread,0.0,0.0,0.0,1,7948.560046999999
2022-03-24,put_credit_spread,0.0,0.0,0.0,1,7948.560046999999
2022-03-25,put_credit_spread,0.0,0.0,0.0,1,7948.560046999999
2022-03-28,put_credit_spread,521.327,0.0,521.327,2,8469.887046999998
2022-03-29,put_credit_spread,0.0,0.0,0.0,1,8469.887046999998
2022-03-30,put_credit_spread,0.0,0.0,0.0,1,8469.887046999998
2022-03-31,put_credit_spread,0.0,0.0,0.0,1,8469.887046999998
2022-04-01,put_credit_spread,0.0,0.0,0.0,1,8469.887046999998
2022-04-04,put_credit_spread,0.0,0.0,0.0,1,8469.887046999998
2022-04-05,put_credit_spread,0.0,0.0,0.0,1,8469.887046999998
2022-04-06,put_credit_spread,0.0,0.0,0.0,1,8469.887046999998
2022-04-07,put_credit_spread,0.0,0.0,0.0,1,8469.887046999998
2022-04-08,put_credit_spread,0.0,0.0,0.0,1,8469.887046999998
2022-04-11,put_credit_spread,0.0,0.0,0.0,1,8469.887046999998
2022-04-12,put_credit_spread,0.0,0.0,0.0,1,8469.887046999998
2022-04-13,put_credit_spread,0.0,0.0,0.0,1,8469.887046999998
2022-04-14,put_credit_spread,0.0,0.0,0.0,1,8469.887046999998
2022-04-18,put_credit_spread,0.0,0.0,0.0,1,8469.887046999998
2022-04-19,put_credit_spread,0.0,0.0,0.0,1,8469.887046999998
2022-04-20,put_credit_spread,0.0,0.0,0.0,1,8469.887046999998
2022-04-21,put_credit_spread,0.0,0.0,0.0,1,8469.887046999998
2022-04-22,put_credit_spread,0.0,0.0,0.0,1,8469.887046999998
2022-04-25,put_credit_spread,-1508.122023,0.0,-1508.122023,2,6961.765023999998
2022-04-26,put_credit_spread,0.0,0.0,0.0,1,6961.765023999998
2022-04-27,put_credit_spread,0.0,0.0,0.0,1,6961.765023999998
2022-04-28,put_credit_spread,0.0,0.0,0.0,1,6961.765023999998
2022-04-29,put_credit_spread,0.0,0.0,0.0,1,6961.765023999998
2022-05-02,put_credit_spread,0.0,0.0,0.0,1,6961.765023999998
2022-05-03,put_credit_spread,0.0,0.0,0.0,1,6961.765023999998
2022-05-04,put_credit_spread,0.0,0.0,0.0,1,6961.765023999998
2022-05-05,put_credit_spread,0.0,0.0,0.0,1,6961.765023999998
2022-05-06,put_credit_spread,0.0,0.0,0.0,1,6961.765023999998
2022-05-09,put_credit_spread,0.0,0.0,0.0,1,6961.765023999998
2022-05-10,put_credit_spread,0.0,0.0,0.0,1,6961.765023999998
2022-05-11,put_credit_spread,0.0,0.0,0.0,1,6961.765023999998
2022-05-12,put_credit_spread,0.0,0.0,0.0,1,6961.765023999998
2022-05-13,put_credit_spread,0.0,0.0,0.0,1,6961.765023999998
2022-05-16,put_credit_spread,0.0,0.0,0.0,1,6961.765023999998
2022-05-17,put_credit_spread,0.0,0.0,0.0,1,6961.765023999998
2022-05-18,put_credit_spread,0.0,0.0,0.0,1,6961.765023999998
2022-05-19,put_credit_spread,0.0,0.0,0.0,1,6961.765023999998
2022-05-20,put_credit_spread,0.0,0.0,0.0,1,6961.765023999998
2022-05-23,put_credit_spread,-1115.951907,0.0,-1115.951907,2,5845.813116999999
2022-05-24,put_credit_spread,0.0,0.0,0.0,1,5845.813116999999
2022-05-25,put_credit_spread,0.0,0.0,0.0,1,5845.813116999999
2022-05-26,put_credit_spread,0.0,0.0,0.0,1,5845.813116999999
2022-05-27,put_credit_spread,0.0,0.0,0.0,1,5845.813116999999
2022-05-31,put_credit_spread,0.0,0.0,0.0,1,5845.813116999999
2022-06-01,put_credit_spread,0.0,0.0,0.0,1,5845.813116999999
2022-06-02,put_credit_spread,0.0,0.0,0.0,1,5845.813116999999
2022-06-03,put_credit_spread,0.0,0.0,0.0,1,5845.813116999999
2022-06-06,put_credit_spread,0.0,0.0,0.0,1,5845.813116999999
2022-06-07,put_credit_spread,0.0,0.0,0.0,1,5845.813116999999
2022-06-08,put_credit_spread,0.0,0.0,0.0,1,5845.813116999999
2022-06-09,put_credit_spread,0.0,0.0,0.0,1,5845.813116999999
2022-06-10,put_credit_spread,0.0,0.0,0.0,1,5845.813116999999
2022-06-13,put_credit_spread,0.0,0.0,0.0,1,5845.813116999999
2022-06-14,put_credit_spread,0.0,0.0,0.0,1,5845.813116999999
2022-06-15,put_credit_spread,0.0,0.0,0.0,1,5845.813116999999
2022-06-16,put_credit_spread,0.0,0.0,0.0,1,5845.813116999999
2022-06-17,put_credit_spread,0.0,0.0,0.0,1,5845.813116999999
2022-06-21,put_credit_spread,-196.795767,0.0,-196.795767,1,5649.017349999999
2022-06-22,put_credit_spread,-2.187,0.0,-2.187,1,5646.830349999999
2022-06-23,put_credit_spread,0.0,0.0,0.0,1,5646.830349999999
2022-06-24,put_credit_spread,0.0,0.0,0.0,1,5646.830349999999
2022-06-27,put_credit_spread,0.0,0.0,0.0,1,5646.830349999999
2022-06-28,put_credit_spread,0.0,0.0,0.0,1,5646.830349999999
2022-06-29,put_credit_spread,0.0,0.0,0.0,1,5646.830349999999
2022-06-30,put_credit_spread,0.0,0.0,0.0,1,5646.830349999999
2022-07-01,put_credit_spread,0.0,0.0,0.0,1,5646.830349999999
2022-07-05,put_credit_spread,0.0,0.0,0.0,1,5646.830349999999
2022-07-06,put_credit_spread,409.79525,0.0,409.79525,2,6056.625599999999
2022-07-07,put_credit_spread,0.0,0.0,0.0,1,6056.625599999999
2022-07-08,put_credit_spread,0.0,0.0,0.0,1,6056.625599999999
2022-07-11,put_credit_spread,0.0,0.0,0.0,1,6056.625599999999
2022-07-12,put_credit_spread,0.0,0.0,0.0,1,6056.625599999999
2022-07-13,put_credit_spread,0.0,0.0,0.0,1,6056.625599999999
2022-07-14,put_credit_spread,0.0,0.0,0.0,1,6056.625599999999
2022-07-15,put_credit_spread,0.0,0.0,0.0,1,6056.625599999999
2022-07-18,put_credit_spread,0.0,0.0,0.0,1,6056.625599999999
2022-07-19,put_credit_spread,0.0,0.0,0.0,1,6056.625599999999
2022-07-20,put_credit_spread,-137.5,0.0,-137.5,1,5919.125599999999
2022-07-21,put_credit_spread,0.0,0.0,0.0,1,5919.125599999999
2022-07-22,put_credit_spread,0.0,0.0,0.0,1,5919.125599999999
2022-07-25,put_credit_spread,0.0,0.0,0.0,1,5919.125599999999
2022-07-26,put_credit_spread,0.0,0.0,0.0,1,5919.125599999999
2022-07-27,put_credit_spread,0.0,0.0,0.0,1,5919.125599999999
2022-07-28,put_credit_spread,0.0,0.0,0.0,1,5919.125599999999
2022-07-29,put_credit_spread,0.0,0.0,0.0,1,5919.125599999999
2022-08-01,put_credit_spread,0.0,0.0,0.0,1,5919.125599999999
2022-08-02,put_credit_spread,0.0,0.0,0.0,1,5919.125599999999
2022-08-03,put_credit_spread,502.79075,0.0,502.79075,2,6421.9163499999995
2022-08-04,put_credit_spread,0.0,0.0,0.0,1,6421.9163499999995
2022-08-05,put_credit_spread,0.0,0.0,0.0,1,6421.9163499999995
2022-08-08,put_credit_spread,0.0,0.0,0.0,1,6421.9163499999995
2022-08-09,put_credit_spread,0.0,0.0,0.0,1,6421.9163499999995
2022-08-10,put_credit_spread,0.0,0.0,0.0,1,6421.9163499999995
2022-08-11,put_credit_spread,0.0,0.0,0.0,1,6421.9163499999995
2022-08-12,put_credit_spread,0.0,0.0,0.0,1,6421.9163499999995
2022-08-15,put_credit_spread,0.0,0.0,0.0,1,6421.9163499999995
2022-08-16,put_credit_spread,0.0,0.0,0.0,1,6421.9163499999995
2022-08-17,put_credit_spread,0.0,0.0,0.0,1,6421.9163499999995
2022-08-18,put_credit_spread,0.0,0.0,0.0,1,6421.9163499999995
2022-08-19,put_credit_spread,0.0,0.0,0.0,1,6421.9163499999995
2022-08-22,put_credit_spread,0.0,0.0,0.0,1,6421.9163499999995
2022-08-23,put_credit_spread,0.0,0.0,0.0,1,6421.9163499999995
2022-08-24,put_credit_spread,0.0,0.0,0.0,1,6421.9163499999995
2022-08-25,put_credit_spread,0.0,0.0,0.0,1,6421.9163499999995
2022-08-26,put_credit_spread,0.0,0.0,0.0,1,6421.9163499999995
2022-08-29,put_credit_spread,-4.38575,0.0,-4.38575,2,6417.530599999999
2022-08-30,put_credit_spread,0.0,0.0,0.0,1,6417.530599999999
2022-08-31,put_credit_spread,0.0,0.0,0.0,1,6417.530599999999
2022-09-01,put_credit_spread,0.0,0.0,0.0,1,6417.530599999999
2022-09-02,put_credit_spread,0.0,0.0,0.0,1,6417.530599999999
2022-09-06,put_credit_spread,0.0,0.0,0.0,1,6417.530599999999
2022-09-07,put_credit_spread,0.0,0.0,0.0,1,6417.530599999999
2022-09-08,put_credit_spread,0.0,0.0,0.0,1,6417.530599999999
2022-09-09,put_credit_spread,0.0,0.0,0.0,1,6417.530599999999
2022-09-12,put_credit_spread,257.0,0.0,257.0,1,6674.530599999999
2022-09-13,put_credit_spread,0.0,0.0,0.0,1,6674.530599999999
2022-09-14,put_credit_spread,0.0,0.0,0.0,1,6674.530599999999
2022-09-15,put_credit_spread,0.0,0.0,0.0,1,6674.530599999999
2022-09-16,put_credit_spread,0.0,0.0,0.0,1,6674.530599999999
2022-09-19,put_credit_spread,0.0,0.0,0.0,1,6674.530599999999
2022-09-20,put_credit_spread,0.0,0.0,0.0,1,6674.530599999999
2022-09-21,put_credit_spread,0.0,0.0,0.0,1,6674.530599999999
2022-09-22,put_credit_spread,0.0,0.0,0.0,1,6674.530599999999
2022-09-23,put_credit_spread,0.0,0.0,0.0,1,6674.530599999999
2022-09-26,put_credit_spread,-2078.3274939999997,0.0,-2078.3274939999997,2,4596.203105999999
2022-09-27,put_credit_spread,0.0,0.0,0.0,1,4596.203105999999
2022-09-28,put_credit_spread,0.0,0.0,0.0,1,4596.203105999999
2022-09-29,put_credit_spread,0.0,0.0,0.0,1,4596.203105999999
2022-09-30,put_credit_spread,0.0,0.0,0.0,1,4596.203105999999
2022-10-03,put_credit_spread,0.0,0.0,0.0,1,4596.203105999999
2022-10-04,put_credit_spread,0.0,0.0,0.0,1,4596.203105999999
2022-10-05,put_credit_spread,0.0,0.0,0.0,1,4596.203105999999
2022-10-06,put_credit_spread,0.0,0.0,0.0,1,4596.203105999999
2022-10-07,put_credit_spread,0.0,0.0,0.0,1,4596.203105999999
2022-10-10,put_credit_spread,0.0,0.0,0.0,1,4596.203105999999
2022-10-11,put_credit_spread,0.0,0.0,0.0,1,4596.203105999999
2022-10-12,put_credit_spread,0.0,0.0,0.0,1,4596.203105999999
2022-10-13,put_credit_spread,0.0,0.0,0.0,1,4596.203105999999
2022-10-14,put_credit_spread,0.0,0.0,0.0,1,4596.203105999999
2022-10-17,put_credit_spread,0.0,0.0,0.0,1,4596.203105999999
2022-10-18,put_credit_spread,0.0,0.0,0.0,1,4596.203105999999
2022-10-19,put_credit_spread,0.0,0.0,0.0,1,4596.203105999999
2022-10-20,put_credit_spread,0.0,0.0,0.0,1,4596.203105999999
2022-10-21,put_credit_spread,0.0,0.0,0.0,1,4596.203105999999
2022-10-24,put_credit_spread,481.295,0.0,481.295,2,5077.498105999999
2022-10-25,put_credit_spread,0.0,0.0,0.0,1,5077.498105999999
2022-10-26,put_credit_spread,0.0,0.0,0.0,1,5077.498105999999
2022-10-27,put_credit_spread,0.0,0.0,0.0,1,5077.498105999999
2022-10-28,put_credit_spread,0.0,0.0,0.0,1,5077.498105999999
2022-10-31,put_credit_spread,0.0,0.0,0.0,1,5077.498105999999
2022-11-01,put_credit_spread,0.0,0.0,0.0,1,5077.498105999999
2022-11-02,put_credit_spread,0.0,0.0,0.0,1,5077.498105999999
2022-11-03,put_credit_spread,0.0,0.0,0.0,1,5077.498105999999
2022-11-04,put_credit_spread,0.0,0.0,0.0,1,5077.498105999999
2022-11-07,put_credit_spread,0.0,0.0,0.0,1,5077.498105999999
2022-11-08,put_credit_spread,0.0,0.0,0.0,1,5077.498105999999
2022-11-09,put_credit_spread,0.0,0.0,0.0,1,5077.498105999999
2022-11-10,put_credit_spread,0.0,0.0,0.0,1,5077.498105999999
2022-11-11,put_credit_spread,0.0,0.0,0.0,1,5077.498105999999
2022-11-14,put_credit_spread,0.0,0.0,0.0,1,5077.498105999999
2022-11-15,put_credit_spread,0.0,0.0,0.0,1,5077.498105999999
2022-11-16,put_credit_spread,0.0,0.0,0.0,1,5077.498105999999
2022-11-17,put_credit_spread,0.0,0.0,0.0,1,5077.498105999999
2022-11-18,put_credit_spread,0.0,0.0,0.0,1,5077.498105999999
2022-11-21,put_credit_spread,405.878,0.0,405.878,2,5483.376105999999
2022-11-22,put_credit_spread,0.0,0.0,0.0,1,5483.376105999999
2022-11-23,put_credit_spread,0.0,0.0,0.0,1,5483.376105999999
2022-11-25,put_credit_spread,0.0,0.0,0.0,1,5483.376105999999
2022-11-28,put_credit_spread,0.0,0.0,0.0,1,5483.376105999999
2022-11-29,put_credit_spread,0.0,0.0,0.0,1,5483.376105999999
2022-11-30,put_credit_spread,0.0,0.0,0.0,1,5483.376105999999
2022-12-01,put_credit_spread,0.0,0.0,0.0,1,5483.376105999999
2022-12-02,put_credit_spread,0.0,0.0,0.0,1,5483.376105999999
2022-12-05,put_credit_spread,0.0,0.0,0.0,1,5483.376105999999
2022-12-06,put_credit_spread,0.0,0.0,0.0,1,5483.376105999999
2022-12-07,put_credit_spread,0.0,0.0,0.0,1,5483.376105999999
2022-12-08,put_credit_spread,0.0,0.0,0.0,1,5483.376105999999
2022-12-09,put_credit_spread,0.0,0.0,0.0,1,5483.376105999999
2022-12-12,put_credit_spread,0.0,0.0,0.0,1,5483.376105999999
2022-12-13,put_credit_spread,0.0,0.0,0.0,1,5483.376105999999
2022-12-14,put_credit_spread,0.0,0.0,0.0,1,5483.376105999999
2022-12-15,put_credit_spread,0.0,0.0,0.0,1,5483.376105999999
2022-12-16,put_credit_spread,239.78325,0.0,239.78325,2,5723.159355999999
2022-12-19,put_credit_spread,0.0,0.0,0.0,1,5723.159355999999
2022-12-20,put_credit_spread,0.0,0.0,0.0,1,5723.159355999999
2022-12-21,put_credit_spread,0.0,0.0,0.0,1,5723.159355999999
2022-12-22,put_credit_spread,0.0,0.0,0.0,1,5723.159355999999
2022-12-23,put_credit_spread,0.0,0.0,0.0,1,5723.159355999999
2022-12-27,put_credit_spread,0.0,0.0,0.0,1,5723.159355999999
2022-12-28,put_credit_spread,0.0,0.0,0.0,1,5723.159355999999
2022-12-29,put_credit_spread,0.0,0.0,0.0,1,5723.159355999999
2022-12-30,put_credit_spread,-91.0,0.0,-91.0,1,5632.159355999999
2023-01-03,put_credit_spread,0.0,0.0,0.0,1,5632.159355999999
2023-01-04,put_credit_spread,0.0,0.0,0.0,1,5632.159355999999
2023-01-05,put_credit_spread,0.0,0.0,0.0,1,5632.159355999999
2023-01-06,put_credit_spread,0.0,0.0,0.0,1,5632.159355999999
2023-01-09,put_credit_spread,0.0,0.0,0.0,1,5632.159355999999
2023-01-10,put_credit_spread,0.0,0.0,0.0,1,5632.159355999999
2023-01-11,put_credit_spread,0.0,0.0,0.0,1,5632.159355999999
2023-01-12,put_credit_spread,0.0,0.0,0.0,1,5632.159355999999
2023-01-13,put_credit_spread,520.35725,0.0,520.35725,2,6152.516605999999
2023-01-17,put_credit_spread,0.0,0.0,0.0,1,6152.516605999999
2023-01-18,put_credit_spread,0.0,0.0,0.0,1,6152.516605999999
2023-01-19,put_credit_spread,0.0,0.0,0.0,1,6152.516605999999
2023-01-20,put_credit_spread,0.0,0.0,0.0,1,6152.516605999999
2023-01-23,put_credit_spread,0.0,0.0,0.0,1,6152.516605999999
2023-01-24,put_credit_spread,0.0,0.0,0.0,1,6152.516605999999
2023-01-25,put_credit_spread,0.0,0.0,0.0,1,6152.516605999999
2023-01-26,put_credit_spread,0.0,0.0,0.0,1,6152.516605999999
2023-01-27,put_credit_spread,0.0,0.0,0.0,1,6152.516605999999
2023-01-30,put_credit_spread,0.0,0.0,0.0,1,6152.516605999999
2023-01-31,put_credit_spread,0.0,0.0,0.0,1,6152.516605999999
2023-02-01,put_credit_spread,0.0,0.0,0.0,1,6152.516605999999
2023-02-02,put_credit_spread,0.0,0.0,0.0,1,6152.516605999999
2023-02-03,put_credit_spread,0.0,0.0,0.0,1,6152.516605999999
2023-02-06,put_credit_spread,0.0,0.0,0.0,1,6152.516605999999
2023-02-07,put_credit_spread,0.0,0.0,0.0,1,6152.516605999999
2023-02-08,put_credit_spread,0.0,0.0,0.0,1,6152.516605999999
2023-02-09,put_credit_spread,0.0,0.0,0.0,1,6152.516605999999
2023-02-10,put_credit_spread,281.2985,0.0,281.2985,2,6433.815105999999
2023-02-13,put_credit_spread,0.0,0.0,0.0,1,6433.815105999999
2023-02-14,put_credit_spread,0.0,0.0,0.0,1,6433.815105999999
2023-02-15,put_credit_spread,0.0,0.0,0.0,1,6433.815105999999
2023-02-16,put_credit_spread,0.0,0.0,0.0,1,6433.815105999999
2023-02-17,put_credit_spread,0.0,0.0,0.0,1,6433.815105999999
2023-02-21,put_credit_spread,0.0,0.0,0.0,1,6433.815105999999
2023-02-22,put_credit_spread,0.0,0.0,0.0,1,6433.815105999999
2023-02-23,put_credit_spread,0.0,0.0,0.0,1,6433.815105999999
2023-02-24,put_credit_spread,0.0,0.0,0.0,1,6433.815105999999
2023-02-27,put_credit_spread,0.0,0.0,0.0,1,6433.815105999999
2023-02-28,put_credit_spread,0.0,0.0,0.0,1,6433.815105999999
2023-03-01,put_credit_spread,0.0,0.0,0.0,1,6433.815105999999
2023-03-02,put_credit_spread,0.0,0.0,0.0,1,6433.815105999999
2023-03-03,put_credit_spread,0.0,0.0,0.0,1,6433.815105999999
2023-03-06,put_credit_spread,0.0,0.0,0.0,1,6433.815105999999
2023-03-07,put_credit_spread,0.0,0.0,0.0,1,6433.815105999999
2023-03-08,put_credit_spread,-4.401,0.0,-4.401,2,6429.414105999999
2023-03-09,put_credit_spread,0.0,0.0,0.0,1,6429.414105999999
2023-03-10,put_credit_spread,0.0,0.0,0.0,1,6429.414105999999
2023-03-13,put_credit_spread,0.0,0.0,0.0,1,6429.414105999999
2023-03-14,put_credit_spread,0.0,0.0,0.0,1,6429.414105999999
2023-03-15,put_credit_spread,0.0,0.0,0.0,1,6429.414105999999
2023-03-16,put_credit_spread,0.0,0.0,0.0,1,6429.414105999999
2023-03-17,put_credit_spread,0.0,0.0,0.0,1,6429.414105999999
2023-03-20,put_credit_spread,0.0,0.0,0.0,1,6429.414105999999
2023-03-21,put_credit_spread,0.0,0.0,0.0,1,6429.414105999999
2023-03-22,put_credit_spread,0.0,0.0,0.0,1,6429.414105999999
2023-03-23,put_credit_spread,0.0,0.0,0.0,1,6429.414105999999
2023-03-24,put_credit_spread,0.0,0.0,0.0,1,6429.414105999999
2023-03-27,put_credit_spread,0.0,0.0,0.0,1,6429.414105999999
2023-03-28,put_credit_spread,0.0,0.0,0.0,1,6429.414105999999
2023-03-29,put_credit_spread,0.0,0.0,0.0,1,6429.414105999999
2023-03-30,put_credit_spread,0.0,0.0,0.0,1,6429.414105999999
2023-03-31,put_credit_spread,0.0,0.0,0.0,1,6429.414105999999
2023-04-03,put_credit_spread,0.0,0.0,0.0,1,6429.414105999999
2023-04-04,put_credit_spread,0.0,0.0,0.0,1,6429.414105999999
2023-04-05,put_credit_spread,0.0,0.0,0.0,1,6429.414105999999
2023-04-06,put_credit_spread,397.0,0.0,397.0,1,6826.414105999999
2023-04-10,put_credit_spread,-2.124,0.0,-2.124,1,6824.2901059999995
2023-04-11,put_credit_spread,0.0,0.0,0.0,1,6824.2901059999995
2023-04-12,put_credit_spread,0.0,0.0,0.0,1,6824.2901059999995
2023-04-13,put_credit_spread,0.0,0.0,0.0,1,6824.2901059999995
2023-04-14,put_credit_spread,0.0,0.0,0.0,1,6824.2901059999995
2023-04-17,put_credit_spread,0.0,0.0,0.0,1,6824.2901059999995
2023-04-18,put_credit_spread,0.0,0.0,0.0,1,6824.2901059999995
2023-04-19,put_credit_spread,0.0,0.0,0.0,1,6824.2901059999995
2023-04-20,put_credit_spread,0.0,0.0,0.0,1,6824.2901059999995
2023-04-21,put_credit_spread,0.0,0.0,0.0,1,6824.2901059999995
2023-04-24,put_credit_spread,0.0,0.0,0.0,1,6824.2901059999995
2023-04-25,put_credit_spread,0.0,0.0,0.0,1,6824.2901059999995
2023-04-26,put_credit_spread,0.0,0.0,0.0,1,6824.2901059999995
2023-04-27,put_credit_spread,0.0,0.0,0.0,1,6824.2901059999995
2023-04-28,put_credit_spread,0.0,0.0,0.0,1,6824.2901059999995
2023-05-01,put_credit_spread,0.0,0.0,0.0,1,6824.2901059999995
2023-05-02,put_credit_spread,0.0,0.0,0.0,1,6824.2901059999995
2023-05-03,put_credit_spread,0.0,0.0,0.0,1,6824.2901059999995
2023-05-04,put_credit_spread,0.0,0.0,0.0,1,6824.2901059999995
2023-05-05,put_credit_spread,243.861,0.0,243.861,2,7068.151105999999
2023-05-08,put_credit_spread,31.0,0.0,31.0,1,7099.151105999999
2023-05-09,put_credit_spread,0.0,0.0,0.0,1,7099.151105999999
2023-05-10,put_credit_spread,0.0,0.0,0.0,1,7099.151105999999
2023-05-11,put_credit_spread,0.0,0.0,0.0,1,7099.151105999999
2023-05-12,put_credit_spread,0.0,0.0,0.0,1,7099.151105999999
2023-05-15,put_credit_spread,0.0,0.0,0.0,1,7099.151105999999
2023-05-16,put_credit_spread,0.0,0.0,0.0,1,7099.151105999999
2023-05-17,put_credit_spread,0.0,0.0,0.0,1,7099.151105999999
2023-05-18,put_credit_spread,0.0,0.0,0.0,1,7099.151105999999
2023-05-19,put_credit_spread,0.0,0.0,0.0,1,7099.151105999999
2023-05-22,put_credit_spread,0.0,0.0,0.0,1,7099.151105999999
2023-05-23,put_credit_spread,0.0,0.0,0.0,1,7099.151105999999
2023-05-24,put_credit_spread,0.0,0.0,0.0,1,7099.151105999999
2023-05-25,put_credit_spread,0.0,0.0,0.0,1,7099.151105999999
2023-05-26,put_credit_spread,0.0,0.0,0.0,1,7099.151105999999
2023-05-30,put_credit_spread,0.0,0.0,0.0,1,7099.151105999999
2023-05-31,put_credit_spread,0.0,0.0,0.0,1,7099.151105999999
2023-06-01,put_credit_spread,0.0,0.0,0.0,1,7099.151105999999
2023-06-02,put_credit_spread,242.90925,0.0,242.90925,2,7342.060355999999
2023-06-05,put_credit_spread,0.0,0.0,0.0,1,7342.060355999999
2023-06-06,put_credit_spread,0.0,0.0,0.0,1,7342.060355999999
2023-06-07,put_credit_spread,0.0,0.0,0.0,1,7342.060355999999
2023-06-08,put_credit_spread,0.0,0.0,0.0,1,7342.060355999999
2023-06-09,put_credit_spread,0.0,0.0,0.0,1,7342.060355999999
2023-06-12,put_credit_spread,0.0,0.0,0.0,1,7342.060355999999
2023-06-13,put_credit_spread,0.0,0.0,0.0,1,7342.060355999999
2023-06-14,put_credit_spread,0.0,0.0,0.0,1,7342.060355999999
2023-06-15,put_credit_spread,0.0,0.0,0.0,1,7342.060355999999
2023-06-16,put_credit_spread,0.0,0.0,0.0,1,7342.060355999999
2023-06-20,put_credit_spread,0.0,0.0,0.0,1,7342.060355999999
2023-06-21,put_credit_spread,0.0,0.0,0.0,1,7342.060355999999
2023-06-22,put_credit_spread,0.0,0.0,0.0,1,7342.060355999999
2023-06-23,put_credit_spread,0.0,0.0,0.0,1,7342.060355999999
2023-06-26,put_credit_spread,0.0,0.0,0.0,1,7342.060355999999
2023-06-27,put_credit_spread,0.0,0.0,0.0,1,7342.060355999999
2023-06-28,put_credit_spread,0.0,0.0,0.0,1,7342.060355999999
2023-06-29,put_credit_spread,0.0,0.0,0.0,1,7342.060355999999
2023-06-30,put_credit_spread,177.42675,0.0,177.42675,2,7519.487105999999
2023-07-03,put_credit_spread,0.0,0.0,0.0,1,7519.487105999999
2023-07-05,put_credit_spread,0.0,0.0,0.0,1,7519.487105999999
2023-07-06,put_credit_spread,0.0,0.0,0.0,1,7519.487105999999
2023-07-07,put_credit_spread,0.0,0.0,0.0,1,7519.487105999999
2023-07-10,put_credit_spread,0.0,0.0,0.0,1,7519.487105999999
2023-07-11,put_credit_spread,0.0,0.0,0.0,1,7519.487105999999
2023-07-12,put_credit_spread,0.0,0.0,0.0,1,7519.487105999999
2023-07-13,put_credit_spread,0.0,0.0,0.0,1,7519.487105999999
2023-07-14,put_credit_spread,0.0,0.0,0.0,1,7519.487105999999
2023-07-17,put_credit_spread,0.0,0.0,0.0,1,7519.487105999999
2023-07-18,put_credit_spread,0.0,0.0,0.0,1,7519.487105999999
2023-07-19,put_credit_spread,0.0,0.0,0.0,1,7519.487105999999
2023-07-20,put_credit_spread,0.0,0.0,0.0,1,7519.487105999999
2023-07-21,put_credit_spread,0.0,0.0,0.0,1,7519.487105999999
2023-07-24,put_credit_spread,0.0,0.0,0.0,1,7519.487105999999
2023-07-25,put_credit_spread,0.0,0.0,0.0,1,7519.487105999999
2023-07-26,put_credit_spread,0.0,0.0,0.0,1,7519.487105999999
2023-07-27,put_credit_spread,0.0,0.0,0.0,1,7519.487105999999
2023-07-28,put_credit_spread,142.41725,0.0,142.41725,2,7661.904355999999
2023-07-31,put_credit_spread,-12.0,0.0,-12.0,1,7649.904355999999
2023-08-01,put_credit_spread,0.0,0.0,0.0,1,7649.904355999999
2023-08-02,put_credit_spread,0.0,0.0,0.0,1,7649.904355999999
2023-08-03,put_credit_spread,0.0,0.0,0.0,1,7649.904355999999
2023-08-04,put_credit_spread,0.0,0.0,0.0,1,7649.904355999999
2023-08-07,put_credit_spread,0.0,0.0,0.0,1,7649.904355999999
2023-08-08,put_credit_spread,0.0,0.0,0.0,1,7649.904355999999
2023-08-09,put_credit_spread,0.0,0.0,0.0,1,7649.904355999999
2023-08-10,put_credit_spread,0.0,0.0,0.0,1,7649.904355999999
2023-08-11,put_credit_spread,0.0,0.0,0.0,1,7649.904355999999
2023-08-14,put_credit_spread,0.0,0.0,0.0,1,7649.904355999999
2023-08-15,put_credit_spread,0.0,0.0,0.0,1,7649.904355999999
2023-08-16,put_credit_spread,0.0,0.0,0.0,1,7649.904355999999
2023-08-17,put_credit_spread,0.0,0.0,0.0,1,7649.904355999999
2023-08-18,put_credit_spread,0.0,0.0,0.0,1,7649.904355999999
2023-08-21,put_credit_spread,0.0,0.0,0.0,1,7649.904355999999
2023-08-22,put_credit_spread,0.0,0.0,0.0,1,7649.904355999999
2023-08-23,put_credit_spread,-4.216,0.0,-4.216,2,7645.688355999999
2023-08-24,put_credit_spread,0.0,0.0,0.0,1,7645.688355999999
2023-08-25,put_credit_spread,0.0,0.0,0.0,1,7645.688355999999
2023-08-28,put_credit_spread,29.0,0.0,29.0,1,7674.688355999999
2023-08-29,put_credit_spread,0.0,0.0,0.0,1,7674.688355999999
2023-08-30,put_credit_spread,0.0,0.0,0.0,1,7674.688355999999
2023-08-31,put_credit_spread,0.0,0.0,0.0,1,7674.688355999999
2023-09-01,put_credit_spread,0.0,0.0,0.0,1,7674.688355999999
2023-09-05,put_credit_spread,0.0,0.0,0.0,1,7674.688355999999
2023-09-06,put_credit_spread,0.0,0.0,0.0,1,7674.688355999999
2023-09-07,put_credit_spread,0.0,0.0,0.0,1,7674.688355999999
2023-09-08,put_credit_spread,0.0,0.0,0.0,1,7674.688355999999
2023-09-11,put_credit_spread,0.0,0.0,0.0,1,7674.688355999999
2023-09-12,put_credit_spread,0.0,0.0,0.0,1,7674.688355999999
2023-09-13,put_credit_spread,0.0,0.0,0.0,1,7674.688355999999
2023-09-14,put_credit_spread,0.0,0.0,0.0,1,7674.688355999999
2023-09-15,put_credit_spread,0.0,0.0,0.0,1,7674.688355999999
2023-09-18,put_credit_spread,0.0,0.0,0.0,1,7674.688355999999
2023-09-19,put_credit_spread,0.0,0.0,0.0,1,7674.688355999999
2023-09-20,put_credit_spread,0.0,0.0,0.0,1,7674.688355999999
2023-09-21,put_credit_spread,-2.11275,0.0,-2.11275,1,7672.5756059999985
2023-09-22,put_credit_spread,-2.12325,0.0,-2.12325,1,7670.452355999999
2023-09-25,put_credit_spread,0.0,0.0,0.0,1,7670.452355999999
2023-09-26,put_credit_spread,0.0,0.0,0.0,1,7670.452355999999
2023-09-27,put_credit_spread,0.0,0.0,0.0,1,7670.452355999999
2023-09-28,put_credit_spread,0.0,0.0,0.0,1,7670.452355999999
2023-09-29,put_credit_spread,0.0,0.0,0.0,1,7670.452355999999
2023-10-02,put_credit_spread,0.0,0.0,0.0,1,7670.452355999999
2023-10-03,put_credit_spread,0.0,0.0,0.0,1,7670.452355999999
2023-10-04,put_credit_spread,0.0,0.0,0.0,1,7670.452355999999
2023-10-05,put_credit_spread,0.0,0.0,0.0,1,7670.452355999999
2023-10-06,put_credit_spread,0.0,0.0,0.0,1,7670.452355999999
2023-10-09,put_credit_spread,0.0,0.0,0.0,1,7670.452355999999
2023-10-10,put_credit_spread,0.0,0.0,0.0,1,7670.452355999999
2023-10-11,put_credit_spread,0.0,0.0,0.0,1,7670.452355999999
2023-10-12,put_credit_spread,0.0,0.0,0.0,1,7670.452355999999
2023-10-13,put_credit_spread,0.0,0.0,0.0,1,7670.452355999999
2023-10-16,put_credit_spread,0.0,0.0,0.0,1,7670.452355999999
2023-10-17,put_credit_spread,0.0,0.0,0.0,1,7670.452355999999
2023-10-18,put_credit_spread,0.0,0.0,0.0,1,7670.452355999999
2023-10-19,put_credit_spread,0.0,0.0,0.0,1,7670.452355999999
2023-10-20,put_credit_spread,161.269744,0.0,161.269744,2,7831.722099999999
2023-10-23,put_credit_spread,0.0,0.0,0.0,1,7831.722099999999
2023-10-24,put_credit_spread,0.0,0.0,0.0,1,7831.722099999999
2023-10-25,put_credit_spread,0.0,0.0,0.0,1,7831.722099999999
2023-10-26,put_credit_spread,0.0,0.0,0.0,1,7831.722099999999
2023-10-27,put_credit_spread,0.0,0.0,0.0,1,7831.722099999999
2023-10-30,put_credit_spread,0.0,0.0,0.0,1,7831.722099999999
2023-10-31,put_credit_spread,0.0,0.0,0.0,1,7831.722099999999
2023-11-01,put_credit_spread,0.0,0.0,0.0,1,7831.722099999999
2023-11-02,put_credit_spread,0.0,0.0,0.0,1,7831.722099999999
2023-11-03,put_credit_spread,0.0,0.0,0.0,1,7831.722099999999
2023-11-06,put_credit_spread,0.0,0.0,0.0,1,7831.722099999999
2023-11-07,put_credit_spread,0.0,0.0,0.0,1,7831.722099999999
2023-11-08,put_credit_spread,0.0,0.0,0.0,1,7831.722099999999
2023-11-09,put_credit_spread,0.0,0.0,0.0,1,7831.722099999999
2023-11-10,put_credit_spread,0.0,0.0,0.0,1,7831.722099999999
2023-11-13,put_credit_spread,0.0,0.0,0.0,1,7831.722099999999
2023-11-14,put_credit_spread,0.0,0.0,0.0,1,7831.722099999999
2023-11-15,put_credit_spread,0.0,0.0,0.0,1,7831.722099999999
2023-11-16,put_credit_spread,0.0,0.0,0.0,1,7831.722099999999
2023-11-17,put_credit_spread,375.90425,0.0,375.90425,2,8207.626349999999
2023-11-20,put_credit_spread,0.0,0.0,0.0,1,8207.626349999999
2023-11-21,put_credit_spread,0.0,0.0,0.0,1,8207.626349999999
2023-11-22,put_credit_spread,0.0,0.0,0.0,1,8207.626349999999
2023-11-24,put_credit_spread,0.0,0.0,0.0,1,8207.626349999999
2023-11-27,put_credit_spread,0.0,0.0,0.0,1,8207.626349999999
2023-11-28,put_credit_spread,0.0,0.0,0.0,1,8207.626349999999
2023-11-29,put_credit_spread,0.0,0.0,0.0,1,8207.626349999999
2023-11-30,put_credit_spread,0.0,0.0,0.0,1,8207.626349999999
2023-12-01,put_credit_spread,0.0,0.0,0.0,1,8207.626349999999
2023-12-04,put_credit_spread,0.0,0.0,0.0,1,8207.626349999999
2023-12-05,put_credit_spread,0.0,0.0,0.0,1,8207.626349999999
2023-12-06,put_credit_spread,0.0,0.0,0.0,1,8207.626349999999
2023-12-07,put_credit_spread,0.0,0.0,0.0,1,8207.626349999999
2023-12-08,put_credit_spread,0.0,0.0,0.0,1,8207.626349999999
2023-12-11,put_credit_spread,0.0,0.0,0.0,1,8207.626349999999
2023-12-12,put_credit_spread,0.0,0.0,0.0,1,8207.626349999999
2023-12-13,put_credit_spread,0.0,0.0,0.0,1,8207.626349999999
2023-12-14,put_credit_spread,0.0,0.0,0.0,1,8207.626349999999
2023-12-15,put_credit_spread,187.45425,0.0,187.45425,2,8395.0806
2023-12-18,put_credit_spread,0.0,0.0,0.0,1,8395.0806
2023-12-19,put_credit_spread,0.0,0.0,0.0,1,8395.0806
2023-12-20,put_credit_spread,0.0,0.0,0.0,1,8395.0806
2023-12-21,put_credit_spread,0.0,0.0,0.0,1,8395.0806
2023-12-22,put_credit_spread,0.0,0.0,0.0,1,8395.0806
2023-12-26,put_credit_spread,0.0,0.0,0.0,1,8395.0806
2023-12-27,put_credit_spread,0.0,0.0,0.0,1,8395.0806
2023-12-28,put_credit_spread,0.0,0.0,0.0,1,8395.0806
2023-12-29,put_credit_spread,0.0,0.0,0.0,1,8395.0806
2024-01-02,put_credit_spread,0.0,0.0,0.0,1,8395.0806
2024-01-03,put_credit_spread,0.0,0.0,0.0,1,8395.0806
2024-01-04,put_credit_spread,0.0,0.0,0.0,1,8395.0806
2024-01-05,put_credit_spread,0.0,0.0,0.0,1,8395.0806
2024-01-08,put_credit_spread,0.0,0.0,0.0,1,8395.0806
2024-01-09,put_credit_spread,0.0,0.0,0.0,1,8395.0806
2024-01-10,put_credit_spread,0.0,0.0,0.0,1,8395.0806
2024-01-11,put_credit_spread,0.0,0.0,0.0,1,8395.0806
2024-01-12,put_credit_spread,87.42075,0.0,87.42075,2,8482.501349999999
2024-01-16,put_credit_spread,0.0,0.0,0.0,1,8482.501349999999
2024-01-17,put_credit_spread,0.0,0.0,0.0,1,8482.501349999999
2024-01-18,put_credit_spread,0.0,0.0,0.0,1,8482.501349999999
2024-01-19,put_credit_spread,0.0,0.0,0.0,1,8482.501349999999
2024-01-22,put_credit_spread,0.0,0.0,0.0,1,8482.501349999999
2024-01-23,put_credit_spread,0.0,0.0,0.0,1,8482.501349999999
2024-01-24,put_credit_spread,0.0,0.0,0.0,1,8482.501349999999
2024-01-25,put_credit_spread,0.0,0.0,0.0,1,8482.501349999999
2024-01-26,put_credit_spread,-55.0,0.0,-55.0,1,8427.501349999999
2024-01-29,put_credit_spread,0.0,0.0,0.0,1,8427.501349999999
2024-01-30,put_credit_spread,0.0,0.0,0.0,1,8427.501349999999
2024-01-31,put_credit_spread,0.0,0.0,0.0,1,8427.501349999999
2024-02-01,put_credit_spread,0.0,0.0,0.0,1,8427.501349999999
2024-02-02,put_credit_spread,0.0,0.0,0.0,1,8427.501349999999
2024-02-05,put_credit_spread,0.0,0.0,0.0,1,8427.501349999999
2024-02-06,put_credit_spread,0.0,0.0,0.0,1,8427.501349999999
2024-02-07,put_credit_spread,0.0,0.0,0.0,1,8427.501349999999
2024-02-08,put_credit_spread,0.0,0.0,0.0,1,8427.501349999999
2024-02-09,put_credit_spread,209.4445,0.0,209.4445,2,8636.945849999998
2024-02-12,put_credit_spread,-9.5,0.0,-9.5,1,8627.445849999998
2024-02-13,put_credit_spread,0.0,0.0,0.0,1,8627.445849999998
2024-02-14,put_credit_spread,0.0,0.0,0.0,1,8627.445849999998
2024-02-15,put_credit_spread,0.0,0.0,0.0,1,8627.445849999998
2024-02-16,put_credit_spread,0.0,0.0,0.0,1,8627.445849999998
2024-02-20,put_credit_spread,0.0,0.0,0.0,1,8627.445849999998
2024-02-21,put_credit_spread,0.0,0.0,0.0,1,8627.445849999998
2024-02-22,put_credit_spread,0.0,0.0,0.0,1,8627.445849999998
2024-02-23,put_credit_spread,0.0,0.0,0.0,1,8627.445849999998
2024-02-26,put_credit_spread,0.0,0.0,0.0,1,8627.445849999998
2024-02-27,put_credit_spread,0.0,0.0,0.0,1,8627.445849999998
2024-02-28,put_credit_spread,0.0,0.0,0.0,1,8627.445849999998
2024-02-29,put_credit_spread,0.0,0.0,0.0,1,8627.445849999998
2024-03-01,put_credit_spread,0.0,0.0,0.0,1,8627.445849999998
2024-03-04,put_credit_spread,0.0,0.0,0.0,1,8627.445849999998
2024-03-05,put_credit_spread,0.0,0.0,0.0,1,8627.445849999998
2024-03-06,put_credit_spread,0.0,0.0,0.0,1,8627.445849999998
2024-03-07,put_credit_spread,0.0,0.0,0.0,1,8627.445849999998
2024-03-08,put_credit_spread,116.39425,0.0,116.39425,2,8743.840099999998
2024-03-11,put_credit_spread,-14.5,0.0,-14.5,1,8729.340099999998
2024-03-12,put_credit_spread,0.0,0.0,0.0,1,8729.340099999998
2024-03-13,put_credit_spread,0.0,0.0,0.0,1,8729.340099999998
2024-03-14,put_credit_spread,0.0,0.0,0.0,1,8729.340099999998
2024-03-15,put_credit_spread,0.0,0.0,0.0,1,8729.340099999998
2024-03-18,put_credit_spread,0.0,0.0,0.0,1,8729.340099999998
2024-03-19,put_credit_spread,0.0,0.0,0.0,1,8729.340099999998
2024-03-20,put_credit_spread,0.0,0.0,0.0,1,8729.340099999998
2024-03-21,put_credit_spread,0.0,0.0,0.0,1,8729.340099999998
2024-03-22,put_credit_spread,0.0,0.0,0.0,1,8729.340099999998
2024-03-25,put_credit_spread,0.0,0.0,0.0,1,8729.340099999998
2024-03-26,put_credit_spread,0.0,0.0,0.0,1,8729.340099999998
2024-03-27,put_credit_spread,0.0,0.0,0.0,1,8729.340099999998
2024-03-28,put_credit_spread,0.0,0.0,0.0,1,8729.340099999998
2024-04-01,put_credit_spread,0.0,0.0,0.0,1,8729.340099999998
2024-04-02,put_credit_spread,0.0,0.0,0.0,1,8729.340099999998
2024-04-03,put_credit_spread,0.0,0.0,0.0,1,8729.340099999998
2024-04-04,put_credit_spread,0.0,0.0,0.0,1,8729.340099999998
2024-04-05,put_credit_spread,221.86625,0.0,221.86625,2,8951.206349999997
2024-04-08,put_credit_spread,72.5,0.0,72.5,1,9023.706349999997
2024-04-09,put_credit_spread,0.0,0.0,0.0,1,9023.706349999997
2024-04-10,put_credit_spread,0.0,0.0,0.0,1,9023.706349999997
2024-04-11,put_credit_spread,0.0,0.0,0.0,1,9023.706349999997
2024-04-12,put_credit_spread,0.0,0.0,0.0,1,9023.706349999997
2024-04-15,put_credit_spread,0.0,0.0,0.0,1,9023.706349999997
2024-04-16,put_credit_spread,0.0,0.0,0.0,1,9023.706349999997
2024-04-17,put_credit_spread,0.0,0.0,0.0,1,9023.706349999997
2024-04-18,put_credit_spread,0.0,0.0,0.0,1,9023.706349999997
2024-04-19,put_credit_spread,174.80849999999998,0.0,174.80849999999998,2,9198.514849999996
2024-04-22,put_credit_spread,0.0,0.0,0.0,1,9198.514849999996
2024-04-23,put_credit_spread,0.0,0.0,0.0,1,9198.514849999996
2024-04-24,put_credit_spread,0.0,0.0,0.0,1,9198.514849999996
2024-04-25,put_credit_spread,0.0,0.0,0.0,1,9198.514849999996
2024-04-26,put_credit_spread,0.0,0.0,0.0,1,9198.514849999996
2024-04-29,put_credit_spread,0.0,0.0,0.0,1,9198.514849999996
2024-04-30,put_credit_spread,0.0,0.0,0.0,1,9198.514849999996
2024-05-01,put_credit_spread,0.0,0.0,0.0,1,9198.514849999996
2024-05-02,put_credit_spread,0.0,0.0,0.0,1,9198.514849999996
2024-05-03,put_credit_spread,0.0,0.0,0.0,1,9198.514849999996
2024-05-06,put_credit_spread,0.0,0.0,0.0,1,9198.514849999996
2024-05-07,put_credit_spread,0.0,0.0,0.0,1,9198.514849999996
2024-05-08,put_credit_spread,0.0,0.0,0.0,1,9198.514849999996
2024-05-09,put_credit_spread,0.0,0.0,0.0,1,9198.514849999996
2024-05-10,put_credit_spread,0.0,0.0,0.0,1,9198.514849999996
2024-05-13,put_credit_spread,0.0,0.0,0.0,1,9198.514849999996
2024-05-14,put_credit_spread,0.0,0.0,0.0,1,9198.514849999996
2024-05-15,put_credit_spread,0.0,0.0,0.0,1,9198.514849999996
2024-05-16,put_credit_spread,0.0,0.0,0.0,1,9198.514849999996
2024-05-17,put_credit_spread,362.939,0.0,362.939,2,9561.453849999996
2024-05-20,put_credit_spread,21.0,0.0,21.0,1,9582.453849999996
2024-05-21,put_credit_spread,0.0,0.0,0.0,1,9582.453849999996
2024-05-22,put_credit_spread,0.0,0.0,0.0,1,9582.453849999996
2024-05-23,put_credit_spread,0.0,0.0,0.0,1,9582.453849999996
2024-05-24,put_credit_spread,0.0,0.0,0.0,1,9582.453849999996
2024-05-28,put_credit_spread,0.0,0.0,0.0,1,9582.453849999996
2024-05-29,put_credit_spread,0.0,0.0,0.0,1,9582.453849999996
2024-05-30,put_credit_spread,0.0,0.0,0.0,1,9582.453849999996
2024-05-31,put_credit_spread,0.0,0.0,0.0,1,9582.453849999996
2024-06-03,put_credit_spread,0.0,0.0,0.0,1,9582.453849999996
2024-06-04,put_credit_spread,0.0,0.0,0.0,1,9582.453849999996
2024-06-05,put_credit_spread,0.0,0.0,0.0,1,9582.453849999996
2024-06-06,put_credit_spread,0.0,0.0,0.0,1,9582.453849999996
2024-06-07,put_credit_spread,0.0,0.0,0.0,1,9582.453849999996
2024-06-10,put_credit_spread,0.0,0.0,0.0,1,9582.453849999996
2024-06-11,put_credit_spread,0.0,0.0,0.0,1,9582.453849999996
2024-06-12,put_credit_spread,0.0,0.0,0.0,1,9582.453849999996
2024-06-13,put_credit_spread,0.0,0.0,0.0,1,9582.453849999996
2024-06-14,put_credit_spread,96.89825,0.0,96.89825,2,9679.352099999996
2024-06-17,put_credit_spread,0.0,0.0,0.0,1,9679.352099999996
2024-06-18,put_credit_spread,0.0,0.0,0.0,1,9679.352099999996
2024-06-20,put_credit_spread,0.0,0.0,0.0,1,9679.352099999996
2024-06-21,put_credit_spread,0.0,0.0,0.0,1,9679.352099999996
2024-06-24,put_credit_spread,0.0,0.0,0.0,1,9679.352099999996
2024-06-25,put_credit_spread,0.0,0.0,0.0,1,9679.352099999996
2024-06-26,put_credit_spread,0.0,0.0,0.0,1,9679.352099999996
2024-06-27,put_credit_spread,0.0,0.0,0.0,1,9679.352099999996
2024-06-28,put_credit_spread,0.0,0.0,0.0,1,9679.352099999996
2024-07-01,put_credit_spread,0.0,0.0,0.0,1,9679.352099999996
2024-07-02,put_credit_spread,0.0,0.0,0.0,1,9679.352099999996
2024-07-03,put_credit_spread,0.0,0.0,0.0,1,9679.352099999996
2024-07-05,put_credit_spread,0.0,0.0,0.0,1,9679.352099999996
2024-07-08,put_credit_spread,0.0,0.0,0.0,1,9679.352099999996
2024-07-09,put_credit_spread,0.0,0.0,0.0,1,9679.352099999996
2024-07-10,put_credit_spread,0.0,0.0,0.0,1,9679.352099999996
2024-07-11,put_credit_spread,0.0,0.0,0.0,1,9679.352099999996
2024-07-12,put_credit_spread,199.43725,0.0,199.43725,2,9878.789349999997
2024-07-15,put_credit_spread,0.0,0.0,0.0,1,9878.789349999997
2024-07-16,put_credit_spread,0.0,0.0,0.0,1,9878.789349999997
2024-07-17,put_credit_spread,0.0,0.0,0.0,1,9878.789349999997
2024-07-18,put_credit_spread,0.0,0.0,0.0,1,9878.789349999997
2024-07-19,put_credit_spread,0.0,0.0,0.0,1,9878.789349999997
2024-07-22,put_credit_spread,0.0,0.0,0.0,1,9878.789349999997
2024-07-23,put_credit_spread,0.0,0.0,0.0,1,9878.789349999997
2024-07-24,put_credit_spread,0.0,0.0,0.0,1,9878.789349999997
2024-07-25,put_credit_spread,0.0,0.0,0.0,1,9878.789349999997
2024-07-26,put_credit_spread,0.0,0.0,0.0,1,9878.789349999997
2024-07-29,put_credit_spread,0.0,0.0,0.0,1,9878.789349999997
2024-07-30,put_credit_spread,0.0,0.0,0.0,1,9878.789349999997
2024-07-31,put_credit_spread,0.0,0.0,0.0,1,9878.789349999997
2024-08-01,put_credit_spread,0.0,0.0,0.0,1,9878.789349999997
2024-08-02,put_credit_spread,0.0,0.0,0.0,1,9878.789349999997
2024-08-05,put_credit_spread,0.0,0.0,0.0,1,9878.789349999997
2024-08-06,put_credit_spread,0.0,0.0,0.0,1,9878.789349999997
2024-08-07,put_credit_spread,-2.06275,0.0,-2.06275,1,9876.726599999998
2024-08-12,put_credit_spread,-2.2055,0.0,-2.2055,1,9874.521099999998
2024-08-13,put_credit_spread,0.0,0.0,0.0,1,9874.521099999998
2024-08-14,put_credit_spread,0.0,0.0,0.0,1,9874.521099999998
2024-08-15,put_credit_spread,0.0,0.0,0.0,1,9874.521099999998
2024-08-16,put_credit_spread,0.0,0.0,0.0,1,9874.521099999998
2024-08-19,put_credit_spread,0.0,0.0,0.0,1,9874.521099999998
2024-08-20,put_credit_spread,0.0,0.0,0.0,1,9874.521099999998
2024-08-21,put_credit_spread,0.0,0.0,0.0,1,9874.521099999998
2024-08-22,put_credit_spread,0.0,0.0,0.0,1,9874.521099999998
2024-08-23,put_credit_spread,0.0,0.0,0.0,1,9874.521099999998
2024-08-26,put_credit_spread,0.0,0.0,0.0,1,9874.521099999998
2024-08-27,put_credit_spread,0.0,0.0,0.0,1,9874.521099999998
2024-08-28,put_credit_spread,0.0,0.0,0.0,1,9874.521099999998
2024-08-29,put_credit_spread,0.0,0.0,0.0,1,9874.521099999998
2024-08-30,put_credit_spread,0.0,0.0,0.0,1,9874.521099999998
2024-09-03,put_credit_spread,0.0,0.0,0.0,1,9874.521099999998
2024-09-04,put_credit_spread,0.0,0.0,0.0,1,9874.521099999998
2024-09-05,put_credit_spread,0.0,0.0,0.0,1,9874.521099999998
2024-09-06,put_credit_spread,406.8505,0.0,406.8505,2,10281.371599999999
2024-09-09,put_credit_spread,0.0,0.0,0.0,1,10281.371599999999
2024-09-10,put_credit_spread,0.0,0.0,0.0,1,10281.371599999999
2024-09-11,put_credit_spread,0.0,0.0,0.0,1,10281.371599999999
2024-09-12,put_credit_spread,0.0,0.0,0.0,1,10281.371599999999
2024-09-13,put_credit_spread,0.0,0.0,0.0,1,10281.371599999999
2024-09-16,put_credit_spread,0.0,0.0,0.0,1,10281.371599999999
2024-09-17,put_credit_spread,0.0,0.0,0.0,1,10281.371599999999
2024-09-18,put_credit_spread,0.0,0.0,0.0,1,10281.371599999999
2024-09-19,put_credit_spread,0.0,0.0,0.0,1,10281.371599999999
2024-09-20,put_credit_spread,-201.0,0.0,-201.0,1,10080.371599999999
2024-09-23,put_credit_spread,0.0,0.0,0.0,1,10080.371599999999
2024-09-24,put_credit_spread,0.0,0.0,0.0,1,10080.371599999999
2024-09-25,put_credit_spread,0.0,0.0,0.0,1,10080.371599999999
2024-09-26,put_credit_spread,0.0,0.0,0.0,1,10080.371599999999
2024-09-27,put_credit_spread,0.0,0.0,0.0,1,10080.371599999999
2024-09-30,put_credit_spread,0.0,0.0,0.0,1,10080.371599999999
2024-10-01,put_credit_spread,0.0,0.0,0.0,1,10080.371599999999
2024-10-02,put_credit_spread,0.0,0.0,0.0,1,10080.371599999999
2024-10-03,put_credit_spread,0.0,0.0,0.0,1,10080.371599999999
2024-10-04,put_credit_spread,495.8205,0.0,495.8205,2,10576.192099999998
2024-10-07,put_credit_spread,0.0,0.0,0.0,1,10576.192099999998
2024-10-08,put_credit_spread,0.0,0.0,0.0,1,10576.192099999998
2024-10-09,put_credit_spread,0.0,0.0,0.0,1,10576.192099999998
2024-10-10,put_credit_spread,0.0,0.0,0.0,1,10576.192099999998
2024-10-11,put_credit_spread,0.0,0.0,0.0,1,10576.192099999998
2024-10-14,put_credit_spread,0.0,0.0,0.0,1,10576.192099999998
2024-10-15,put_credit_spread,0.0,0.0,0.0,1,10576.192099999998
2024-10-16,put_credit_spread,0.0,0.0,0.0,1,10576.192099999998
2024-10-17,put_credit_spread,0.0,0.0,0.0,1,10576.192099999998
2024-10-18,put_credit_spread,-112.5,0.0,-112.5,1,10463.692099999998
2024-10-21,put_credit_spread,-6.0,0.0,-6.0,1,10457.692099999998
2024-10-22,put_credit_spread,0.0,0.0,0.0,1,10457.692099999998
2024-10-23,put_credit_spread,0.0,0.0,0.0,1,10457.692099999998
2024-10-24,put_credit_spread,0.0,0.0,0.0,1,10457.692099999998
2024-10-25,put_credit_spread,0.0,0.0,0.0,1,10457.692099999998
2024-10-28,put_credit_spread,0.0,0.0,0.0,1,10457.692099999998
2024-10-29,put_credit_spread,0.0,0.0,0.0,1,10457.692099999998
2024-10-30,put_credit_spread,0.0,0.0,0.0,1,10457.692099999998
2024-10-31,put_credit_spread,0.0,0.0,0.0,1,10457.692099999998
2024-11-01,put_credit_spread,473.25925,0.0,473.25925,2,10930.951349999998
2024-11-04,put_credit_spread,0.0,0.0,0.0,1,10930.951349999998
2024-11-05,put_credit_spread,0.0,0.0,0.0,1,10930.951349999998
2024-11-06,put_credit_spread,0.0,0.0,0.0,1,10930.951349999998
2024-11-07,put_credit_spread,0.0,0.0,0.0,1,10930.951349999998
2024-11-08,put_credit_spread,0.0,0.0,0.0,1,10930.951349999998
2024-11-11,put_credit_spread,0.0,0.0,0.0,1,10930.951349999998
2024-11-12,put_credit_spread,0.0,0.0,0.0,1,10930.951349999998
2024-11-13,put_credit_spread,0.0,0.0,0.0,1,10930.951349999998
2024-11-14,put_credit_spread,0.0,0.0,0.0,1,10930.951349999998
2024-11-15,put_credit_spread,0.0,0.0,0.0,1,10930.951349999998
2024-11-18,put_credit_spread,0.0,0.0,0.0,1,10930.951349999998
2024-11-19,put_credit_spread,0.0,0.0,0.0,1,10930.951349999998
2024-11-20,put_credit_spread,0.0,0.0,0.0,1,10930.951349999998
2024-11-21,put_credit_spread,0.0,0.0,0.0,1,10930.951349999998
2024-11-22,put_credit_spread,0.0,0.0,0.0,1,10930.951349999998
2024-11-25,put_credit_spread,0.0,0.0,0.0,1,10930.951349999998
2024-11-26,put_credit_spread,0.0,0.0,0.0,1,10930.951349999998
2024-11-27,put_credit_spread,0.0,0.0,0.0,1,10930.951349999998
2024-11-29,put_credit_spread,477.39775,0.0,477.39775,2,11408.349099999998
2024-12-02,put_credit_spread,0.0,0.0,0.0,1,11408.349099999998
2024-12-03,put_credit_spread,0.0,0.0,0.0,1,11408.349099999998
2024-12-04,put_credit_spread,0.0,0.0,0.0,1,11408.349099999998
2024-12-05,put_credit_spread,0.0,0.0,0.0,1,11408.349099999998
2024-12-06,put_credit_spread,0.0,0.0,0.0,1,11408.349099999998
2024-12-09,put_credit_spread,0.0,0.0,0.0,1,11408.349099999998
2024-12-10,put_credit_spread,0.0,0.0,0.0,1,11408.349099999998
2024-12-11,put_credit_spread,0.0,0.0,0.0,1,11408.349099999998
2024-12-12,put_credit_spread,0.0,0.0,0.0,1,11408.349099999998
2024-12-13,put_credit_spread,0.0,0.0,0.0,1,11408.349099999998
2024-12-16,put_credit_spread,0.0,0.0,0.0,1,11408.349099999998
2024-12-17,put_credit_spread,0.0,0.0,0.0,1,11408.349099999998
2024-12-18,put_credit_spread,0.0,0.0,0.0,1,11408.349099999998
2024-12-19,put_credit_spread,0.0,0.0,0.0,1,11408.349099999998
2024-12-20,put_credit_spread,0.0,0.0,0.0,1,11408.349099999998
2024-12-23,put_credit_spread,0.0,0.0,0.0,1,11408.349099999998
2024-12-24,put_credit_spread,0.0,0.0,0.0,1,11408.349099999998
2024-12-26,put_credit_spread,0.0,0.0,0.0,1,11408.349099999998
2024-12-27,put_credit_spread,200.36925,0.0,200.36925,2,11608.718349999997
2024-12-30,put_credit_spread,0.0,0.0,0.0,1,11608.718349999997
2024-12-31,put_credit_spread,0.0,0.0,0.0,1,11608.718349999997
2025-01-02,put_credit_spread,0.0,0.0,0.0,1,11608.718349999997
2025-01-03,put_credit_spread,0.0,0.0,0.0,1,11608.718349999997
2025-01-06,put_credit_spread,0.0,0.0,0.0,1,11608.718349999997
2025-01-07,put_credit_spread,0.0,0.0,0.0,1,11608.718349999997
2025-01-08,put_credit_spread,0.0,0.0,0.0,1,11608.718349999997
2025-01-10,put_credit_spread,0.0,0.0,0.0,1,11608.718349999997
2025-01-13,put_credit_spread,-15.0,0.0,-15.0,1,11593.718349999997
2025-01-14,put_credit_spread,0.0,0.0,0.0,1,11593.718349999997
2025-01-15,put_credit_spread,0.0,0.0,0.0,1,11593.718349999997
2025-01-16,put_credit_spread,0.0,0.0,0.0,1,11593.718349999997
2025-01-17,put_credit_spread,0.0,0.0,0.0,1,11593.718349999997
2025-01-21,put_credit_spread,0.0,0.0,0.0,1,11593.718349999997
2025-01-22,put_credit_spread,0.0,0.0,0.0,1,11593.718349999997
2025-01-23,put_credit_spread,0.0,0.0,0.0,1,11593.718349999997
2025-01-24,put_credit_spread,272.375,0.0,272.375,2,11866.093349999997
2025-01-27,put_credit_spread,0.0,0.0,0.0,1,11866.093349999997
2025-01-28,put_credit_spread,0.0,0.0,0.0,1,11866.093349999997
2025-01-29,put_credit_spread,0.0,0.0,0.0,1,11866.093349999997
2025-01-30,put_credit_spread,0.0,0.0,0.0,1,11866.093349999997
2025-01-31,put_credit_spread,0.0,0.0,0.0,1,11866.093349999997
2025-02-03,put_credit_spread,0.0,0.0,0.0,1,11866.093349999997
2025-02-04,put_credit_spread,0.0,0.0,0.0,1,11866.093349999997
2025-02-05,put_credit_spread,0.0,0.0,0.0,1,11866.093349999997
2025-02-06,put_credit_spread,0.0,0.0,0.0,1,11866.093349999997
2025-02-07,put_credit_spread,0.0,0.0,0.0,1,11866.093349999997
2025-02-10,put_credit_spread,0.0,0.0,0.0,1,11866.093349999997
2025-02-11,put_credit_spread,0.0,0.0,0.0,1,11866.093349999997
2025-02-12,put_credit_spread,0.0,0.0,0.0,1,11866.093349999997
2025-02-13,put_credit_spread,0.0,0.0,0.0,1,11866.093349999997
2025-02-14,put_credit_spread,0.0,0.0,0.0,1,11866.093349999997
2025-02-18,put_credit_spread,0.0,0.0,0.0,1,11866.093349999997
2025-02-19,put_credit_spread,0.0,0.0,0.0,1,11866.093349999997
2025-02-20,put_credit_spread,0.0,0.0,0.0,1,11866.093349999997
2025-02-21,put_credit_spread,245.80325,0.0,245.80325,2,12111.896599999998
2025-02-24,put_credit_spread,0.0,0.0,0.0,1,12111.896599999998
2025-02-25,put_credit_spread,0.0,0.0,0.0,1,12111.896599999998
2025-02-26,put_credit_spread,0.0,0.0,0.0,1,12111.896599999998
2025-02-27,put_credit_spread,0.0,0.0,0.0,1,12111.896599999998
2025-02-28,put_credit_spread,0.0,0.0,0.0,1,12111.896599999998
2025-03-03,put_credit_spread,0.0,0.0,0.0,1,12111.896599999998
2025-03-04,put_credit_spread,0.0,0.0,0.0,1,12111.896599999998
2025-03-05,put_credit_spread,0.0,0.0,0.0,1,12111.896599999998
2025-03-06,put_credit_spread,0.0,0.0,0.0,1,12111.896599999998
2025-03-07,put_credit_spread,0.0,0.0,0.0,1,12111.896599999998
2025-03-10,put_credit_spread,0.0,0.0,0.0,1,12111.896599999998
2025-03-11,put_credit_spread,0.0,0.0,0.0,1,12111.896599999998
2025-03-12,put_credit_spread,0.0,0.0,0.0,1,12111.896599999998
2025-03-13,put_credit_spread,0.0,0.0,0.0,1,12111.896599999998
2025-03-14,put_credit_spread,0.0,0.0,0.0,1,12111.896599999998
2025-03-17,put_credit_spread,0.0,0.0,0.0,1,12111.896599999998
2025-03-18,put_credit_spread,0.0,0.0,0.0,1,12111.896599999998
2025-03-19,put_credit_spread,-4.4595,0.0,-4.4595,2,12107.437099999997
2025-03-20,put_credit_spread,0.0,0.0,0.0,1,12107.437099999997
2025-03-21,put_credit_spread,0.0,0.0,0.0,1,12107.437099999997
2025-03-24,put_credit_spread,0.0,0.0,0.0,1,12107.437099999997
2025-03-25,put_credit_spread,0.0,0.0,0.0,1,12107.437099999997
2025-03-26,put_credit_spread,0.0,0.0,0.0,1,12107.437099999997
2025-03-27,put_credit_spread,0.0,0.0,0.0,1,12107.437099999997
2025-03-28,put_credit_spread,0.0,0.0,0.0,1,12107.437099999997
2025-03-31,put_credit_spread,0.0,0.0,0.0,1,12107.437099999997
2025-04-01,put_credit_spread,0.0,0.0,0.0,1,12107.437099999997
2025-04-02,put_credit_spread,0.0,0.0,0.0,1,12107.437099999997
2025-04-03,put_credit_spread,0.0,0.0,0.0,1,12107.437099999997
2025-04-04,put_credit_spread,-4433.0,0.0,-4433.0,1,7674.437099999997
2025-04-04,short_straddle,-4.118,0.0,-4.118,1,7670.319099999997
2025-04-07,put_credit_spread,0.0,0.0,0.0,1,7670.319099999997
2025-04-07,short_straddle,-168.0,-2.5219,-170.5219,1,7499.797199999997
2025-04-08,put_credit_spread,0.0,0.0,0.0,1,7499.797199999997
2025-04-08,short_straddle,0.0,-79.992899,-79.992899,1,7419.804300999997
2025-04-09,put_credit_spread,0.0,0.0,0.0,1,7419.804300999997
2025-04-09,short_straddle,0.0,312.839905,312.839905,1,7732.644205999997
2025-04-10,put_credit_spread,0.0,0.0,0.0,1,7732.644205999997
2025-04-10,short_straddle,0.0,-144.239868,-144.239868,1,7588.404337999998
2025-04-11,put_credit_spread,0.0,0.0,0.0,1,7588.404337999998
2025-04-11,short_straddle,0.0,56.159912,56.159912,1,7644.564249999998
2025-04-14,put_credit_spread,0.0,0.0,0.0,1,7644.564249999998
2025-04-14,short_straddle,0.0,31.079956,31.079956,1,7675.644205999997
2025-04-15,put_credit_spread,-6.766,0.0,-6.766,2,7668.878205999998
2025-04-15,short_straddle,0.0,-9.060059,-9.060059,1,7659.818146999997
2025-04-16,put_credit_spread,0.0,0.0,0.0,1,7659.818146999997
2025-04-16,short_straddle,0.0,-71.700073,-71.700073,1,7588.118073999997
2025-04-17,put_credit_spread,-248.0,0.0,-248.0,1,7340.118073999997
2025-04-17,short_straddle,0.0,4.5,4.5,1,7344.618073999997
2025-04-21,put_credit_spread,0.0,0.0,0.0,1,7344.618073999997
2025-04-21,short_straddle,0.0,-75.17981,-75.17981,1,7269.438263999998
2025-04-22,put_credit_spread,0.0,0.0,0.0,1,7269.438263999998
2025-04-22,short_straddle,0.0,80.219971,80.219971,1,7349.658234999998
2025-04-23,put_credit_spread,0.0,0.0,0.0,1,7349.658234999998
2025-04-23,short_straddle,0.0,49.019897,49.019897,1,7398.678131999998
2025-04-24,put_credit_spread,0.0,0.0,0.0,1,7398.678131999998
2025-04-24,short_straddle,0.0,67.620117,67.620117,1,7466.298248999999
2025-04-25,put_credit_spread,0.0,0.0,0.0,1,7466.298248999999
2025-04-25,short_straddle,0.0,23.700073,23.700073,1,7489.998321999999
2025-04-28,put_credit_spread,0.0,0.0,0.0,1,7489.998321999999
2025-04-28,short_straddle,0.0,1.259766,1.259766,1,7491.258087999999
2025-04-29,put_credit_spread,0.0,0.0,0.0,1,7491.258087999999
2025-04-29,short_straddle,0.0,20.82019,20.82019,1,7512.078277999999
2025-04-30,put_credit_spread,0.0,0.0,0.0,1,7512.078277999999
2025-04-30,short_straddle,-4.202,-0.343796,-4.545796,1,7507.532481999999
2025-05-01,put_credit_spread,0.0,0.0,0.0,1,7507.532481999999
2025-05-02,put_credit_spread,0.0,0.0,0.0,1,7507.532481999999
2025-05-05,put_credit_spread,0.0,0.0,0.0,1,7507.532481999999
2025-05-06,put_credit_spread,0.0,0.0,0.0,1,7507.532481999999
2025-05-07,put_credit_spread,0.0,0.0,0.0,1,7507.532481999999
2025-05-08,put_credit_spread,0.0,0.0,0.0,1,7507.532481999999
2025-05-09,put_credit_spread,0.0,0.0,0.0,1,7507.532481999999
2025-05-12,put_credit_spread,0.0,0.0,0.0,1,7507.532481999999
2025-05-13,put_credit_spread,0.0,0.0,0.0,1,7507.532481999999
2025-05-14,put_credit_spread,0.0,0.0,0.0,1,7507.532481999999
2025-05-15,put_credit_spread,0.0,0.0,0.0,1,7507.532481999999
2025-05-16,put_credit_spread,817.3415,0.0,817.3415,2,8324.873982
2025-05-19,put_credit_spread,1.5,0.0,1.5,1,8326.373982
2025-05-20,put_credit_spread,0.0,0.0,0.0,1,8326.373982
2025-05-21,put_credit_spread,0.0,0.0,0.0,1,8326.373982
2025-05-22,put_credit_spread,0.0,0.0,0.0,1,8326.373982
2025-05-23,put_credit_spread,0.0,0.0,0.0,1,8326.373982
2025-05-27,put_credit_spread,0.0,0.0,0.0,1,8326.373982
2025-05-28,put_credit_spread,0.0,0.0,0.0,1,8326.373982
2025-05-29,put_credit_spread,0.0,0.0,0.0,1,8326.373982
2025-05-30,put_credit_spread,0.0,0.0,0.0,1,8326.373982
2025-06-02,put_credit_spread,0.0,0.0,0.0,1,8326.373982
2025-06-03,put_credit_spread,0.0,0.0,0.0,1,8326.373982
2025-06-04,put_credit_spread,0.0,0.0,0.0,1,8326.373982
2025-06-05,put_credit_spread,0.0,0.0,0.0,1,8326.373982
2025-06-06,put_credit_spread,0.0,0.0,0.0,1,8326.373982
2025-06-09,put_credit_spread,0.0,0.0,0.0,1,8326.373982
2025-06-10,put_credit_spread,0.0,0.0,0.0,1,8326.373982
2025-06-11,put_credit_spread,0.0,0.0,0.0,1,8326.373982
2025-06-12,put_credit_spread,0.0,0.0,0.0,1,8326.373982
2025-06-13,put_credit_spread,311.268,0.0,311.268,2,8637.641982
2025-06-16,put_credit_spread,0.0,0.0,0.0,1,8637.641982
2025-06-17,put_credit_spread,0.0,0.0,0.0,1,8637.641982
2025-06-18,put_credit_spread,0.0,0.0,0.0,1,8637.641982
2025-06-20,put_credit_spread,0.0,0.0,0.0,1,8637.641982
2025-06-23,put_credit_spread,-140.0,0.0,-140.0,1,8497.641982
2025-06-24,put_credit_spread,0.0,0.0,0.0,1,8497.641982
2025-06-25,put_credit_spread,0.0,0.0,0.0,1,8497.641982
2025-06-26,put_credit_spread,-76.5,0.0,-76.5,1,8421.141982
2025-06-27,put_credit_spread,0.0,0.0,0.0,1,8421.141982
2025-06-30,put_credit_spread,0.0,0.0,0.0,1,8421.141982
2025-07-01,put_credit_spread,0.0,0.0,0.0,1,8421.141982
2025-07-02,put_credit_spread,0.0,0.0,0.0,1,8421.141982
2025-07-03,put_credit_spread,0.0,0.0,0.0,1,8421.141982
2025-07-07,put_credit_spread,0.0,0.0,0.0,1,8421.141982
2025-07-08,put_credit_spread,0.0,0.0,0.0,1,8421.141982
2025-07-09,put_credit_spread,0.0,0.0,0.0,1,8421.141982
2025-07-10,put_credit_spread,0.0,0.0,0.0,1,8421.141982
2025-07-11,put_credit_spread,676.34525,0.0,676.34525,2,9097.487232
2025-07-14,put_credit_spread,0.0,0.0,0.0,1,9097.487232
2025-07-15,put_credit_spread,0.0,0.0,0.0,1,9097.487232
2025-07-16,put_credit_spread,0.0,0.0,0.0,1,9097.487232
2025-07-17,put_credit_spread,0.0,0.0,0.0,1,9097.487232
2025-07-18,put_credit_spread,0.0,0.0,0.0,1,9097.487232
2025-07-21,put_credit_spread,0.0,0.0,0.0,1,9097.487232
2025-07-22,put_credit_spread,0.0,0.0,0.0,1,9097.487232
2025-07-23,put_credit_spread,0.0,0.0,0.0,1,9097.487232
2025-07-24,put_credit_spread,0.0,0.0,0.0,1,9097.487232
2025-07-25,put_credit_spread,-148.5,0.0,-148.5,1,8948.987232
2025-07-28,put_credit_spread,413.858,0.0,413.858,2,9362.845232
2025-07-29,put_credit_spread,0.0,0.0,0.0,1,9362.845232
2025-07-30,put_credit_spread,0.0,0.0,0.0,1,9362.845232
2025-07-31,put_credit_spread,0.0,0.0,0.0,1,9362.845232
2025-08-01,put_credit_spread,0.0,0.0,0.0,1,9362.845232
2025-08-04,put_credit_spread,0.0,0.0,0.0,1,9362.845232
2025-08-05,put_credit_spread,0.0,0.0,0.0,1,9362.845232
2025-08-06,put_credit_spread,0.0,0.0,0.0,1,9362.845232
2025-08-07,put_credit_spread,0.0,0.0,0.0,1,9362.845232
2025-08-08,put_credit_spread,92.5,0.0,92.5,1,9455.345232
2025-08-11,put_credit_spread,0.0,0.0,0.0,1,9455.345232
2025-08-12,put_credit_spread,0.0,0.0,0.0,1,9455.345232
2025-08-13,put_credit_spread,0.0,0.0,0.0,1,9455.345232
2025-08-14,put_credit_spread,0.0,0.0,0.0,1,9455.345232
2025-08-15,put_credit_spread,0.0,0.0,0.0,1,9455.345232
2025-08-18,put_credit_spread,0.0,0.0,0.0,1,9455.345232
2025-08-19,put_credit_spread,0.0,0.0,0.0,1,9455.345232
2025-08-20,put_credit_spread,0.0,0.0,0.0,1,9455.345232
2025-08-21,put_credit_spread,0.0,0.0,0.0,1,9455.345232
2025-08-22,put_credit_spread,147.36725,0.0,147.36725,2,9602.712481999999
2025-08-25,put_credit_spread,0.0,0.0,0.0,1,9602.712481999999
2025-08-26,put_credit_spread,0.0,0.0,0.0,1,9602.712481999999
2025-08-27,put_credit_spread,0.0,0.0,0.0,1,9602.712481999999
2025-08-28,put_credit_spread,0.0,0.0,0.0,1,9602.712481999999
2025-08-29,put_credit_spread,0.0,0.0,0.0,1,9602.712481999999
2025-09-02,put_credit_spread,0.0,0.0,0.0,1,9602.712481999999
2025-09-03,put_credit_spread,0.0,0.0,0.0,1,9602.712481999999
2025-09-04,put_credit_spread,0.0,0.0,0.0,1,9602.712481999999
2025-09-05,put_credit_spread,0.0,0.0,0.0,1,9602.712481999999
2025-09-08,put_credit_spread,0.0,0.0,0.0,1,9602.712481999999
2025-09-09,put_credit_spread,0.0,0.0,0.0,1,9602.712481999999
2025-09-10,put_credit_spread,0.0,0.0,0.0,1,9602.712481999999
2025-09-11,put_credit_spread,0.0,0.0,0.0,1,9602.712481999999
2025-09-12,put_credit_spread,0.0,0.0,0.0,1,9602.712481999999
2025-09-15,put_credit_spread,0.0,0.0,0.0,1,9602.712481999999
2025-09-16,put_credit_spread,0.0,0.0,0.0,1,9602.712481999999
2025-09-17,put_credit_spread,0.0,0.0,0.0,1,9602.712481999999
2025-09-18,put_credit_spread,0.0,0.0,0.0,1,9602.712481999999
2025-09-19,put_credit_spread,261.3615,0.0,261.3615,2,9864.073981999998
2025-09-22,put_credit_spread,0.0,0.0,0.0,1,9864.073981999998
2025-09-23,put_credit_spread,0.0,0.0,0.0,1,9864.073981999998
2025-09-24,put_credit_spread,0.0,0.0,0.0,1,9864.073981999998
2025-09-25,put_credit_spread,0.0,0.0,0.0,1,9864.073981999998
2025-09-26,put_credit_spread,0.0,0.0,0.0,1,9864.073981999998
2025-09-29,put_credit_spread,0.0,0.0,0.0,1,9864.073981999998
2025-09-30,put_credit_spread,0.0,0.0,0.0,1,9864.073981999998
2025-10-01,put_credit_spread,0.0,0.0,0.0,1,9864.073981999998
2025-10-02,put_credit_spread,0.0,0.0,0.0,1,9864.073981999998
2025-10-03,put_credit_spread,0.0,0.0,0.0,1,9864.073981999998
2025-10-06,put_credit_spread,0.0,0.0,0.0,1,9864.073981999998
2025-10-07,put_credit_spread,0.0,0.0,0.0,1,9864.073981999998
2025-10-08,put_credit_spread,0.0,0.0,0.0,1,9864.073981999998
2025-10-09,put_credit_spread,0.0,0.0,0.0,1,9864.073981999998
2025-10-10,put_credit_spread,0.0,0.0,0.0,1,9864.073981999998
2025-10-13,put_credit_spread,0.0,0.0,0.0,1,9864.073981999998
2025-10-14,put_credit_spread,0.0,0.0,0.0,1,9864.073981999998
2025-10-15,put_credit_spread,0.0,0.0,0.0,1,9864.073981999998
2025-10-16,put_credit_spread,0.0,0.0,0.0,1,9864.073981999998
2025-10-17,put_credit_spread,272.7535,0.0,272.7535,2,10136.827481999999
2025-10-20,put_credit_spread,412.26574999999997,0.0,412.26574999999997,2,10549.093232
2025-10-21,put_credit_spread,0.0,0.0,0.0,1,10549.093232
2025-10-22,put_credit_spread,0.0,0.0,0.0,1,10549.093232
2025-10-23,put_credit_spread,0.0,0.0,0.0,1,10549.093232
2025-10-24,put_credit_spread,0.0,0.0,0.0,1,10549.093232
2025-10-27,put_credit_spread,0.0,0.0,0.0,1,10549.093232
2025-10-28,put_credit_spread,0.0,0.0,0.0,1,10549.093232
2025-10-29,put_credit_spread,0.0,0.0,0.0,1,10549.093232
2025-10-30,put_credit_spread,0.0,0.0,0.0,1,10549.093232
2025-10-31,put_credit_spread,0.0,0.0,0.0,1,10549.093232
2025-11-03,put_credit_spread,0.0,0.0,0.0,1,10549.093232
2025-11-04,put_credit_spread,0.0,0.0,0.0,1,10549.093232
2025-11-05,put_credit_spread,0.0,0.0,0.0,1,10549.093232
2025-11-06,put_credit_spread,0.0,0.0,0.0,1,10549.093232
2025-11-07,put_credit_spread,0.0,0.0,0.0,1,10549.093232
2025-11-10,put_credit_spread,0.0,0.0,0.0,1,10549.093232
2025-11-11,put_credit_spread,0.0,0.0,0.0,1,10549.093232
2025-11-12,put_credit_spread,0.0,0.0,0.0,1,10549.093232
2025-11-13,put_credit_spread,0.0,0.0,0.0,1,10549.093232
2025-11-14,put_credit_spread,387.75775,0.0,387.75775,2,10936.850982
2025-11-17,put_credit_spread,0.0,0.0,0.0,1,10936.850982
2025-11-18,put_credit_spread,0.0,0.0,0.0,1,10936.850982
2025-11-19,put_credit_spread,0.0,0.0,0.0,1,10936.850982
2025-11-20,put_credit_spread,0.0,0.0,0.0,1,10936.850982
2025-11-21,put_credit_spread,0.0,0.0,0.0,1,10936.850982
2025-11-24,put_credit_spread,0.0,0.0,0.0,1,10936.850982
2025-11-25,put_credit_spread,0.0,0.0,0.0,1,10936.850982
2025-11-26,put_credit_spread,0.0,0.0,0.0,1,10936.850982
2025-11-28,put_credit_spread,0.0,0.0,0.0,1,10936.850982
2025-12-01,put_credit_spread,0.0,0.0,0.0,1,10936.850982
2025-12-02,put_credit_spread,0.0,0.0,0.0,1,10936.850982
2025-12-03,put_credit_spread,0.0,0.0,0.0,1,10936.850982
2025-12-04,put_credit_spread,0.0,0.0,0.0,1,10936.850982
2025-12-05,put_credit_spread,0.0,0.0,0.0,1,10936.850982
2025-12-08,put_credit_spread,0.0,0.0,0.0,1,10936.850982
2025-12-09,put_credit_spread,0.0,0.0,0.0,1,10936.850982
2025-12-10,put_credit_spread,0.0,0.0,0.0,1,10936.850982
2025-12-11,put_credit_spread,0.0,0.0,0.0,1,10936.850982
2025-12-12,put_credit_spread,480.3335,0.0,480.3335,2,11417.184482
2025-12-15,put_credit_spread,-6.0,0.0,-6.0,1,11411.184482
2025-12-16,put_credit_spread,0.0,0.0,0.0,1,11411.184482
2025-12-17,put_credit_spread,0.0,0.0,0.0,1,11411.184482
2025-12-18,put_credit_spread,0.0,0.0,0.0,1,11411.184482
2025-12-19,put_credit_spread,0.0,0.0,0.0,1,11411.184482
2025-12-22,put_credit_spread,0.0,0.0,0.0,1,11411.184482
2025-12-23,put_credit_spread,0.0,0.0,0.0,1,11411.184482
2025-12-24,put_credit_spread,0.0,0.0,0.0,1,11411.184482
2025-12-26,put_credit_spread,0.0,0.0,0.0,1,11411.184482
2025-12-29,put_credit_spread,0.0,0.0,0.0,1,11411.184482
2025-12-30,put_credit_spread,0.0,0.0,0.0,1,11411.184482
2025-12-31,put_credit_spread,0.0,0.0,0.0,1,11411.184482
2026-01-02,put_credit_spread,0.0,0.0,0.0,1,11411.184482
2026-01-05,put_credit_spread,0.0,0.0,0.0,1,11411.184482
2026-01-06,put_credit_spread,0.0,0.0,0.0,1,11411.184482
2026-01-07,put_credit_spread,0.0,0.0,0.0,1,11411.184482
2026-01-08,put_credit_spread,0.0,0.0,0.0,1,11411.184482
2026-01-09,put_credit_spread,334.84925,0.0,334.84925,2,11746.033732
2026-01-12,put_credit_spread,0.0,0.0,0.0,1,11746.033732
2026-01-13,put_credit_spread,0.0,0.0,0.0,1,11746.033732
2026-01-14,put_credit_spread,0.0,0.0,0.0,1,11746.033732
2026-01-15,put_credit_spread,0.0,0.0,0.0,1,11746.033732
2026-01-16,put_credit_spread,0.0,0.0,0.0,1,11746.033732
2026-01-20,put_credit_spread,183.0,0.0,183.0,1,11929.033732
2026-01-21,put_credit_spread,0.0,0.0,0.0,1,11929.033732
2026-01-22,put_credit_spread,0.0,0.0,0.0,1,11929.033732
2026-01-23,put_credit_spread,-241.0,0.0,-241.0,1,11688.033732
2026-01-26,put_credit_spread,-36.0,0.0,-36.0,1,11652.033732
2026-01-27,put_credit_spread,0.0,0.0,0.0,1,11652.033732
2026-01-28,put_credit_spread,0.0,0.0,0.0,1,11652.033732
2026-01-29,put_credit_spread,0.0,0.0,0.0,1,11652.033732
2026-01-30,put_credit_spread,0.0,0.0,0.0,1,11652.033732
2026-02-02,put_credit_spread,0.0,0.0,0.0,1,11652.033732
2026-02-03,put_credit_spread,0.0,0.0,0.0,1,11652.033732
2026-02-04,put_credit_spread,0.0,0.0,0.0,1,11652.033732
2026-02-05,put_credit_spread,-4.474,0.0,-4.474,2,11647.559732
2026-02-06,put_credit_spread,0.0,0.0,0.0,1,11647.559732
2026-02-09,put_credit_spread,0.0,0.0,0.0,1,11647.559732
2026-02-10,put_credit_spread,0.0,0.0,0.0,1,11647.559732
2026-02-11,put_credit_spread,0.0,0.0,0.0,1,11647.559732
2026-02-12,put_credit_spread,0.0,0.0,0.0,1,11647.559732
2026-02-13,put_credit_spread,0.0,0.0,0.0,1,11647.559732
2026-02-17,put_credit_spread,0.0,0.0,0.0,1,11647.559732
2026-02-18,put_credit_spread,0.0,0.0,0.0,1,11647.559732
2026-02-19,put_credit_spread,0.0,0.0,0.0,1,11647.559732
2026-02-20,put_credit_spread,0.0,0.0,0.0,1,11647.559732
2026-02-23,put_credit_spread,0.0,0.0,0.0,1,11647.559732
2026-02-24,put_credit_spread,0.0,0.0,0.0,1,11647.559732
2026-02-25,put_credit_spread,0.0,0.0,0.0,1,11647.559732
2026-02-26,put_credit_spread,0.0,0.0,0.0,1,11647.559732
2026-02-27,put_credit_spread,0.0,0.0,0.0,1,11647.559732
2026-03-02,put_credit_spread,0.0,0.0,0.0,1,11647.559732
2026-03-03,put_credit_spread,0.0,0.0,0.0,1,11647.559732
2026-03-04,put_credit_spread,0.0,0.0,0.0,1,11647.559732
2026-03-05,put_credit_spread,0.0,0.0,0.0,1,11647.559732
2026-03-06,put_credit_spread,548.2185,0.0,548.2185,2,12195.778232
2026-03-09,put_credit_spread,0.0,0.0,0.0,1,12195.778232
2026-03-10,put_credit_spread,0.0,0.0,0.0,1,12195.778232
2026-03-11,put_credit_spread,0.0,0.0,0.0,1,12195.778232
2026-03-12,put_credit_spread,0.0,0.0,0.0,1,12195.778232
2026-03-13,put_credit_spread,0.0,0.0,0.0,1,12195.778232
2026-03-16,put_credit_spread,0.0,0.0,0.0,1,12195.778232
2026-03-17,put_credit_spread,0.0,0.0,0.0,1,12195.778232
2026-03-18,put_credit_spread,0.0,0.0,0.0,1,12195.778232
2026-03-19,put_credit_spread,-126.0,0.0,-126.0,1,12069.778232
2026-03-20,put_credit_spread,0.0,0.0,0.0,1,12069.778232
2026-03-23,put_credit_spread,0.0,0.0,0.0,1,12069.778232
2026-03-24,put_credit_spread,0.0,0.0,0.0,1,12069.778232
2026-03-25,put_credit_spread,0.0,0.0,0.0,1,12069.778232
2026-03-26,put_credit_spread,0.0,0.0,0.0,1,12069.778232
2026-03-27,put_credit_spread,0.0,0.0,0.0,1,12069.778232
2026-03-30,put_credit_spread,0.0,0.0,0.0,1,12069.778232
2026-03-31,put_credit_spread,0.0,0.0,0.0,1,12069.778232
2026-04-01,put_credit_spread,0.0,0.0,0.0,1,12069.778232
2026-04-02,put_credit_spread,684.69025,0.0,684.69025,2,12754.468482
2026-04-06,put_credit_spread,0.0,0.0,0.0,1,12754.468482
2026-04-07,put_credit_spread,0.0,0.0,0.0,1,12754.468482
2026-04-08,put_credit_spread,0.0,0.0,0.0,1,12754.468482
2026-04-09,put_credit_spread,0.0,0.0,0.0,1,12754.468482
2026-04-10,put_credit_spread,0.0,0.0,0.0,1,12754.468482
2026-04-13,put_credit_spread,0.0,0.0,0.0,1,12754.468482
2026-04-14,put_credit_spread,0.0,0.0,0.0,1,12754.468482
2026-04-15,put_credit_spread,0.0,0.0,0.0,1,12754.468482
2026-04-16,put_credit_spread,0.0,0.0,0.0,1,12754.468482
2026-04-17,put_credit_spread,0.0,0.0,0.0,1,12754.468482
2026-04-20,put_credit_spread,0.0,0.0,0.0,1,12754.468482
2026-04-21,put_credit_spread,0.0,0.0,0.0,1,12754.468482
2026-04-22,put_credit_spread,0.0,0.0,0.0,1,12754.468482
2026-04-23,put_credit_spread,0.0,0.0,0.0,1,12754.468482
2026-04-24,put_credit_spread,0.0,0.0,0.0,1,12754.468482
2026-04-27,put_credit_spread,0.0,0.0,0.0,1,12754.468482
2026-04-28,put_credit_spread,0.0,0.0,0.0,1,12754.468482
2026-04-29,put_credit_spread,0.0,0.0,0.0,1,12754.468482
2026-04-30,put_credit_spread,617.5,0.0,617.5,1,13371.968482
