run_id,date,strategy,open_trades,margin_used,equity,margin_utilization
sim_2019-02-09_2026-05-21_29c06ed80e5a,2019-02-11,short_straddle,0,0.0,1000000.0,0.0
sim_2019-02-09_2026-05-21_29c06ed80e5a,2019-02-11,put_credit_spread,0,0.0,1000000.0,0.0
sim_2019-02-09_2026-05-21_29c06ed80e5a,2019-02-12,short_straddle,0,0.0,1000000.0,0.0
sim_2019-02-09_2026-05-21_29c06ed80e5a,2019-02-12,put_credit_spread,0,0.0,1000000.0,0.0
sim_2019-02-09_2026-05-21_29c06ed80e5a,2019-02-13,short_straddle,0,0.0,1000000.0,0.0
sim_2019-02-09_2026-05-21_29c06ed80e5a,2019-02-13,put_credit_spread,0,0.0,1000000.0,0.0
sim_2019-02-09_2026-05-21_29c06ed80e5a,2019-02-14,short_straddle,0,0.0,1000000.0,0.0
sim_2019-02-09_2026-05-21_29c06ed80e5a,2019-02-14,put_credit_spread,0,0.0,1000000.0,0.0
sim_2019-02-09_2026-05-21_29c06ed80e5a,2019-02-15,short_straddle,0,0.0,1000000.0,0.0
sim_2019-02-09_2026-05-21_29c06ed80e5a,2019-02-15,put_credit_spread,0,0.0,1000000.0,0.0
sim_2019-02-09_2026-05-21_29c06ed80e5a,2019-02-19,short_straddle,0,0.0,1000000.0,0.0
sim_2019-02-09_2026-05-21_29c06ed80e5a,2019-02-19,put_credit_spread,0,0.0,1000000.0,0.0
sim_2019-02-09_2026-05-21_29c06ed80e5a,2019-02-20,short_straddle,0,0.0,1000000.0,0.0
sim_2019-02-09_2026-05-21_29c06ed80e5a,2019-02-20,put_credit_spread,0,0.0,1000000.0,0.0
sim_2019-02-09_2026-05-21_29c06ed80e5a,2019-02-21,short_straddle,0,0.0,1000000.0,0.0
sim_2019-02-09_2026-05-21_29c06ed80e5a,2019-02-21,put_credit_spread,0,0.0,1000000.0,0.0
sim_2019-02-09_2026-05-21_29c06ed80e5a,2019-02-22,short_straddle,0,0.0,1000000.0,0.0
sim_2019-02-09_2026-05-21_29c06ed80e5a,2019-02-22,put_credit_spread,0,0.0,1000000.0,0.0
sim_2019-02-09_2026-05-21_29c06ed80e5a,2019-02-25,short_straddle,0,0.0,1000000.0,0.0
sim_2019-02-09_2026-05-21_29c06ed80e5a,2019-02-25,put_credit_spread,0,0.0,1000000.0,0.0
sim_2019-02-09_2026-05-21_29c06ed80e5a,2019-02-26,short_straddle,0,0.0,1000000.0,0.0
sim_2019-02-09_2026-05-21_29c06ed80e5a,2019-02-26,put_credit_spread,0,0.0,1000000.0,0.0
sim_2019-02-09_2026-05-21_29c06ed80e5a,2019-02-27,short_straddle,0,0.0,1000000.0,0.0
sim_2019-02-09_2026-05-21_29c06ed80e5a,2019-02-27,put_credit_spread,0,0.0,1000000.0,0.0
sim_2019-02-09_2026-05-21_29c06ed80e5a,2019-02-28,short_straddle,0,0.0,1000000.0,0.0
sim_2019-02-09_2026-05-21_29c06ed80e5a,2019-02-28,put_credit_spread,0,0.0,1000000.0,0.0
sim_2019-02-09_2026-05-21_29c06ed80e5a,2019-03-01,short_straddle,0,0.0,1000000.0,0.0
sim_2019-02-09_2026-05-21_29c06ed80e5a,2019-03-01,put_credit_spread,0,0.0,1000000.0,0.0
sim_2019-02-09_2026-05-21_29c06ed80e5a,2019-03-04,short_straddle,0,0.0,1000000.0,0.0
sim_2019-02-09_2026-05-21_29c06ed80e5a,2019-03-04,put_credit_spread,0,0.0,1000000.0,0.0
sim_2019-02-09_2026-05-21_29c06ed80e5a,2019-03-05,short_straddle,0,0.0,1000000.0,0.0
sim_2019-02-09_2026-05-21_29c06ed80e5a,2019-03-05,put_credit_spread,0,0.0,1000000.0,0.0
sim_2019-02-09_2026-05-21_29c06ed80e5a,2019-03-06,short_straddle,0,0.0,1000000.0,0.0
sim_2019-02-09_2026-05-21_29c06ed80e5a,2019-03-06,put_credit_spread,0,0.0,1000000.0,0.0
sim_2019-02-09_2026-05-21_29c06ed80e5a,2019-03-07,short_straddle,0,0.0,1000000.0,0.0
sim_2019-02-09_2026-05-21_29c06ed80e5a,2019-03-07,put_credit_spread,0,0.0,1000000.0,0.0
sim_2019-02-09_2026-05-21_29c06ed80e5a,2019-03-08,short_straddle,0,0.0,1000000.0,0.0
sim_2019-02-09_2026-05-21_29c06ed80e5a,2019-03-08,put_credit_spread,0,0.0,1000000.0,0.0
sim_2019-02-09_2026-05-21_29c06ed80e5a,2019-03-11,short_straddle,0,0.0,1000000.0,0.0
sim_2019-02-09_2026-05-21_29c06ed80e5a,2019-03-11,put_credit_spread,0,0.0,1000000.0,0.0
sim_2019-02-09_2026-05-21_29c06ed80e5a,2019-03-12,short_straddle,0,0.0,1000000.0,0.0
sim_2019-02-09_2026-05-21_29c06ed80e5a,2019-03-12,put_credit_spread,0,0.0,1000000.0,0.0
sim_2019-02-09_2026-05-21_29c06ed80e5a,2019-03-13,short_straddle,0,0.0,1000000.0,0.0
sim_2019-02-09_2026-05-21_29c06ed80e5a,2019-03-13,put_credit_spread,0,0.0,1000000.0,0.0
sim_2019-02-09_2026-05-21_29c06ed80e5a,2019-03-14,short_straddle,0,0.0,1000000.0,0.0
sim_2019-02-09_2026-05-21_29c06ed80e5a,2019-03-14,put_credit_spread,0,0.0,1000000.0,0.0
sim_2019-02-09_2026-05-21_29c06ed80e5a,2019-03-15,short_straddle,0,0.0,1000000.0,0.0
sim_2019-02-09_2026-05-21_29c06ed80e5a,2019-03-15,put_credit_spread,0,0.0,1000000.0,0.0
sim_2019-02-09_2026-05-21_29c06ed80e5a,2019-03-18,short_straddle,0,0.0,1000000.0,0.0
sim_2019-02-09_2026-05-21_29c06ed80e5a,2019-03-18,put_credit_spread,0,0.0,1000000.0,0.0
sim_2019-02-09_2026-05-21_29c06ed80e5a,2019-03-19,short_straddle,0,0.0,1000000.0,0.0
sim_2019-02-09_2026-05-21_29c06ed80e5a,2019-03-19,put_credit_spread,0,0.0,1000000.0,0.0
sim_2019-02-09_2026-05-21_29c06ed80e5a,2019-03-20,short_straddle,0,0.0,1000000.0,0.0
sim_2019-02-09_2026-05-21_29c06ed80e5a,2019-03-20,put_credit_spread,0,0.0,1000000.0,0.0
sim_2019-02-09_2026-05-21_29c06ed80e5a,2019-03-21,short_straddle,0,0.0,1000000.0,0.0
sim_2019-02-09_2026-05-21_29c06ed80e5a,2019-03-21,put_credit_spread,0,0.0,1000000.0,0.0
sim_2019-02-09_2026-05-21_29c06ed80e5a,2019-03-22,short_straddle,0,0.0,1000000.0,0.0
sim_2019-02-09_2026-05-21_29c06ed80e5a,2019-03-22,put_credit_spread,0,0.0,1000000.0,0.0
sim_2019-02-09_2026-05-21_29c06ed80e5a,2019-03-25,short_straddle,0,0.0,1000000.0,0.0
sim_2019-02-09_2026-05-21_29c06ed80e5a,2019-03-25,put_credit_spread,0,0.0,1000000.0,0.0
sim_2019-02-09_2026-05-21_29c06ed80e5a,2019-03-26,short_straddle,0,0.0,1000000.0,0.0
sim_2019-02-09_2026-05-21_29c06ed80e5a,2019-03-26,put_credit_spread,0,0.0,1000000.0,0.0
sim_2019-02-09_2026-05-21_29c06ed80e5a,2019-03-27,short_straddle,0,0.0,1000000.0,0.0
sim_2019-02-09_2026-05-21_29c06ed80e5a,2019-03-27,put_credit_spread,0,0.0,1000000.0,0.0
sim_2019-02-09_2026-05-21_29c06ed80e5a,2019-03-28,short_straddle,0,0.0,1000000.0,0.0
sim_2019-02-09_2026-05-21_29c06ed80e5a,2019-03-28,put_credit_spread,0,0.0,1000000.0,0.0
sim_2019-02-09_2026-05-21_29c06ed80e5a,2019-03-29,short_straddle,0,0.0,1000000.0,0.0
sim_2019-02-09_2026-05-21_29c06ed80e5a,2019-03-29,put_credit_spread,0,0.0,1000000.0,0.0
sim_2019-02-09_2026-05-21_29c06ed80e5a,2019-04-01,short_straddle,0,0.0,1000000.0,0.0
sim_2019-02-09_2026-05-21_29c06ed80e5a,2019-04-01,put_credit_spread,0,0.0,1000000.0,0.0
sim_2019-02-09_2026-05-21_29c06ed80e5a,2019-04-02,short_straddle,0,0.0,1000000.0,0.0
sim_2019-02-09_2026-05-21_29c06ed80e5a,2019-04-02,put_credit_spread,0,0.0,1000000.0,0.0
sim_2019-02-09_2026-05-21_29c06ed80e5a,2019-04-03,short_straddle,0,0.0,1000000.0,0.0
sim_2019-02-09_2026-05-21_29c06ed80e5a,2019-04-03,put_credit_spread,0,0.0,1000000.0,0.0
sim_2019-02-09_2026-05-21_29c06ed80e5a,2019-04-04,short_straddle,0,0.0,1000000.0,0.0
sim_2019-02-09_2026-05-21_29c06ed80e5a,2019-04-04,put_credit_spread,0,0.0,1000000.0,0.0
sim_2019-02-09_2026-05-21_29c06ed80e5a,2019-04-05,short_straddle,0,0.0,1000000.0,0.0
sim_2019-02-09_2026-05-21_29c06ed80e5a,2019-04-05,put_credit_spread,0,0.0,1000000.0,0.0
sim_2019-02-09_2026-05-21_29c06ed80e5a,2019-04-08,short_straddle,0,0.0,1000000.0,0.0
sim_2019-02-09_2026-05-21_29c06ed80e5a,2019-04-08,put_credit_spread,0,0.0,1000000.0,0.0
sim_2019-02-09_2026-05-21_29c06ed80e5a,2019-04-09,short_straddle,0,0.0,1000000.0,0.0
sim_2019-02-09_2026-05-21_29c06ed80e5a,2019-04-09,put_credit_spread,0,0.0,1000000.0,0.0
sim_2019-02-09_2026-05-21_29c06ed80e5a,2019-04-10,short_straddle,0,0.0,1000000.0,0.0
sim_2019-02-09_2026-05-21_29c06ed80e5a,2019-04-10,put_credit_spread,0,0.0,1000000.0,0.0
sim_2019-02-09_2026-05-21_29c06ed80e5a,2019-04-11,short_straddle,0,0.0,1000000.0,0.0
sim_2019-02-09_2026-05-21_29c06ed80e5a,2019-04-11,put_credit_spread,0,0.0,1000000.0,0.0
sim_2019-02-09_2026-05-21_29c06ed80e5a,2019-04-12,short_straddle,0,0.0,1000000.0,0.0
sim_2019-02-09_2026-05-21_29c06ed80e5a,2019-04-12,put_credit_spread,0,0.0,1000000.0,0.0
sim_2019-02-09_2026-05-21_29c06ed80e5a,2019-04-15,short_straddle,0,0.0,1000000.0,0.0
sim_2019-02-09_2026-05-21_29c06ed80e5a,2019-04-15,put_credit_spread,0,0.0,1000000.0,0.0
sim_2019-02-09_2026-05-21_29c06ed80e5a,2019-04-16,short_straddle,0,0.0,1000000.0,0.0
sim_2019-02-09_2026-05-21_29c06ed80e5a,2019-04-16,put_credit_spread,0,0.0,1000000.0,0.0
sim_2019-02-09_2026-05-21_29c06ed80e5a,2019-04-17,short_straddle,0,0.0,1000000.0,0.0
sim_2019-02-09_2026-05-21_29c06ed80e5a,2019-04-17,put_credit_spread,0,0.0,1000000.0,0.0
sim_2019-02-09_2026-05-21_29c06ed80e5a,2019-04-18,short_straddle,0,0.0,1000000.0,0.0
sim_2019-02-09_2026-05-21_29c06ed80e5a,2019-04-18,put_credit_spread,0,0.0,1000000.0,0.0
sim_2019-02-09_2026-05-21_29c06ed80e5a,2019-04-22,short_straddle,0,0.0,1000000.0,0.0
sim_2019-02-09_2026-05-21_29c06ed80e5a,2019-04-22,put_credit_spread,0,0.0,1000000.0,0.0
sim_2019-02-09_2026-05-21_29c06ed80e5a,2019-04-23,short_straddle,0,0.0,1000000.0,0.0
sim_2019-02-09_2026-05-21_29c06ed80e5a,2019-04-23,put_credit_spread,0,0.0,1000000.0,0.0
sim_2019-02-09_2026-05-21_29c06ed80e5a,2019-04-24,short_straddle,0,0.0,1000000.0,0.0
sim_2019-02-09_2026-05-21_29c06ed80e5a,2019-04-24,put_credit_spread,0,0.0,1000000.0,0.0
sim_2019-02-09_2026-05-21_29c06ed80e5a,2019-04-25,short_straddle,0,0.0,1000000.0,0.0
sim_2019-02-09_2026-05-21_29c06ed80e5a,2019-04-25,put_credit_spread,0,0.0,1000000.0,0.0
sim_2019-02-09_2026-05-21_29c06ed80e5a,2019-04-26,short_straddle,0,0.0,1000000.0,0.0
sim_2019-02-09_2026-05-21_29c06ed80e5a,2019-04-26,put_credit_spread,0,0.0,1000000.0,0.0
sim_2019-02-09_2026-05-21_29c06ed80e5a,2019-04-29,short_straddle,0,0.0,1000000.0,0.0
sim_2019-02-09_2026-05-21_29c06ed80e5a,2019-04-29,put_credit_spread,0,0.0,1000000.0,0.0
sim_2019-02-09_2026-05-21_29c06ed80e5a,2019-04-30,short_straddle,0,0.0,1000000.0,0.0
sim_2019-02-09_2026-05-21_29c06ed80e5a,2019-04-30,put_credit_spread,0,0.0,1000000.0,0.0
sim_2019-02-09_2026-05-21_29c06ed80e5a,2019-05-01,short_straddle,0,0.0,1000000.0,0.0
sim_2019-02-09_2026-05-21_29c06ed80e5a,2019-05-01,put_credit_spread,0,0.0,1000000.0,0.0
sim_2019-02-09_2026-05-21_29c06ed80e5a,2019-05-02,short_straddle,0,0.0,1000000.0,0.0
sim_2019-02-09_2026-05-21_29c06ed80e5a,2019-05-02,put_credit_spread,0,0.0,1000000.0,0.0
sim_2019-02-09_2026-05-21_29c06ed80e5a,2019-05-03,short_straddle,0,0.0,1000000.0,0.0
sim_2019-02-09_2026-05-21_29c06ed80e5a,2019-05-03,put_credit_spread,0,0.0,1000000.0,0.0
sim_2019-02-09_2026-05-21_29c06ed80e5a,2019-05-06,short_straddle,0,0.0,1000000.0,0.0
sim_2019-02-09_2026-05-21_29c06ed80e5a,2019-05-06,put_credit_spread,0,0.0,1000000.0,0.0
sim_2019-02-09_2026-05-21_29c06ed80e5a,2019-05-07,short_straddle,0,0.0,1000000.0,0.0
sim_2019-02-09_2026-05-21_29c06ed80e5a,2019-05-07,put_credit_spread,0,0.0,1000000.0,0.0
sim_2019-02-09_2026-05-21_29c06ed80e5a,2019-05-08,short_straddle,0,0.0,1000000.0,0.0
sim_2019-02-09_2026-05-21_29c06ed80e5a,2019-05-08,put_credit_spread,0,0.0,1000000.0,0.0
sim_2019-02-09_2026-05-21_29c06ed80e5a,2019-05-09,short_straddle,0,0.0,1000000.0,0.0
sim_2019-02-09_2026-05-21_29c06ed80e5a,2019-05-09,put_credit_spread,0,0.0,1000000.0,0.0
sim_2019-02-09_2026-05-21_29c06ed80e5a,2019-05-10,short_straddle,0,0.0,999997.9055,0.0
sim_2019-02-09_2026-05-21_29c06ed80e5a,2019-05-10,put_credit_spread,1,1261.0,999997.9055,0.001261
sim_2019-02-09_2026-05-21_29c06ed80e5a,2019-05-13,short_straddle,0,0.0,999997.9055,0.0
sim_2019-02-09_2026-05-21_29c06ed80e5a,2019-05-13,put_credit_spread,1,1261.0,999997.9055,0.001261
sim_2019-02-09_2026-05-21_29c06ed80e5a,2019-05-14,short_straddle,0,0.0,999997.9055,0.0
sim_2019-02-09_2026-05-21_29c06ed80e5a,2019-05-14,put_credit_spread,1,1261.0,999997.9055,0.001261
sim_2019-02-09_2026-05-21_29c06ed80e5a,2019-05-15,short_straddle,0,0.0,999997.9055,0.0
sim_2019-02-09_2026-05-21_29c06ed80e5a,2019-05-15,put_credit_spread,1,1261.0,999997.9055,0.001261
sim_2019-02-09_2026-05-21_29c06ed80e5a,2019-05-16,short_straddle,0,0.0,999997.9055,0.0
sim_2019-02-09_2026-05-21_29c06ed80e5a,2019-05-16,put_credit_spread,1,1261.0,999997.9055,0.001261
sim_2019-02-09_2026-05-21_29c06ed80e5a,2019-05-17,short_straddle,0,0.0,999997.9055,0.0
sim_2019-02-09_2026-05-21_29c06ed80e5a,2019-05-17,put_credit_spread,1,1261.0,999997.9055,0.001261
sim_2019-02-09_2026-05-21_29c06ed80e5a,2019-05-20,short_straddle,0,0.0,999997.9055,0.0
sim_2019-02-09_2026-05-21_29c06ed80e5a,2019-05-20,put_credit_spread,1,1261.0,999997.9055,0.001261
sim_2019-02-09_2026-05-21_29c06ed80e5a,2019-05-21,short_straddle,0,0.0,999997.9055,0.0
sim_2019-02-09_2026-05-21_29c06ed80e5a,2019-05-21,put_credit_spread,1,1261.0,999997.9055,0.001261
sim_2019-02-09_2026-05-21_29c06ed80e5a,2019-05-22,short_straddle,0,0.0,999997.9055,0.0
sim_2019-02-09_2026-05-21_29c06ed80e5a,2019-05-22,put_credit_spread,1,1261.0,999997.9055,0.001261
sim_2019-02-09_2026-05-21_29c06ed80e5a,2019-05-23,short_straddle,0,0.0,999997.9055,0.0
sim_2019-02-09_2026-05-21_29c06ed80e5a,2019-05-23,put_credit_spread,1,1261.0,999997.9055,0.001261
sim_2019-02-09_2026-05-21_29c06ed80e5a,2019-05-24,short_straddle,0,0.0,999997.9055,0.0
sim_2019-02-09_2026-05-21_29c06ed80e5a,2019-05-24,put_credit_spread,1,1261.0,999997.9055,0.001261
sim_2019-02-09_2026-05-21_29c06ed80e5a,2019-05-28,short_straddle,0,0.0,999997.9055,0.0
sim_2019-02-09_2026-05-21_29c06ed80e5a,2019-05-28,put_credit_spread,1,1261.0,999997.9055,0.001261
sim_2019-02-09_2026-05-21_29c06ed80e5a,2019-05-29,short_straddle,0,0.0,999997.9055,0.0
sim_2019-02-09_2026-05-21_29c06ed80e5a,2019-05-29,put_credit_spread,1,1261.0,999997.9055,0.001261
sim_2019-02-09_2026-05-21_29c06ed80e5a,2019-05-30,short_straddle,0,0.0,999997.9055,0.0
sim_2019-02-09_2026-05-21_29c06ed80e5a,2019-05-30,put_credit_spread,1,1261.0,999997.9055,0.001261
sim_2019-02-09_2026-05-21_29c06ed80e5a,2019-05-31,short_straddle,0,0.0,999997.9055,0.0
sim_2019-02-09_2026-05-21_29c06ed80e5a,2019-05-31,put_credit_spread,1,1261.0,999997.9055,0.001261
sim_2019-02-09_2026-05-21_29c06ed80e5a,2019-06-03,short_straddle,0,0.0,999997.9055,0.0
sim_2019-02-09_2026-05-21_29c06ed80e5a,2019-06-03,put_credit_spread,1,1261.0,999997.9055,0.001261
sim_2019-02-09_2026-05-21_29c06ed80e5a,2019-06-04,short_straddle,0,0.0,999997.9055,0.0
sim_2019-02-09_2026-05-21_29c06ed80e5a,2019-06-04,put_credit_spread,1,1261.0,999997.9055,0.001261
sim_2019-02-09_2026-05-21_29c06ed80e5a,2019-06-05,short_straddle,0,0.0,999997.9055,0.0
sim_2019-02-09_2026-05-21_29c06ed80e5a,2019-06-05,put_credit_spread,1,1261.0,999997.9055,0.001261
sim_2019-02-09_2026-05-21_29c06ed80e5a,2019-06-06,short_straddle,0,0.0,999997.9055,0.0
sim_2019-02-09_2026-05-21_29c06ed80e5a,2019-06-06,put_credit_spread,1,1261.0,999997.9055,0.001261
sim_2019-02-09_2026-05-21_29c06ed80e5a,2019-06-07,short_straddle,0,0.0,1000184.9055,0.0
sim_2019-02-09_2026-05-21_29c06ed80e5a,2019-06-07,put_credit_spread,0,0.0,1000184.9055,0.0
sim_2019-02-09_2026-05-21_29c06ed80e5a,2019-06-10,short_straddle,0,0.0,1000184.9055,0.0
sim_2019-02-09_2026-05-21_29c06ed80e5a,2019-06-10,put_credit_spread,0,0.0,1000184.9055,0.0
sim_2019-02-09_2026-05-21_29c06ed80e5a,2019-06-11,short_straddle,0,0.0,1000184.9055,0.0
sim_2019-02-09_2026-05-21_29c06ed80e5a,2019-06-11,put_credit_spread,0,0.0,1000184.9055,0.0
sim_2019-02-09_2026-05-21_29c06ed80e5a,2019-06-12,short_straddle,0,0.0,1000184.9055,0.0
sim_2019-02-09_2026-05-21_29c06ed80e5a,2019-06-12,put_credit_spread,0,0.0,1000184.9055,0.0
sim_2019-02-09_2026-05-21_29c06ed80e5a,2019-06-13,short_straddle,0,0.0,1000184.9055,0.0
sim_2019-02-09_2026-05-21_29c06ed80e5a,2019-06-13,put_credit_spread,0,0.0,1000184.9055,0.0
sim_2019-02-09_2026-05-21_29c06ed80e5a,2019-06-14,short_straddle,0,0.0,1000184.9055,0.0
sim_2019-02-09_2026-05-21_29c06ed80e5a,2019-06-14,put_credit_spread,0,0.0,1000184.9055,0.0
sim_2019-02-09_2026-05-21_29c06ed80e5a,2019-06-17,short_straddle,0,0.0,1000184.9055,0.0
sim_2019-02-09_2026-05-21_29c06ed80e5a,2019-06-17,put_credit_spread,0,0.0,1000184.9055,0.0
sim_2019-02-09_2026-05-21_29c06ed80e5a,2019-06-18,short_straddle,0,0.0,1000184.9055,0.0
sim_2019-02-09_2026-05-21_29c06ed80e5a,2019-06-18,put_credit_spread,0,0.0,1000184.9055,0.0
sim_2019-02-09_2026-05-21_29c06ed80e5a,2019-06-19,short_straddle,0,0.0,1000184.9055,0.0
sim_2019-02-09_2026-05-21_29c06ed80e5a,2019-06-19,put_credit_spread,0,0.0,1000184.9055,0.0
sim_2019-02-09_2026-05-21_29c06ed80e5a,2019-06-20,short_straddle,0,0.0,1000184.9055,0.0
sim_2019-02-09_2026-05-21_29c06ed80e5a,2019-06-20,put_credit_spread,0,0.0,1000184.9055,0.0
sim_2019-02-09_2026-05-21_29c06ed80e5a,2019-06-21,short_straddle,0,0.0,1000184.9055,0.0
sim_2019-02-09_2026-05-21_29c06ed80e5a,2019-06-21,put_credit_spread,0,0.0,1000184.9055,0.0
sim_2019-02-09_2026-05-21_29c06ed80e5a,2019-06-24,short_straddle,0,0.0,1000184.9055,0.0
sim_2019-02-09_2026-05-21_29c06ed80e5a,2019-06-24,put_credit_spread,0,0.0,1000184.9055,0.0
sim_2019-02-09_2026-05-21_29c06ed80e5a,2019-06-25,short_straddle,0,0.0,1000184.9055,0.0
sim_2019-02-09_2026-05-21_29c06ed80e5a,2019-06-25,put_credit_spread,0,0.0,1000184.9055,0.0
sim_2019-02-09_2026-05-21_29c06ed80e5a,2019-06-26,short_straddle,0,0.0,1000184.9055,0.0
sim_2019-02-09_2026-05-21_29c06ed80e5a,2019-06-26,put_credit_spread,0,0.0,1000184.9055,0.0
sim_2019-02-09_2026-05-21_29c06ed80e5a,2019-06-27,short_straddle,0,0.0,1000184.9055,0.0
sim_2019-02-09_2026-05-21_29c06ed80e5a,2019-06-27,put_credit_spread,0,0.0,1000184.9055,0.0
sim_2019-02-09_2026-05-21_29c06ed80e5a,2019-06-28,short_straddle,0,0.0,1000184.9055,0.0
sim_2019-02-09_2026-05-21_29c06ed80e5a,2019-06-28,put_credit_spread,0,0.0,1000184.9055,0.0
sim_2019-02-09_2026-05-21_29c06ed80e5a,2019-07-01,short_straddle,0,0.0,1000184.9055,0.0
sim_2019-02-09_2026-05-21_29c06ed80e5a,2019-07-01,put_credit_spread,0,0.0,1000184.9055,0.0
sim_2019-02-09_2026-05-21_29c06ed80e5a,2019-07-02,short_straddle,0,0.0,1000184.9055,0.0
sim_2019-02-09_2026-05-21_29c06ed80e5a,2019-07-02,put_credit_spread,0,0.0,1000184.9055,0.0
sim_2019-02-09_2026-05-21_29c06ed80e5a,2019-07-03,short_straddle,0,0.0,1000184.9055,0.0
sim_2019-02-09_2026-05-21_29c06ed80e5a,2019-07-03,put_credit_spread,0,0.0,1000184.9055,0.0
sim_2019-02-09_2026-05-21_29c06ed80e5a,2019-07-05,short_straddle,0,0.0,1000184.9055,0.0
sim_2019-02-09_2026-05-21_29c06ed80e5a,2019-07-05,put_credit_spread,0,0.0,1000184.9055,0.0
sim_2019-02-09_2026-05-21_29c06ed80e5a,2019-07-08,short_straddle,0,0.0,1000184.9055,0.0
sim_2019-02-09_2026-05-21_29c06ed80e5a,2019-07-08,put_credit_spread,0,0.0,1000184.9055,0.0
sim_2019-02-09_2026-05-21_29c06ed80e5a,2019-07-09,short_straddle,0,0.0,1000184.9055,0.0
sim_2019-02-09_2026-05-21_29c06ed80e5a,2019-07-09,put_credit_spread,0,0.0,1000184.9055,0.0
sim_2019-02-09_2026-05-21_29c06ed80e5a,2019-07-10,short_straddle,0,0.0,1000184.9055,0.0
sim_2019-02-09_2026-05-21_29c06ed80e5a,2019-07-10,put_credit_spread,0,0.0,1000184.9055,0.0
sim_2019-02-09_2026-05-21_29c06ed80e5a,2019-07-11,short_straddle,0,0.0,1000184.9055,0.0
sim_2019-02-09_2026-05-21_29c06ed80e5a,2019-07-11,put_credit_spread,0,0.0,1000184.9055,0.0
sim_2019-02-09_2026-05-21_29c06ed80e5a,2019-07-12,short_straddle,0,0.0,1000184.9055,0.0
sim_2019-02-09_2026-05-21_29c06ed80e5a,2019-07-12,put_credit_spread,0,0.0,1000184.9055,0.0
sim_2019-02-09_2026-05-21_29c06ed80e5a,2019-07-15,short_straddle,0,0.0,1000184.9055,0.0
sim_2019-02-09_2026-05-21_29c06ed80e5a,2019-07-15,put_credit_spread,0,0.0,1000184.9055,0.0
sim_2019-02-09_2026-05-21_29c06ed80e5a,2019-07-16,short_straddle,0,0.0,1000184.9055,0.0
sim_2019-02-09_2026-05-21_29c06ed80e5a,2019-07-16,put_credit_spread,0,0.0,1000184.9055,0.0
sim_2019-02-09_2026-05-21_29c06ed80e5a,2019-07-17,short_straddle,0,0.0,1000184.9055,0.0
sim_2019-02-09_2026-05-21_29c06ed80e5a,2019-07-17,put_credit_spread,0,0.0,1000184.9055,0.0
sim_2019-02-09_2026-05-21_29c06ed80e5a,2019-07-18,short_straddle,0,0.0,1000184.9055,0.0
sim_2019-02-09_2026-05-21_29c06ed80e5a,2019-07-18,put_credit_spread,0,0.0,1000184.9055,0.0
sim_2019-02-09_2026-05-21_29c06ed80e5a,2019-07-19,short_straddle,0,0.0,1000184.9055,0.0
sim_2019-02-09_2026-05-21_29c06ed80e5a,2019-07-19,put_credit_spread,0,0.0,1000184.9055,0.0
sim_2019-02-09_2026-05-21_29c06ed80e5a,2019-07-22,short_straddle,0,0.0,1000184.9055,0.0
sim_2019-02-09_2026-05-21_29c06ed80e5a,2019-07-22,put_credit_spread,0,0.0,1000184.9055,0.0
sim_2019-02-09_2026-05-21_29c06ed80e5a,2019-07-23,short_straddle,0,0.0,1000184.9055,0.0
sim_2019-02-09_2026-05-21_29c06ed80e5a,2019-07-23,put_credit_spread,0,0.0,1000184.9055,0.0
sim_2019-02-09_2026-05-21_29c06ed80e5a,2019-07-24,short_straddle,0,0.0,1000184.9055,0.0
sim_2019-02-09_2026-05-21_29c06ed80e5a,2019-07-24,put_credit_spread,0,0.0,1000184.9055,0.0
sim_2019-02-09_2026-05-21_29c06ed80e5a,2019-07-25,short_straddle,0,0.0,1000184.9055,0.0
sim_2019-02-09_2026-05-21_29c06ed80e5a,2019-07-25,put_credit_spread,0,0.0,1000184.9055,0.0
sim_2019-02-09_2026-05-21_29c06ed80e5a,2019-07-26,short_straddle,0,0.0,1000184.9055,0.0
sim_2019-02-09_2026-05-21_29c06ed80e5a,2019-07-26,put_credit_spread,0,0.0,1000184.9055,0.0
sim_2019-02-09_2026-05-21_29c06ed80e5a,2019-07-29,short_straddle,0,0.0,1000184.9055,0.0
sim_2019-02-09_2026-05-21_29c06ed80e5a,2019-07-29,put_credit_spread,0,0.0,1000184.9055,0.0
sim_2019-02-09_2026-05-21_29c06ed80e5a,2019-07-30,short_straddle,0,0.0,1000184.9055,0.0
sim_2019-02-09_2026-05-21_29c06ed80e5a,2019-07-30,put_credit_spread,0,0.0,1000184.9055,0.0
sim_2019-02-09_2026-05-21_29c06ed80e5a,2019-07-31,short_straddle,0,0.0,1000184.9055,0.0
sim_2019-02-09_2026-05-21_29c06ed80e5a,2019-07-31,put_credit_spread,0,0.0,1000184.9055,0.0
sim_2019-02-09_2026-05-21_29c06ed80e5a,2019-08-01,short_straddle,0,0.0,1000184.9055,0.0
sim_2019-02-09_2026-05-21_29c06ed80e5a,2019-08-01,put_credit_spread,0,0.0,1000184.9055,0.0
sim_2019-02-09_2026-05-21_29c06ed80e5a,2019-08-02,short_straddle,0,0.0,1000184.9055,0.0
sim_2019-02-09_2026-05-21_29c06ed80e5a,2019-08-02,put_credit_spread,0,0.0,1000184.9055,0.0
sim_2019-02-09_2026-05-21_29c06ed80e5a,2019-08-05,short_straddle,0,0.0,1000184.9055,0.0
sim_2019-02-09_2026-05-21_29c06ed80e5a,2019-08-05,put_credit_spread,0,0.0,1000184.9055,0.0
sim_2019-02-09_2026-05-21_29c06ed80e5a,2019-08-06,short_straddle,0,0.0,1000184.9055,0.0
sim_2019-02-09_2026-05-21_29c06ed80e5a,2019-08-06,put_credit_spread,0,0.0,1000184.9055,0.0
sim_2019-02-09_2026-05-21_29c06ed80e5a,2019-08-07,short_straddle,0,0.0,1000184.9055,0.0
sim_2019-02-09_2026-05-21_29c06ed80e5a,2019-08-07,put_credit_spread,0,0.0,1000184.9055,0.0
sim_2019-02-09_2026-05-21_29c06ed80e5a,2019-08-08,short_straddle,0,0.0,1000184.9055,0.0
sim_2019-02-09_2026-05-21_29c06ed80e5a,2019-08-08,put_credit_spread,0,0.0,1000184.9055,0.0
sim_2019-02-09_2026-05-21_29c06ed80e5a,2019-08-09,short_straddle,0,0.0,1000184.9055,0.0
sim_2019-02-09_2026-05-21_29c06ed80e5a,2019-08-09,put_credit_spread,0,0.0,1000184.9055,0.0
sim_2019-02-09_2026-05-21_29c06ed80e5a,2019-08-12,short_straddle,0,0.0,1000184.9055,0.0
sim_2019-02-09_2026-05-21_29c06ed80e5a,2019-08-12,put_credit_spread,0,0.0,1000184.9055,0.0
sim_2019-02-09_2026-05-21_29c06ed80e5a,2019-08-13,short_straddle,0,0.0,1000184.9055,0.0
sim_2019-02-09_2026-05-21_29c06ed80e5a,2019-08-13,put_credit_spread,0,0.0,1000184.9055,0.0
sim_2019-02-09_2026-05-21_29c06ed80e5a,2019-08-14,short_straddle,0,0.0,1000184.9055,0.0
sim_2019-02-09_2026-05-21_29c06ed80e5a,2019-08-14,put_credit_spread,0,0.0,1000184.9055,0.0
sim_2019-02-09_2026-05-21_29c06ed80e5a,2019-08-15,short_straddle,0,0.0,1000184.9055,0.0
sim_2019-02-09_2026-05-21_29c06ed80e5a,2019-08-15,put_credit_spread,0,0.0,1000184.9055,0.0
sim_2019-02-09_2026-05-21_29c06ed80e5a,2019-08-16,short_straddle,0,0.0,1000184.9055,0.0
sim_2019-02-09_2026-05-21_29c06ed80e5a,2019-08-16,put_credit_spread,0,0.0,1000184.9055,0.0
sim_2019-02-09_2026-05-21_29c06ed80e5a,2019-08-19,short_straddle,0,0.0,1000184.9055,0.0
sim_2019-02-09_2026-05-21_29c06ed80e5a,2019-08-19,put_credit_spread,0,0.0,1000184.9055,0.0
sim_2019-02-09_2026-05-21_29c06ed80e5a,2019-08-20,short_straddle,0,0.0,1000184.9055,0.0
sim_2019-02-09_2026-05-21_29c06ed80e5a,2019-08-20,put_credit_spread,0,0.0,1000184.9055,0.0
sim_2019-02-09_2026-05-21_29c06ed80e5a,2019-08-21,short_straddle,0,0.0,1000184.9055,0.0
sim_2019-02-09_2026-05-21_29c06ed80e5a,2019-08-21,put_credit_spread,0,0.0,1000184.9055,0.0
sim_2019-02-09_2026-05-21_29c06ed80e5a,2019-08-22,short_straddle,0,0.0,1000184.9055,0.0
sim_2019-02-09_2026-05-21_29c06ed80e5a,2019-08-22,put_credit_spread,0,0.0,1000184.9055,0.0
sim_2019-02-09_2026-05-21_29c06ed80e5a,2019-08-23,short_straddle,0,0.0,1000184.9055,0.0
sim_2019-02-09_2026-05-21_29c06ed80e5a,2019-08-23,put_credit_spread,0,0.0,1000184.9055,0.0
sim_2019-02-09_2026-05-21_29c06ed80e5a,2019-08-26,short_straddle,0,0.0,1000184.9055,0.0
sim_2019-02-09_2026-05-21_29c06ed80e5a,2019-08-26,put_credit_spread,0,0.0,1000184.9055,0.0
sim_2019-02-09_2026-05-21_29c06ed80e5a,2019-08-27,short_straddle,0,0.0,1000184.9055,0.0
sim_2019-02-09_2026-05-21_29c06ed80e5a,2019-08-27,put_credit_spread,0,0.0,1000184.9055,0.0
sim_2019-02-09_2026-05-21_29c06ed80e5a,2019-08-28,short_straddle,0,0.0,1000184.9055,0.0
sim_2019-02-09_2026-05-21_29c06ed80e5a,2019-08-28,put_credit_spread,0,0.0,1000184.9055,0.0
sim_2019-02-09_2026-05-21_29c06ed80e5a,2019-08-29,short_straddle,0,0.0,1000184.9055,0.0
sim_2019-02-09_2026-05-21_29c06ed80e5a,2019-08-29,put_credit_spread,0,0.0,1000184.9055,0.0
sim_2019-02-09_2026-05-21_29c06ed80e5a,2019-08-30,short_straddle,0,0.0,1000184.9055,0.0
sim_2019-02-09_2026-05-21_29c06ed80e5a,2019-08-30,put_credit_spread,0,0.0,1000184.9055,0.0
sim_2019-02-09_2026-05-21_29c06ed80e5a,2019-09-03,short_straddle,0,0.0,1000184.9055,0.0
sim_2019-02-09_2026-05-21_29c06ed80e5a,2019-09-03,put_credit_spread,0,0.0,1000184.9055,0.0
sim_2019-02-09_2026-05-21_29c06ed80e5a,2019-09-04,short_straddle,0,0.0,1000184.9055,0.0
sim_2019-02-09_2026-05-21_29c06ed80e5a,2019-09-04,put_credit_spread,0,0.0,1000184.9055,0.0
sim_2019-02-09_2026-05-21_29c06ed80e5a,2019-09-05,short_straddle,0,0.0,1000184.9055,0.0
sim_2019-02-09_2026-05-21_29c06ed80e5a,2019-09-05,put_credit_spread,0,0.0,1000184.9055,0.0
sim_2019-02-09_2026-05-21_29c06ed80e5a,2019-09-06,short_straddle,0,0.0,1000184.9055,0.0
sim_2019-02-09_2026-05-21_29c06ed80e5a,2019-09-06,put_credit_spread,0,0.0,1000184.9055,0.0
sim_2019-02-09_2026-05-21_29c06ed80e5a,2019-09-09,short_straddle,0,0.0,1000184.9055,0.0
sim_2019-02-09_2026-05-21_29c06ed80e5a,2019-09-09,put_credit_spread,0,0.0,1000184.9055,0.0
sim_2019-02-09_2026-05-21_29c06ed80e5a,2019-09-10,short_straddle,0,0.0,1000184.9055,0.0
sim_2019-02-09_2026-05-21_29c06ed80e5a,2019-09-10,put_credit_spread,0,0.0,1000184.9055,0.0
sim_2019-02-09_2026-05-21_29c06ed80e5a,2019-09-11,short_straddle,0,0.0,1000184.9055,0.0
sim_2019-02-09_2026-05-21_29c06ed80e5a,2019-09-11,put_credit_spread,0,0.0,1000184.9055,0.0
sim_2019-02-09_2026-05-21_29c06ed80e5a,2019-09-12,short_straddle,0,0.0,1000184.9055,0.0
sim_2019-02-09_2026-05-21_29c06ed80e5a,2019-09-12,put_credit_spread,0,0.0,1000184.9055,0.0
sim_2019-02-09_2026-05-21_29c06ed80e5a,2019-09-13,short_straddle,0,0.0,1000184.9055,0.0
sim_2019-02-09_2026-05-21_29c06ed80e5a,2019-09-13,put_credit_spread,0,0.0,1000184.9055,0.0
sim_2019-02-09_2026-05-21_29c06ed80e5a,2019-09-16,short_straddle,0,0.0,1000184.9055,0.0
sim_2019-02-09_2026-05-21_29c06ed80e5a,2019-09-16,put_credit_spread,0,0.0,1000184.9055,0.0
sim_2019-02-09_2026-05-21_29c06ed80e5a,2019-09-17,short_straddle,0,0.0,1000184.9055,0.0
sim_2019-02-09_2026-05-21_29c06ed80e5a,2019-09-17,put_credit_spread,0,0.0,1000184.9055,0.0
sim_2019-02-09_2026-05-21_29c06ed80e5a,2019-09-18,short_straddle,0,0.0,1000184.9055,0.0
sim_2019-02-09_2026-05-21_29c06ed80e5a,2019-09-18,put_credit_spread,0,0.0,1000184.9055,0.0
sim_2019-02-09_2026-05-21_29c06ed80e5a,2019-09-19,short_straddle,0,0.0,1000184.9055,0.0
sim_2019-02-09_2026-05-21_29c06ed80e5a,2019-09-19,put_credit_spread,0,0.0,1000184.9055,0.0
sim_2019-02-09_2026-05-21_29c06ed80e5a,2019-09-20,short_straddle,0,0.0,1000184.9055,0.0
sim_2019-02-09_2026-05-21_29c06ed80e5a,2019-09-20,put_credit_spread,0,0.0,1000184.9055,0.0
sim_2019-02-09_2026-05-21_29c06ed80e5a,2019-09-23,short_straddle,0,0.0,1000184.9055,0.0
sim_2019-02-09_2026-05-21_29c06ed80e5a,2019-09-23,put_credit_spread,0,0.0,1000184.9055,0.0
sim_2019-02-09_2026-05-21_29c06ed80e5a,2019-09-24,short_straddle,0,0.0,1000184.9055,0.0
sim_2019-02-09_2026-05-21_29c06ed80e5a,2019-09-24,put_credit_spread,0,0.0,1000184.9055,0.0
sim_2019-02-09_2026-05-21_29c06ed80e5a,2019-09-25,short_straddle,0,0.0,1000184.9055,0.0
sim_2019-02-09_2026-05-21_29c06ed80e5a,2019-09-25,put_credit_spread,0,0.0,1000184.9055,0.0
sim_2019-02-09_2026-05-21_29c06ed80e5a,2019-09-26,short_straddle,0,0.0,1000184.9055,0.0
sim_2019-02-09_2026-05-21_29c06ed80e5a,2019-09-26,put_credit_spread,0,0.0,1000184.9055,0.0
sim_2019-02-09_2026-05-21_29c06ed80e5a,2019-09-27,short_straddle,0,0.0,1000184.9055,0.0
sim_2019-02-09_2026-05-21_29c06ed80e5a,2019-09-27,put_credit_spread,0,0.0,1000184.9055,0.0
sim_2019-02-09_2026-05-21_29c06ed80e5a,2019-09-30,short_straddle,0,0.0,1000184.9055,0.0
sim_2019-02-09_2026-05-21_29c06ed80e5a,2019-09-30,put_credit_spread,0,0.0,1000184.9055,0.0
sim_2019-02-09_2026-05-21_29c06ed80e5a,2019-10-01,short_straddle,0,0.0,1000184.9055,0.0
sim_2019-02-09_2026-05-21_29c06ed80e5a,2019-10-01,put_credit_spread,0,0.0,1000184.9055,0.0
sim_2019-02-09_2026-05-21_29c06ed80e5a,2019-10-02,short_straddle,0,0.0,1000184.9055,0.0
sim_2019-02-09_2026-05-21_29c06ed80e5a,2019-10-02,put_credit_spread,0,0.0,1000184.9055,0.0
sim_2019-02-09_2026-05-21_29c06ed80e5a,2019-10-03,short_straddle,0,0.0,1000184.9055,0.0
sim_2019-02-09_2026-05-21_29c06ed80e5a,2019-10-03,put_credit_spread,0,0.0,1000184.9055,0.0
sim_2019-02-09_2026-05-21_29c06ed80e5a,2019-10-04,short_straddle,0,0.0,1000184.9055,0.0
sim_2019-02-09_2026-05-21_29c06ed80e5a,2019-10-04,put_credit_spread,0,0.0,1000184.9055,0.0
sim_2019-02-09_2026-05-21_29c06ed80e5a,2019-10-07,short_straddle,0,0.0,1000184.9055,0.0
sim_2019-02-09_2026-05-21_29c06ed80e5a,2019-10-07,put_credit_spread,0,0.0,1000184.9055,0.0
sim_2019-02-09_2026-05-21_29c06ed80e5a,2019-10-08,short_straddle,0,0.0,1000184.9055,0.0
sim_2019-02-09_2026-05-21_29c06ed80e5a,2019-10-08,put_credit_spread,0,0.0,1000184.9055,0.0
sim_2019-02-09_2026-05-21_29c06ed80e5a,2019-10-09,short_straddle,0,0.0,1000184.9055,0.0
sim_2019-02-09_2026-05-21_29c06ed80e5a,2019-10-09,put_credit_spread,0,0.0,1000184.9055,0.0
sim_2019-02-09_2026-05-21_29c06ed80e5a,2019-10-10,short_straddle,0,0.0,1000184.9055,0.0
sim_2019-02-09_2026-05-21_29c06ed80e5a,2019-10-10,put_credit_spread,0,0.0,1000184.9055,0.0
sim_2019-02-09_2026-05-21_29c06ed80e5a,2019-10-11,short_straddle,0,0.0,1000184.9055,0.0
sim_2019-02-09_2026-05-21_29c06ed80e5a,2019-10-11,put_credit_spread,0,0.0,1000184.9055,0.0
sim_2019-02-09_2026-05-21_29c06ed80e5a,2019-10-14,short_straddle,0,0.0,1000184.9055,0.0
sim_2019-02-09_2026-05-21_29c06ed80e5a,2019-10-14,put_credit_spread,0,0.0,1000184.9055,0.0
sim_2019-02-09_2026-05-21_29c06ed80e5a,2019-10-15,short_straddle,0,0.0,1000184.9055,0.0
sim_2019-02-09_2026-05-21_29c06ed80e5a,2019-10-15,put_credit_spread,0,0.0,1000184.9055,0.0
sim_2019-02-09_2026-05-21_29c06ed80e5a,2019-10-16,short_straddle,0,0.0,1000184.9055,0.0
sim_2019-02-09_2026-05-21_29c06ed80e5a,2019-10-16,put_credit_spread,0,0.0,1000184.9055,0.0
sim_2019-02-09_2026-05-21_29c06ed80e5a,2019-10-17,short_straddle,0,0.0,1000184.9055,0.0
sim_2019-02-09_2026-05-21_29c06ed80e5a,2019-10-17,put_credit_spread,0,0.0,1000184.9055,0.0
sim_2019-02-09_2026-05-21_29c06ed80e5a,2019-10-18,short_straddle,0,0.0,1000184.9055,0.0
sim_2019-02-09_2026-05-21_29c06ed80e5a,2019-10-18,put_credit_spread,0,0.0,1000184.9055,0.0
sim_2019-02-09_2026-05-21_29c06ed80e5a,2019-10-21,short_straddle,0,0.0,1000184.9055,0.0
sim_2019-02-09_2026-05-21_29c06ed80e5a,2019-10-21,put_credit_spread,0,0.0,1000184.9055,0.0
sim_2019-02-09_2026-05-21_29c06ed80e5a,2019-10-22,short_straddle,0,0.0,1000184.9055,0.0
sim_2019-02-09_2026-05-21_29c06ed80e5a,2019-10-22,put_credit_spread,0,0.0,1000184.9055,0.0
sim_2019-02-09_2026-05-21_29c06ed80e5a,2019-10-23,short_straddle,0,0.0,1000184.9055,0.0
sim_2019-02-09_2026-05-21_29c06ed80e5a,2019-10-23,put_credit_spread,0,0.0,1000184.9055,0.0
sim_2019-02-09_2026-05-21_29c06ed80e5a,2019-10-24,short_straddle,0,0.0,1000184.9055,0.0
sim_2019-02-09_2026-05-21_29c06ed80e5a,2019-10-24,put_credit_spread,0,0.0,1000184.9055,0.0
sim_2019-02-09_2026-05-21_29c06ed80e5a,2019-10-25,short_straddle,0,0.0,1000184.9055,0.0
sim_2019-02-09_2026-05-21_29c06ed80e5a,2019-10-25,put_credit_spread,0,0.0,1000184.9055,0.0
sim_2019-02-09_2026-05-21_29c06ed80e5a,2019-10-28,short_straddle,0,0.0,1000184.9055,0.0
sim_2019-02-09_2026-05-21_29c06ed80e5a,2019-10-28,put_credit_spread,0,0.0,1000184.9055,0.0
sim_2019-02-09_2026-05-21_29c06ed80e5a,2019-10-29,short_straddle,0,0.0,1000184.9055,0.0
sim_2019-02-09_2026-05-21_29c06ed80e5a,2019-10-29,put_credit_spread,0,0.0,1000184.9055,0.0
sim_2019-02-09_2026-05-21_29c06ed80e5a,2019-10-30,short_straddle,0,0.0,1000184.9055,0.0
sim_2019-02-09_2026-05-21_29c06ed80e5a,2019-10-30,put_credit_spread,0,0.0,1000184.9055,0.0
sim_2019-02-09_2026-05-21_29c06ed80e5a,2019-10-31,short_straddle,0,0.0,1000184.9055,0.0
sim_2019-02-09_2026-05-21_29c06ed80e5a,2019-10-31,put_credit_spread,0,0.0,1000184.9055,0.0
sim_2019-02-09_2026-05-21_29c06ed80e5a,2019-11-01,short_straddle,0,0.0,1000184.9055,0.0
sim_2019-02-09_2026-05-21_29c06ed80e5a,2019-11-01,put_credit_spread,0,0.0,1000184.9055,0.0
sim_2019-02-09_2026-05-21_29c06ed80e5a,2019-11-04,short_straddle,0,0.0,1000184.9055,0.0
sim_2019-02-09_2026-05-21_29c06ed80e5a,2019-11-04,put_credit_spread,0,0.0,1000184.9055,0.0
sim_2019-02-09_2026-05-21_29c06ed80e5a,2019-11-05,short_straddle,0,0.0,1000184.9055,0.0
sim_2019-02-09_2026-05-21_29c06ed80e5a,2019-11-05,put_credit_spread,0,0.0,1000184.9055,0.0
sim_2019-02-09_2026-05-21_29c06ed80e5a,2019-11-06,short_straddle,0,0.0,1000184.9055,0.0
sim_2019-02-09_2026-05-21_29c06ed80e5a,2019-11-06,put_credit_spread,0,0.0,1000184.9055,0.0
sim_2019-02-09_2026-05-21_29c06ed80e5a,2019-11-07,short_straddle,0,0.0,1000184.9055,0.0
sim_2019-02-09_2026-05-21_29c06ed80e5a,2019-11-07,put_credit_spread,0,0.0,1000184.9055,0.0
sim_2019-02-09_2026-05-21_29c06ed80e5a,2019-11-08,short_straddle,0,0.0,1000184.9055,0.0
sim_2019-02-09_2026-05-21_29c06ed80e5a,2019-11-08,put_credit_spread,0,0.0,1000184.9055,0.0
sim_2019-02-09_2026-05-21_29c06ed80e5a,2019-11-11,short_straddle,0,0.0,1000184.9055,0.0
sim_2019-02-09_2026-05-21_29c06ed80e5a,2019-11-11,put_credit_spread,0,0.0,1000184.9055,0.0
sim_2019-02-09_2026-05-21_29c06ed80e5a,2019-11-12,short_straddle,0,0.0,1000184.9055,0.0
sim_2019-02-09_2026-05-21_29c06ed80e5a,2019-11-12,put_credit_spread,0,0.0,1000184.9055,0.0
sim_2019-02-09_2026-05-21_29c06ed80e5a,2019-11-13,short_straddle,0,0.0,1000184.9055,0.0
sim_2019-02-09_2026-05-21_29c06ed80e5a,2019-11-13,put_credit_spread,0,0.0,1000184.9055,0.0
sim_2019-02-09_2026-05-21_29c06ed80e5a,2019-11-14,short_straddle,0,0.0,1000184.9055,0.0
sim_2019-02-09_2026-05-21_29c06ed80e5a,2019-11-14,put_credit_spread,0,0.0,1000184.9055,0.0
sim_2019-02-09_2026-05-21_29c06ed80e5a,2019-11-15,short_straddle,0,0.0,1000184.9055,0.0
sim_2019-02-09_2026-05-21_29c06ed80e5a,2019-11-15,put_credit_spread,0,0.0,1000184.9055,0.0
sim_2019-02-09_2026-05-21_29c06ed80e5a,2019-11-18,short_straddle,0,0.0,1000184.9055,0.0
sim_2019-02-09_2026-05-21_29c06ed80e5a,2019-11-18,put_credit_spread,0,0.0,1000184.9055,0.0
sim_2019-02-09_2026-05-21_29c06ed80e5a,2019-11-19,short_straddle,0,0.0,1000184.9055,0.0
sim_2019-02-09_2026-05-21_29c06ed80e5a,2019-11-19,put_credit_spread,0,0.0,1000184.9055,0.0
sim_2019-02-09_2026-05-21_29c06ed80e5a,2019-11-20,short_straddle,0,0.0,1000184.9055,0.0
sim_2019-02-09_2026-05-21_29c06ed80e5a,2019-11-20,put_credit_spread,0,0.0,1000184.9055,0.0
sim_2019-02-09_2026-05-21_29c06ed80e5a,2019-11-21,short_straddle,0,0.0,1000184.9055,0.0
sim_2019-02-09_2026-05-21_29c06ed80e5a,2019-11-21,put_credit_spread,0,0.0,1000184.9055,0.0
sim_2019-02-09_2026-05-21_29c06ed80e5a,2019-11-22,short_straddle,0,0.0,1000184.9055,0.0
sim_2019-02-09_2026-05-21_29c06ed80e5a,2019-11-22,put_credit_spread,0,0.0,1000184.9055,0.0
sim_2019-02-09_2026-05-21_29c06ed80e5a,2019-11-25,short_straddle,0,0.0,1000184.9055,0.0
sim_2019-02-09_2026-05-21_29c06ed80e5a,2019-11-25,put_credit_spread,0,0.0,1000184.9055,0.0
sim_2019-02-09_2026-05-21_29c06ed80e5a,2019-11-26,short_straddle,0,0.0,1000184.9055,0.0
sim_2019-02-09_2026-05-21_29c06ed80e5a,2019-11-26,put_credit_spread,0,0.0,1000184.9055,0.0
sim_2019-02-09_2026-05-21_29c06ed80e5a,2019-11-27,short_straddle,0,0.0,1000184.9055,0.0
sim_2019-02-09_2026-05-21_29c06ed80e5a,2019-11-27,put_credit_spread,0,0.0,1000184.9055,0.0
sim_2019-02-09_2026-05-21_29c06ed80e5a,2019-11-29,short_straddle,0,0.0,1000184.9055,0.0
sim_2019-02-09_2026-05-21_29c06ed80e5a,2019-11-29,put_credit_spread,0,0.0,1000184.9055,0.0
sim_2019-02-09_2026-05-21_29c06ed80e5a,2019-12-02,short_straddle,0,0.0,1000184.9055,0.0
sim_2019-02-09_2026-05-21_29c06ed80e5a,2019-12-02,put_credit_spread,0,0.0,1000184.9055,0.0
sim_2019-02-09_2026-05-21_29c06ed80e5a,2019-12-03,short_straddle,0,0.0,1000184.9055,0.0
sim_2019-02-09_2026-05-21_29c06ed80e5a,2019-12-03,put_credit_spread,0,0.0,1000184.9055,0.0
sim_2019-02-09_2026-05-21_29c06ed80e5a,2019-12-04,short_straddle,0,0.0,1000184.9055,0.0
sim_2019-02-09_2026-05-21_29c06ed80e5a,2019-12-04,put_credit_spread,0,0.0,1000184.9055,0.0
sim_2019-02-09_2026-05-21_29c06ed80e5a,2019-12-05,short_straddle,0,0.0,1000184.9055,0.0
sim_2019-02-09_2026-05-21_29c06ed80e5a,2019-12-05,put_credit_spread,0,0.0,1000184.9055,0.0
sim_2019-02-09_2026-05-21_29c06ed80e5a,2019-12-06,short_straddle,0,0.0,1000184.9055,0.0
sim_2019-02-09_2026-05-21_29c06ed80e5a,2019-12-06,put_credit_spread,0,0.0,1000184.9055,0.0
sim_2019-02-09_2026-05-21_29c06ed80e5a,2019-12-09,short_straddle,0,0.0,1000184.9055,0.0
sim_2019-02-09_2026-05-21_29c06ed80e5a,2019-12-09,put_credit_spread,0,0.0,1000184.9055,0.0
sim_2019-02-09_2026-05-21_29c06ed80e5a,2019-12-10,short_straddle,0,0.0,1000184.9055,0.0
sim_2019-02-09_2026-05-21_29c06ed80e5a,2019-12-10,put_credit_spread,0,0.0,1000184.9055,0.0
sim_2019-02-09_2026-05-21_29c06ed80e5a,2019-12-11,short_straddle,0,0.0,1000184.9055,0.0
sim_2019-02-09_2026-05-21_29c06ed80e5a,2019-12-11,put_credit_spread,0,0.0,1000184.9055,0.0
sim_2019-02-09_2026-05-21_29c06ed80e5a,2019-12-12,short_straddle,0,0.0,1000184.9055,0.0
sim_2019-02-09_2026-05-21_29c06ed80e5a,2019-12-12,put_credit_spread,0,0.0,1000184.9055,0.0
sim_2019-02-09_2026-05-21_29c06ed80e5a,2019-12-13,short_straddle,0,0.0,1000184.9055,0.0
sim_2019-02-09_2026-05-21_29c06ed80e5a,2019-12-13,put_credit_spread,0,0.0,1000184.9055,0.0
sim_2019-02-09_2026-05-21_29c06ed80e5a,2019-12-16,short_straddle,0,0.0,1000184.9055,0.0
sim_2019-02-09_2026-05-21_29c06ed80e5a,2019-12-16,put_credit_spread,0,0.0,1000184.9055,0.0
sim_2019-02-09_2026-05-21_29c06ed80e5a,2019-12-17,short_straddle,0,0.0,1000184.9055,0.0
sim_2019-02-09_2026-05-21_29c06ed80e5a,2019-12-17,put_credit_spread,0,0.0,1000184.9055,0.0
sim_2019-02-09_2026-05-21_29c06ed80e5a,2019-12-18,short_straddle,0,0.0,1000184.9055,0.0
sim_2019-02-09_2026-05-21_29c06ed80e5a,2019-12-18,put_credit_spread,0,0.0,1000184.9055,0.0
sim_2019-02-09_2026-05-21_29c06ed80e5a,2019-12-19,short_straddle,0,0.0,1000184.9055,0.0
sim_2019-02-09_2026-05-21_29c06ed80e5a,2019-12-19,put_credit_spread,0,0.0,1000184.9055,0.0
sim_2019-02-09_2026-05-21_29c06ed80e5a,2019-12-20,short_straddle,0,0.0,1000184.9055,0.0
sim_2019-02-09_2026-05-21_29c06ed80e5a,2019-12-20,put_credit_spread,0,0.0,1000184.9055,0.0
sim_2019-02-09_2026-05-21_29c06ed80e5a,2019-12-23,short_straddle,0,0.0,1000184.9055,0.0
sim_2019-02-09_2026-05-21_29c06ed80e5a,2019-12-23,put_credit_spread,0,0.0,1000184.9055,0.0
sim_2019-02-09_2026-05-21_29c06ed80e5a,2019-12-24,short_straddle,0,0.0,1000184.9055,0.0
sim_2019-02-09_2026-05-21_29c06ed80e5a,2019-12-24,put_credit_spread,0,0.0,1000184.9055,0.0
sim_2019-02-09_2026-05-21_29c06ed80e5a,2019-12-26,short_straddle,0,0.0,1000184.9055,0.0
sim_2019-02-09_2026-05-21_29c06ed80e5a,2019-12-26,put_credit_spread,0,0.0,1000184.9055,0.0
sim_2019-02-09_2026-05-21_29c06ed80e5a,2019-12-27,short_straddle,0,0.0,1000184.9055,0.0
sim_2019-02-09_2026-05-21_29c06ed80e5a,2019-12-27,put_credit_spread,0,0.0,1000184.9055,0.0
sim_2019-02-09_2026-05-21_29c06ed80e5a,2019-12-30,short_straddle,0,0.0,1000184.9055,0.0
sim_2019-02-09_2026-05-21_29c06ed80e5a,2019-12-30,put_credit_spread,0,0.0,1000184.9055,0.0
sim_2019-02-09_2026-05-21_29c06ed80e5a,2019-12-31,short_straddle,0,0.0,1000184.9055,0.0
sim_2019-02-09_2026-05-21_29c06ed80e5a,2019-12-31,put_credit_spread,0,0.0,1000184.9055,0.0
sim_2019-02-09_2026-05-21_29c06ed80e5a,2020-01-02,short_straddle,0,0.0,1000184.9055,0.0
sim_2019-02-09_2026-05-21_29c06ed80e5a,2020-01-02,put_credit_spread,0,0.0,1000184.9055,0.0
sim_2019-02-09_2026-05-21_29c06ed80e5a,2020-01-03,short_straddle,0,0.0,1000184.9055,0.0
sim_2019-02-09_2026-05-21_29c06ed80e5a,2020-01-03,put_credit_spread,0,0.0,1000184.9055,0.0
sim_2019-02-09_2026-05-21_29c06ed80e5a,2020-01-06,short_straddle,0,0.0,1000182.824,0.0
sim_2019-02-09_2026-05-21_29c06ed80e5a,2020-01-06,put_credit_spread,1,1437.0,1000182.824,0.001437
sim_2019-02-09_2026-05-21_29c06ed80e5a,2020-01-07,short_straddle,0,0.0,1000182.824,0.0
sim_2019-02-09_2026-05-21_29c06ed80e5a,2020-01-07,put_credit_spread,1,1437.0,1000182.824,0.001437
sim_2019-02-09_2026-05-21_29c06ed80e5a,2020-01-08,short_straddle,0,0.0,1000182.824,0.0
sim_2019-02-09_2026-05-21_29c06ed80e5a,2020-01-08,put_credit_spread,1,1437.0,1000182.824,0.001437
sim_2019-02-09_2026-05-21_29c06ed80e5a,2020-01-09,short_straddle,0,0.0,1000182.824,0.0
sim_2019-02-09_2026-05-21_29c06ed80e5a,2020-01-09,put_credit_spread,1,1437.0,1000182.824,0.001437
sim_2019-02-09_2026-05-21_29c06ed80e5a,2020-01-10,short_straddle,0,0.0,1000182.824,0.0
sim_2019-02-09_2026-05-21_29c06ed80e5a,2020-01-10,put_credit_spread,1,1437.0,1000182.824,0.001437
sim_2019-02-09_2026-05-21_29c06ed80e5a,2020-01-13,short_straddle,0,0.0,1000182.824,0.0
sim_2019-02-09_2026-05-21_29c06ed80e5a,2020-01-13,put_credit_spread,1,1437.0,1000182.824,0.001437
sim_2019-02-09_2026-05-21_29c06ed80e5a,2020-01-14,short_straddle,0,0.0,1000182.824,0.0
sim_2019-02-09_2026-05-21_29c06ed80e5a,2020-01-14,put_credit_spread,1,1437.0,1000182.824,0.001437
sim_2019-02-09_2026-05-21_29c06ed80e5a,2020-01-15,short_straddle,0,0.0,1000182.824,0.0
sim_2019-02-09_2026-05-21_29c06ed80e5a,2020-01-15,put_credit_spread,1,1437.0,1000182.824,0.001437
sim_2019-02-09_2026-05-21_29c06ed80e5a,2020-01-16,short_straddle,0,0.0,1000182.824,0.0
sim_2019-02-09_2026-05-21_29c06ed80e5a,2020-01-16,put_credit_spread,1,1437.0,1000182.824,0.001437
sim_2019-02-09_2026-05-21_29c06ed80e5a,2020-01-17,short_straddle,0,0.0,1000182.824,0.0
sim_2019-02-09_2026-05-21_29c06ed80e5a,2020-01-17,put_credit_spread,1,1437.0,1000182.824,0.001437
sim_2019-02-09_2026-05-21_29c06ed80e5a,2020-01-21,short_straddle,0,0.0,1000182.824,0.0
sim_2019-02-09_2026-05-21_29c06ed80e5a,2020-01-21,put_credit_spread,1,1437.0,1000182.824,0.001437
sim_2019-02-09_2026-05-21_29c06ed80e5a,2020-01-22,short_straddle,0,0.0,1000182.824,0.0
sim_2019-02-09_2026-05-21_29c06ed80e5a,2020-01-22,put_credit_spread,1,1437.0,1000182.824,0.001437
sim_2019-02-09_2026-05-21_29c06ed80e5a,2020-01-23,short_straddle,0,0.0,1000182.824,0.0
sim_2019-02-09_2026-05-21_29c06ed80e5a,2020-01-23,put_credit_spread,1,1437.0,1000182.824,0.001437
sim_2019-02-09_2026-05-21_29c06ed80e5a,2020-01-24,short_straddle,0,0.0,1000182.824,0.0
sim_2019-02-09_2026-05-21_29c06ed80e5a,2020-01-24,put_credit_spread,1,1437.0,1000182.824,0.001437
sim_2019-02-09_2026-05-21_29c06ed80e5a,2020-01-27,short_straddle,0,0.0,1000182.824,0.0
sim_2019-02-09_2026-05-21_29c06ed80e5a,2020-01-27,put_credit_spread,1,1437.0,1000182.824,0.001437
sim_2019-02-09_2026-05-21_29c06ed80e5a,2020-01-28,short_straddle,0,0.0,1000182.824,0.0
sim_2019-02-09_2026-05-21_29c06ed80e5a,2020-01-28,put_credit_spread,1,1437.0,1000182.824,0.001437
sim_2019-02-09_2026-05-21_29c06ed80e5a,2020-01-29,short_straddle,0,0.0,1000182.824,0.0
sim_2019-02-09_2026-05-21_29c06ed80e5a,2020-01-29,put_credit_spread,1,1437.0,1000182.824,0.001437
sim_2019-02-09_2026-05-21_29c06ed80e5a,2020-01-30,short_straddle,0,0.0,1000182.824,0.0
sim_2019-02-09_2026-05-21_29c06ed80e5a,2020-01-30,put_credit_spread,1,1437.0,1000182.824,0.001437
sim_2019-02-09_2026-05-21_29c06ed80e5a,2020-01-31,short_straddle,0,0.0,1000182.824,0.0
sim_2019-02-09_2026-05-21_29c06ed80e5a,2020-01-31,put_credit_spread,1,1437.0,1000182.824,0.001437
sim_2019-02-09_2026-05-21_29c06ed80e5a,2020-02-03,short_straddle,0,0.0,1000341.69925,0.0
sim_2019-02-09_2026-05-21_29c06ed80e5a,2020-02-03,put_credit_spread,1,1450.5,1000341.69925,0.00145
sim_2019-02-09_2026-05-21_29c06ed80e5a,2020-02-04,short_straddle,0,0.0,1000341.69925,0.0
sim_2019-02-09_2026-05-21_29c06ed80e5a,2020-02-04,put_credit_spread,1,1450.5,1000341.69925,0.00145
sim_2019-02-09_2026-05-21_29c06ed80e5a,2020-02-05,short_straddle,0,0.0,1000341.69925,0.0
sim_2019-02-09_2026-05-21_29c06ed80e5a,2020-02-05,put_credit_spread,1,1450.5,1000341.69925,0.00145
sim_2019-02-09_2026-05-21_29c06ed80e5a,2020-02-06,short_straddle,0,0.0,1000341.69925,0.0
sim_2019-02-09_2026-05-21_29c06ed80e5a,2020-02-06,put_credit_spread,1,1450.5,1000341.69925,0.00145
sim_2019-02-09_2026-05-21_29c06ed80e5a,2020-02-07,short_straddle,0,0.0,1000341.69925,0.0
sim_2019-02-09_2026-05-21_29c06ed80e5a,2020-02-07,put_credit_spread,1,1450.5,1000341.69925,0.00145
sim_2019-02-09_2026-05-21_29c06ed80e5a,2020-02-10,short_straddle,0,0.0,1000341.69925,0.0
sim_2019-02-09_2026-05-21_29c06ed80e5a,2020-02-10,put_credit_spread,1,1450.5,1000341.69925,0.00145
sim_2019-02-09_2026-05-21_29c06ed80e5a,2020-02-11,short_straddle,0,0.0,1000341.69925,0.0
sim_2019-02-09_2026-05-21_29c06ed80e5a,2020-02-11,put_credit_spread,1,1450.5,1000341.69925,0.00145
sim_2019-02-09_2026-05-21_29c06ed80e5a,2020-02-12,short_straddle,0,0.0,1000341.69925,0.0
sim_2019-02-09_2026-05-21_29c06ed80e5a,2020-02-12,put_credit_spread,1,1450.5,1000341.69925,0.00145
sim_2019-02-09_2026-05-21_29c06ed80e5a,2020-02-13,short_straddle,0,0.0,1000341.69925,0.0
sim_2019-02-09_2026-05-21_29c06ed80e5a,2020-02-13,put_credit_spread,1,1450.5,1000341.69925,0.00145
sim_2019-02-09_2026-05-21_29c06ed80e5a,2020-02-14,short_straddle,0,0.0,1000341.69925,0.0
sim_2019-02-09_2026-05-21_29c06ed80e5a,2020-02-14,put_credit_spread,1,1450.5,1000341.69925,0.00145
sim_2019-02-09_2026-05-21_29c06ed80e5a,2020-02-18,short_straddle,0,0.0,1000341.69925,0.0
sim_2019-02-09_2026-05-21_29c06ed80e5a,2020-02-18,put_credit_spread,1,1450.5,1000341.69925,0.00145
sim_2019-02-09_2026-05-21_29c06ed80e5a,2020-02-19,short_straddle,0,0.0,1000341.69925,0.0
sim_2019-02-09_2026-05-21_29c06ed80e5a,2020-02-19,put_credit_spread,1,1450.5,1000341.69925,0.00145
sim_2019-02-09_2026-05-21_29c06ed80e5a,2020-02-20,short_straddle,0,0.0,1000341.69925,0.0
sim_2019-02-09_2026-05-21_29c06ed80e5a,2020-02-20,put_credit_spread,1,1450.5,1000341.69925,0.00145
sim_2019-02-09_2026-05-21_29c06ed80e5a,2020-02-21,short_straddle,0,0.0,1000341.69925,0.0
sim_2019-02-09_2026-05-21_29c06ed80e5a,2020-02-21,put_credit_spread,1,1450.5,1000341.69925,0.00145
sim_2019-02-09_2026-05-21_29c06ed80e5a,2020-02-24,short_straddle,0,0.0,1000341.69925,0.0
sim_2019-02-09_2026-05-21_29c06ed80e5a,2020-02-24,put_credit_spread,1,1450.5,1000341.69925,0.00145
sim_2019-02-09_2026-05-21_29c06ed80e5a,2020-02-25,short_straddle,0,0.0,1000341.69925,0.0
sim_2019-02-09_2026-05-21_29c06ed80e5a,2020-02-25,put_credit_spread,1,1450.5,1000341.69925,0.00145
sim_2019-02-09_2026-05-21_29c06ed80e5a,2020-02-26,short_straddle,0,0.0,1000341.69925,0.0
sim_2019-02-09_2026-05-21_29c06ed80e5a,2020-02-26,put_credit_spread,1,1450.5,1000341.69925,0.00145
sim_2019-02-09_2026-05-21_29c06ed80e5a,2020-02-27,short_straddle,0,0.0,1000341.69925,0.0
sim_2019-02-09_2026-05-21_29c06ed80e5a,2020-02-27,put_credit_spread,1,1450.5,1000341.69925,0.00145
sim_2019-02-09_2026-05-21_29c06ed80e5a,2020-02-28,short_straddle,1,3432.200195,1000338.45275,0.003431
sim_2019-02-09_2026-05-21_29c06ed80e5a,2020-02-28,put_credit_spread,1,1450.5,1000338.45275,0.00145
sim_2019-02-09_2026-05-21_29c06ed80e5a,2020-03-02,short_straddle,1,3432.200195,999691.586659,0.003433
sim_2019-02-09_2026-05-21_29c06ed80e5a,2020-03-02,put_credit_spread,1,1905.0,999691.586659,0.001906
sim_2019-02-09_2026-05-21_29c06ed80e5a,2020-03-03,short_straddle,1,3432.200195,999647.336628,0.003433
sim_2019-02-09_2026-05-21_29c06ed80e5a,2020-03-03,put_credit_spread,1,1905.0,999647.336628,0.001906
sim_2019-02-09_2026-05-21_29c06ed80e5a,2020-03-04,short_straddle,1,3432.200195,999710.436604,0.003433
sim_2019-02-09_2026-05-21_29c06ed80e5a,2020-03-04,put_credit_spread,1,1905.0,999710.436604,0.001906
sim_2019-02-09_2026-05-21_29c06ed80e5a,2020-03-05,short_straddle,1,3432.200195,999658.436634,0.003433
sim_2019-02-09_2026-05-21_29c06ed80e5a,2020-03-05,put_credit_spread,1,1905.0,999658.436634,0.001906
sim_2019-02-09_2026-05-21_29c06ed80e5a,2020-03-06,short_straddle,1,3432.200195,999633.436634,0.003433
sim_2019-02-09_2026-05-21_29c06ed80e5a,2020-03-06,put_credit_spread,1,1905.0,999633.436634,0.001906
sim_2019-02-09_2026-05-21_29c06ed80e5a,2020-03-09,short_straddle,1,3432.200195,999517.286732,0.003434
sim_2019-02-09_2026-05-21_29c06ed80e5a,2020-03-09,put_credit_spread,1,1905.0,999517.286732,0.001906
sim_2019-02-09_2026-05-21_29c06ed80e5a,2020-03-10,short_straddle,1,3432.200195,999588.236744,0.003434
sim_2019-02-09_2026-05-21_29c06ed80e5a,2020-03-10,put_credit_spread,1,1905.0,999588.236744,0.001906
sim_2019-02-09_2026-05-21_29c06ed80e5a,2020-03-11,short_straddle,1,3432.200195,999517.936604,0.003434
sim_2019-02-09_2026-05-21_29c06ed80e5a,2020-03-11,put_credit_spread,1,1905.0,999517.936604,0.001906
sim_2019-02-09_2026-05-21_29c06ed80e5a,2020-03-12,short_straddle,1,3432.200195,999386.68668,0.003434
sim_2019-02-09_2026-05-21_29c06ed80e5a,2020-03-12,put_credit_spread,1,1905.0,999386.68668,0.001906
sim_2019-02-09_2026-05-21_29c06ed80e5a,2020-03-13,short_straddle,1,3432.200195,999101.021293,0.003435
sim_2019-02-09_2026-05-21_29c06ed80e5a,2020-03-13,put_credit_spread,1,1905.0,999101.021293,0.001907
sim_2019-02-09_2026-05-21_29c06ed80e5a,2020-03-16,short_straddle,1,3432.200195,1001507.127918,0.003427
sim_2019-02-09_2026-05-21_29c06ed80e5a,2020-03-16,put_credit_spread,1,1905.0,1001507.127918,0.001902
sim_2019-02-09_2026-05-21_29c06ed80e5a,2020-03-17,short_straddle,1,3432.200195,1001571.877903,0.003427
sim_2019-02-09_2026-05-21_29c06ed80e5a,2020-03-17,put_credit_spread,1,1905.0,1001571.877903,0.001902
sim_2019-02-09_2026-05-21_29c06ed80e5a,2020-03-18,short_straddle,1,3432.200195,1001507.877888,0.003427
sim_2019-02-09_2026-05-21_29c06ed80e5a,2020-03-18,put_credit_spread,1,1905.0,1001507.877888,0.001902
sim_2019-02-09_2026-05-21_29c06ed80e5a,2020-03-19,short_straddle,1,3432.200195,1001510.42786,0.003427
sim_2019-02-09_2026-05-21_29c06ed80e5a,2020-03-19,put_credit_spread,1,1905.0,1001510.42786,0.001902
sim_2019-02-09_2026-05-21_29c06ed80e5a,2020-03-20,short_straddle,1,3432.200195,1001451.877903,0.003427
sim_2019-02-09_2026-05-21_29c06ed80e5a,2020-03-20,put_credit_spread,1,1905.0,1001451.877903,0.001902
sim_2019-02-09_2026-05-21_29c06ed80e5a,2020-03-23,short_straddle,1,3432.200195,1001422.627872,0.003427
sim_2019-02-09_2026-05-21_29c06ed80e5a,2020-03-23,put_credit_spread,1,1905.0,1001422.627872,0.001902
sim_2019-02-09_2026-05-21_29c06ed80e5a,2020-03-24,short_straddle,1,3432.200195,1001523.627857,0.003427
sim_2019-02-09_2026-05-21_29c06ed80e5a,2020-03-24,put_credit_spread,1,1905.0,1001523.627857,0.001902
sim_2019-02-09_2026-05-21_29c06ed80e5a,2020-03-25,short_straddle,1,2467.899933,1001534.169629,0.002464
sim_2019-02-09_2026-05-21_29c06ed80e5a,2020-03-25,put_credit_spread,1,1905.0,1001534.169629,0.001902
sim_2019-02-09_2026-05-21_29c06ed80e5a,2020-03-26,short_straddle,1,2467.899933,1001533.516629,0.002464
sim_2019-02-09_2026-05-21_29c06ed80e5a,2020-03-26,put_credit_spread,1,1905.0,1001533.516629,0.001902
sim_2019-02-09_2026-05-21_29c06ed80e5a,2020-03-27,short_straddle,1,2467.899933,1001494.616559,0.002464
sim_2019-02-09_2026-05-21_29c06ed80e5a,2020-03-27,put_credit_spread,1,1905.0,1001494.616559,0.001902
sim_2019-02-09_2026-05-21_29c06ed80e5a,2020-03-30,short_straddle,1,2467.899933,999625.339287,0.002469
sim_2019-02-09_2026-05-21_29c06ed80e5a,2020-03-30,put_credit_spread,1,3445.5,999625.339287,0.003447
sim_2019-02-09_2026-05-21_29c06ed80e5a,2020-03-31,short_straddle,1,2467.899933,999605.839318,0.002469
sim_2019-02-09_2026-05-21_29c06ed80e5a,2020-03-31,put_credit_spread,1,3445.5,999605.839318,0.003447
sim_2019-02-09_2026-05-21_29c06ed80e5a,2020-04-01,short_straddle,1,2467.899933,999547.839287,0.002469
sim_2019-02-09_2026-05-21_29c06ed80e5a,2020-04-01,put_credit_spread,1,3445.5,999547.839287,0.003447
sim_2019-02-09_2026-05-21_29c06ed80e5a,2020-04-02,short_straddle,1,2467.899933,999576.239327,0.002469
sim_2019-02-09_2026-05-21_29c06ed80e5a,2020-04-02,put_credit_spread,1,3445.5,999576.239327,0.003447
sim_2019-02-09_2026-05-21_29c06ed80e5a,2020-04-03,short_straddle,1,2467.899933,999558.03933,0.002469
sim_2019-02-09_2026-05-21_29c06ed80e5a,2020-04-03,put_credit_spread,1,3445.5,999558.03933,0.003447
sim_2019-02-09_2026-05-21_29c06ed80e5a,2020-04-06,short_straddle,1,2467.899933,999641.389245,0.002469
sim_2019-02-09_2026-05-21_29c06ed80e5a,2020-04-06,put_credit_spread,1,3445.5,999641.389245,0.003447
sim_2019-02-09_2026-05-21_29c06ed80e5a,2020-04-07,short_straddle,1,2467.899933,999642.739342,0.002469
sim_2019-02-09_2026-05-21_29c06ed80e5a,2020-04-07,put_credit_spread,1,3445.5,999642.739342,0.003447
sim_2019-02-09_2026-05-21_29c06ed80e5a,2020-04-08,short_straddle,1,2467.899933,999806.696322,0.002468
sim_2019-02-09_2026-05-21_29c06ed80e5a,2020-04-08,put_credit_spread,1,3445.5,999806.696322,0.003446
sim_2019-02-09_2026-05-21_29c06ed80e5a,2020-04-09,short_straddle,1,2467.899933,1000093.586675,0.002468
sim_2019-02-09_2026-05-21_29c06ed80e5a,2020-04-09,put_credit_spread,1,3445.5,1000093.586675,0.003445
sim_2019-02-09_2026-05-21_29c06ed80e5a,2020-04-13,short_straddle,1,2467.899933,999833.886632,0.002468
sim_2019-02-09_2026-05-21_29c06ed80e5a,2020-04-13,put_credit_spread,1,3445.5,999833.886632,0.003446
sim_2019-02-09_2026-05-21_29c06ed80e5a,2020-04-14,short_straddle,1,2467.899933,999874.536657,0.002468
sim_2019-02-09_2026-05-21_29c06ed80e5a,2020-04-14,put_credit_spread,1,3445.5,999874.536657,0.003446
sim_2019-02-09_2026-05-21_29c06ed80e5a,2020-04-15,short_straddle,1,2467.899933,999844.386663,0.002468
sim_2019-02-09_2026-05-21_29c06ed80e5a,2020-04-15,put_credit_spread,1,3445.5,999844.386663,0.003446
sim_2019-02-09_2026-05-21_29c06ed80e5a,2020-04-16,short_straddle,1,2467.899933,999851.086644,0.002468
sim_2019-02-09_2026-05-21_29c06ed80e5a,2020-04-16,put_credit_spread,1,3445.5,999851.086644,0.003446
sim_2019-02-09_2026-05-21_29c06ed80e5a,2020-04-17,short_straddle,1,2467.899933,999888.786687,0.002468
sim_2019-02-09_2026-05-21_29c06ed80e5a,2020-04-17,put_credit_spread,1,3445.5,999888.786687,0.003446
sim_2019-02-09_2026-05-21_29c06ed80e5a,2020-04-20,short_straddle,1,3304.799927,999856.12862,0.003305
sim_2019-02-09_2026-05-21_29c06ed80e5a,2020-04-20,put_credit_spread,1,3445.5,999856.12862,0.003446
sim_2019-02-09_2026-05-21_29c06ed80e5a,2020-04-21,short_straddle,1,3304.799927,999855.9921,0.003305
sim_2019-02-09_2026-05-21_29c06ed80e5a,2020-04-21,put_credit_spread,1,3445.5,999855.9921,0.003446
sim_2019-02-09_2026-05-21_29c06ed80e5a,2020-04-22,short_straddle,1,3304.799927,999862.052098,0.003305
sim_2019-02-09_2026-05-21_29c06ed80e5a,2020-04-22,put_credit_spread,1,3445.5,999862.052098,0.003446
sim_2019-02-09_2026-05-21_29c06ed80e5a,2020-04-23,short_straddle,1,3304.799927,999862.032079,0.003305
sim_2019-02-09_2026-05-21_29c06ed80e5a,2020-04-23,put_credit_spread,1,3445.5,999862.032079,0.003446
sim_2019-02-09_2026-05-21_29c06ed80e5a,2020-04-24,short_straddle,1,3304.799927,999865.922093,0.003305
sim_2019-02-09_2026-05-21_29c06ed80e5a,2020-04-24,put_credit_spread,1,3445.5,999865.922093,0.003446
sim_2019-02-09_2026-05-21_29c06ed80e5a,2020-04-27,short_straddle,1,3304.799927,1000767.29333,0.003302
sim_2019-02-09_2026-05-21_29c06ed80e5a,2020-04-27,put_credit_spread,1,2682.5,1000767.29333,0.00268
sim_2019-02-09_2026-05-21_29c06ed80e5a,2020-04-28,short_straddle,1,3304.799927,1000765.973353,0.003302
sim_2019-02-09_2026-05-21_29c06ed80e5a,2020-04-28,put_credit_spread,1,2682.5,1000765.973353,0.00268
sim_2019-02-09_2026-05-21_29c06ed80e5a,2020-04-29,short_straddle,1,3304.799927,1000773.453333,0.003302
sim_2019-02-09_2026-05-21_29c06ed80e5a,2020-04-29,put_credit_spread,1,2682.5,1000773.453333,0.00268
sim_2019-02-09_2026-05-21_29c06ed80e5a,2020-04-30,short_straddle,1,3304.799927,1000770.723353,0.003302
sim_2019-02-09_2026-05-21_29c06ed80e5a,2020-04-30,put_credit_spread,1,2682.5,1000770.723353,0.00268
sim_2019-02-09_2026-05-21_29c06ed80e5a,2020-05-01,short_straddle,1,3304.799927,1000763.03335,0.003302
sim_2019-02-09_2026-05-21_29c06ed80e5a,2020-05-01,put_credit_spread,1,2682.5,1000763.03335,0.00268
sim_2019-02-09_2026-05-21_29c06ed80e5a,2020-05-04,short_straddle,1,3304.799927,1000763.813349,0.003302
sim_2019-02-09_2026-05-21_29c06ed80e5a,2020-05-04,put_credit_spread,1,2682.5,1000763.813349,0.00268
sim_2019-02-09_2026-05-21_29c06ed80e5a,2020-05-05,short_straddle,1,3304.799927,1000766.433344,0.003302
sim_2019-02-09_2026-05-21_29c06ed80e5a,2020-05-05,put_credit_spread,1,2682.5,1000766.433344,0.00268
sim_2019-02-09_2026-05-21_29c06ed80e5a,2020-05-06,short_straddle,1,3304.799927,1000764.493342,0.003302
sim_2019-02-09_2026-05-21_29c06ed80e5a,2020-05-06,put_credit_spread,1,2682.5,1000764.493342,0.00268
sim_2019-02-09_2026-05-21_29c06ed80e5a,2020-05-07,short_straddle,1,3304.799927,1000767.923335,0.003302
sim_2019-02-09_2026-05-21_29c06ed80e5a,2020-05-07,put_credit_spread,1,2682.5,1000767.923335,0.00268
sim_2019-02-09_2026-05-21_29c06ed80e5a,2020-05-08,short_straddle,1,3304.799927,1000772.683344,0.003302
sim_2019-02-09_2026-05-21_29c06ed80e5a,2020-05-08,put_credit_spread,1,2682.5,1000772.683344,0.00268
sim_2019-02-09_2026-05-21_29c06ed80e5a,2020-05-11,short_straddle,1,3304.799927,1000772.743342,0.003302
sim_2019-02-09_2026-05-21_29c06ed80e5a,2020-05-11,put_credit_spread,1,2682.5,1000772.743342,0.00268
sim_2019-02-09_2026-05-21_29c06ed80e5a,2020-05-12,short_straddle,1,3304.799927,1000766.913355,0.003302
sim_2019-02-09_2026-05-21_29c06ed80e5a,2020-05-12,put_credit_spread,1,2682.5,1000766.913355,0.00268
sim_2019-02-09_2026-05-21_29c06ed80e5a,2020-05-13,short_straddle,1,3304.799927,1000761.843348,0.003302
sim_2019-02-09_2026-05-21_29c06ed80e5a,2020-05-13,put_credit_spread,1,2682.5,1000761.843348,0.00268
sim_2019-02-09_2026-05-21_29c06ed80e5a,2020-05-14,short_straddle,1,3304.799927,1000765.213343,0.003302
sim_2019-02-09_2026-05-21_29c06ed80e5a,2020-05-14,put_credit_spread,1,2682.5,1000765.213343,0.00268
sim_2019-02-09_2026-05-21_29c06ed80e5a,2020-05-15,short_straddle,1,3304.799927,1000766.523341,0.003302
sim_2019-02-09_2026-05-21_29c06ed80e5a,2020-05-15,put_credit_spread,1,2682.5,1000766.523341,0.00268
sim_2019-02-09_2026-05-21_29c06ed80e5a,2020-05-18,short_straddle,0,0.0,1001799.445842,0.0
sim_2019-02-09_2026-05-21_29c06ed80e5a,2020-05-18,put_credit_spread,1,2682.5,1001799.445842,0.002678
sim_2019-02-09_2026-05-21_29c06ed80e5a,2020-05-19,short_straddle,0,0.0,1001799.445842,0.0
sim_2019-02-09_2026-05-21_29c06ed80e5a,2020-05-19,put_credit_spread,1,2682.5,1001799.445842,0.002678
sim_2019-02-09_2026-05-21_29c06ed80e5a,2020-05-20,short_straddle,0,0.0,1001799.445842,0.0
sim_2019-02-09_2026-05-21_29c06ed80e5a,2020-05-20,put_credit_spread,1,2682.5,1001799.445842,0.002678
sim_2019-02-09_2026-05-21_29c06ed80e5a,2020-05-21,short_straddle,0,0.0,1001799.445842,0.0
sim_2019-02-09_2026-05-21_29c06ed80e5a,2020-05-21,put_credit_spread,1,2682.5,1001799.445842,0.002678
sim_2019-02-09_2026-05-21_29c06ed80e5a,2020-05-22,short_straddle,0,0.0,1001799.445842,0.0
sim_2019-02-09_2026-05-21_29c06ed80e5a,2020-05-22,put_credit_spread,1,2682.5,1001799.445842,0.002678
sim_2019-02-09_2026-05-21_29c06ed80e5a,2020-05-26,short_straddle,0,0.0,1002214.945842,0.0
sim_2019-02-09_2026-05-21_29c06ed80e5a,2020-05-26,put_credit_spread,0,0.0,1002214.945842,0.0
sim_2019-02-09_2026-05-21_29c06ed80e5a,2020-05-27,short_straddle,0,0.0,1002212.796092,0.0
sim_2019-02-09_2026-05-21_29c06ed80e5a,2020-05-27,put_credit_spread,1,2300.5,1002212.796092,0.002295
sim_2019-02-09_2026-05-21_29c06ed80e5a,2020-05-28,short_straddle,0,0.0,1002212.796092,0.0
sim_2019-02-09_2026-05-21_29c06ed80e5a,2020-05-28,put_credit_spread,1,2300.5,1002212.796092,0.002295
sim_2019-02-09_2026-05-21_29c06ed80e5a,2020-05-29,short_straddle,0,0.0,1002212.796092,0.0
sim_2019-02-09_2026-05-21_29c06ed80e5a,2020-05-29,put_credit_spread,1,2300.5,1002212.796092,0.002295
sim_2019-02-09_2026-05-21_29c06ed80e5a,2020-06-01,short_straddle,0,0.0,1002212.796092,0.0
sim_2019-02-09_2026-05-21_29c06ed80e5a,2020-06-01,put_credit_spread,1,2300.5,1002212.796092,0.002295
sim_2019-02-09_2026-05-21_29c06ed80e5a,2020-06-02,short_straddle,0,0.0,1002212.796092,0.0
sim_2019-02-09_2026-05-21_29c06ed80e5a,2020-06-02,put_credit_spread,1,2300.5,1002212.796092,0.002295
sim_2019-02-09_2026-05-21_29c06ed80e5a,2020-06-03,short_straddle,0,0.0,1002212.796092,0.0
sim_2019-02-09_2026-05-21_29c06ed80e5a,2020-06-03,put_credit_spread,1,2300.5,1002212.796092,0.002295
sim_2019-02-09_2026-05-21_29c06ed80e5a,2020-06-04,short_straddle,0,0.0,1002212.796092,0.0
sim_2019-02-09_2026-05-21_29c06ed80e5a,2020-06-04,put_credit_spread,1,2300.5,1002212.796092,0.002295
sim_2019-02-09_2026-05-21_29c06ed80e5a,2020-06-05,short_straddle,0,0.0,1002212.796092,0.0
sim_2019-02-09_2026-05-21_29c06ed80e5a,2020-06-05,put_credit_spread,1,2300.5,1002212.796092,0.002295
sim_2019-02-09_2026-05-21_29c06ed80e5a,2020-06-08,short_straddle,0,0.0,1002212.796092,0.0
sim_2019-02-09_2026-05-21_29c06ed80e5a,2020-06-08,put_credit_spread,1,2300.5,1002212.796092,0.002295
sim_2019-02-09_2026-05-21_29c06ed80e5a,2020-06-09,short_straddle,0,0.0,1002212.796092,0.0
sim_2019-02-09_2026-05-21_29c06ed80e5a,2020-06-09,put_credit_spread,1,2300.5,1002212.796092,0.002295
sim_2019-02-09_2026-05-21_29c06ed80e5a,2020-06-10,short_straddle,0,0.0,1002212.796092,0.0
sim_2019-02-09_2026-05-21_29c06ed80e5a,2020-06-10,put_credit_spread,1,2300.5,1002212.796092,0.002295
sim_2019-02-09_2026-05-21_29c06ed80e5a,2020-06-11,short_straddle,0,0.0,1002212.796092,0.0
sim_2019-02-09_2026-05-21_29c06ed80e5a,2020-06-11,put_credit_spread,1,2300.5,1002212.796092,0.002295
sim_2019-02-09_2026-05-21_29c06ed80e5a,2020-06-12,short_straddle,0,0.0,1002212.796092,0.0
sim_2019-02-09_2026-05-21_29c06ed80e5a,2020-06-12,put_credit_spread,1,2300.5,1002212.796092,0.002295
sim_2019-02-09_2026-05-21_29c06ed80e5a,2020-06-15,short_straddle,0,0.0,1002212.796092,0.0
sim_2019-02-09_2026-05-21_29c06ed80e5a,2020-06-15,put_credit_spread,1,2300.5,1002212.796092,0.002295
sim_2019-02-09_2026-05-21_29c06ed80e5a,2020-06-16,short_straddle,0,0.0,1002212.796092,0.0
sim_2019-02-09_2026-05-21_29c06ed80e5a,2020-06-16,put_credit_spread,1,2300.5,1002212.796092,0.002295
sim_2019-02-09_2026-05-21_29c06ed80e5a,2020-06-17,short_straddle,0,0.0,1002212.796092,0.0
sim_2019-02-09_2026-05-21_29c06ed80e5a,2020-06-17,put_credit_spread,1,2300.5,1002212.796092,0.002295
sim_2019-02-09_2026-05-21_29c06ed80e5a,2020-06-18,short_straddle,0,0.0,1002212.796092,0.0
sim_2019-02-09_2026-05-21_29c06ed80e5a,2020-06-18,put_credit_spread,1,2300.5,1002212.796092,0.002295
sim_2019-02-09_2026-05-21_29c06ed80e5a,2020-06-19,short_straddle,0,0.0,1002212.796092,0.0
sim_2019-02-09_2026-05-21_29c06ed80e5a,2020-06-19,put_credit_spread,1,2300.5,1002212.796092,0.002295
sim_2019-02-09_2026-05-21_29c06ed80e5a,2020-06-22,short_straddle,0,0.0,1002212.796092,0.0
sim_2019-02-09_2026-05-21_29c06ed80e5a,2020-06-22,put_credit_spread,1,2300.5,1002212.796092,0.002295
sim_2019-02-09_2026-05-21_29c06ed80e5a,2020-06-23,short_straddle,0,0.0,1002212.796092,0.0
sim_2019-02-09_2026-05-21_29c06ed80e5a,2020-06-23,put_credit_spread,1,2300.5,1002212.796092,0.002295
sim_2019-02-09_2026-05-21_29c06ed80e5a,2020-06-24,short_straddle,0,0.0,1002508.098842,0.0
sim_2019-02-09_2026-05-21_29c06ed80e5a,2020-06-24,put_credit_spread,1,2305.5,1002508.098842,0.0023
sim_2019-02-09_2026-05-21_29c06ed80e5a,2020-06-25,short_straddle,0,0.0,1002508.098842,0.0
sim_2019-02-09_2026-05-21_29c06ed80e5a,2020-06-25,put_credit_spread,1,2305.5,1002508.098842,0.0023
sim_2019-02-09_2026-05-21_29c06ed80e5a,2020-06-26,short_straddle,0,0.0,1002508.098842,0.0
sim_2019-02-09_2026-05-21_29c06ed80e5a,2020-06-26,put_credit_spread,1,2305.5,1002508.098842,0.0023
sim_2019-02-09_2026-05-21_29c06ed80e5a,2020-06-29,short_straddle,0,0.0,1002508.098842,0.0
sim_2019-02-09_2026-05-21_29c06ed80e5a,2020-06-29,put_credit_spread,1,2305.5,1002508.098842,0.0023
sim_2019-02-09_2026-05-21_29c06ed80e5a,2020-06-30,short_straddle,0,0.0,1002508.098842,0.0
sim_2019-02-09_2026-05-21_29c06ed80e5a,2020-06-30,put_credit_spread,1,2305.5,1002508.098842,0.0023
sim_2019-02-09_2026-05-21_29c06ed80e5a,2020-07-01,short_straddle,0,0.0,1002508.098842,0.0
sim_2019-02-09_2026-05-21_29c06ed80e5a,2020-07-01,put_credit_spread,1,2305.5,1002508.098842,0.0023
sim_2019-02-09_2026-05-21_29c06ed80e5a,2020-07-02,short_straddle,0,0.0,1002508.098842,0.0
sim_2019-02-09_2026-05-21_29c06ed80e5a,2020-07-02,put_credit_spread,1,2305.5,1002508.098842,0.0023
sim_2019-02-09_2026-05-21_29c06ed80e5a,2020-07-06,short_straddle,0,0.0,1002508.098842,0.0
sim_2019-02-09_2026-05-21_29c06ed80e5a,2020-07-06,put_credit_spread,1,2305.5,1002508.098842,0.0023
sim_2019-02-09_2026-05-21_29c06ed80e5a,2020-07-07,short_straddle,0,0.0,1002508.098842,0.0
sim_2019-02-09_2026-05-21_29c06ed80e5a,2020-07-07,put_credit_spread,1,2305.5,1002508.098842,0.0023
sim_2019-02-09_2026-05-21_29c06ed80e5a,2020-07-08,short_straddle,0,0.0,1002508.098842,0.0
sim_2019-02-09_2026-05-21_29c06ed80e5a,2020-07-08,put_credit_spread,1,2305.5,1002508.098842,0.0023
sim_2019-02-09_2026-05-21_29c06ed80e5a,2020-07-09,short_straddle,0,0.0,1002508.098842,0.0
sim_2019-02-09_2026-05-21_29c06ed80e5a,2020-07-09,put_credit_spread,1,2305.5,1002508.098842,0.0023
sim_2019-02-09_2026-05-21_29c06ed80e5a,2020-07-10,short_straddle,0,0.0,1002508.098842,0.0
sim_2019-02-09_2026-05-21_29c06ed80e5a,2020-07-10,put_credit_spread,1,2305.5,1002508.098842,0.0023
sim_2019-02-09_2026-05-21_29c06ed80e5a,2020-07-13,short_straddle,0,0.0,1002508.098842,0.0
sim_2019-02-09_2026-05-21_29c06ed80e5a,2020-07-13,put_credit_spread,1,2305.5,1002508.098842,0.0023
sim_2019-02-09_2026-05-21_29c06ed80e5a,2020-07-14,short_straddle,0,0.0,1002508.098842,0.0
sim_2019-02-09_2026-05-21_29c06ed80e5a,2020-07-14,put_credit_spread,1,2305.5,1002508.098842,0.0023
sim_2019-02-09_2026-05-21_29c06ed80e5a,2020-07-15,short_straddle,0,0.0,1002508.098842,0.0
sim_2019-02-09_2026-05-21_29c06ed80e5a,2020-07-15,put_credit_spread,1,2305.5,1002508.098842,0.0023
sim_2019-02-09_2026-05-21_29c06ed80e5a,2020-07-16,short_straddle,0,0.0,1002508.098842,0.0
sim_2019-02-09_2026-05-21_29c06ed80e5a,2020-07-16,put_credit_spread,1,2305.5,1002508.098842,0.0023
sim_2019-02-09_2026-05-21_29c06ed80e5a,2020-07-17,short_straddle,0,0.0,1002508.098842,0.0
sim_2019-02-09_2026-05-21_29c06ed80e5a,2020-07-17,put_credit_spread,1,2305.5,1002508.098842,0.0023
sim_2019-02-09_2026-05-21_29c06ed80e5a,2020-07-20,short_straddle,0,0.0,1002508.098842,0.0
sim_2019-02-09_2026-05-21_29c06ed80e5a,2020-07-20,put_credit_spread,1,2305.5,1002508.098842,0.0023
sim_2019-02-09_2026-05-21_29c06ed80e5a,2020-07-21,short_straddle,0,0.0,1002508.098842,0.0
sim_2019-02-09_2026-05-21_29c06ed80e5a,2020-07-21,put_credit_spread,1,2305.5,1002508.098842,0.0023
sim_2019-02-09_2026-05-21_29c06ed80e5a,2020-07-22,short_straddle,0,0.0,1002898.487092,0.0
sim_2019-02-09_2026-05-21_29c06ed80e5a,2020-07-22,put_credit_spread,1,1776.5,1002898.487092,0.001771
sim_2019-02-09_2026-05-21_29c06ed80e5a,2020-07-23,short_straddle,0,0.0,1002898.487092,0.0
sim_2019-02-09_2026-05-21_29c06ed80e5a,2020-07-23,put_credit_spread,1,1776.5,1002898.487092,0.001771
sim_2019-02-09_2026-05-21_29c06ed80e5a,2020-07-24,short_straddle,0,0.0,1002898.487092,0.0
sim_2019-02-09_2026-05-21_29c06ed80e5a,2020-07-24,put_credit_spread,1,1776.5,1002898.487092,0.001771
sim_2019-02-09_2026-05-21_29c06ed80e5a,2020-07-27,short_straddle,0,0.0,1002898.487092,0.0
sim_2019-02-09_2026-05-21_29c06ed80e5a,2020-07-27,put_credit_spread,1,1776.5,1002898.487092,0.001771
sim_2019-02-09_2026-05-21_29c06ed80e5a,2020-07-28,short_straddle,0,0.0,1002898.487092,0.0
sim_2019-02-09_2026-05-21_29c06ed80e5a,2020-07-28,put_credit_spread,1,1776.5,1002898.487092,0.001771
sim_2019-02-09_2026-05-21_29c06ed80e5a,2020-07-29,short_straddle,0,0.0,1002898.487092,0.0
sim_2019-02-09_2026-05-21_29c06ed80e5a,2020-07-29,put_credit_spread,1,1776.5,1002898.487092,0.001771
sim_2019-02-09_2026-05-21_29c06ed80e5a,2020-07-30,short_straddle,0,0.0,1002898.487092,0.0
sim_2019-02-09_2026-05-21_29c06ed80e5a,2020-07-30,put_credit_spread,1,1776.5,1002898.487092,0.001771
sim_2019-02-09_2026-05-21_29c06ed80e5a,2020-07-31,short_straddle,0,0.0,1002898.487092,0.0
sim_2019-02-09_2026-05-21_29c06ed80e5a,2020-07-31,put_credit_spread,1,1776.5,1002898.487092,0.001771
sim_2019-02-09_2026-05-21_29c06ed80e5a,2020-08-03,short_straddle,0,0.0,1002898.487092,0.0
sim_2019-02-09_2026-05-21_29c06ed80e5a,2020-08-03,put_credit_spread,1,1776.5,1002898.487092,0.001771
sim_2019-02-09_2026-05-21_29c06ed80e5a,2020-08-04,short_straddle,0,0.0,1002898.487092,0.0
sim_2019-02-09_2026-05-21_29c06ed80e5a,2020-08-04,put_credit_spread,1,1776.5,1002898.487092,0.001771
sim_2019-02-09_2026-05-21_29c06ed80e5a,2020-08-05,short_straddle,0,0.0,1002898.487092,0.0
sim_2019-02-09_2026-05-21_29c06ed80e5a,2020-08-05,put_credit_spread,1,1776.5,1002898.487092,0.001771
sim_2019-02-09_2026-05-21_29c06ed80e5a,2020-08-06,short_straddle,0,0.0,1002898.487092,0.0
sim_2019-02-09_2026-05-21_29c06ed80e5a,2020-08-06,put_credit_spread,1,1776.5,1002898.487092,0.001771
sim_2019-02-09_2026-05-21_29c06ed80e5a,2020-08-07,short_straddle,0,0.0,1002898.487092,0.0
sim_2019-02-09_2026-05-21_29c06ed80e5a,2020-08-07,put_credit_spread,1,1776.5,1002898.487092,0.001771
sim_2019-02-09_2026-05-21_29c06ed80e5a,2020-08-10,short_straddle,0,0.0,1002898.487092,0.0
sim_2019-02-09_2026-05-21_29c06ed80e5a,2020-08-10,put_credit_spread,1,1776.5,1002898.487092,0.001771
sim_2019-02-09_2026-05-21_29c06ed80e5a,2020-08-11,short_straddle,0,0.0,1002898.487092,0.0
sim_2019-02-09_2026-05-21_29c06ed80e5a,2020-08-11,put_credit_spread,1,1776.5,1002898.487092,0.001771
sim_2019-02-09_2026-05-21_29c06ed80e5a,2020-08-12,short_straddle,0,0.0,1002898.487092,0.0
sim_2019-02-09_2026-05-21_29c06ed80e5a,2020-08-12,put_credit_spread,1,1776.5,1002898.487092,0.001771
sim_2019-02-09_2026-05-21_29c06ed80e5a,2020-08-13,short_straddle,0,0.0,1002898.487092,0.0
sim_2019-02-09_2026-05-21_29c06ed80e5a,2020-08-13,put_credit_spread,1,1776.5,1002898.487092,0.001771
sim_2019-02-09_2026-05-21_29c06ed80e5a,2020-08-14,short_straddle,0,0.0,1002898.487092,0.0
sim_2019-02-09_2026-05-21_29c06ed80e5a,2020-08-14,put_credit_spread,1,1776.5,1002898.487092,0.001771
sim_2019-02-09_2026-05-21_29c06ed80e5a,2020-08-17,short_straddle,0,0.0,1002898.487092,0.0
sim_2019-02-09_2026-05-21_29c06ed80e5a,2020-08-17,put_credit_spread,1,1776.5,1002898.487092,0.001771
sim_2019-02-09_2026-05-21_29c06ed80e5a,2020-08-18,short_straddle,0,0.0,1002898.487092,0.0
sim_2019-02-09_2026-05-21_29c06ed80e5a,2020-08-18,put_credit_spread,1,1776.5,1002898.487092,0.001771
sim_2019-02-09_2026-05-21_29c06ed80e5a,2020-08-19,short_straddle,0,0.0,1003117.839592,0.0
sim_2019-02-09_2026-05-21_29c06ed80e5a,2020-08-19,put_credit_spread,1,2205.0,1003117.839592,0.002198
sim_2019-02-09_2026-05-21_29c06ed80e5a,2020-08-20,short_straddle,0,0.0,1003117.839592,0.0
sim_2019-02-09_2026-05-21_29c06ed80e5a,2020-08-20,put_credit_spread,1,2205.0,1003117.839592,0.002198
sim_2019-02-09_2026-05-21_29c06ed80e5a,2020-08-21,short_straddle,0,0.0,1003117.839592,0.0
sim_2019-02-09_2026-05-21_29c06ed80e5a,2020-08-21,put_credit_spread,1,2205.0,1003117.839592,0.002198
sim_2019-02-09_2026-05-21_29c06ed80e5a,2020-08-24,short_straddle,0,0.0,1003117.839592,0.0
sim_2019-02-09_2026-05-21_29c06ed80e5a,2020-08-24,put_credit_spread,1,2205.0,1003117.839592,0.002198
sim_2019-02-09_2026-05-21_29c06ed80e5a,2020-08-25,short_straddle,0,0.0,1003117.839592,0.0
sim_2019-02-09_2026-05-21_29c06ed80e5a,2020-08-25,put_credit_spread,1,2205.0,1003117.839592,0.002198
sim_2019-02-09_2026-05-21_29c06ed80e5a,2020-08-26,short_straddle,0,0.0,1003117.839592,0.0
sim_2019-02-09_2026-05-21_29c06ed80e5a,2020-08-26,put_credit_spread,1,2205.0,1003117.839592,0.002198
sim_2019-02-09_2026-05-21_29c06ed80e5a,2020-08-27,short_straddle,0,0.0,1003117.839592,0.0
sim_2019-02-09_2026-05-21_29c06ed80e5a,2020-08-27,put_credit_spread,1,2205.0,1003117.839592,0.002198
sim_2019-02-09_2026-05-21_29c06ed80e5a,2020-08-28,short_straddle,0,0.0,1003117.839592,0.0
sim_2019-02-09_2026-05-21_29c06ed80e5a,2020-08-28,put_credit_spread,1,2205.0,1003117.839592,0.002198
sim_2019-02-09_2026-05-21_29c06ed80e5a,2020-08-31,short_straddle,0,0.0,1003117.839592,0.0
sim_2019-02-09_2026-05-21_29c06ed80e5a,2020-08-31,put_credit_spread,1,2205.0,1003117.839592,0.002198
sim_2019-02-09_2026-05-21_29c06ed80e5a,2020-09-01,short_straddle,0,0.0,1003117.839592,0.0
sim_2019-02-09_2026-05-21_29c06ed80e5a,2020-09-01,put_credit_spread,1,2205.0,1003117.839592,0.002198
sim_2019-02-09_2026-05-21_29c06ed80e5a,2020-09-02,short_straddle,0,0.0,1003117.839592,0.0
sim_2019-02-09_2026-05-21_29c06ed80e5a,2020-09-02,put_credit_spread,1,2205.0,1003117.839592,0.002198
sim_2019-02-09_2026-05-21_29c06ed80e5a,2020-09-03,short_straddle,0,0.0,1003117.839592,0.0
sim_2019-02-09_2026-05-21_29c06ed80e5a,2020-09-03,put_credit_spread,1,2205.0,1003117.839592,0.002198
sim_2019-02-09_2026-05-21_29c06ed80e5a,2020-09-04,short_straddle,0,0.0,1003117.839592,0.0
sim_2019-02-09_2026-05-21_29c06ed80e5a,2020-09-04,put_credit_spread,1,2205.0,1003117.839592,0.002198
sim_2019-02-09_2026-05-21_29c06ed80e5a,2020-09-08,short_straddle,0,0.0,1003117.839592,0.0
sim_2019-02-09_2026-05-21_29c06ed80e5a,2020-09-08,put_credit_spread,1,2205.0,1003117.839592,0.002198
sim_2019-02-09_2026-05-21_29c06ed80e5a,2020-09-09,short_straddle,0,0.0,1003117.839592,0.0
sim_2019-02-09_2026-05-21_29c06ed80e5a,2020-09-09,put_credit_spread,1,2205.0,1003117.839592,0.002198
sim_2019-02-09_2026-05-21_29c06ed80e5a,2020-09-10,short_straddle,0,0.0,1003117.839592,0.0
sim_2019-02-09_2026-05-21_29c06ed80e5a,2020-09-10,put_credit_spread,1,2205.0,1003117.839592,0.002198
sim_2019-02-09_2026-05-21_29c06ed80e5a,2020-09-11,short_straddle,0,0.0,1003117.839592,0.0
sim_2019-02-09_2026-05-21_29c06ed80e5a,2020-09-11,put_credit_spread,1,2205.0,1003117.839592,0.002198
sim_2019-02-09_2026-05-21_29c06ed80e5a,2020-09-14,short_straddle,0,0.0,1003117.839592,0.0
sim_2019-02-09_2026-05-21_29c06ed80e5a,2020-09-14,put_credit_spread,1,2205.0,1003117.839592,0.002198
sim_2019-02-09_2026-05-21_29c06ed80e5a,2020-09-15,short_straddle,0,0.0,1003117.839592,0.0
sim_2019-02-09_2026-05-21_29c06ed80e5a,2020-09-15,put_credit_spread,1,2205.0,1003117.839592,0.002198
sim_2019-02-09_2026-05-21_29c06ed80e5a,2020-09-16,short_straddle,0,0.0,1003408.710592,0.0
sim_2019-02-09_2026-05-21_29c06ed80e5a,2020-09-16,put_credit_spread,1,1742.0,1003408.710592,0.001736
sim_2019-02-09_2026-05-21_29c06ed80e5a,2020-09-17,short_straddle,0,0.0,1003408.710592,0.0
sim_2019-02-09_2026-05-21_29c06ed80e5a,2020-09-17,put_credit_spread,1,1742.0,1003408.710592,0.001736
sim_2019-02-09_2026-05-21_29c06ed80e5a,2020-09-18,short_straddle,0,0.0,1003408.710592,0.0
sim_2019-02-09_2026-05-21_29c06ed80e5a,2020-09-18,put_credit_spread,1,1742.0,1003408.710592,0.001736
sim_2019-02-09_2026-05-21_29c06ed80e5a,2020-09-21,short_straddle,0,0.0,1003408.710592,0.0
sim_2019-02-09_2026-05-21_29c06ed80e5a,2020-09-21,put_credit_spread,1,1742.0,1003408.710592,0.001736
sim_2019-02-09_2026-05-21_29c06ed80e5a,2020-09-22,short_straddle,0,0.0,1003408.710592,0.0
sim_2019-02-09_2026-05-21_29c06ed80e5a,2020-09-22,put_credit_spread,1,1742.0,1003408.710592,0.001736
sim_2019-02-09_2026-05-21_29c06ed80e5a,2020-09-23,short_straddle,0,0.0,1003408.710592,0.0
sim_2019-02-09_2026-05-21_29c06ed80e5a,2020-09-23,put_credit_spread,1,1742.0,1003408.710592,0.001736
sim_2019-02-09_2026-05-21_29c06ed80e5a,2020-09-24,short_straddle,0,0.0,1003408.710592,0.0
sim_2019-02-09_2026-05-21_29c06ed80e5a,2020-09-24,put_credit_spread,1,1742.0,1003408.710592,0.001736
sim_2019-02-09_2026-05-21_29c06ed80e5a,2020-09-25,short_straddle,0,0.0,1003408.710592,0.0
sim_2019-02-09_2026-05-21_29c06ed80e5a,2020-09-25,put_credit_spread,1,1742.0,1003408.710592,0.001736
sim_2019-02-09_2026-05-21_29c06ed80e5a,2020-09-28,short_straddle,0,0.0,1003408.710592,0.0
sim_2019-02-09_2026-05-21_29c06ed80e5a,2020-09-28,put_credit_spread,1,1742.0,1003408.710592,0.001736
sim_2019-02-09_2026-05-21_29c06ed80e5a,2020-09-29,short_straddle,0,0.0,1003408.710592,0.0
sim_2019-02-09_2026-05-21_29c06ed80e5a,2020-09-29,put_credit_spread,1,1742.0,1003408.710592,0.001736
sim_2019-02-09_2026-05-21_29c06ed80e5a,2020-09-30,short_straddle,0,0.0,1003408.710592,0.0
sim_2019-02-09_2026-05-21_29c06ed80e5a,2020-09-30,put_credit_spread,1,1742.0,1003408.710592,0.001736
sim_2019-02-09_2026-05-21_29c06ed80e5a,2020-10-01,short_straddle,0,0.0,1003408.710592,0.0
sim_2019-02-09_2026-05-21_29c06ed80e5a,2020-10-01,put_credit_spread,1,1742.0,1003408.710592,0.001736
sim_2019-02-09_2026-05-21_29c06ed80e5a,2020-10-02,short_straddle,0,0.0,1003408.710592,0.0
sim_2019-02-09_2026-05-21_29c06ed80e5a,2020-10-02,put_credit_spread,1,1742.0,1003408.710592,0.001736
sim_2019-02-09_2026-05-21_29c06ed80e5a,2020-10-05,short_straddle,0,0.0,1003408.710592,0.0
sim_2019-02-09_2026-05-21_29c06ed80e5a,2020-10-05,put_credit_spread,1,1742.0,1003408.710592,0.001736
sim_2019-02-09_2026-05-21_29c06ed80e5a,2020-10-06,short_straddle,0,0.0,1003408.710592,0.0
sim_2019-02-09_2026-05-21_29c06ed80e5a,2020-10-06,put_credit_spread,1,1742.0,1003408.710592,0.001736
sim_2019-02-09_2026-05-21_29c06ed80e5a,2020-10-07,short_straddle,0,0.0,1003408.710592,0.0
sim_2019-02-09_2026-05-21_29c06ed80e5a,2020-10-07,put_credit_spread,1,1742.0,1003408.710592,0.001736
sim_2019-02-09_2026-05-21_29c06ed80e5a,2020-10-08,short_straddle,0,0.0,1003408.710592,0.0
sim_2019-02-09_2026-05-21_29c06ed80e5a,2020-10-08,put_credit_spread,1,1742.0,1003408.710592,0.001736
sim_2019-02-09_2026-05-21_29c06ed80e5a,2020-10-09,short_straddle,0,0.0,1003408.710592,0.0
sim_2019-02-09_2026-05-21_29c06ed80e5a,2020-10-09,put_credit_spread,1,1742.0,1003408.710592,0.001736
sim_2019-02-09_2026-05-21_29c06ed80e5a,2020-10-12,short_straddle,0,0.0,1003408.710592,0.0
sim_2019-02-09_2026-05-21_29c06ed80e5a,2020-10-12,put_credit_spread,1,1742.0,1003408.710592,0.001736
sim_2019-02-09_2026-05-21_29c06ed80e5a,2020-10-13,short_straddle,0,0.0,1003408.710592,0.0
sim_2019-02-09_2026-05-21_29c06ed80e5a,2020-10-13,put_credit_spread,1,1742.0,1003408.710592,0.001736
sim_2019-02-09_2026-05-21_29c06ed80e5a,2020-10-14,short_straddle,0,0.0,1003662.560842,0.0
sim_2019-02-09_2026-05-21_29c06ed80e5a,2020-10-14,put_credit_spread,1,1700.5,1003662.560842,0.001694
sim_2019-02-09_2026-05-21_29c06ed80e5a,2020-10-15,short_straddle,0,0.0,1003662.560842,0.0
sim_2019-02-09_2026-05-21_29c06ed80e5a,2020-10-15,put_credit_spread,1,1700.5,1003662.560842,0.001694
sim_2019-02-09_2026-05-21_29c06ed80e5a,2020-10-16,short_straddle,0,0.0,1003662.560842,0.0
sim_2019-02-09_2026-05-21_29c06ed80e5a,2020-10-16,put_credit_spread,1,1700.5,1003662.560842,0.001694
sim_2019-02-09_2026-05-21_29c06ed80e5a,2020-10-19,short_straddle,0,0.0,1003662.560842,0.0
sim_2019-02-09_2026-05-21_29c06ed80e5a,2020-10-19,put_credit_spread,1,1700.5,1003662.560842,0.001694
sim_2019-02-09_2026-05-21_29c06ed80e5a,2020-10-20,short_straddle,0,0.0,1003662.560842,0.0
sim_2019-02-09_2026-05-21_29c06ed80e5a,2020-10-20,put_credit_spread,1,1700.5,1003662.560842,0.001694
sim_2019-02-09_2026-05-21_29c06ed80e5a,2020-10-21,short_straddle,0,0.0,1003662.560842,0.0
sim_2019-02-09_2026-05-21_29c06ed80e5a,2020-10-21,put_credit_spread,1,1700.5,1003662.560842,0.001694
sim_2019-02-09_2026-05-21_29c06ed80e5a,2020-10-22,short_straddle,0,0.0,1003662.560842,0.0
sim_2019-02-09_2026-05-21_29c06ed80e5a,2020-10-22,put_credit_spread,1,1700.5,1003662.560842,0.001694
sim_2019-02-09_2026-05-21_29c06ed80e5a,2020-10-23,short_straddle,0,0.0,1003662.560842,0.0
sim_2019-02-09_2026-05-21_29c06ed80e5a,2020-10-23,put_credit_spread,1,1700.5,1003662.560842,0.001694
sim_2019-02-09_2026-05-21_29c06ed80e5a,2020-10-26,short_straddle,0,0.0,1003662.560842,0.0
sim_2019-02-09_2026-05-21_29c06ed80e5a,2020-10-26,put_credit_spread,1,1700.5,1003662.560842,0.001694
sim_2019-02-09_2026-05-21_29c06ed80e5a,2020-10-27,short_straddle,0,0.0,1003662.560842,0.0
sim_2019-02-09_2026-05-21_29c06ed80e5a,2020-10-27,put_credit_spread,1,1700.5,1003662.560842,0.001694
sim_2019-02-09_2026-05-21_29c06ed80e5a,2020-10-28,short_straddle,1,3885.700073,1003145.237092,0.003874
sim_2019-02-09_2026-05-21_29c06ed80e5a,2020-10-28,put_credit_spread,1,1700.5,1003145.237092,0.001695
sim_2019-02-09_2026-05-21_29c06ed80e5a,2020-10-29,short_straddle,1,3885.700073,1003143.752182,0.003874
sim_2019-02-09_2026-05-21_29c06ed80e5a,2020-10-29,put_credit_spread,1,1700.5,1003143.752182,0.001695
sim_2019-02-09_2026-05-21_29c06ed80e5a,2020-10-30,short_straddle,1,3885.700073,1003112.79216,0.003874
sim_2019-02-09_2026-05-21_29c06ed80e5a,2020-10-30,put_credit_spread,1,1700.5,1003112.79216,0.001695
sim_2019-02-09_2026-05-21_29c06ed80e5a,2020-11-02,short_straddle,1,3885.700073,1003145.732193,0.003874
sim_2019-02-09_2026-05-21_29c06ed80e5a,2020-11-02,put_credit_spread,1,1700.5,1003145.732193,0.001695
sim_2019-02-09_2026-05-21_29c06ed80e5a,2020-11-03,short_straddle,1,3885.700073,1003198.202072,0.003873
sim_2019-02-09_2026-05-21_29c06ed80e5a,2020-11-03,put_credit_spread,1,1700.5,1003198.202072,0.001695
sim_2019-02-09_2026-05-21_29c06ed80e5a,2020-11-04,short_straddle,1,3885.700073,1003265.79216,0.003873
sim_2019-02-09_2026-05-21_29c06ed80e5a,2020-11-04,put_credit_spread,1,1700.5,1003265.79216,0.001695
sim_2019-02-09_2026-05-21_29c06ed80e5a,2020-11-05,short_straddle,1,3885.700073,1003326.091995,0.003873
sim_2019-02-09_2026-05-21_29c06ed80e5a,2020-11-05,put_credit_spread,1,1700.5,1003326.091995,0.001695
sim_2019-02-09_2026-05-21_29c06ed80e5a,2020-11-06,short_straddle,1,3885.700073,1003325.372116,0.003873
sim_2019-02-09_2026-05-21_29c06ed80e5a,2020-11-06,put_credit_spread,1,1700.5,1003325.372116,0.001695
sim_2019-02-09_2026-05-21_29c06ed80e5a,2020-11-09,short_straddle,1,3885.700073,1003364.972061,0.003873
sim_2019-02-09_2026-05-21_29c06ed80e5a,2020-11-09,put_credit_spread,1,1700.5,1003364.972061,0.001695
sim_2019-02-09_2026-05-21_29c06ed80e5a,2020-11-10,short_straddle,1,3885.700073,1003360.29216,0.003873
sim_2019-02-09_2026-05-21_29c06ed80e5a,2020-11-10,put_credit_spread,1,1700.5,1003360.29216,0.001695
sim_2019-02-09_2026-05-21_29c06ed80e5a,2020-11-11,short_straddle,1,3885.700073,1004193.273454,0.003869
sim_2019-02-09_2026-05-21_29c06ed80e5a,2020-11-11,put_credit_spread,1,2622.5,1004193.273454,0.002612
sim_2019-02-09_2026-05-21_29c06ed80e5a,2020-11-12,short_straddle,1,3885.700073,1004162.133256,0.00387
sim_2019-02-09_2026-05-21_29c06ed80e5a,2020-11-12,put_credit_spread,1,2622.5,1004162.133256,0.002612
sim_2019-02-09_2026-05-21_29c06ed80e5a,2020-11-13,short_straddle,1,3885.700073,1004206.143388,0.003869
sim_2019-02-09_2026-05-21_29c06ed80e5a,2020-11-13,put_credit_spread,1,2622.5,1004206.143388,0.002612
sim_2019-02-09_2026-05-21_29c06ed80e5a,2020-11-16,short_straddle,1,3885.700073,1004246.373399,0.003869
sim_2019-02-09_2026-05-21_29c06ed80e5a,2020-11-16,put_credit_spread,1,2622.5,1004246.373399,0.002611
sim_2019-02-09_2026-05-21_29c06ed80e5a,2020-11-17,short_straddle,1,3885.700073,1004228.823289,0.003869
sim_2019-02-09_2026-05-21_29c06ed80e5a,2020-11-17,put_credit_spread,1,2622.5,1004228.823289,0.002611
sim_2019-02-09_2026-05-21_29c06ed80e5a,2020-11-18,short_straddle,1,3885.700073,1004189.763322,0.003869
sim_2019-02-09_2026-05-21_29c06ed80e5a,2020-11-18,put_credit_spread,1,2622.5,1004189.763322,0.002612
sim_2019-02-09_2026-05-21_29c06ed80e5a,2020-11-19,short_straddle,1,3885.700073,1004203.263322,0.003869
sim_2019-02-09_2026-05-21_29c06ed80e5a,2020-11-19,put_credit_spread,1,2622.5,1004203.263322,0.002612
sim_2019-02-09_2026-05-21_29c06ed80e5a,2020-11-20,short_straddle,1,3885.700073,1004181.213212,0.00387
sim_2019-02-09_2026-05-21_29c06ed80e5a,2020-11-20,put_credit_spread,1,2622.5,1004181.213212,0.002612
sim_2019-02-09_2026-05-21_29c06ed80e5a,2020-11-23,short_straddle,0,0.0,1004195.450936,0.0
sim_2019-02-09_2026-05-21_29c06ed80e5a,2020-11-23,put_credit_spread,1,2622.5,1004195.450936,0.002612
sim_2019-02-09_2026-05-21_29c06ed80e5a,2020-11-24,short_straddle,0,0.0,1004195.450936,0.0
sim_2019-02-09_2026-05-21_29c06ed80e5a,2020-11-24,put_credit_spread,1,2622.5,1004195.450936,0.002612
sim_2019-02-09_2026-05-21_29c06ed80e5a,2020-11-25,short_straddle,0,0.0,1004195.450936,0.0
sim_2019-02-09_2026-05-21_29c06ed80e5a,2020-11-25,put_credit_spread,1,2622.5,1004195.450936,0.002612
sim_2019-02-09_2026-05-21_29c06ed80e5a,2020-11-27,short_straddle,0,0.0,1004195.450936,0.0
sim_2019-02-09_2026-05-21_29c06ed80e5a,2020-11-27,put_credit_spread,1,2622.5,1004195.450936,0.002612
sim_2019-02-09_2026-05-21_29c06ed80e5a,2020-11-30,short_straddle,0,0.0,1004195.450936,0.0
sim_2019-02-09_2026-05-21_29c06ed80e5a,2020-11-30,put_credit_spread,1,2622.5,1004195.450936,0.002612
sim_2019-02-09_2026-05-21_29c06ed80e5a,2020-12-01,short_straddle,0,0.0,1004195.450936,0.0
sim_2019-02-09_2026-05-21_29c06ed80e5a,2020-12-01,put_credit_spread,1,2622.5,1004195.450936,0.002612
sim_2019-02-09_2026-05-21_29c06ed80e5a,2020-12-02,short_straddle,0,0.0,1004195.450936,0.0
sim_2019-02-09_2026-05-21_29c06ed80e5a,2020-12-02,put_credit_spread,1,2622.5,1004195.450936,0.002612
sim_2019-02-09_2026-05-21_29c06ed80e5a,2020-12-03,short_straddle,0,0.0,1004195.450936,0.0
sim_2019-02-09_2026-05-21_29c06ed80e5a,2020-12-03,put_credit_spread,1,2622.5,1004195.450936,0.002612
sim_2019-02-09_2026-05-21_29c06ed80e5a,2020-12-04,short_straddle,0,0.0,1004195.450936,0.0
sim_2019-02-09_2026-05-21_29c06ed80e5a,2020-12-04,put_credit_spread,1,2622.5,1004195.450936,0.002612
sim_2019-02-09_2026-05-21_29c06ed80e5a,2020-12-07,short_straddle,0,0.0,1004195.450936,0.0
sim_2019-02-09_2026-05-21_29c06ed80e5a,2020-12-07,put_credit_spread,1,2622.5,1004195.450936,0.002612
sim_2019-02-09_2026-05-21_29c06ed80e5a,2020-12-08,short_straddle,0,0.0,1004195.450936,0.0
sim_2019-02-09_2026-05-21_29c06ed80e5a,2020-12-08,put_credit_spread,1,2622.5,1004195.450936,0.002612
sim_2019-02-09_2026-05-21_29c06ed80e5a,2020-12-09,short_straddle,0,0.0,1004568.847936,0.0
sim_2019-02-09_2026-05-21_29c06ed80e5a,2020-12-09,put_credit_spread,1,1794.0,1004568.847936,0.001786
sim_2019-02-09_2026-05-21_29c06ed80e5a,2020-12-10,short_straddle,0,0.0,1004568.847936,0.0
sim_2019-02-09_2026-05-21_29c06ed80e5a,2020-12-10,put_credit_spread,1,1794.0,1004568.847936,0.001786
sim_2019-02-09_2026-05-21_29c06ed80e5a,2020-12-11,short_straddle,0,0.0,1004568.847936,0.0
sim_2019-02-09_2026-05-21_29c06ed80e5a,2020-12-11,put_credit_spread,1,1794.0,1004568.847936,0.001786
sim_2019-02-09_2026-05-21_29c06ed80e5a,2020-12-14,short_straddle,0,0.0,1004568.847936,0.0
sim_2019-02-09_2026-05-21_29c06ed80e5a,2020-12-14,put_credit_spread,1,1794.0,1004568.847936,0.001786
sim_2019-02-09_2026-05-21_29c06ed80e5a,2020-12-15,short_straddle,0,0.0,1004568.847936,0.0
sim_2019-02-09_2026-05-21_29c06ed80e5a,2020-12-15,put_credit_spread,1,1794.0,1004568.847936,0.001786
sim_2019-02-09_2026-05-21_29c06ed80e5a,2020-12-16,short_straddle,0,0.0,1004568.847936,0.0
sim_2019-02-09_2026-05-21_29c06ed80e5a,2020-12-16,put_credit_spread,1,1794.0,1004568.847936,0.001786
sim_2019-02-09_2026-05-21_29c06ed80e5a,2020-12-17,short_straddle,0,0.0,1004568.847936,0.0
sim_2019-02-09_2026-05-21_29c06ed80e5a,2020-12-17,put_credit_spread,1,1794.0,1004568.847936,0.001786
sim_2019-02-09_2026-05-21_29c06ed80e5a,2020-12-18,short_straddle,0,0.0,1004568.847936,0.0
sim_2019-02-09_2026-05-21_29c06ed80e5a,2020-12-18,put_credit_spread,1,1794.0,1004568.847936,0.001786
sim_2019-02-09_2026-05-21_29c06ed80e5a,2020-12-21,short_straddle,0,0.0,1004568.847936,0.0
sim_2019-02-09_2026-05-21_29c06ed80e5a,2020-12-21,put_credit_spread,1,1794.0,1004568.847936,0.001786
sim_2019-02-09_2026-05-21_29c06ed80e5a,2020-12-22,short_straddle,0,0.0,1004568.847936,0.0
sim_2019-02-09_2026-05-21_29c06ed80e5a,2020-12-22,put_credit_spread,1,1794.0,1004568.847936,0.001786
sim_2019-02-09_2026-05-21_29c06ed80e5a,2020-12-23,short_straddle,0,0.0,1004491.347936,0.0
sim_2019-02-09_2026-05-21_29c06ed80e5a,2020-12-23,put_credit_spread,1,1794.0,1004491.347936,0.001786
sim_2019-02-09_2026-05-21_29c06ed80e5a,2020-12-24,short_straddle,0,0.0,1004491.347936,0.0
sim_2019-02-09_2026-05-21_29c06ed80e5a,2020-12-24,put_credit_spread,1,1794.0,1004491.347936,0.001786
sim_2019-02-09_2026-05-21_29c06ed80e5a,2020-12-28,short_straddle,0,0.0,1004491.347936,0.0
sim_2019-02-09_2026-05-21_29c06ed80e5a,2020-12-28,put_credit_spread,1,1794.0,1004491.347936,0.001786
sim_2019-02-09_2026-05-21_29c06ed80e5a,2020-12-29,short_straddle,0,0.0,1004491.347936,0.0
sim_2019-02-09_2026-05-21_29c06ed80e5a,2020-12-29,put_credit_spread,1,1794.0,1004491.347936,0.001786
sim_2019-02-09_2026-05-21_29c06ed80e5a,2020-12-30,short_straddle,0,0.0,1004491.347936,0.0
sim_2019-02-09_2026-05-21_29c06ed80e5a,2020-12-30,put_credit_spread,1,1794.0,1004491.347936,0.001786
sim_2019-02-09_2026-05-21_29c06ed80e5a,2020-12-31,short_straddle,0,0.0,1004491.347936,0.0
sim_2019-02-09_2026-05-21_29c06ed80e5a,2020-12-31,put_credit_spread,1,1794.0,1004491.347936,0.001786
sim_2019-02-09_2026-05-21_29c06ed80e5a,2021-01-04,short_straddle,0,0.0,1004491.347936,0.0
sim_2019-02-09_2026-05-21_29c06ed80e5a,2021-01-04,put_credit_spread,1,1794.0,1004491.347936,0.001786
sim_2019-02-09_2026-05-21_29c06ed80e5a,2021-01-05,short_straddle,0,0.0,1004491.347936,0.0
sim_2019-02-09_2026-05-21_29c06ed80e5a,2021-01-05,put_credit_spread,1,1794.0,1004491.347936,0.001786
sim_2019-02-09_2026-05-21_29c06ed80e5a,2021-01-06,short_straddle,0,0.0,1004770.653436,0.0
sim_2019-02-09_2026-05-21_29c06ed80e5a,2021-01-06,put_credit_spread,1,2611.0,1004770.653436,0.002599
sim_2019-02-09_2026-05-21_29c06ed80e5a,2021-01-07,short_straddle,0,0.0,1004770.653436,0.0
sim_2019-02-09_2026-05-21_29c06ed80e5a,2021-01-07,put_credit_spread,1,2611.0,1004770.653436,0.002599
sim_2019-02-09_2026-05-21_29c06ed80e5a,2021-01-08,short_straddle,0,0.0,1004770.653436,0.0
sim_2019-02-09_2026-05-21_29c06ed80e5a,2021-01-08,put_credit_spread,1,2611.0,1004770.653436,0.002599
sim_2019-02-09_2026-05-21_29c06ed80e5a,2021-01-11,short_straddle,0,0.0,1004770.653436,0.0
sim_2019-02-09_2026-05-21_29c06ed80e5a,2021-01-11,put_credit_spread,1,2611.0,1004770.653436,0.002599
sim_2019-02-09_2026-05-21_29c06ed80e5a,2021-01-12,short_straddle,0,0.0,1004770.653436,0.0
sim_2019-02-09_2026-05-21_29c06ed80e5a,2021-01-12,put_credit_spread,1,2611.0,1004770.653436,0.002599
sim_2019-02-09_2026-05-21_29c06ed80e5a,2021-01-13,short_straddle,0,0.0,1004770.653436,0.0
sim_2019-02-09_2026-05-21_29c06ed80e5a,2021-01-13,put_credit_spread,1,2611.0,1004770.653436,0.002599
sim_2019-02-09_2026-05-21_29c06ed80e5a,2021-01-14,short_straddle,0,0.0,1004770.653436,0.0
sim_2019-02-09_2026-05-21_29c06ed80e5a,2021-01-14,put_credit_spread,1,2611.0,1004770.653436,0.002599
sim_2019-02-09_2026-05-21_29c06ed80e5a,2021-01-15,short_straddle,0,0.0,1004770.653436,0.0
sim_2019-02-09_2026-05-21_29c06ed80e5a,2021-01-15,put_credit_spread,1,2611.0,1004770.653436,0.002599
sim_2019-02-09_2026-05-21_29c06ed80e5a,2021-01-19,short_straddle,0,0.0,1004770.653436,0.0
sim_2019-02-09_2026-05-21_29c06ed80e5a,2021-01-19,put_credit_spread,1,2611.0,1004770.653436,0.002599
sim_2019-02-09_2026-05-21_29c06ed80e5a,2021-01-20,short_straddle,0,0.0,1004636.153436,0.0
sim_2019-02-09_2026-05-21_29c06ed80e5a,2021-01-20,put_credit_spread,1,2611.0,1004636.153436,0.002599
sim_2019-02-09_2026-05-21_29c06ed80e5a,2021-01-21,short_straddle,0,0.0,1004636.153436,0.0
sim_2019-02-09_2026-05-21_29c06ed80e5a,2021-01-21,put_credit_spread,1,2611.0,1004636.153436,0.002599
sim_2019-02-09_2026-05-21_29c06ed80e5a,2021-01-22,short_straddle,0,0.0,1004636.153436,0.0
sim_2019-02-09_2026-05-21_29c06ed80e5a,2021-01-22,put_credit_spread,1,2611.0,1004636.153436,0.002599
sim_2019-02-09_2026-05-21_29c06ed80e5a,2021-01-25,short_straddle,0,0.0,1004636.153436,0.0
sim_2019-02-09_2026-05-21_29c06ed80e5a,2021-01-25,put_credit_spread,1,2611.0,1004636.153436,0.002599
sim_2019-02-09_2026-05-21_29c06ed80e5a,2021-01-26,short_straddle,0,0.0,1004636.153436,0.0
sim_2019-02-09_2026-05-21_29c06ed80e5a,2021-01-26,put_credit_spread,1,2611.0,1004636.153436,0.002599
sim_2019-02-09_2026-05-21_29c06ed80e5a,2021-01-27,short_straddle,0,0.0,1004636.153436,0.0
sim_2019-02-09_2026-05-21_29c06ed80e5a,2021-01-27,put_credit_spread,1,2611.0,1004636.153436,0.002599
sim_2019-02-09_2026-05-21_29c06ed80e5a,2021-01-28,short_straddle,0,0.0,1004636.153436,0.0
sim_2019-02-09_2026-05-21_29c06ed80e5a,2021-01-28,put_credit_spread,1,2611.0,1004636.153436,0.002599
sim_2019-02-09_2026-05-21_29c06ed80e5a,2021-01-29,short_straddle,0,0.0,1004636.153436,0.0
sim_2019-02-09_2026-05-21_29c06ed80e5a,2021-01-29,put_credit_spread,1,2611.0,1004636.153436,0.002599
sim_2019-02-09_2026-05-21_29c06ed80e5a,2021-02-01,short_straddle,0,0.0,1004636.153436,0.0
sim_2019-02-09_2026-05-21_29c06ed80e5a,2021-02-01,put_credit_spread,1,2611.0,1004636.153436,0.002599
sim_2019-02-09_2026-05-21_29c06ed80e5a,2021-02-02,short_straddle,0,0.0,1004636.153436,0.0
sim_2019-02-09_2026-05-21_29c06ed80e5a,2021-02-02,put_credit_spread,1,2611.0,1004636.153436,0.002599
sim_2019-02-09_2026-05-21_29c06ed80e5a,2021-02-03,short_straddle,0,0.0,1005155.479686,0.0
sim_2019-02-09_2026-05-21_29c06ed80e5a,2021-02-03,put_credit_spread,1,2652.5,1005155.479686,0.002639
sim_2019-02-09_2026-05-21_29c06ed80e5a,2021-02-04,short_straddle,0,0.0,1005155.479686,0.0
sim_2019-02-09_2026-05-21_29c06ed80e5a,2021-02-04,put_credit_spread,1,2652.5,1005155.479686,0.002639
sim_2019-02-09_2026-05-21_29c06ed80e5a,2021-02-05,short_straddle,0,0.0,1005155.479686,0.0
sim_2019-02-09_2026-05-21_29c06ed80e5a,2021-02-05,put_credit_spread,1,2652.5,1005155.479686,0.002639
sim_2019-02-09_2026-05-21_29c06ed80e5a,2021-02-08,short_straddle,0,0.0,1005155.479686,0.0
sim_2019-02-09_2026-05-21_29c06ed80e5a,2021-02-08,put_credit_spread,1,2652.5,1005155.479686,0.002639
sim_2019-02-09_2026-05-21_29c06ed80e5a,2021-02-09,short_straddle,0,0.0,1005155.479686,0.0
sim_2019-02-09_2026-05-21_29c06ed80e5a,2021-02-09,put_credit_spread,1,2652.5,1005155.479686,0.002639
sim_2019-02-09_2026-05-21_29c06ed80e5a,2021-02-10,short_straddle,0,0.0,1005155.479686,0.0
sim_2019-02-09_2026-05-21_29c06ed80e5a,2021-02-10,put_credit_spread,1,2652.5,1005155.479686,0.002639
sim_2019-02-09_2026-05-21_29c06ed80e5a,2021-02-11,short_straddle,0,0.0,1005155.479686,0.0
sim_2019-02-09_2026-05-21_29c06ed80e5a,2021-02-11,put_credit_spread,1,2652.5,1005155.479686,0.002639
sim_2019-02-09_2026-05-21_29c06ed80e5a,2021-02-12,short_straddle,0,0.0,1005155.479686,0.0
sim_2019-02-09_2026-05-21_29c06ed80e5a,2021-02-12,put_credit_spread,1,2652.5,1005155.479686,0.002639
sim_2019-02-09_2026-05-21_29c06ed80e5a,2021-02-16,short_straddle,0,0.0,1005155.479686,0.0
sim_2019-02-09_2026-05-21_29c06ed80e5a,2021-02-16,put_credit_spread,1,2652.5,1005155.479686,0.002639
sim_2019-02-09_2026-05-21_29c06ed80e5a,2021-02-17,short_straddle,0,0.0,1005155.479686,0.0
sim_2019-02-09_2026-05-21_29c06ed80e5a,2021-02-17,put_credit_spread,1,2652.5,1005155.479686,0.002639
sim_2019-02-09_2026-05-21_29c06ed80e5a,2021-02-18,short_straddle,0,0.0,1005155.479686,0.0
sim_2019-02-09_2026-05-21_29c06ed80e5a,2021-02-18,put_credit_spread,1,2652.5,1005155.479686,0.002639
sim_2019-02-09_2026-05-21_29c06ed80e5a,2021-02-19,short_straddle,0,0.0,1005155.479686,0.0
sim_2019-02-09_2026-05-21_29c06ed80e5a,2021-02-19,put_credit_spread,1,2652.5,1005155.479686,0.002639
sim_2019-02-09_2026-05-21_29c06ed80e5a,2021-02-22,short_straddle,0,0.0,1005155.479686,0.0
sim_2019-02-09_2026-05-21_29c06ed80e5a,2021-02-22,put_credit_spread,1,2652.5,1005155.479686,0.002639
sim_2019-02-09_2026-05-21_29c06ed80e5a,2021-02-23,short_straddle,0,0.0,1005155.479686,0.0
sim_2019-02-09_2026-05-21_29c06ed80e5a,2021-02-23,put_credit_spread,1,2652.5,1005155.479686,0.002639
sim_2019-02-09_2026-05-21_29c06ed80e5a,2021-02-24,short_straddle,0,0.0,1005155.479686,0.0
sim_2019-02-09_2026-05-21_29c06ed80e5a,2021-02-24,put_credit_spread,1,2652.5,1005155.479686,0.002639
sim_2019-02-09_2026-05-21_29c06ed80e5a,2021-02-25,short_straddle,0,0.0,1005155.479686,0.0
sim_2019-02-09_2026-05-21_29c06ed80e5a,2021-02-25,put_credit_spread,1,2652.5,1005155.479686,0.002639
sim_2019-02-09_2026-05-21_29c06ed80e5a,2021-02-26,short_straddle,0,0.0,1005155.479686,0.0
sim_2019-02-09_2026-05-21_29c06ed80e5a,2021-02-26,put_credit_spread,1,2652.5,1005155.479686,0.002639
sim_2019-02-09_2026-05-21_29c06ed80e5a,2021-03-01,short_straddle,0,0.0,1005155.479686,0.0
sim_2019-02-09_2026-05-21_29c06ed80e5a,2021-03-01,put_credit_spread,1,2652.5,1005155.479686,0.002639
sim_2019-02-09_2026-05-21_29c06ed80e5a,2021-03-02,short_straddle,0,0.0,1005155.479686,0.0
sim_2019-02-09_2026-05-21_29c06ed80e5a,2021-03-02,put_credit_spread,1,2652.5,1005155.479686,0.002639
sim_2019-02-09_2026-05-21_29c06ed80e5a,2021-03-03,short_straddle,0,0.0,1005498.797186,0.0
sim_2019-02-09_2026-05-21_29c06ed80e5a,2021-03-03,put_credit_spread,1,2835.0,1005498.797186,0.002819
sim_2019-02-09_2026-05-21_29c06ed80e5a,2021-03-04,short_straddle,0,0.0,1005498.797186,0.0
sim_2019-02-09_2026-05-21_29c06ed80e5a,2021-03-04,put_credit_spread,1,2835.0,1005498.797186,0.002819
sim_2019-02-09_2026-05-21_29c06ed80e5a,2021-03-05,short_straddle,0,0.0,1005498.797186,0.0
sim_2019-02-09_2026-05-21_29c06ed80e5a,2021-03-05,put_credit_spread,1,2835.0,1005498.797186,0.002819
sim_2019-02-09_2026-05-21_29c06ed80e5a,2021-03-08,short_straddle,0,0.0,1005498.797186,0.0
sim_2019-02-09_2026-05-21_29c06ed80e5a,2021-03-08,put_credit_spread,1,2835.0,1005498.797186,0.002819
sim_2019-02-09_2026-05-21_29c06ed80e5a,2021-03-09,short_straddle,0,0.0,1005498.797186,0.0
sim_2019-02-09_2026-05-21_29c06ed80e5a,2021-03-09,put_credit_spread,1,2835.0,1005498.797186,0.002819
sim_2019-02-09_2026-05-21_29c06ed80e5a,2021-03-10,short_straddle,0,0.0,1005498.797186,0.0
sim_2019-02-09_2026-05-21_29c06ed80e5a,2021-03-10,put_credit_spread,1,2835.0,1005498.797186,0.002819
sim_2019-02-09_2026-05-21_29c06ed80e5a,2021-03-11,short_straddle,0,0.0,1005498.797186,0.0
sim_2019-02-09_2026-05-21_29c06ed80e5a,2021-03-11,put_credit_spread,1,2835.0,1005498.797186,0.002819
sim_2019-02-09_2026-05-21_29c06ed80e5a,2021-03-12,short_straddle,0,0.0,1005498.797186,0.0
sim_2019-02-09_2026-05-21_29c06ed80e5a,2021-03-12,put_credit_spread,1,2835.0,1005498.797186,0.002819
sim_2019-02-09_2026-05-21_29c06ed80e5a,2021-03-15,short_straddle,0,0.0,1005498.797186,0.0
sim_2019-02-09_2026-05-21_29c06ed80e5a,2021-03-15,put_credit_spread,1,2835.0,1005498.797186,0.002819
sim_2019-02-09_2026-05-21_29c06ed80e5a,2021-03-16,short_straddle,0,0.0,1005498.797186,0.0
sim_2019-02-09_2026-05-21_29c06ed80e5a,2021-03-16,put_credit_spread,1,2835.0,1005498.797186,0.002819
sim_2019-02-09_2026-05-21_29c06ed80e5a,2021-03-17,short_straddle,0,0.0,1005498.797186,0.0
sim_2019-02-09_2026-05-21_29c06ed80e5a,2021-03-17,put_credit_spread,1,2835.0,1005498.797186,0.002819
sim_2019-02-09_2026-05-21_29c06ed80e5a,2021-03-18,short_straddle,0,0.0,1005498.797186,0.0
sim_2019-02-09_2026-05-21_29c06ed80e5a,2021-03-18,put_credit_spread,1,2835.0,1005498.797186,0.002819
sim_2019-02-09_2026-05-21_29c06ed80e5a,2021-03-19,short_straddle,0,0.0,1005498.797186,0.0
sim_2019-02-09_2026-05-21_29c06ed80e5a,2021-03-19,put_credit_spread,1,2835.0,1005498.797186,0.002819
sim_2019-02-09_2026-05-21_29c06ed80e5a,2021-03-22,short_straddle,0,0.0,1005498.797186,0.0
sim_2019-02-09_2026-05-21_29c06ed80e5a,2021-03-22,put_credit_spread,1,2835.0,1005498.797186,0.002819
sim_2019-02-09_2026-05-21_29c06ed80e5a,2021-03-23,short_straddle,0,0.0,1005498.797186,0.0
sim_2019-02-09_2026-05-21_29c06ed80e5a,2021-03-23,put_credit_spread,1,2835.0,1005498.797186,0.002819
sim_2019-02-09_2026-05-21_29c06ed80e5a,2021-03-24,short_straddle,0,0.0,1005498.797186,0.0
sim_2019-02-09_2026-05-21_29c06ed80e5a,2021-03-24,put_credit_spread,1,2835.0,1005498.797186,0.002819
sim_2019-02-09_2026-05-21_29c06ed80e5a,2021-03-25,short_straddle,0,0.0,1005498.797186,0.0
sim_2019-02-09_2026-05-21_29c06ed80e5a,2021-03-25,put_credit_spread,1,2835.0,1005498.797186,0.002819
sim_2019-02-09_2026-05-21_29c06ed80e5a,2021-03-26,short_straddle,0,0.0,1005498.797186,0.0
sim_2019-02-09_2026-05-21_29c06ed80e5a,2021-03-26,put_credit_spread,1,2835.0,1005498.797186,0.002819
sim_2019-02-09_2026-05-21_29c06ed80e5a,2021-03-29,short_straddle,0,0.0,1005498.797186,0.0
sim_2019-02-09_2026-05-21_29c06ed80e5a,2021-03-29,put_credit_spread,1,2835.0,1005498.797186,0.002819
sim_2019-02-09_2026-05-21_29c06ed80e5a,2021-03-30,short_straddle,0,0.0,1005498.797186,0.0
sim_2019-02-09_2026-05-21_29c06ed80e5a,2021-03-30,put_credit_spread,1,2835.0,1005498.797186,0.002819
sim_2019-02-09_2026-05-21_29c06ed80e5a,2021-03-31,short_straddle,0,0.0,1005859.726436,0.0
sim_2019-02-09_2026-05-21_29c06ed80e5a,2021-03-31,put_credit_spread,1,1358.5,1005859.726436,0.001351
sim_2019-02-09_2026-05-21_29c06ed80e5a,2021-04-01,short_straddle,0,0.0,1005859.726436,0.0
sim_2019-02-09_2026-05-21_29c06ed80e5a,2021-04-01,put_credit_spread,1,1358.5,1005859.726436,0.001351
sim_2019-02-09_2026-05-21_29c06ed80e5a,2021-04-05,short_straddle,0,0.0,1005859.726436,0.0
sim_2019-02-09_2026-05-21_29c06ed80e5a,2021-04-05,put_credit_spread,1,1358.5,1005859.726436,0.001351
sim_2019-02-09_2026-05-21_29c06ed80e5a,2021-04-06,short_straddle,0,0.0,1005859.726436,0.0
sim_2019-02-09_2026-05-21_29c06ed80e5a,2021-04-06,put_credit_spread,1,1358.5,1005859.726436,0.001351
sim_2019-02-09_2026-05-21_29c06ed80e5a,2021-04-07,short_straddle,0,0.0,1005859.726436,0.0
sim_2019-02-09_2026-05-21_29c06ed80e5a,2021-04-07,put_credit_spread,1,1358.5,1005859.726436,0.001351
sim_2019-02-09_2026-05-21_29c06ed80e5a,2021-04-08,short_straddle,0,0.0,1005859.726436,0.0
sim_2019-02-09_2026-05-21_29c06ed80e5a,2021-04-08,put_credit_spread,1,1358.5,1005859.726436,0.001351
sim_2019-02-09_2026-05-21_29c06ed80e5a,2021-04-09,short_straddle,0,0.0,1005859.726436,0.0
sim_2019-02-09_2026-05-21_29c06ed80e5a,2021-04-09,put_credit_spread,1,1358.5,1005859.726436,0.001351
sim_2019-02-09_2026-05-21_29c06ed80e5a,2021-04-12,short_straddle,0,0.0,1005859.726436,0.0
sim_2019-02-09_2026-05-21_29c06ed80e5a,2021-04-12,put_credit_spread,1,1358.5,1005859.726436,0.001351
sim_2019-02-09_2026-05-21_29c06ed80e5a,2021-04-13,short_straddle,0,0.0,1005859.726436,0.0
sim_2019-02-09_2026-05-21_29c06ed80e5a,2021-04-13,put_credit_spread,1,1358.5,1005859.726436,0.001351
sim_2019-02-09_2026-05-21_29c06ed80e5a,2021-04-14,short_straddle,0,0.0,1005859.726436,0.0
sim_2019-02-09_2026-05-21_29c06ed80e5a,2021-04-14,put_credit_spread,1,1358.5,1005859.726436,0.001351
sim_2019-02-09_2026-05-21_29c06ed80e5a,2021-04-15,short_straddle,0,0.0,1005859.726436,0.0
sim_2019-02-09_2026-05-21_29c06ed80e5a,2021-04-15,put_credit_spread,1,1358.5,1005859.726436,0.001351
sim_2019-02-09_2026-05-21_29c06ed80e5a,2021-04-16,short_straddle,0,0.0,1005859.726436,0.0
sim_2019-02-09_2026-05-21_29c06ed80e5a,2021-04-16,put_credit_spread,1,1358.5,1005859.726436,0.001351
sim_2019-02-09_2026-05-21_29c06ed80e5a,2021-04-19,short_straddle,0,0.0,1005859.726436,0.0
sim_2019-02-09_2026-05-21_29c06ed80e5a,2021-04-19,put_credit_spread,1,1358.5,1005859.726436,0.001351
sim_2019-02-09_2026-05-21_29c06ed80e5a,2021-04-20,short_straddle,0,0.0,1005859.726436,0.0
sim_2019-02-09_2026-05-21_29c06ed80e5a,2021-04-20,put_credit_spread,1,1358.5,1005859.726436,0.001351
sim_2019-02-09_2026-05-21_29c06ed80e5a,2021-04-21,short_straddle,0,0.0,1005859.726436,0.0
sim_2019-02-09_2026-05-21_29c06ed80e5a,2021-04-21,put_credit_spread,1,1358.5,1005859.726436,0.001351
sim_2019-02-09_2026-05-21_29c06ed80e5a,2021-04-22,short_straddle,0,0.0,1005859.726436,0.0
sim_2019-02-09_2026-05-21_29c06ed80e5a,2021-04-22,put_credit_spread,1,1358.5,1005859.726436,0.001351
sim_2019-02-09_2026-05-21_29c06ed80e5a,2021-04-23,short_straddle,0,0.0,1005859.726436,0.0
sim_2019-02-09_2026-05-21_29c06ed80e5a,2021-04-23,put_credit_spread,1,1358.5,1005859.726436,0.001351
sim_2019-02-09_2026-05-21_29c06ed80e5a,2021-04-26,short_straddle,0,0.0,1005859.726436,0.0
sim_2019-02-09_2026-05-21_29c06ed80e5a,2021-04-26,put_credit_spread,1,1358.5,1005859.726436,0.001351
sim_2019-02-09_2026-05-21_29c06ed80e5a,2021-04-27,short_straddle,0,0.0,1005859.726436,0.0
sim_2019-02-09_2026-05-21_29c06ed80e5a,2021-04-27,put_credit_spread,1,1358.5,1005859.726436,0.001351
sim_2019-02-09_2026-05-21_29c06ed80e5a,2021-04-28,short_straddle,0,0.0,1005997.079686,0.0
sim_2019-02-09_2026-05-21_29c06ed80e5a,2021-04-28,put_credit_spread,1,2206.5,1005997.079686,0.002193
sim_2019-02-09_2026-05-21_29c06ed80e5a,2021-04-29,short_straddle,0,0.0,1005997.079686,0.0
sim_2019-02-09_2026-05-21_29c06ed80e5a,2021-04-29,put_credit_spread,1,2206.5,1005997.079686,0.002193
sim_2019-02-09_2026-05-21_29c06ed80e5a,2021-04-30,short_straddle,0,0.0,1005997.079686,0.0
sim_2019-02-09_2026-05-21_29c06ed80e5a,2021-04-30,put_credit_spread,1,2206.5,1005997.079686,0.002193
sim_2019-02-09_2026-05-21_29c06ed80e5a,2021-05-03,short_straddle,0,0.0,1005997.079686,0.0
sim_2019-02-09_2026-05-21_29c06ed80e5a,2021-05-03,put_credit_spread,1,2206.5,1005997.079686,0.002193
sim_2019-02-09_2026-05-21_29c06ed80e5a,2021-05-04,short_straddle,0,0.0,1005997.079686,0.0
sim_2019-02-09_2026-05-21_29c06ed80e5a,2021-05-04,put_credit_spread,1,2206.5,1005997.079686,0.002193
sim_2019-02-09_2026-05-21_29c06ed80e5a,2021-05-05,short_straddle,0,0.0,1005997.079686,0.0
sim_2019-02-09_2026-05-21_29c06ed80e5a,2021-05-05,put_credit_spread,1,2206.5,1005997.079686,0.002193
sim_2019-02-09_2026-05-21_29c06ed80e5a,2021-05-06,short_straddle,0,0.0,1005997.079686,0.0
sim_2019-02-09_2026-05-21_29c06ed80e5a,2021-05-06,put_credit_spread,1,2206.5,1005997.079686,0.002193
sim_2019-02-09_2026-05-21_29c06ed80e5a,2021-05-07,short_straddle,0,0.0,1005997.079686,0.0
sim_2019-02-09_2026-05-21_29c06ed80e5a,2021-05-07,put_credit_spread,1,2206.5,1005997.079686,0.002193
sim_2019-02-09_2026-05-21_29c06ed80e5a,2021-05-10,short_straddle,0,0.0,1005997.079686,0.0
sim_2019-02-09_2026-05-21_29c06ed80e5a,2021-05-10,put_credit_spread,1,2206.5,1005997.079686,0.002193
sim_2019-02-09_2026-05-21_29c06ed80e5a,2021-05-11,short_straddle,0,0.0,1005997.079686,0.0
sim_2019-02-09_2026-05-21_29c06ed80e5a,2021-05-11,put_credit_spread,1,2206.5,1005997.079686,0.002193
sim_2019-02-09_2026-05-21_29c06ed80e5a,2021-05-12,short_straddle,0,0.0,1005997.079686,0.0
sim_2019-02-09_2026-05-21_29c06ed80e5a,2021-05-12,put_credit_spread,1,2206.5,1005997.079686,0.002193
sim_2019-02-09_2026-05-21_29c06ed80e5a,2021-05-13,short_straddle,0,0.0,1005997.079686,0.0
sim_2019-02-09_2026-05-21_29c06ed80e5a,2021-05-13,put_credit_spread,1,2206.5,1005997.079686,0.002193
sim_2019-02-09_2026-05-21_29c06ed80e5a,2021-05-14,short_straddle,0,0.0,1005997.079686,0.0
sim_2019-02-09_2026-05-21_29c06ed80e5a,2021-05-14,put_credit_spread,1,2206.5,1005997.079686,0.002193
sim_2019-02-09_2026-05-21_29c06ed80e5a,2021-05-17,short_straddle,0,0.0,1005997.079686,0.0
sim_2019-02-09_2026-05-21_29c06ed80e5a,2021-05-17,put_credit_spread,1,2206.5,1005997.079686,0.002193
sim_2019-02-09_2026-05-21_29c06ed80e5a,2021-05-18,short_straddle,0,0.0,1005997.079686,0.0
sim_2019-02-09_2026-05-21_29c06ed80e5a,2021-05-18,put_credit_spread,1,2206.5,1005997.079686,0.002193
sim_2019-02-09_2026-05-21_29c06ed80e5a,2021-05-19,short_straddle,0,0.0,1005997.079686,0.0
sim_2019-02-09_2026-05-21_29c06ed80e5a,2021-05-19,put_credit_spread,1,2206.5,1005997.079686,0.002193
sim_2019-02-09_2026-05-21_29c06ed80e5a,2021-05-20,short_straddle,0,0.0,1005997.079686,0.0
sim_2019-02-09_2026-05-21_29c06ed80e5a,2021-05-20,put_credit_spread,1,2206.5,1005997.079686,0.002193
sim_2019-02-09_2026-05-21_29c06ed80e5a,2021-05-21,short_straddle,0,0.0,1005997.079686,0.0
sim_2019-02-09_2026-05-21_29c06ed80e5a,2021-05-21,put_credit_spread,1,2206.5,1005997.079686,0.002193
sim_2019-02-09_2026-05-21_29c06ed80e5a,2021-05-24,short_straddle,0,0.0,1005997.079686,0.0
sim_2019-02-09_2026-05-21_29c06ed80e5a,2021-05-24,put_credit_spread,1,2206.5,1005997.079686,0.002193
sim_2019-02-09_2026-05-21_29c06ed80e5a,2021-05-25,short_straddle,0,0.0,1005997.079686,0.0
sim_2019-02-09_2026-05-21_29c06ed80e5a,2021-05-25,put_credit_spread,1,2206.5,1005997.079686,0.002193
sim_2019-02-09_2026-05-21_29c06ed80e5a,2021-05-26,short_straddle,0,0.0,1006288.579686,0.0
sim_2019-02-09_2026-05-21_29c06ed80e5a,2021-05-26,put_credit_spread,0,0.0,1006288.579686,0.0
sim_2019-02-09_2026-05-21_29c06ed80e5a,2021-05-27,short_straddle,0,0.0,1006286.459436,0.0
sim_2019-02-09_2026-05-21_29c06ed80e5a,2021-05-27,put_credit_spread,1,2259.5,1006286.459436,0.002245
sim_2019-02-09_2026-05-21_29c06ed80e5a,2021-05-28,short_straddle,0,0.0,1006286.459436,0.0
sim_2019-02-09_2026-05-21_29c06ed80e5a,2021-05-28,put_credit_spread,1,2259.5,1006286.459436,0.002245
sim_2019-02-09_2026-05-21_29c06ed80e5a,2021-06-01,short_straddle,0,0.0,1006286.459436,0.0
sim_2019-02-09_2026-05-21_29c06ed80e5a,2021-06-01,put_credit_spread,1,2259.5,1006286.459436,0.002245
sim_2019-02-09_2026-05-21_29c06ed80e5a,2021-06-02,short_straddle,0,0.0,1006286.459436,0.0
sim_2019-02-09_2026-05-21_29c06ed80e5a,2021-06-02,put_credit_spread,1,2259.5,1006286.459436,0.002245
sim_2019-02-09_2026-05-21_29c06ed80e5a,2021-06-03,short_straddle,0,0.0,1006286.459436,0.0
sim_2019-02-09_2026-05-21_29c06ed80e5a,2021-06-03,put_credit_spread,1,2259.5,1006286.459436,0.002245
sim_2019-02-09_2026-05-21_29c06ed80e5a,2021-06-04,short_straddle,0,0.0,1006286.459436,0.0
sim_2019-02-09_2026-05-21_29c06ed80e5a,2021-06-04,put_credit_spread,1,2259.5,1006286.459436,0.002245
sim_2019-02-09_2026-05-21_29c06ed80e5a,2021-06-07,short_straddle,0,0.0,1006286.459436,0.0
sim_2019-02-09_2026-05-21_29c06ed80e5a,2021-06-07,put_credit_spread,1,2259.5,1006286.459436,0.002245
sim_2019-02-09_2026-05-21_29c06ed80e5a,2021-06-08,short_straddle,0,0.0,1006286.459436,0.0
sim_2019-02-09_2026-05-21_29c06ed80e5a,2021-06-08,put_credit_spread,1,2259.5,1006286.459436,0.002245
sim_2019-02-09_2026-05-21_29c06ed80e5a,2021-06-09,short_straddle,0,0.0,1006286.459436,0.0
sim_2019-02-09_2026-05-21_29c06ed80e5a,2021-06-09,put_credit_spread,1,2259.5,1006286.459436,0.002245
sim_2019-02-09_2026-05-21_29c06ed80e5a,2021-06-10,short_straddle,0,0.0,1006286.459436,0.0
sim_2019-02-09_2026-05-21_29c06ed80e5a,2021-06-10,put_credit_spread,1,2259.5,1006286.459436,0.002245
sim_2019-02-09_2026-05-21_29c06ed80e5a,2021-06-11,short_straddle,0,0.0,1006286.459436,0.0
sim_2019-02-09_2026-05-21_29c06ed80e5a,2021-06-11,put_credit_spread,1,2259.5,1006286.459436,0.002245
sim_2019-02-09_2026-05-21_29c06ed80e5a,2021-06-14,short_straddle,0,0.0,1006286.459436,0.0
sim_2019-02-09_2026-05-21_29c06ed80e5a,2021-06-14,put_credit_spread,1,2259.5,1006286.459436,0.002245
sim_2019-02-09_2026-05-21_29c06ed80e5a,2021-06-15,short_straddle,0,0.0,1006286.459436,0.0
sim_2019-02-09_2026-05-21_29c06ed80e5a,2021-06-15,put_credit_spread,1,2259.5,1006286.459436,0.002245
sim_2019-02-09_2026-05-21_29c06ed80e5a,2021-06-16,short_straddle,0,0.0,1006286.459436,0.0
sim_2019-02-09_2026-05-21_29c06ed80e5a,2021-06-16,put_credit_spread,1,2259.5,1006286.459436,0.002245
sim_2019-02-09_2026-05-21_29c06ed80e5a,2021-06-17,short_straddle,0,0.0,1006286.459436,0.0
sim_2019-02-09_2026-05-21_29c06ed80e5a,2021-06-17,put_credit_spread,1,2259.5,1006286.459436,0.002245
sim_2019-02-09_2026-05-21_29c06ed80e5a,2021-06-18,short_straddle,0,0.0,1006286.459436,0.0
sim_2019-02-09_2026-05-21_29c06ed80e5a,2021-06-18,put_credit_spread,1,2259.5,1006286.459436,0.002245
sim_2019-02-09_2026-05-21_29c06ed80e5a,2021-06-21,short_straddle,0,0.0,1006286.459436,0.0
sim_2019-02-09_2026-05-21_29c06ed80e5a,2021-06-21,put_credit_spread,1,2259.5,1006286.459436,0.002245
sim_2019-02-09_2026-05-21_29c06ed80e5a,2021-06-22,short_straddle,0,0.0,1006286.459436,0.0
sim_2019-02-09_2026-05-21_29c06ed80e5a,2021-06-22,put_credit_spread,1,2259.5,1006286.459436,0.002245
sim_2019-02-09_2026-05-21_29c06ed80e5a,2021-06-23,short_straddle,0,0.0,1006522.853436,0.0
sim_2019-02-09_2026-05-21_29c06ed80e5a,2021-06-23,put_credit_spread,1,1788.0,1006522.853436,0.001776
sim_2019-02-09_2026-05-21_29c06ed80e5a,2021-06-24,short_straddle,0,0.0,1006522.853436,0.0
sim_2019-02-09_2026-05-21_29c06ed80e5a,2021-06-24,put_credit_spread,1,1788.0,1006522.853436,0.001776
sim_2019-02-09_2026-05-21_29c06ed80e5a,2021-06-25,short_straddle,0,0.0,1006522.853436,0.0
sim_2019-02-09_2026-05-21_29c06ed80e5a,2021-06-25,put_credit_spread,1,1788.0,1006522.853436,0.001776
sim_2019-02-09_2026-05-21_29c06ed80e5a,2021-06-28,short_straddle,0,0.0,1006522.853436,0.0
sim_2019-02-09_2026-05-21_29c06ed80e5a,2021-06-28,put_credit_spread,1,1788.0,1006522.853436,0.001776
sim_2019-02-09_2026-05-21_29c06ed80e5a,2021-06-29,short_straddle,0,0.0,1006522.853436,0.0
sim_2019-02-09_2026-05-21_29c06ed80e5a,2021-06-29,put_credit_spread,1,1788.0,1006522.853436,0.001776
sim_2019-02-09_2026-05-21_29c06ed80e5a,2021-06-30,short_straddle,0,0.0,1006522.853436,0.0
sim_2019-02-09_2026-05-21_29c06ed80e5a,2021-06-30,put_credit_spread,1,1788.0,1006522.853436,0.001776
sim_2019-02-09_2026-05-21_29c06ed80e5a,2021-07-01,short_straddle,0,0.0,1006522.853436,0.0
sim_2019-02-09_2026-05-21_29c06ed80e5a,2021-07-01,put_credit_spread,1,1788.0,1006522.853436,0.001776
sim_2019-02-09_2026-05-21_29c06ed80e5a,2021-07-02,short_straddle,0,0.0,1006522.853436,0.0
sim_2019-02-09_2026-05-21_29c06ed80e5a,2021-07-02,put_credit_spread,1,1788.0,1006522.853436,0.001776
sim_2019-02-09_2026-05-21_29c06ed80e5a,2021-07-06,short_straddle,0,0.0,1006522.853436,0.0
sim_2019-02-09_2026-05-21_29c06ed80e5a,2021-07-06,put_credit_spread,1,1788.0,1006522.853436,0.001776
sim_2019-02-09_2026-05-21_29c06ed80e5a,2021-07-07,short_straddle,0,0.0,1006522.853436,0.0
sim_2019-02-09_2026-05-21_29c06ed80e5a,2021-07-07,put_credit_spread,1,1788.0,1006522.853436,0.001776
sim_2019-02-09_2026-05-21_29c06ed80e5a,2021-07-08,short_straddle,0,0.0,1006522.853436,0.0
sim_2019-02-09_2026-05-21_29c06ed80e5a,2021-07-08,put_credit_spread,1,1788.0,1006522.853436,0.001776
sim_2019-02-09_2026-05-21_29c06ed80e5a,2021-07-09,short_straddle,0,0.0,1006522.853436,0.0
sim_2019-02-09_2026-05-21_29c06ed80e5a,2021-07-09,put_credit_spread,1,1788.0,1006522.853436,0.001776
sim_2019-02-09_2026-05-21_29c06ed80e5a,2021-07-12,short_straddle,0,0.0,1006522.853436,0.0
sim_2019-02-09_2026-05-21_29c06ed80e5a,2021-07-12,put_credit_spread,1,1788.0,1006522.853436,0.001776
sim_2019-02-09_2026-05-21_29c06ed80e5a,2021-07-13,short_straddle,0,0.0,1006522.853436,0.0
sim_2019-02-09_2026-05-21_29c06ed80e5a,2021-07-13,put_credit_spread,1,1788.0,1006522.853436,0.001776
sim_2019-02-09_2026-05-21_29c06ed80e5a,2021-07-14,short_straddle,0,0.0,1006522.853436,0.0
sim_2019-02-09_2026-05-21_29c06ed80e5a,2021-07-14,put_credit_spread,1,1788.0,1006522.853436,0.001776
sim_2019-02-09_2026-05-21_29c06ed80e5a,2021-07-15,short_straddle,0,0.0,1006522.853436,0.0
sim_2019-02-09_2026-05-21_29c06ed80e5a,2021-07-15,put_credit_spread,1,1788.0,1006522.853436,0.001776
sim_2019-02-09_2026-05-21_29c06ed80e5a,2021-07-16,short_straddle,0,0.0,1006522.853436,0.0
sim_2019-02-09_2026-05-21_29c06ed80e5a,2021-07-16,put_credit_spread,1,1788.0,1006522.853436,0.001776
sim_2019-02-09_2026-05-21_29c06ed80e5a,2021-07-19,short_straddle,0,0.0,1006522.853436,0.0
sim_2019-02-09_2026-05-21_29c06ed80e5a,2021-07-19,put_credit_spread,1,1788.0,1006522.853436,0.001776
sim_2019-02-09_2026-05-21_29c06ed80e5a,2021-07-20,short_straddle,0,0.0,1006522.853436,0.0
sim_2019-02-09_2026-05-21_29c06ed80e5a,2021-07-20,put_credit_spread,1,1788.0,1006522.853436,0.001776
sim_2019-02-09_2026-05-21_29c06ed80e5a,2021-07-21,short_straddle,0,0.0,1006730.719186,0.0
sim_2019-02-09_2026-05-21_29c06ed80e5a,2021-07-21,put_credit_spread,1,2331.5,1006730.719186,0.002316
sim_2019-02-09_2026-05-21_29c06ed80e5a,2021-07-22,short_straddle,0,0.0,1006730.719186,0.0
sim_2019-02-09_2026-05-21_29c06ed80e5a,2021-07-22,put_credit_spread,1,2331.5,1006730.719186,0.002316
sim_2019-02-09_2026-05-21_29c06ed80e5a,2021-07-23,short_straddle,0,0.0,1006730.719186,0.0
sim_2019-02-09_2026-05-21_29c06ed80e5a,2021-07-23,put_credit_spread,1,2331.5,1006730.719186,0.002316
sim_2019-02-09_2026-05-21_29c06ed80e5a,2021-07-26,short_straddle,0,0.0,1006730.719186,0.0
sim_2019-02-09_2026-05-21_29c06ed80e5a,2021-07-26,put_credit_spread,1,2331.5,1006730.719186,0.002316
sim_2019-02-09_2026-05-21_29c06ed80e5a,2021-07-27,short_straddle,0,0.0,1006730.719186,0.0
sim_2019-02-09_2026-05-21_29c06ed80e5a,2021-07-27,put_credit_spread,1,2331.5,1006730.719186,0.002316
sim_2019-02-09_2026-05-21_29c06ed80e5a,2021-07-28,short_straddle,0,0.0,1006730.719186,0.0
sim_2019-02-09_2026-05-21_29c06ed80e5a,2021-07-28,put_credit_spread,1,2331.5,1006730.719186,0.002316
sim_2019-02-09_2026-05-21_29c06ed80e5a,2021-07-29,short_straddle,0,0.0,1006730.719186,0.0
sim_2019-02-09_2026-05-21_29c06ed80e5a,2021-07-29,put_credit_spread,1,2331.5,1006730.719186,0.002316
sim_2019-02-09_2026-05-21_29c06ed80e5a,2021-07-30,short_straddle,0,0.0,1006730.719186,0.0
sim_2019-02-09_2026-05-21_29c06ed80e5a,2021-07-30,put_credit_spread,1,2331.5,1006730.719186,0.002316
sim_2019-02-09_2026-05-21_29c06ed80e5a,2021-08-02,short_straddle,0,0.0,1006730.719186,0.0
sim_2019-02-09_2026-05-21_29c06ed80e5a,2021-08-02,put_credit_spread,1,2331.5,1006730.719186,0.002316
sim_2019-02-09_2026-05-21_29c06ed80e5a,2021-08-03,short_straddle,0,0.0,1006730.719186,0.0
sim_2019-02-09_2026-05-21_29c06ed80e5a,2021-08-03,put_credit_spread,1,2331.5,1006730.719186,0.002316
sim_2019-02-09_2026-05-21_29c06ed80e5a,2021-08-04,short_straddle,0,0.0,1006730.719186,0.0
sim_2019-02-09_2026-05-21_29c06ed80e5a,2021-08-04,put_credit_spread,1,2331.5,1006730.719186,0.002316
sim_2019-02-09_2026-05-21_29c06ed80e5a,2021-08-05,short_straddle,0,0.0,1006730.719186,0.0
sim_2019-02-09_2026-05-21_29c06ed80e5a,2021-08-05,put_credit_spread,1,2331.5,1006730.719186,0.002316
sim_2019-02-09_2026-05-21_29c06ed80e5a,2021-08-06,short_straddle,0,0.0,1006730.719186,0.0
sim_2019-02-09_2026-05-21_29c06ed80e5a,2021-08-06,put_credit_spread,1,2331.5,1006730.719186,0.002316
sim_2019-02-09_2026-05-21_29c06ed80e5a,2021-08-09,short_straddle,0,0.0,1006730.719186,0.0
sim_2019-02-09_2026-05-21_29c06ed80e5a,2021-08-09,put_credit_spread,1,2331.5,1006730.719186,0.002316
sim_2019-02-09_2026-05-21_29c06ed80e5a,2021-08-10,short_straddle,0,0.0,1006730.719186,0.0
sim_2019-02-09_2026-05-21_29c06ed80e5a,2021-08-10,put_credit_spread,1,2331.5,1006730.719186,0.002316
sim_2019-02-09_2026-05-21_29c06ed80e5a,2021-08-11,short_straddle,0,0.0,1006730.719186,0.0
sim_2019-02-09_2026-05-21_29c06ed80e5a,2021-08-11,put_credit_spread,1,2331.5,1006730.719186,0.002316
sim_2019-02-09_2026-05-21_29c06ed80e5a,2021-08-12,short_straddle,0,0.0,1006730.719186,0.0
sim_2019-02-09_2026-05-21_29c06ed80e5a,2021-08-12,put_credit_spread,1,2331.5,1006730.719186,0.002316
sim_2019-02-09_2026-05-21_29c06ed80e5a,2021-08-13,short_straddle,0,0.0,1006730.719186,0.0
sim_2019-02-09_2026-05-21_29c06ed80e5a,2021-08-13,put_credit_spread,1,2331.5,1006730.719186,0.002316
sim_2019-02-09_2026-05-21_29c06ed80e5a,2021-08-16,short_straddle,0,0.0,1006730.719186,0.0
sim_2019-02-09_2026-05-21_29c06ed80e5a,2021-08-16,put_credit_spread,1,2331.5,1006730.719186,0.002316
sim_2019-02-09_2026-05-21_29c06ed80e5a,2021-08-17,short_straddle,0,0.0,1006730.719186,0.0
sim_2019-02-09_2026-05-21_29c06ed80e5a,2021-08-17,put_credit_spread,1,2331.5,1006730.719186,0.002316
sim_2019-02-09_2026-05-21_29c06ed80e5a,2021-08-18,short_straddle,0,0.0,1006995.032686,0.0
sim_2019-02-09_2026-05-21_29c06ed80e5a,2021-08-18,put_credit_spread,1,3127.0,1006995.032686,0.003105
sim_2019-02-09_2026-05-21_29c06ed80e5a,2021-08-19,short_straddle,0,0.0,1006995.032686,0.0
sim_2019-02-09_2026-05-21_29c06ed80e5a,2021-08-19,put_credit_spread,1,3127.0,1006995.032686,0.003105
sim_2019-02-09_2026-05-21_29c06ed80e5a,2021-08-20,short_straddle,0,0.0,1006995.032686,0.0
sim_2019-02-09_2026-05-21_29c06ed80e5a,2021-08-20,put_credit_spread,1,3127.0,1006995.032686,0.003105
sim_2019-02-09_2026-05-21_29c06ed80e5a,2021-08-23,short_straddle,0,0.0,1006995.032686,0.0
sim_2019-02-09_2026-05-21_29c06ed80e5a,2021-08-23,put_credit_spread,1,3127.0,1006995.032686,0.003105
sim_2019-02-09_2026-05-21_29c06ed80e5a,2021-08-24,short_straddle,0,0.0,1006995.032686,0.0
sim_2019-02-09_2026-05-21_29c06ed80e5a,2021-08-24,put_credit_spread,1,3127.0,1006995.032686,0.003105
sim_2019-02-09_2026-05-21_29c06ed80e5a,2021-08-25,short_straddle,0,0.0,1006995.032686,0.0
sim_2019-02-09_2026-05-21_29c06ed80e5a,2021-08-25,put_credit_spread,1,3127.0,1006995.032686,0.003105
sim_2019-02-09_2026-05-21_29c06ed80e5a,2021-08-26,short_straddle,0,0.0,1006995.032686,0.0
sim_2019-02-09_2026-05-21_29c06ed80e5a,2021-08-26,put_credit_spread,1,3127.0,1006995.032686,0.003105
sim_2019-02-09_2026-05-21_29c06ed80e5a,2021-08-27,short_straddle,0,0.0,1006995.032686,0.0
sim_2019-02-09_2026-05-21_29c06ed80e5a,2021-08-27,put_credit_spread,1,3127.0,1006995.032686,0.003105
sim_2019-02-09_2026-05-21_29c06ed80e5a,2021-08-30,short_straddle,0,0.0,1006995.032686,0.0
sim_2019-02-09_2026-05-21_29c06ed80e5a,2021-08-30,put_credit_spread,1,3127.0,1006995.032686,0.003105
sim_2019-02-09_2026-05-21_29c06ed80e5a,2021-08-31,short_straddle,0,0.0,1006995.032686,0.0
sim_2019-02-09_2026-05-21_29c06ed80e5a,2021-08-31,put_credit_spread,1,3127.0,1006995.032686,0.003105
sim_2019-02-09_2026-05-21_29c06ed80e5a,2021-09-01,short_straddle,0,0.0,1006851.532686,0.0
sim_2019-02-09_2026-05-21_29c06ed80e5a,2021-09-01,put_credit_spread,1,3127.0,1006851.532686,0.003106
sim_2019-02-09_2026-05-21_29c06ed80e5a,2021-09-02,short_straddle,0,0.0,1006851.532686,0.0
sim_2019-02-09_2026-05-21_29c06ed80e5a,2021-09-02,put_credit_spread,1,3127.0,1006851.532686,0.003106
sim_2019-02-09_2026-05-21_29c06ed80e5a,2021-09-03,short_straddle,0,0.0,1006851.532686,0.0
sim_2019-02-09_2026-05-21_29c06ed80e5a,2021-09-03,put_credit_spread,1,3127.0,1006851.532686,0.003106
sim_2019-02-09_2026-05-21_29c06ed80e5a,2021-09-07,short_straddle,0,0.0,1006851.532686,0.0
sim_2019-02-09_2026-05-21_29c06ed80e5a,2021-09-07,put_credit_spread,1,3127.0,1006851.532686,0.003106
sim_2019-02-09_2026-05-21_29c06ed80e5a,2021-09-08,short_straddle,0,0.0,1006851.532686,0.0
sim_2019-02-09_2026-05-21_29c06ed80e5a,2021-09-08,put_credit_spread,1,3127.0,1006851.532686,0.003106
sim_2019-02-09_2026-05-21_29c06ed80e5a,2021-09-09,short_straddle,0,0.0,1006851.532686,0.0
sim_2019-02-09_2026-05-21_29c06ed80e5a,2021-09-09,put_credit_spread,1,3127.0,1006851.532686,0.003106
sim_2019-02-09_2026-05-21_29c06ed80e5a,2021-09-10,short_straddle,0,0.0,1006851.532686,0.0
sim_2019-02-09_2026-05-21_29c06ed80e5a,2021-09-10,put_credit_spread,1,3127.0,1006851.532686,0.003106
sim_2019-02-09_2026-05-21_29c06ed80e5a,2021-09-13,short_straddle,0,0.0,1006851.532686,0.0
sim_2019-02-09_2026-05-21_29c06ed80e5a,2021-09-13,put_credit_spread,1,3127.0,1006851.532686,0.003106
sim_2019-02-09_2026-05-21_29c06ed80e5a,2021-09-14,short_straddle,0,0.0,1006851.532686,0.0
sim_2019-02-09_2026-05-21_29c06ed80e5a,2021-09-14,put_credit_spread,1,3127.0,1006851.532686,0.003106
sim_2019-02-09_2026-05-21_29c06ed80e5a,2021-09-15,short_straddle,0,0.0,1007363.885436,0.0
sim_2019-02-09_2026-05-21_29c06ed80e5a,2021-09-15,put_credit_spread,1,2405.5,1007363.885436,0.002388
sim_2019-02-09_2026-05-21_29c06ed80e5a,2021-09-16,short_straddle,0,0.0,1007363.885436,0.0
sim_2019-02-09_2026-05-21_29c06ed80e5a,2021-09-16,put_credit_spread,1,2405.5,1007363.885436,0.002388
sim_2019-02-09_2026-05-21_29c06ed80e5a,2021-09-17,short_straddle,0,0.0,1007363.885436,0.0
sim_2019-02-09_2026-05-21_29c06ed80e5a,2021-09-17,put_credit_spread,1,2405.5,1007363.885436,0.002388
sim_2019-02-09_2026-05-21_29c06ed80e5a,2021-09-20,short_straddle,0,0.0,1007363.885436,0.0
sim_2019-02-09_2026-05-21_29c06ed80e5a,2021-09-20,put_credit_spread,1,2405.5,1007363.885436,0.002388
sim_2019-02-09_2026-05-21_29c06ed80e5a,2021-09-21,short_straddle,0,0.0,1007363.885436,0.0
sim_2019-02-09_2026-05-21_29c06ed80e5a,2021-09-21,put_credit_spread,1,2405.5,1007363.885436,0.002388
sim_2019-02-09_2026-05-21_29c06ed80e5a,2021-09-22,short_straddle,0,0.0,1007363.885436,0.0
sim_2019-02-09_2026-05-21_29c06ed80e5a,2021-09-22,put_credit_spread,1,2405.5,1007363.885436,0.002388
sim_2019-02-09_2026-05-21_29c06ed80e5a,2021-09-23,short_straddle,0,0.0,1007363.885436,0.0
sim_2019-02-09_2026-05-21_29c06ed80e5a,2021-09-23,put_credit_spread,1,2405.5,1007363.885436,0.002388
sim_2019-02-09_2026-05-21_29c06ed80e5a,2021-09-24,short_straddle,0,0.0,1007363.885436,0.0
sim_2019-02-09_2026-05-21_29c06ed80e5a,2021-09-24,put_credit_spread,1,2405.5,1007363.885436,0.002388
sim_2019-02-09_2026-05-21_29c06ed80e5a,2021-09-27,short_straddle,0,0.0,1007363.885436,0.0
sim_2019-02-09_2026-05-21_29c06ed80e5a,2021-09-27,put_credit_spread,1,2405.5,1007363.885436,0.002388
sim_2019-02-09_2026-05-21_29c06ed80e5a,2021-09-28,short_straddle,0,0.0,1007363.885436,0.0
sim_2019-02-09_2026-05-21_29c06ed80e5a,2021-09-28,put_credit_spread,1,2405.5,1007363.885436,0.002388
sim_2019-02-09_2026-05-21_29c06ed80e5a,2021-09-29,short_straddle,0,0.0,1007363.885436,0.0
sim_2019-02-09_2026-05-21_29c06ed80e5a,2021-09-29,put_credit_spread,1,2405.5,1007363.885436,0.002388
sim_2019-02-09_2026-05-21_29c06ed80e5a,2021-09-30,short_straddle,0,0.0,1007363.885436,0.0
sim_2019-02-09_2026-05-21_29c06ed80e5a,2021-09-30,put_credit_spread,1,2405.5,1007363.885436,0.002388
sim_2019-02-09_2026-05-21_29c06ed80e5a,2021-10-01,short_straddle,0,0.0,1007363.885436,0.0
sim_2019-02-09_2026-05-21_29c06ed80e5a,2021-10-01,put_credit_spread,1,2405.5,1007363.885436,0.002388
sim_2019-02-09_2026-05-21_29c06ed80e5a,2021-10-04,short_straddle,0,0.0,1007363.885436,0.0
sim_2019-02-09_2026-05-21_29c06ed80e5a,2021-10-04,put_credit_spread,1,2405.5,1007363.885436,0.002388
sim_2019-02-09_2026-05-21_29c06ed80e5a,2021-10-05,short_straddle,0,0.0,1007363.885436,0.0
sim_2019-02-09_2026-05-21_29c06ed80e5a,2021-10-05,put_credit_spread,1,2405.5,1007363.885436,0.002388
sim_2019-02-09_2026-05-21_29c06ed80e5a,2021-10-06,short_straddle,0,0.0,1007363.885436,0.0
sim_2019-02-09_2026-05-21_29c06ed80e5a,2021-10-06,put_credit_spread,1,2405.5,1007363.885436,0.002388
sim_2019-02-09_2026-05-21_29c06ed80e5a,2021-10-07,short_straddle,0,0.0,1007363.885436,0.0
sim_2019-02-09_2026-05-21_29c06ed80e5a,2021-10-07,put_credit_spread,1,2405.5,1007363.885436,0.002388
sim_2019-02-09_2026-05-21_29c06ed80e5a,2021-10-08,short_straddle,0,0.0,1007363.885436,0.0
sim_2019-02-09_2026-05-21_29c06ed80e5a,2021-10-08,put_credit_spread,1,2405.5,1007363.885436,0.002388
sim_2019-02-09_2026-05-21_29c06ed80e5a,2021-10-11,short_straddle,0,0.0,1007359.545936,0.0
sim_2019-02-09_2026-05-21_29c06ed80e5a,2021-10-11,put_credit_spread,1,2215.5,1007359.545936,0.002199
sim_2019-02-09_2026-05-21_29c06ed80e5a,2021-10-12,short_straddle,0,0.0,1007359.545936,0.0
sim_2019-02-09_2026-05-21_29c06ed80e5a,2021-10-12,put_credit_spread,1,2215.5,1007359.545936,0.002199
sim_2019-02-09_2026-05-21_29c06ed80e5a,2021-10-13,short_straddle,0,0.0,1007359.545936,0.0
sim_2019-02-09_2026-05-21_29c06ed80e5a,2021-10-13,put_credit_spread,1,2215.5,1007359.545936,0.002199
sim_2019-02-09_2026-05-21_29c06ed80e5a,2021-10-14,short_straddle,0,0.0,1007359.545936,0.0
sim_2019-02-09_2026-05-21_29c06ed80e5a,2021-10-14,put_credit_spread,1,2215.5,1007359.545936,0.002199
sim_2019-02-09_2026-05-21_29c06ed80e5a,2021-10-15,short_straddle,0,0.0,1007359.545936,0.0
sim_2019-02-09_2026-05-21_29c06ed80e5a,2021-10-15,put_credit_spread,1,2215.5,1007359.545936,0.002199
sim_2019-02-09_2026-05-21_29c06ed80e5a,2021-10-18,short_straddle,0,0.0,1007359.545936,0.0
sim_2019-02-09_2026-05-21_29c06ed80e5a,2021-10-18,put_credit_spread,1,2215.5,1007359.545936,0.002199
sim_2019-02-09_2026-05-21_29c06ed80e5a,2021-10-19,short_straddle,0,0.0,1007359.545936,0.0
sim_2019-02-09_2026-05-21_29c06ed80e5a,2021-10-19,put_credit_spread,1,2215.5,1007359.545936,0.002199
sim_2019-02-09_2026-05-21_29c06ed80e5a,2021-10-20,short_straddle,0,0.0,1007359.545936,0.0
sim_2019-02-09_2026-05-21_29c06ed80e5a,2021-10-20,put_credit_spread,1,2215.5,1007359.545936,0.002199
sim_2019-02-09_2026-05-21_29c06ed80e5a,2021-10-21,short_straddle,0,0.0,1007359.545936,0.0
sim_2019-02-09_2026-05-21_29c06ed80e5a,2021-10-21,put_credit_spread,1,2215.5,1007359.545936,0.002199
sim_2019-02-09_2026-05-21_29c06ed80e5a,2021-10-22,short_straddle,0,0.0,1007359.545936,0.0
sim_2019-02-09_2026-05-21_29c06ed80e5a,2021-10-22,put_credit_spread,1,2215.5,1007359.545936,0.002199
sim_2019-02-09_2026-05-21_29c06ed80e5a,2021-10-25,short_straddle,0,0.0,1007359.545936,0.0
sim_2019-02-09_2026-05-21_29c06ed80e5a,2021-10-25,put_credit_spread,1,2215.5,1007359.545936,0.002199
sim_2019-02-09_2026-05-21_29c06ed80e5a,2021-10-26,short_straddle,0,0.0,1007359.545936,0.0
sim_2019-02-09_2026-05-21_29c06ed80e5a,2021-10-26,put_credit_spread,1,2215.5,1007359.545936,0.002199
sim_2019-02-09_2026-05-21_29c06ed80e5a,2021-10-27,short_straddle,0,0.0,1007359.545936,0.0
sim_2019-02-09_2026-05-21_29c06ed80e5a,2021-10-27,put_credit_spread,1,2215.5,1007359.545936,0.002199
sim_2019-02-09_2026-05-21_29c06ed80e5a,2021-10-28,short_straddle,0,0.0,1007359.545936,0.0
sim_2019-02-09_2026-05-21_29c06ed80e5a,2021-10-28,put_credit_spread,1,2215.5,1007359.545936,0.002199
sim_2019-02-09_2026-05-21_29c06ed80e5a,2021-10-29,short_straddle,0,0.0,1007359.545936,0.0
sim_2019-02-09_2026-05-21_29c06ed80e5a,2021-10-29,put_credit_spread,1,2215.5,1007359.545936,0.002199
sim_2019-02-09_2026-05-21_29c06ed80e5a,2021-11-01,short_straddle,0,0.0,1007359.545936,0.0
sim_2019-02-09_2026-05-21_29c06ed80e5a,2021-11-01,put_credit_spread,1,2215.5,1007359.545936,0.002199
sim_2019-02-09_2026-05-21_29c06ed80e5a,2021-11-02,short_straddle,0,0.0,1007359.545936,0.0
sim_2019-02-09_2026-05-21_29c06ed80e5a,2021-11-02,put_credit_spread,1,2215.5,1007359.545936,0.002199
sim_2019-02-09_2026-05-21_29c06ed80e5a,2021-11-03,short_straddle,0,0.0,1007359.545936,0.0
sim_2019-02-09_2026-05-21_29c06ed80e5a,2021-11-03,put_credit_spread,1,2215.5,1007359.545936,0.002199
sim_2019-02-09_2026-05-21_29c06ed80e5a,2021-11-04,short_straddle,0,0.0,1007359.545936,0.0
sim_2019-02-09_2026-05-21_29c06ed80e5a,2021-11-04,put_credit_spread,1,2215.5,1007359.545936,0.002199
sim_2019-02-09_2026-05-21_29c06ed80e5a,2021-11-05,short_straddle,0,0.0,1007359.545936,0.0
sim_2019-02-09_2026-05-21_29c06ed80e5a,2021-11-05,put_credit_spread,1,2215.5,1007359.545936,0.002199
sim_2019-02-09_2026-05-21_29c06ed80e5a,2021-11-08,short_straddle,0,0.0,1007739.914686,0.0
sim_2019-02-09_2026-05-21_29c06ed80e5a,2021-11-08,put_credit_spread,1,2537.5,1007739.914686,0.002518
sim_2019-02-09_2026-05-21_29c06ed80e5a,2021-11-09,short_straddle,0,0.0,1007739.914686,0.0
sim_2019-02-09_2026-05-21_29c06ed80e5a,2021-11-09,put_credit_spread,1,2537.5,1007739.914686,0.002518
sim_2019-02-09_2026-05-21_29c06ed80e5a,2021-11-10,short_straddle,0,0.0,1007739.914686,0.0
sim_2019-02-09_2026-05-21_29c06ed80e5a,2021-11-10,put_credit_spread,1,2537.5,1007739.914686,0.002518
sim_2019-02-09_2026-05-21_29c06ed80e5a,2021-11-11,short_straddle,0,0.0,1007739.914686,0.0
sim_2019-02-09_2026-05-21_29c06ed80e5a,2021-11-11,put_credit_spread,1,2537.5,1007739.914686,0.002518
sim_2019-02-09_2026-05-21_29c06ed80e5a,2021-11-12,short_straddle,0,0.0,1007739.914686,0.0
sim_2019-02-09_2026-05-21_29c06ed80e5a,2021-11-12,put_credit_spread,1,2537.5,1007739.914686,0.002518
sim_2019-02-09_2026-05-21_29c06ed80e5a,2021-11-15,short_straddle,0,0.0,1007739.914686,0.0
sim_2019-02-09_2026-05-21_29c06ed80e5a,2021-11-15,put_credit_spread,1,2537.5,1007739.914686,0.002518
sim_2019-02-09_2026-05-21_29c06ed80e5a,2021-11-16,short_straddle,0,0.0,1007739.914686,0.0
sim_2019-02-09_2026-05-21_29c06ed80e5a,2021-11-16,put_credit_spread,1,2537.5,1007739.914686,0.002518
sim_2019-02-09_2026-05-21_29c06ed80e5a,2021-11-17,short_straddle,0,0.0,1007739.914686,0.0
sim_2019-02-09_2026-05-21_29c06ed80e5a,2021-11-17,put_credit_spread,1,2537.5,1007739.914686,0.002518
sim_2019-02-09_2026-05-21_29c06ed80e5a,2021-11-18,short_straddle,0,0.0,1007739.914686,0.0
sim_2019-02-09_2026-05-21_29c06ed80e5a,2021-11-18,put_credit_spread,1,2537.5,1007739.914686,0.002518
sim_2019-02-09_2026-05-21_29c06ed80e5a,2021-11-19,short_straddle,0,0.0,1007739.914686,0.0
sim_2019-02-09_2026-05-21_29c06ed80e5a,2021-11-19,put_credit_spread,1,2537.5,1007739.914686,0.002518
sim_2019-02-09_2026-05-21_29c06ed80e5a,2021-11-22,short_straddle,0,0.0,1007739.914686,0.0
sim_2019-02-09_2026-05-21_29c06ed80e5a,2021-11-22,put_credit_spread,1,2537.5,1007739.914686,0.002518
sim_2019-02-09_2026-05-21_29c06ed80e5a,2021-11-23,short_straddle,0,0.0,1007739.914686,0.0
sim_2019-02-09_2026-05-21_29c06ed80e5a,2021-11-23,put_credit_spread,1,2537.5,1007739.914686,0.002518
sim_2019-02-09_2026-05-21_29c06ed80e5a,2021-11-24,short_straddle,0,0.0,1007739.914686,0.0
sim_2019-02-09_2026-05-21_29c06ed80e5a,2021-11-24,put_credit_spread,1,2537.5,1007739.914686,0.002518
sim_2019-02-09_2026-05-21_29c06ed80e5a,2021-11-26,short_straddle,0,0.0,1007739.914686,0.0
sim_2019-02-09_2026-05-21_29c06ed80e5a,2021-11-26,put_credit_spread,1,2537.5,1007739.914686,0.002518
sim_2019-02-09_2026-05-21_29c06ed80e5a,2021-11-29,short_straddle,0,0.0,1007739.914686,0.0
sim_2019-02-09_2026-05-21_29c06ed80e5a,2021-11-29,put_credit_spread,1,2537.5,1007739.914686,0.002518
sim_2019-02-09_2026-05-21_29c06ed80e5a,2021-11-30,short_straddle,0,0.0,1007739.914686,0.0
sim_2019-02-09_2026-05-21_29c06ed80e5a,2021-11-30,put_credit_spread,1,2537.5,1007739.914686,0.002518
sim_2019-02-09_2026-05-21_29c06ed80e5a,2021-12-01,short_straddle,0,0.0,1007739.914686,0.0
sim_2019-02-09_2026-05-21_29c06ed80e5a,2021-12-01,put_credit_spread,1,2537.5,1007739.914686,0.002518
sim_2019-02-09_2026-05-21_29c06ed80e5a,2021-12-02,short_straddle,0,0.0,1007739.914686,0.0
sim_2019-02-09_2026-05-21_29c06ed80e5a,2021-12-02,put_credit_spread,1,2537.5,1007739.914686,0.002518
sim_2019-02-09_2026-05-21_29c06ed80e5a,2021-12-03,short_straddle,0,0.0,1007739.914686,0.0
sim_2019-02-09_2026-05-21_29c06ed80e5a,2021-12-03,put_credit_spread,1,2537.5,1007739.914686,0.002518
sim_2019-02-09_2026-05-21_29c06ed80e5a,2021-12-06,short_straddle,0,0.0,1007879.355041,0.0
sim_2019-02-09_2026-05-21_29c06ed80e5a,2021-12-06,put_credit_spread,0,0.0,1007879.355041,0.0
sim_2019-02-09_2026-05-21_29c06ed80e5a,2021-12-07,short_straddle,0,0.0,1007879.355041,0.0
sim_2019-02-09_2026-05-21_29c06ed80e5a,2021-12-07,put_credit_spread,0,0.0,1007879.355041,0.0
sim_2019-02-09_2026-05-21_29c06ed80e5a,2021-12-08,short_straddle,0,0.0,1007877.174541,0.0
sim_2019-02-09_2026-05-21_29c06ed80e5a,2021-12-08,put_credit_spread,1,2439.0,1007877.174541,0.00242
sim_2019-02-09_2026-05-21_29c06ed80e5a,2021-12-09,short_straddle,0,0.0,1007877.174541,0.0
sim_2019-02-09_2026-05-21_29c06ed80e5a,2021-12-09,put_credit_spread,1,2439.0,1007877.174541,0.00242
sim_2019-02-09_2026-05-21_29c06ed80e5a,2021-12-10,short_straddle,0,0.0,1007877.174541,0.0
sim_2019-02-09_2026-05-21_29c06ed80e5a,2021-12-10,put_credit_spread,1,2439.0,1007877.174541,0.00242
sim_2019-02-09_2026-05-21_29c06ed80e5a,2021-12-13,short_straddle,0,0.0,1007877.174541,0.0
sim_2019-02-09_2026-05-21_29c06ed80e5a,2021-12-13,put_credit_spread,1,2439.0,1007877.174541,0.00242
sim_2019-02-09_2026-05-21_29c06ed80e5a,2021-12-14,short_straddle,0,0.0,1007877.174541,0.0
sim_2019-02-09_2026-05-21_29c06ed80e5a,2021-12-14,put_credit_spread,1,2439.0,1007877.174541,0.00242
sim_2019-02-09_2026-05-21_29c06ed80e5a,2021-12-15,short_straddle,0,0.0,1007877.174541,0.0
sim_2019-02-09_2026-05-21_29c06ed80e5a,2021-12-15,put_credit_spread,1,2439.0,1007877.174541,0.00242
sim_2019-02-09_2026-05-21_29c06ed80e5a,2021-12-16,short_straddle,0,0.0,1007877.174541,0.0
sim_2019-02-09_2026-05-21_29c06ed80e5a,2021-12-16,put_credit_spread,1,2439.0,1007877.174541,0.00242
sim_2019-02-09_2026-05-21_29c06ed80e5a,2021-12-17,short_straddle,0,0.0,1007877.174541,0.0
sim_2019-02-09_2026-05-21_29c06ed80e5a,2021-12-17,put_credit_spread,1,2439.0,1007877.174541,0.00242
sim_2019-02-09_2026-05-21_29c06ed80e5a,2021-12-20,short_straddle,0,0.0,1007877.174541,0.0
sim_2019-02-09_2026-05-21_29c06ed80e5a,2021-12-20,put_credit_spread,1,2439.0,1007877.174541,0.00242
sim_2019-02-09_2026-05-21_29c06ed80e5a,2021-12-21,short_straddle,0,0.0,1007877.174541,0.0
sim_2019-02-09_2026-05-21_29c06ed80e5a,2021-12-21,put_credit_spread,1,2439.0,1007877.174541,0.00242
sim_2019-02-09_2026-05-21_29c06ed80e5a,2021-12-22,short_straddle,0,0.0,1007877.174541,0.0
sim_2019-02-09_2026-05-21_29c06ed80e5a,2021-12-22,put_credit_spread,1,2439.0,1007877.174541,0.00242
sim_2019-02-09_2026-05-21_29c06ed80e5a,2021-12-23,short_straddle,0,0.0,1007877.174541,0.0
sim_2019-02-09_2026-05-21_29c06ed80e5a,2021-12-23,put_credit_spread,1,2439.0,1007877.174541,0.00242
sim_2019-02-09_2026-05-21_29c06ed80e5a,2021-12-27,short_straddle,0,0.0,1007877.174541,0.0
sim_2019-02-09_2026-05-21_29c06ed80e5a,2021-12-27,put_credit_spread,1,2439.0,1007877.174541,0.00242
sim_2019-02-09_2026-05-21_29c06ed80e5a,2021-12-28,short_straddle,0,0.0,1007877.174541,0.0
sim_2019-02-09_2026-05-21_29c06ed80e5a,2021-12-28,put_credit_spread,1,2439.0,1007877.174541,0.00242
sim_2019-02-09_2026-05-21_29c06ed80e5a,2021-12-29,short_straddle,0,0.0,1007877.174541,0.0
sim_2019-02-09_2026-05-21_29c06ed80e5a,2021-12-29,put_credit_spread,1,2439.0,1007877.174541,0.00242
sim_2019-02-09_2026-05-21_29c06ed80e5a,2021-12-30,short_straddle,0,0.0,1007877.174541,0.0
sim_2019-02-09_2026-05-21_29c06ed80e5a,2021-12-30,put_credit_spread,1,2439.0,1007877.174541,0.00242
sim_2019-02-09_2026-05-21_29c06ed80e5a,2021-12-31,short_straddle,0,0.0,1007877.174541,0.0
sim_2019-02-09_2026-05-21_29c06ed80e5a,2021-12-31,put_credit_spread,1,2439.0,1007877.174541,0.00242
sim_2019-02-09_2026-05-21_29c06ed80e5a,2022-01-03,short_straddle,0,0.0,1007877.174541,0.0
sim_2019-02-09_2026-05-21_29c06ed80e5a,2022-01-03,put_credit_spread,1,2439.0,1007877.174541,0.00242
sim_2019-02-09_2026-05-21_29c06ed80e5a,2022-01-04,short_straddle,0,0.0,1007877.174541,0.0
sim_2019-02-09_2026-05-21_29c06ed80e5a,2022-01-04,put_credit_spread,1,2439.0,1007877.174541,0.00242
sim_2019-02-09_2026-05-21_29c06ed80e5a,2022-01-05,short_straddle,0,0.0,1008233.987041,0.0
sim_2019-02-09_2026-05-21_29c06ed80e5a,2022-01-05,put_credit_spread,1,2625.0,1008233.987041,0.002604
sim_2019-02-09_2026-05-21_29c06ed80e5a,2022-01-06,short_straddle,0,0.0,1008233.987041,0.0
sim_2019-02-09_2026-05-21_29c06ed80e5a,2022-01-06,put_credit_spread,1,2625.0,1008233.987041,0.002604
sim_2019-02-09_2026-05-21_29c06ed80e5a,2022-01-07,short_straddle,0,0.0,1008233.987041,0.0
sim_2019-02-09_2026-05-21_29c06ed80e5a,2022-01-07,put_credit_spread,1,2625.0,1008233.987041,0.002604
sim_2019-02-09_2026-05-21_29c06ed80e5a,2022-01-10,short_straddle,0,0.0,1008233.987041,0.0
sim_2019-02-09_2026-05-21_29c06ed80e5a,2022-01-10,put_credit_spread,1,2625.0,1008233.987041,0.002604
sim_2019-02-09_2026-05-21_29c06ed80e5a,2022-01-11,short_straddle,0,0.0,1008233.987041,0.0
sim_2019-02-09_2026-05-21_29c06ed80e5a,2022-01-11,put_credit_spread,1,2625.0,1008233.987041,0.002604
sim_2019-02-09_2026-05-21_29c06ed80e5a,2022-01-12,short_straddle,0,0.0,1008233.987041,0.0
sim_2019-02-09_2026-05-21_29c06ed80e5a,2022-01-12,put_credit_spread,1,2625.0,1008233.987041,0.002604
sim_2019-02-09_2026-05-21_29c06ed80e5a,2022-01-13,short_straddle,0,0.0,1008233.987041,0.0
sim_2019-02-09_2026-05-21_29c06ed80e5a,2022-01-13,put_credit_spread,1,2625.0,1008233.987041,0.002604
sim_2019-02-09_2026-05-21_29c06ed80e5a,2022-01-14,short_straddle,0,0.0,1008233.987041,0.0
sim_2019-02-09_2026-05-21_29c06ed80e5a,2022-01-14,put_credit_spread,1,2625.0,1008233.987041,0.002604
sim_2019-02-09_2026-05-21_29c06ed80e5a,2022-01-18,short_straddle,0,0.0,1008233.987041,0.0
sim_2019-02-09_2026-05-21_29c06ed80e5a,2022-01-18,put_credit_spread,1,2625.0,1008233.987041,0.002604
sim_2019-02-09_2026-05-21_29c06ed80e5a,2022-01-19,short_straddle,0,0.0,1007618.987041,0.0
sim_2019-02-09_2026-05-21_29c06ed80e5a,2022-01-19,put_credit_spread,1,2625.0,1007618.987041,0.002605
sim_2019-02-09_2026-05-21_29c06ed80e5a,2022-01-20,short_straddle,0,0.0,1007618.987041,0.0
sim_2019-02-09_2026-05-21_29c06ed80e5a,2022-01-20,put_credit_spread,1,2625.0,1007618.987041,0.002605
sim_2019-02-09_2026-05-21_29c06ed80e5a,2022-01-21,short_straddle,0,0.0,1007618.987041,0.0
sim_2019-02-09_2026-05-21_29c06ed80e5a,2022-01-21,put_credit_spread,1,2625.0,1007618.987041,0.002605
sim_2019-02-09_2026-05-21_29c06ed80e5a,2022-01-24,short_straddle,0,0.0,1007618.987041,0.0
sim_2019-02-09_2026-05-21_29c06ed80e5a,2022-01-24,put_credit_spread,1,2625.0,1007618.987041,0.002605
sim_2019-02-09_2026-05-21_29c06ed80e5a,2022-01-25,short_straddle,0,0.0,1007618.987041,0.0
sim_2019-02-09_2026-05-21_29c06ed80e5a,2022-01-25,put_credit_spread,1,2625.0,1007618.987041,0.002605
sim_2019-02-09_2026-05-21_29c06ed80e5a,2022-01-26,short_straddle,0,0.0,1007618.987041,0.0
sim_2019-02-09_2026-05-21_29c06ed80e5a,2022-01-26,put_credit_spread,1,2625.0,1007618.987041,0.002605
sim_2019-02-09_2026-05-21_29c06ed80e5a,2022-01-27,short_straddle,0,0.0,1007618.987041,0.0
sim_2019-02-09_2026-05-21_29c06ed80e5a,2022-01-27,put_credit_spread,1,2625.0,1007618.987041,0.002605
sim_2019-02-09_2026-05-21_29c06ed80e5a,2022-01-28,short_straddle,0,0.0,1007618.987041,0.0
sim_2019-02-09_2026-05-21_29c06ed80e5a,2022-01-28,put_credit_spread,1,2625.0,1007618.987041,0.002605
sim_2019-02-09_2026-05-21_29c06ed80e5a,2022-01-31,short_straddle,0,0.0,1007614.322791,0.0
sim_2019-02-09_2026-05-21_29c06ed80e5a,2022-01-31,put_credit_spread,1,2361.5,1007614.322791,0.002344
sim_2019-02-09_2026-05-21_29c06ed80e5a,2022-02-01,short_straddle,0,0.0,1007614.322791,0.0
sim_2019-02-09_2026-05-21_29c06ed80e5a,2022-02-01,put_credit_spread,1,2361.5,1007614.322791,0.002344
sim_2019-02-09_2026-05-21_29c06ed80e5a,2022-02-02,short_straddle,0,0.0,1007614.322791,0.0
sim_2019-02-09_2026-05-21_29c06ed80e5a,2022-02-02,put_credit_spread,1,2361.5,1007614.322791,0.002344
sim_2019-02-09_2026-05-21_29c06ed80e5a,2022-02-03,short_straddle,0,0.0,1007614.322791,0.0
sim_2019-02-09_2026-05-21_29c06ed80e5a,2022-02-03,put_credit_spread,1,2361.5,1007614.322791,0.002344
sim_2019-02-09_2026-05-21_29c06ed80e5a,2022-02-04,short_straddle,0,0.0,1007614.322791,0.0
sim_2019-02-09_2026-05-21_29c06ed80e5a,2022-02-04,put_credit_spread,1,2361.5,1007614.322791,0.002344
sim_2019-02-09_2026-05-21_29c06ed80e5a,2022-02-07,short_straddle,0,0.0,1007614.322791,0.0
sim_2019-02-09_2026-05-21_29c06ed80e5a,2022-02-07,put_credit_spread,1,2361.5,1007614.322791,0.002344
sim_2019-02-09_2026-05-21_29c06ed80e5a,2022-02-08,short_straddle,0,0.0,1007614.322791,0.0
sim_2019-02-09_2026-05-21_29c06ed80e5a,2022-02-08,put_credit_spread,1,2361.5,1007614.322791,0.002344
sim_2019-02-09_2026-05-21_29c06ed80e5a,2022-02-09,short_straddle,0,0.0,1007614.322791,0.0
sim_2019-02-09_2026-05-21_29c06ed80e5a,2022-02-09,put_credit_spread,1,2361.5,1007614.322791,0.002344
sim_2019-02-09_2026-05-21_29c06ed80e5a,2022-02-10,short_straddle,0,0.0,1007614.322791,0.0
sim_2019-02-09_2026-05-21_29c06ed80e5a,2022-02-10,put_credit_spread,1,2361.5,1007614.322791,0.002344
sim_2019-02-09_2026-05-21_29c06ed80e5a,2022-02-11,short_straddle,0,0.0,1007614.322791,0.0
sim_2019-02-09_2026-05-21_29c06ed80e5a,2022-02-11,put_credit_spread,1,2361.5,1007614.322791,0.002344
sim_2019-02-09_2026-05-21_29c06ed80e5a,2022-02-14,short_straddle,0,0.0,1007614.322791,0.0
sim_2019-02-09_2026-05-21_29c06ed80e5a,2022-02-14,put_credit_spread,1,2361.5,1007614.322791,0.002344
sim_2019-02-09_2026-05-21_29c06ed80e5a,2022-02-15,short_straddle,0,0.0,1007614.322791,0.0
sim_2019-02-09_2026-05-21_29c06ed80e5a,2022-02-15,put_credit_spread,1,2361.5,1007614.322791,0.002344
sim_2019-02-09_2026-05-21_29c06ed80e5a,2022-02-16,short_straddle,0,0.0,1007614.322791,0.0
sim_2019-02-09_2026-05-21_29c06ed80e5a,2022-02-16,put_credit_spread,1,2361.5,1007614.322791,0.002344
sim_2019-02-09_2026-05-21_29c06ed80e5a,2022-02-17,short_straddle,0,0.0,1007614.322791,0.0
sim_2019-02-09_2026-05-21_29c06ed80e5a,2022-02-17,put_credit_spread,1,2361.5,1007614.322791,0.002344
sim_2019-02-09_2026-05-21_29c06ed80e5a,2022-02-18,short_straddle,0,0.0,1007614.322791,0.0
sim_2019-02-09_2026-05-21_29c06ed80e5a,2022-02-18,put_credit_spread,1,2361.5,1007614.322791,0.002344
sim_2019-02-09_2026-05-21_29c06ed80e5a,2022-02-22,short_straddle,0,0.0,1007614.322791,0.0
sim_2019-02-09_2026-05-21_29c06ed80e5a,2022-02-22,put_credit_spread,1,2361.5,1007614.322791,0.002344
sim_2019-02-09_2026-05-21_29c06ed80e5a,2022-02-23,short_straddle,0,0.0,1007614.322791,0.0
sim_2019-02-09_2026-05-21_29c06ed80e5a,2022-02-23,put_credit_spread,1,2361.5,1007614.322791,0.002344
sim_2019-02-09_2026-05-21_29c06ed80e5a,2022-02-24,short_straddle,0,0.0,1007614.322791,0.0
sim_2019-02-09_2026-05-21_29c06ed80e5a,2022-02-24,put_credit_spread,1,2361.5,1007614.322791,0.002344
sim_2019-02-09_2026-05-21_29c06ed80e5a,2022-02-25,short_straddle,0,0.0,1007614.322791,0.0
sim_2019-02-09_2026-05-21_29c06ed80e5a,2022-02-25,put_credit_spread,1,2361.5,1007614.322791,0.002344
sim_2019-02-09_2026-05-21_29c06ed80e5a,2022-02-28,short_straddle,0,0.0,1007948.560041,0.0
sim_2019-02-09_2026-05-21_29c06ed80e5a,2022-02-28,put_credit_spread,1,3274.5,1007948.560041,0.003249
sim_2019-02-09_2026-05-21_29c06ed80e5a,2022-03-01,short_straddle,0,0.0,1007948.560041,0.0
sim_2019-02-09_2026-05-21_29c06ed80e5a,2022-03-01,put_credit_spread,1,3274.5,1007948.560041,0.003249
sim_2019-02-09_2026-05-21_29c06ed80e5a,2022-03-02,short_straddle,0,0.0,1007948.560041,0.0
sim_2019-02-09_2026-05-21_29c06ed80e5a,2022-03-02,put_credit_spread,1,3274.5,1007948.560041,0.003249
sim_2019-02-09_2026-05-21_29c06ed80e5a,2022-03-03,short_straddle,0,0.0,1007948.560041,0.0
sim_2019-02-09_2026-05-21_29c06ed80e5a,2022-03-03,put_credit_spread,1,3274.5,1007948.560041,0.003249
sim_2019-02-09_2026-05-21_29c06ed80e5a,2022-03-04,short_straddle,0,0.0,1007948.560041,0.0
sim_2019-02-09_2026-05-21_29c06ed80e5a,2022-03-04,put_credit_spread,1,3274.5,1007948.560041,0.003249
sim_2019-02-09_2026-05-21_29c06ed80e5a,2022-03-07,short_straddle,0,0.0,1007948.560041,0.0
sim_2019-02-09_2026-05-21_29c06ed80e5a,2022-03-07,put_credit_spread,1,3274.5,1007948.560041,0.003249
sim_2019-02-09_2026-05-21_29c06ed80e5a,2022-03-08,short_straddle,0,0.0,1007948.560041,0.0
sim_2019-02-09_2026-05-21_29c06ed80e5a,2022-03-08,put_credit_spread,1,3274.5,1007948.560041,0.003249
sim_2019-02-09_2026-05-21_29c06ed80e5a,2022-03-09,short_straddle,0,0.0,1007948.560041,0.0
sim_2019-02-09_2026-05-21_29c06ed80e5a,2022-03-09,put_credit_spread,1,3274.5,1007948.560041,0.003249
sim_2019-02-09_2026-05-21_29c06ed80e5a,2022-03-10,short_straddle,0,0.0,1007948.560041,0.0
sim_2019-02-09_2026-05-21_29c06ed80e5a,2022-03-10,put_credit_spread,1,3274.5,1007948.560041,0.003249
sim_2019-02-09_2026-05-21_29c06ed80e5a,2022-03-11,short_straddle,0,0.0,1007948.560041,0.0
sim_2019-02-09_2026-05-21_29c06ed80e5a,2022-03-11,put_credit_spread,1,3274.5,1007948.560041,0.003249
sim_2019-02-09_2026-05-21_29c06ed80e5a,2022-03-14,short_straddle,0,0.0,1007948.560041,0.0
sim_2019-02-09_2026-05-21_29c06ed80e5a,2022-03-14,put_credit_spread,1,3274.5,1007948.560041,0.003249
sim_2019-02-09_2026-05-21_29c06ed80e5a,2022-03-15,short_straddle,0,0.0,1007948.560041,0.0
sim_2019-02-09_2026-05-21_29c06ed80e5a,2022-03-15,put_credit_spread,1,3274.5,1007948.560041,0.003249
sim_2019-02-09_2026-05-21_29c06ed80e5a,2022-03-16,short_straddle,0,0.0,1007948.560041,0.0
sim_2019-02-09_2026-05-21_29c06ed80e5a,2022-03-16,put_credit_spread,1,3274.5,1007948.560041,0.003249
sim_2019-02-09_2026-05-21_29c06ed80e5a,2022-03-17,short_straddle,0,0.0,1007948.560041,0.0
sim_2019-02-09_2026-05-21_29c06ed80e5a,2022-03-17,put_credit_spread,1,3274.5,1007948.560041,0.003249
sim_2019-02-09_2026-05-21_29c06ed80e5a,2022-03-18,short_straddle,0,0.0,1007948.560041,0.0
sim_2019-02-09_2026-05-21_29c06ed80e5a,2022-03-18,put_credit_spread,1,3274.5,1007948.560041,0.003249
sim_2019-02-09_2026-05-21_29c06ed80e5a,2022-03-21,short_straddle,0,0.0,1007948.560041,0.0
sim_2019-02-09_2026-05-21_29c06ed80e5a,2022-03-21,put_credit_spread,1,3274.5,1007948.560041,0.003249
sim_2019-02-09_2026-05-21_29c06ed80e5a,2022-03-22,short_straddle,0,0.0,1007948.560041,0.0
sim_2019-02-09_2026-05-21_29c06ed80e5a,2022-03-22,put_credit_spread,1,3274.5,1007948.560041,0.003249
sim_2019-02-09_2026-05-21_29c06ed80e5a,2022-03-23,short_straddle,0,0.0,1007948.560041,0.0
sim_2019-02-09_2026-05-21_29c06ed80e5a,2022-03-23,put_credit_spread,1,3274.5,1007948.560041,0.003249
sim_2019-02-09_2026-05-21_29c06ed80e5a,2022-03-24,short_straddle,0,0.0,1007948.560041,0.0
sim_2019-02-09_2026-05-21_29c06ed80e5a,2022-03-24,put_credit_spread,1,3274.5,1007948.560041,0.003249
sim_2019-02-09_2026-05-21_29c06ed80e5a,2022-03-25,short_straddle,0,0.0,1007948.560041,0.0
sim_2019-02-09_2026-05-21_29c06ed80e5a,2022-03-25,put_credit_spread,1,3274.5,1007948.560041,0.003249
sim_2019-02-09_2026-05-21_29c06ed80e5a,2022-03-28,short_straddle,0,0.0,1008469.887041,0.0
sim_2019-02-09_2026-05-21_29c06ed80e5a,2022-03-28,put_credit_spread,1,2354.0,1008469.887041,0.002334
sim_2019-02-09_2026-05-21_29c06ed80e5a,2022-03-29,short_straddle,0,0.0,1008469.887041,0.0
sim_2019-02-09_2026-05-21_29c06ed80e5a,2022-03-29,put_credit_spread,1,2354.0,1008469.887041,0.002334
sim_2019-02-09_2026-05-21_29c06ed80e5a,2022-03-30,short_straddle,0,0.0,1008469.887041,0.0
sim_2019-02-09_2026-05-21_29c06ed80e5a,2022-03-30,put_credit_spread,1,2354.0,1008469.887041,0.002334
sim_2019-02-09_2026-05-21_29c06ed80e5a,2022-03-31,short_straddle,0,0.0,1008469.887041,0.0
sim_2019-02-09_2026-05-21_29c06ed80e5a,2022-03-31,put_credit_spread,1,2354.0,1008469.887041,0.002334
sim_2019-02-09_2026-05-21_29c06ed80e5a,2022-04-01,short_straddle,0,0.0,1008469.887041,0.0
sim_2019-02-09_2026-05-21_29c06ed80e5a,2022-04-01,put_credit_spread,1,2354.0,1008469.887041,0.002334
sim_2019-02-09_2026-05-21_29c06ed80e5a,2022-04-04,short_straddle,0,0.0,1008469.887041,0.0
sim_2019-02-09_2026-05-21_29c06ed80e5a,2022-04-04,put_credit_spread,1,2354.0,1008469.887041,0.002334
sim_2019-02-09_2026-05-21_29c06ed80e5a,2022-04-05,short_straddle,0,0.0,1008469.887041,0.0
sim_2019-02-09_2026-05-21_29c06ed80e5a,2022-04-05,put_credit_spread,1,2354.0,1008469.887041,0.002334
sim_2019-02-09_2026-05-21_29c06ed80e5a,2022-04-06,short_straddle,0,0.0,1008469.887041,0.0
sim_2019-02-09_2026-05-21_29c06ed80e5a,2022-04-06,put_credit_spread,1,2354.0,1008469.887041,0.002334
sim_2019-02-09_2026-05-21_29c06ed80e5a,2022-04-07,short_straddle,0,0.0,1008469.887041,0.0
sim_2019-02-09_2026-05-21_29c06ed80e5a,2022-04-07,put_credit_spread,1,2354.0,1008469.887041,0.002334
sim_2019-02-09_2026-05-21_29c06ed80e5a,2022-04-08,short_straddle,0,0.0,1008469.887041,0.0
sim_2019-02-09_2026-05-21_29c06ed80e5a,2022-04-08,put_credit_spread,1,2354.0,1008469.887041,0.002334
sim_2019-02-09_2026-05-21_29c06ed80e5a,2022-04-11,short_straddle,0,0.0,1008469.887041,0.0
sim_2019-02-09_2026-05-21_29c06ed80e5a,2022-04-11,put_credit_spread,1,2354.0,1008469.887041,0.002334
sim_2019-02-09_2026-05-21_29c06ed80e5a,2022-04-12,short_straddle,0,0.0,1008469.887041,0.0
sim_2019-02-09_2026-05-21_29c06ed80e5a,2022-04-12,put_credit_spread,1,2354.0,1008469.887041,0.002334
sim_2019-02-09_2026-05-21_29c06ed80e5a,2022-04-13,short_straddle,0,0.0,1008469.887041,0.0
sim_2019-02-09_2026-05-21_29c06ed80e5a,2022-04-13,put_credit_spread,1,2354.0,1008469.887041,0.002334
sim_2019-02-09_2026-05-21_29c06ed80e5a,2022-04-14,short_straddle,0,0.0,1008469.887041,0.0
sim_2019-02-09_2026-05-21_29c06ed80e5a,2022-04-14,put_credit_spread,1,2354.0,1008469.887041,0.002334
sim_2019-02-09_2026-05-21_29c06ed80e5a,2022-04-18,short_straddle,0,0.0,1008469.887041,0.0
sim_2019-02-09_2026-05-21_29c06ed80e5a,2022-04-18,put_credit_spread,1,2354.0,1008469.887041,0.002334
sim_2019-02-09_2026-05-21_29c06ed80e5a,2022-04-19,short_straddle,0,0.0,1008469.887041,0.0
sim_2019-02-09_2026-05-21_29c06ed80e5a,2022-04-19,put_credit_spread,1,2354.0,1008469.887041,0.002334
sim_2019-02-09_2026-05-21_29c06ed80e5a,2022-04-20,short_straddle,0,0.0,1008469.887041,0.0
sim_2019-02-09_2026-05-21_29c06ed80e5a,2022-04-20,put_credit_spread,1,2354.0,1008469.887041,0.002334
sim_2019-02-09_2026-05-21_29c06ed80e5a,2022-04-21,short_straddle,0,0.0,1008469.887041,0.0
sim_2019-02-09_2026-05-21_29c06ed80e5a,2022-04-21,put_credit_spread,1,2354.0,1008469.887041,0.002334
sim_2019-02-09_2026-05-21_29c06ed80e5a,2022-04-22,short_straddle,0,0.0,1008469.887041,0.0
sim_2019-02-09_2026-05-21_29c06ed80e5a,2022-04-22,put_credit_spread,1,2354.0,1008469.887041,0.002334
sim_2019-02-09_2026-05-21_29c06ed80e5a,2022-04-25,short_straddle,0,0.0,1006961.765018,0.0
sim_2019-02-09_2026-05-21_29c06ed80e5a,2022-04-25,put_credit_spread,1,2203.0,1006961.765018,0.002188
sim_2019-02-09_2026-05-21_29c06ed80e5a,2022-04-26,short_straddle,0,0.0,1006961.765018,0.0
sim_2019-02-09_2026-05-21_29c06ed80e5a,2022-04-26,put_credit_spread,1,2203.0,1006961.765018,0.002188
sim_2019-02-09_2026-05-21_29c06ed80e5a,2022-04-27,short_straddle,0,0.0,1006961.765018,0.0
sim_2019-02-09_2026-05-21_29c06ed80e5a,2022-04-27,put_credit_spread,1,2203.0,1006961.765018,0.002188
sim_2019-02-09_2026-05-21_29c06ed80e5a,2022-04-28,short_straddle,0,0.0,1006961.765018,0.0
sim_2019-02-09_2026-05-21_29c06ed80e5a,2022-04-28,put_credit_spread,1,2203.0,1006961.765018,0.002188
sim_2019-02-09_2026-05-21_29c06ed80e5a,2022-04-29,short_straddle,0,0.0,1006961.765018,0.0
sim_2019-02-09_2026-05-21_29c06ed80e5a,2022-04-29,put_credit_spread,1,2203.0,1006961.765018,0.002188
sim_2019-02-09_2026-05-21_29c06ed80e5a,2022-05-02,short_straddle,0,0.0,1006961.765018,0.0
sim_2019-02-09_2026-05-21_29c06ed80e5a,2022-05-02,put_credit_spread,1,2203.0,1006961.765018,0.002188
sim_2019-02-09_2026-05-21_29c06ed80e5a,2022-05-03,short_straddle,0,0.0,1006961.765018,0.0
sim_2019-02-09_2026-05-21_29c06ed80e5a,2022-05-03,put_credit_spread,1,2203.0,1006961.765018,0.002188
sim_2019-02-09_2026-05-21_29c06ed80e5a,2022-05-04,short_straddle,0,0.0,1006961.765018,0.0
sim_2019-02-09_2026-05-21_29c06ed80e5a,2022-05-04,put_credit_spread,1,2203.0,1006961.765018,0.002188
sim_2019-02-09_2026-05-21_29c06ed80e5a,2022-05-05,short_straddle,0,0.0,1006961.765018,0.0
sim_2019-02-09_2026-05-21_29c06ed80e5a,2022-05-05,put_credit_spread,1,2203.0,1006961.765018,0.002188
sim_2019-02-09_2026-05-21_29c06ed80e5a,2022-05-06,short_straddle,0,0.0,1006961.765018,0.0
sim_2019-02-09_2026-05-21_29c06ed80e5a,2022-05-06,put_credit_spread,1,2203.0,1006961.765018,0.002188
sim_2019-02-09_2026-05-21_29c06ed80e5a,2022-05-09,short_straddle,0,0.0,1006961.765018,0.0
sim_2019-02-09_2026-05-21_29c06ed80e5a,2022-05-09,put_credit_spread,1,2203.0,1006961.765018,0.002188
sim_2019-02-09_2026-05-21_29c06ed80e5a,2022-05-10,short_straddle,0,0.0,1006961.765018,0.0
sim_2019-02-09_2026-05-21_29c06ed80e5a,2022-05-10,put_credit_spread,1,2203.0,1006961.765018,0.002188
sim_2019-02-09_2026-05-21_29c06ed80e5a,2022-05-11,short_straddle,0,0.0,1006961.765018,0.0
sim_2019-02-09_2026-05-21_29c06ed80e5a,2022-05-11,put_credit_spread,1,2203.0,1006961.765018,0.002188
sim_2019-02-09_2026-05-21_29c06ed80e5a,2022-05-12,short_straddle,0,0.0,1006961.765018,0.0
sim_2019-02-09_2026-05-21_29c06ed80e5a,2022-05-12,put_credit_spread,1,2203.0,1006961.765018,0.002188
sim_2019-02-09_2026-05-21_29c06ed80e5a,2022-05-13,short_straddle,0,0.0,1006961.765018,0.0
sim_2019-02-09_2026-05-21_29c06ed80e5a,2022-05-13,put_credit_spread,1,2203.0,1006961.765018,0.002188
sim_2019-02-09_2026-05-21_29c06ed80e5a,2022-05-16,short_straddle,0,0.0,1006961.765018,0.0
sim_2019-02-09_2026-05-21_29c06ed80e5a,2022-05-16,put_credit_spread,1,2203.0,1006961.765018,0.002188
sim_2019-02-09_2026-05-21_29c06ed80e5a,2022-05-17,short_straddle,0,0.0,1006961.765018,0.0
sim_2019-02-09_2026-05-21_29c06ed80e5a,2022-05-17,put_credit_spread,1,2203.0,1006961.765018,0.002188
sim_2019-02-09_2026-05-21_29c06ed80e5a,2022-05-18,short_straddle,0,0.0,1006961.765018,0.0
sim_2019-02-09_2026-05-21_29c06ed80e5a,2022-05-18,put_credit_spread,1,2203.0,1006961.765018,0.002188
sim_2019-02-09_2026-05-21_29c06ed80e5a,2022-05-19,short_straddle,0,0.0,1006961.765018,0.0
sim_2019-02-09_2026-05-21_29c06ed80e5a,2022-05-19,put_credit_spread,1,2203.0,1006961.765018,0.002188
sim_2019-02-09_2026-05-21_29c06ed80e5a,2022-05-20,short_straddle,0,0.0,1006961.765018,0.0
sim_2019-02-09_2026-05-21_29c06ed80e5a,2022-05-20,put_credit_spread,1,2203.0,1006961.765018,0.002188
sim_2019-02-09_2026-05-21_29c06ed80e5a,2022-05-23,short_straddle,0,0.0,1005845.813112,0.0
sim_2019-02-09_2026-05-21_29c06ed80e5a,2022-05-23,put_credit_spread,1,1901.5,1005845.813112,0.00189
sim_2019-02-09_2026-05-21_29c06ed80e5a,2022-05-24,short_straddle,0,0.0,1005845.813112,0.0
sim_2019-02-09_2026-05-21_29c06ed80e5a,2022-05-24,put_credit_spread,1,1901.5,1005845.813112,0.00189
sim_2019-02-09_2026-05-21_29c06ed80e5a,2022-05-25,short_straddle,0,0.0,1005845.813112,0.0
sim_2019-02-09_2026-05-21_29c06ed80e5a,2022-05-25,put_credit_spread,1,1901.5,1005845.813112,0.00189
sim_2019-02-09_2026-05-21_29c06ed80e5a,2022-05-26,short_straddle,0,0.0,1005845.813112,0.0
sim_2019-02-09_2026-05-21_29c06ed80e5a,2022-05-26,put_credit_spread,1,1901.5,1005845.813112,0.00189
sim_2019-02-09_2026-05-21_29c06ed80e5a,2022-05-27,short_straddle,0,0.0,1005845.813112,0.0
sim_2019-02-09_2026-05-21_29c06ed80e5a,2022-05-27,put_credit_spread,1,1901.5,1005845.813112,0.00189
sim_2019-02-09_2026-05-21_29c06ed80e5a,2022-05-31,short_straddle,0,0.0,1005845.813112,0.0
sim_2019-02-09_2026-05-21_29c06ed80e5a,2022-05-31,put_credit_spread,1,1901.5,1005845.813112,0.00189
sim_2019-02-09_2026-05-21_29c06ed80e5a,2022-06-01,short_straddle,0,0.0,1005845.813112,0.0
sim_2019-02-09_2026-05-21_29c06ed80e5a,2022-06-01,put_credit_spread,1,1901.5,1005845.813112,0.00189
sim_2019-02-09_2026-05-21_29c06ed80e5a,2022-06-02,short_straddle,0,0.0,1005845.813112,0.0
sim_2019-02-09_2026-05-21_29c06ed80e5a,2022-06-02,put_credit_spread,1,1901.5,1005845.813112,0.00189
sim_2019-02-09_2026-05-21_29c06ed80e5a,2022-06-03,short_straddle,0,0.0,1005845.813112,0.0
sim_2019-02-09_2026-05-21_29c06ed80e5a,2022-06-03,put_credit_spread,1,1901.5,1005845.813112,0.00189
sim_2019-02-09_2026-05-21_29c06ed80e5a,2022-06-06,short_straddle,0,0.0,1005845.813112,0.0
sim_2019-02-09_2026-05-21_29c06ed80e5a,2022-06-06,put_credit_spread,1,1901.5,1005845.813112,0.00189
sim_2019-02-09_2026-05-21_29c06ed80e5a,2022-06-07,short_straddle,0,0.0,1005845.813112,0.0
sim_2019-02-09_2026-05-21_29c06ed80e5a,2022-06-07,put_credit_spread,1,1901.5,1005845.813112,0.00189
sim_2019-02-09_2026-05-21_29c06ed80e5a,2022-06-08,short_straddle,0,0.0,1005845.813112,0.0
sim_2019-02-09_2026-05-21_29c06ed80e5a,2022-06-08,put_credit_spread,1,1901.5,1005845.813112,0.00189
sim_2019-02-09_2026-05-21_29c06ed80e5a,2022-06-09,short_straddle,0,0.0,1005845.813112,0.0
sim_2019-02-09_2026-05-21_29c06ed80e5a,2022-06-09,put_credit_spread,1,1901.5,1005845.813112,0.00189
sim_2019-02-09_2026-05-21_29c06ed80e5a,2022-06-10,short_straddle,0,0.0,1005845.813112,0.0
sim_2019-02-09_2026-05-21_29c06ed80e5a,2022-06-10,put_credit_spread,1,1901.5,1005845.813112,0.00189
sim_2019-02-09_2026-05-21_29c06ed80e5a,2022-06-13,short_straddle,0,0.0,1005845.813112,0.0
sim_2019-02-09_2026-05-21_29c06ed80e5a,2022-06-13,put_credit_spread,1,1901.5,1005845.813112,0.00189
sim_2019-02-09_2026-05-21_29c06ed80e5a,2022-06-14,short_straddle,0,0.0,1005845.813112,0.0
sim_2019-02-09_2026-05-21_29c06ed80e5a,2022-06-14,put_credit_spread,1,1901.5,1005845.813112,0.00189
sim_2019-02-09_2026-05-21_29c06ed80e5a,2022-06-15,short_straddle,0,0.0,1005845.813112,0.0
sim_2019-02-09_2026-05-21_29c06ed80e5a,2022-06-15,put_credit_spread,1,1901.5,1005845.813112,0.00189
sim_2019-02-09_2026-05-21_29c06ed80e5a,2022-06-16,short_straddle,0,0.0,1005845.813112,0.0
sim_2019-02-09_2026-05-21_29c06ed80e5a,2022-06-16,put_credit_spread,1,1901.5,1005845.813112,0.00189
sim_2019-02-09_2026-05-21_29c06ed80e5a,2022-06-17,short_straddle,0,0.0,1005845.813112,0.0
sim_2019-02-09_2026-05-21_29c06ed80e5a,2022-06-17,put_credit_spread,1,1901.5,1005845.813112,0.00189
sim_2019-02-09_2026-05-21_29c06ed80e5a,2022-06-21,short_straddle,0,0.0,1005649.017344,0.0
sim_2019-02-09_2026-05-21_29c06ed80e5a,2022-06-21,put_credit_spread,0,0.0,1005649.017344,0.0
sim_2019-02-09_2026-05-21_29c06ed80e5a,2022-06-22,short_straddle,0,0.0,1005646.830344,0.0
sim_2019-02-09_2026-05-21_29c06ed80e5a,2022-06-22,put_credit_spread,1,2026.0,1005646.830344,0.002015
sim_2019-02-09_2026-05-21_29c06ed80e5a,2022-06-23,short_straddle,0,0.0,1005646.830344,0.0
sim_2019-02-09_2026-05-21_29c06ed80e5a,2022-06-23,put_credit_spread,1,2026.0,1005646.830344,0.002015
sim_2019-02-09_2026-05-21_29c06ed80e5a,2022-06-24,short_straddle,0,0.0,1005646.830344,0.0
sim_2019-02-09_2026-05-21_29c06ed80e5a,2022-06-24,put_credit_spread,1,2026.0,1005646.830344,0.002015
sim_2019-02-09_2026-05-21_29c06ed80e5a,2022-06-27,short_straddle,0,0.0,1005646.830344,0.0
sim_2019-02-09_2026-05-21_29c06ed80e5a,2022-06-27,put_credit_spread,1,2026.0,1005646.830344,0.002015
sim_2019-02-09_2026-05-21_29c06ed80e5a,2022-06-28,short_straddle,0,0.0,1005646.830344,0.0
sim_2019-02-09_2026-05-21_29c06ed80e5a,2022-06-28,put_credit_spread,1,2026.0,1005646.830344,0.002015
sim_2019-02-09_2026-05-21_29c06ed80e5a,2022-06-29,short_straddle,0,0.0,1005646.830344,0.0
sim_2019-02-09_2026-05-21_29c06ed80e5a,2022-06-29,put_credit_spread,1,2026.0,1005646.830344,0.002015
sim_2019-02-09_2026-05-21_29c06ed80e5a,2022-06-30,short_straddle,0,0.0,1005646.830344,0.0
sim_2019-02-09_2026-05-21_29c06ed80e5a,2022-06-30,put_credit_spread,1,2026.0,1005646.830344,0.002015
sim_2019-02-09_2026-05-21_29c06ed80e5a,2022-07-01,short_straddle,0,0.0,1005646.830344,0.0
sim_2019-02-09_2026-05-21_29c06ed80e5a,2022-07-01,put_credit_spread,1,2026.0,1005646.830344,0.002015
sim_2019-02-09_2026-05-21_29c06ed80e5a,2022-07-05,short_straddle,0,0.0,1005646.830344,0.0
sim_2019-02-09_2026-05-21_29c06ed80e5a,2022-07-05,put_credit_spread,1,2026.0,1005646.830344,0.002015
sim_2019-02-09_2026-05-21_29c06ed80e5a,2022-07-06,short_straddle,0,0.0,1006056.625594,0.0
sim_2019-02-09_2026-05-21_29c06ed80e5a,2022-07-06,put_credit_spread,1,1930.5,1006056.625594,0.001919
sim_2019-02-09_2026-05-21_29c06ed80e5a,2022-07-07,short_straddle,0,0.0,1006056.625594,0.0
sim_2019-02-09_2026-05-21_29c06ed80e5a,2022-07-07,put_credit_spread,1,1930.5,1006056.625594,0.001919
sim_2019-02-09_2026-05-21_29c06ed80e5a,2022-07-08,short_straddle,0,0.0,1006056.625594,0.0
sim_2019-02-09_2026-05-21_29c06ed80e5a,2022-07-08,put_credit_spread,1,1930.5,1006056.625594,0.001919
sim_2019-02-09_2026-05-21_29c06ed80e5a,2022-07-11,short_straddle,0,0.0,1006056.625594,0.0
sim_2019-02-09_2026-05-21_29c06ed80e5a,2022-07-11,put_credit_spread,1,1930.5,1006056.625594,0.001919
sim_2019-02-09_2026-05-21_29c06ed80e5a,2022-07-12,short_straddle,0,0.0,1006056.625594,0.0
sim_2019-02-09_2026-05-21_29c06ed80e5a,2022-07-12,put_credit_spread,1,1930.5,1006056.625594,0.001919
sim_2019-02-09_2026-05-21_29c06ed80e5a,2022-07-13,short_straddle,0,0.0,1006056.625594,0.0
sim_2019-02-09_2026-05-21_29c06ed80e5a,2022-07-13,put_credit_spread,1,1930.5,1006056.625594,0.001919
sim_2019-02-09_2026-05-21_29c06ed80e5a,2022-07-14,short_straddle,0,0.0,1006056.625594,0.0
sim_2019-02-09_2026-05-21_29c06ed80e5a,2022-07-14,put_credit_spread,1,1930.5,1006056.625594,0.001919
sim_2019-02-09_2026-05-21_29c06ed80e5a,2022-07-15,short_straddle,0,0.0,1006056.625594,0.0
sim_2019-02-09_2026-05-21_29c06ed80e5a,2022-07-15,put_credit_spread,1,1930.5,1006056.625594,0.001919
sim_2019-02-09_2026-05-21_29c06ed80e5a,2022-07-18,short_straddle,0,0.0,1006056.625594,0.0
sim_2019-02-09_2026-05-21_29c06ed80e5a,2022-07-18,put_credit_spread,1,1930.5,1006056.625594,0.001919
sim_2019-02-09_2026-05-21_29c06ed80e5a,2022-07-19,short_straddle,0,0.0,1006056.625594,0.0
sim_2019-02-09_2026-05-21_29c06ed80e5a,2022-07-19,put_credit_spread,1,1930.5,1006056.625594,0.001919
sim_2019-02-09_2026-05-21_29c06ed80e5a,2022-07-20,short_straddle,0,0.0,1005919.125594,0.0
sim_2019-02-09_2026-05-21_29c06ed80e5a,2022-07-20,put_credit_spread,1,1930.5,1005919.125594,0.001919
sim_2019-02-09_2026-05-21_29c06ed80e5a,2022-07-21,short_straddle,0,0.0,1005919.125594,0.0
sim_2019-02-09_2026-05-21_29c06ed80e5a,2022-07-21,put_credit_spread,1,1930.5,1005919.125594,0.001919
sim_2019-02-09_2026-05-21_29c06ed80e5a,2022-07-22,short_straddle,0,0.0,1005919.125594,0.0
sim_2019-02-09_2026-05-21_29c06ed80e5a,2022-07-22,put_credit_spread,1,1930.5,1005919.125594,0.001919
sim_2019-02-09_2026-05-21_29c06ed80e5a,2022-07-25,short_straddle,0,0.0,1005919.125594,0.0
sim_2019-02-09_2026-05-21_29c06ed80e5a,2022-07-25,put_credit_spread,1,1930.5,1005919.125594,0.001919
sim_2019-02-09_2026-05-21_29c06ed80e5a,2022-07-26,short_straddle,0,0.0,1005919.125594,0.0
sim_2019-02-09_2026-05-21_29c06ed80e5a,2022-07-26,put_credit_spread,1,1930.5,1005919.125594,0.001919
sim_2019-02-09_2026-05-21_29c06ed80e5a,2022-07-27,short_straddle,0,0.0,1005919.125594,0.0
sim_2019-02-09_2026-05-21_29c06ed80e5a,2022-07-27,put_credit_spread,1,1930.5,1005919.125594,0.001919
sim_2019-02-09_2026-05-21_29c06ed80e5a,2022-07-28,short_straddle,0,0.0,1005919.125594,0.0
sim_2019-02-09_2026-05-21_29c06ed80e5a,2022-07-28,put_credit_spread,1,1930.5,1005919.125594,0.001919
sim_2019-02-09_2026-05-21_29c06ed80e5a,2022-07-29,short_straddle,0,0.0,1005919.125594,0.0
sim_2019-02-09_2026-05-21_29c06ed80e5a,2022-07-29,put_credit_spread,1,1930.5,1005919.125594,0.001919
sim_2019-02-09_2026-05-21_29c06ed80e5a,2022-08-01,short_straddle,0,0.0,1005919.125594,0.0
sim_2019-02-09_2026-05-21_29c06ed80e5a,2022-08-01,put_credit_spread,1,1930.5,1005919.125594,0.001919
sim_2019-02-09_2026-05-21_29c06ed80e5a,2022-08-02,short_straddle,0,0.0,1005919.125594,0.0
sim_2019-02-09_2026-05-21_29c06ed80e5a,2022-08-02,put_credit_spread,1,1930.5,1005919.125594,0.001919
sim_2019-02-09_2026-05-21_29c06ed80e5a,2022-08-03,short_straddle,0,0.0,1006421.916344,0.0
sim_2019-02-09_2026-05-21_29c06ed80e5a,2022-08-03,put_credit_spread,1,2081.5,1006421.916344,0.002068
sim_2019-02-09_2026-05-21_29c06ed80e5a,2022-08-04,short_straddle,0,0.0,1006421.916344,0.0
sim_2019-02-09_2026-05-21_29c06ed80e5a,2022-08-04,put_credit_spread,1,2081.5,1006421.916344,0.002068
sim_2019-02-09_2026-05-21_29c06ed80e5a,2022-08-05,short_straddle,0,0.0,1006421.916344,0.0
sim_2019-02-09_2026-05-21_29c06ed80e5a,2022-08-05,put_credit_spread,1,2081.5,1006421.916344,0.002068
sim_2019-02-09_2026-05-21_29c06ed80e5a,2022-08-08,short_straddle,0,0.0,1006421.916344,0.0
sim_2019-02-09_2026-05-21_29c06ed80e5a,2022-08-08,put_credit_spread,1,2081.5,1006421.916344,0.002068
sim_2019-02-09_2026-05-21_29c06ed80e5a,2022-08-09,short_straddle,0,0.0,1006421.916344,0.0
sim_2019-02-09_2026-05-21_29c06ed80e5a,2022-08-09,put_credit_spread,1,2081.5,1006421.916344,0.002068
sim_2019-02-09_2026-05-21_29c06ed80e5a,2022-08-10,short_straddle,0,0.0,1006421.916344,0.0
sim_2019-02-09_2026-05-21_29c06ed80e5a,2022-08-10,put_credit_spread,1,2081.5,1006421.916344,0.002068
sim_2019-02-09_2026-05-21_29c06ed80e5a,2022-08-11,short_straddle,0,0.0,1006421.916344,0.0
sim_2019-02-09_2026-05-21_29c06ed80e5a,2022-08-11,put_credit_spread,1,2081.5,1006421.916344,0.002068
sim_2019-02-09_2026-05-21_29c06ed80e5a,2022-08-12,short_straddle,0,0.0,1006421.916344,0.0
sim_2019-02-09_2026-05-21_29c06ed80e5a,2022-08-12,put_credit_spread,1,2081.5,1006421.916344,0.002068
sim_2019-02-09_2026-05-21_29c06ed80e5a,2022-08-15,short_straddle,0,0.0,1006421.916344,0.0
sim_2019-02-09_2026-05-21_29c06ed80e5a,2022-08-15,put_credit_spread,1,2081.5,1006421.916344,0.002068
sim_2019-02-09_2026-05-21_29c06ed80e5a,2022-08-16,short_straddle,0,0.0,1006421.916344,0.0
sim_2019-02-09_2026-05-21_29c06ed80e5a,2022-08-16,put_credit_spread,1,2081.5,1006421.916344,0.002068
sim_2019-02-09_2026-05-21_29c06ed80e5a,2022-08-17,short_straddle,0,0.0,1006421.916344,0.0
sim_2019-02-09_2026-05-21_29c06ed80e5a,2022-08-17,put_credit_spread,1,2081.5,1006421.916344,0.002068
sim_2019-02-09_2026-05-21_29c06ed80e5a,2022-08-18,short_straddle,0,0.0,1006421.916344,0.0
sim_2019-02-09_2026-05-21_29c06ed80e5a,2022-08-18,put_credit_spread,1,2081.5,1006421.916344,0.002068
sim_2019-02-09_2026-05-21_29c06ed80e5a,2022-08-19,short_straddle,0,0.0,1006421.916344,0.0
sim_2019-02-09_2026-05-21_29c06ed80e5a,2022-08-19,put_credit_spread,1,2081.5,1006421.916344,0.002068
sim_2019-02-09_2026-05-21_29c06ed80e5a,2022-08-22,short_straddle,0,0.0,1006421.916344,0.0
sim_2019-02-09_2026-05-21_29c06ed80e5a,2022-08-22,put_credit_spread,1,2081.5,1006421.916344,0.002068
sim_2019-02-09_2026-05-21_29c06ed80e5a,2022-08-23,short_straddle,0,0.0,1006421.916344,0.0
sim_2019-02-09_2026-05-21_29c06ed80e5a,2022-08-23,put_credit_spread,1,2081.5,1006421.916344,0.002068
sim_2019-02-09_2026-05-21_29c06ed80e5a,2022-08-24,short_straddle,0,0.0,1006421.916344,0.0
sim_2019-02-09_2026-05-21_29c06ed80e5a,2022-08-24,put_credit_spread,1,2081.5,1006421.916344,0.002068
sim_2019-02-09_2026-05-21_29c06ed80e5a,2022-08-25,short_straddle,0,0.0,1006421.916344,0.0
sim_2019-02-09_2026-05-21_29c06ed80e5a,2022-08-25,put_credit_spread,1,2081.5,1006421.916344,0.002068
sim_2019-02-09_2026-05-21_29c06ed80e5a,2022-08-26,short_straddle,0,0.0,1006421.916344,0.0
sim_2019-02-09_2026-05-21_29c06ed80e5a,2022-08-26,put_credit_spread,1,2081.5,1006421.916344,0.002068
sim_2019-02-09_2026-05-21_29c06ed80e5a,2022-08-29,short_straddle,0,0.0,1006417.530594,0.0
sim_2019-02-09_2026-05-21_29c06ed80e5a,2022-08-29,put_credit_spread,1,2247.0,1006417.530594,0.002233
sim_2019-02-09_2026-05-21_29c06ed80e5a,2022-08-30,short_straddle,0,0.0,1006417.530594,0.0
sim_2019-02-09_2026-05-21_29c06ed80e5a,2022-08-30,put_credit_spread,1,2247.0,1006417.530594,0.002233
sim_2019-02-09_2026-05-21_29c06ed80e5a,2022-08-31,short_straddle,0,0.0,1006417.530594,0.0
sim_2019-02-09_2026-05-21_29c06ed80e5a,2022-08-31,put_credit_spread,1,2247.0,1006417.530594,0.002233
sim_2019-02-09_2026-05-21_29c06ed80e5a,2022-09-01,short_straddle,0,0.0,1006417.530594,0.0
sim_2019-02-09_2026-05-21_29c06ed80e5a,2022-09-01,put_credit_spread,1,2247.0,1006417.530594,0.002233
sim_2019-02-09_2026-05-21_29c06ed80e5a,2022-09-02,short_straddle,0,0.0,1006417.530594,0.0
sim_2019-02-09_2026-05-21_29c06ed80e5a,2022-09-02,put_credit_spread,1,2247.0,1006417.530594,0.002233
sim_2019-02-09_2026-05-21_29c06ed80e5a,2022-09-06,short_straddle,0,0.0,1006417.530594,0.0
sim_2019-02-09_2026-05-21_29c06ed80e5a,2022-09-06,put_credit_spread,1,2247.0,1006417.530594,0.002233
sim_2019-02-09_2026-05-21_29c06ed80e5a,2022-09-07,short_straddle,0,0.0,1006417.530594,0.0
sim_2019-02-09_2026-05-21_29c06ed80e5a,2022-09-07,put_credit_spread,1,2247.0,1006417.530594,0.002233
sim_2019-02-09_2026-05-21_29c06ed80e5a,2022-09-08,short_straddle,0,0.0,1006417.530594,0.0
sim_2019-02-09_2026-05-21_29c06ed80e5a,2022-09-08,put_credit_spread,1,2247.0,1006417.530594,0.002233
sim_2019-02-09_2026-05-21_29c06ed80e5a,2022-09-09,short_straddle,0,0.0,1006417.530594,0.0
sim_2019-02-09_2026-05-21_29c06ed80e5a,2022-09-09,put_credit_spread,1,2247.0,1006417.530594,0.002233
sim_2019-02-09_2026-05-21_29c06ed80e5a,2022-09-12,short_straddle,0,0.0,1006674.530594,0.0
sim_2019-02-09_2026-05-21_29c06ed80e5a,2022-09-12,put_credit_spread,1,2247.0,1006674.530594,0.002232
sim_2019-02-09_2026-05-21_29c06ed80e5a,2022-09-13,short_straddle,0,0.0,1006674.530594,0.0
sim_2019-02-09_2026-05-21_29c06ed80e5a,2022-09-13,put_credit_spread,1,2247.0,1006674.530594,0.002232
sim_2019-02-09_2026-05-21_29c06ed80e5a,2022-09-14,short_straddle,0,0.0,1006674.530594,0.0
sim_2019-02-09_2026-05-21_29c06ed80e5a,2022-09-14,put_credit_spread,1,2247.0,1006674.530594,0.002232
sim_2019-02-09_2026-05-21_29c06ed80e5a,2022-09-15,short_straddle,0,0.0,1006674.530594,0.0
sim_2019-02-09_2026-05-21_29c06ed80e5a,2022-09-15,put_credit_spread,1,2247.0,1006674.530594,0.002232
sim_2019-02-09_2026-05-21_29c06ed80e5a,2022-09-16,short_straddle,0,0.0,1006674.530594,0.0
sim_2019-02-09_2026-05-21_29c06ed80e5a,2022-09-16,put_credit_spread,1,2247.0,1006674.530594,0.002232
sim_2019-02-09_2026-05-21_29c06ed80e5a,2022-09-19,short_straddle,0,0.0,1006674.530594,0.0
sim_2019-02-09_2026-05-21_29c06ed80e5a,2022-09-19,put_credit_spread,1,2247.0,1006674.530594,0.002232
sim_2019-02-09_2026-05-21_29c06ed80e5a,2022-09-20,short_straddle,0,0.0,1006674.530594,0.0
sim_2019-02-09_2026-05-21_29c06ed80e5a,2022-09-20,put_credit_spread,1,2247.0,1006674.530594,0.002232
sim_2019-02-09_2026-05-21_29c06ed80e5a,2022-09-21,short_straddle,0,0.0,1006674.530594,0.0
sim_2019-02-09_2026-05-21_29c06ed80e5a,2022-09-21,put_credit_spread,1,2247.0,1006674.530594,0.002232
sim_2019-02-09_2026-05-21_29c06ed80e5a,2022-09-22,short_straddle,0,0.0,1006674.530594,0.0
sim_2019-02-09_2026-05-21_29c06ed80e5a,2022-09-22,put_credit_spread,1,2247.0,1006674.530594,0.002232
sim_2019-02-09_2026-05-21_29c06ed80e5a,2022-09-23,short_straddle,0,0.0,1006674.530594,0.0
sim_2019-02-09_2026-05-21_29c06ed80e5a,2022-09-23,put_credit_spread,1,2247.0,1006674.530594,0.002232
sim_2019-02-09_2026-05-21_29c06ed80e5a,2022-09-26,short_straddle,0,0.0,1004596.2031,0.0
sim_2019-02-09_2026-05-21_29c06ed80e5a,2022-09-26,put_credit_spread,1,2514.5,1004596.2031,0.002503
sim_2019-02-09_2026-05-21_29c06ed80e5a,2022-09-27,short_straddle,0,0.0,1004596.2031,0.0
sim_2019-02-09_2026-05-21_29c06ed80e5a,2022-09-27,put_credit_spread,1,2514.5,1004596.2031,0.002503
sim_2019-02-09_2026-05-21_29c06ed80e5a,2022-09-28,short_straddle,0,0.0,1004596.2031,0.0
sim_2019-02-09_2026-05-21_29c06ed80e5a,2022-09-28,put_credit_spread,1,2514.5,1004596.2031,0.002503
sim_2019-02-09_2026-05-21_29c06ed80e5a,2022-09-29,short_straddle,0,0.0,1004596.2031,0.0
sim_2019-02-09_2026-05-21_29c06ed80e5a,2022-09-29,put_credit_spread,1,2514.5,1004596.2031,0.002503
sim_2019-02-09_2026-05-21_29c06ed80e5a,2022-09-30,short_straddle,0,0.0,1004596.2031,0.0
sim_2019-02-09_2026-05-21_29c06ed80e5a,2022-09-30,put_credit_spread,1,2514.5,1004596.2031,0.002503
sim_2019-02-09_2026-05-21_29c06ed80e5a,2022-10-03,short_straddle,0,0.0,1004596.2031,0.0
sim_2019-02-09_2026-05-21_29c06ed80e5a,2022-10-03,put_credit_spread,1,2514.5,1004596.2031,0.002503
sim_2019-02-09_2026-05-21_29c06ed80e5a,2022-10-04,short_straddle,0,0.0,1004596.2031,0.0
sim_2019-02-09_2026-05-21_29c06ed80e5a,2022-10-04,put_credit_spread,1,2514.5,1004596.2031,0.002503
sim_2019-02-09_2026-05-21_29c06ed80e5a,2022-10-05,short_straddle,0,0.0,1004596.2031,0.0
sim_2019-02-09_2026-05-21_29c06ed80e5a,2022-10-05,put_credit_spread,1,2514.5,1004596.2031,0.002503
sim_2019-02-09_2026-05-21_29c06ed80e5a,2022-10-06,short_straddle,0,0.0,1004596.2031,0.0
sim_2019-02-09_2026-05-21_29c06ed80e5a,2022-10-06,put_credit_spread,1,2514.5,1004596.2031,0.002503
sim_2019-02-09_2026-05-21_29c06ed80e5a,2022-10-07,short_straddle,0,0.0,1004596.2031,0.0
sim_2019-02-09_2026-05-21_29c06ed80e5a,2022-10-07,put_credit_spread,1,2514.5,1004596.2031,0.002503
sim_2019-02-09_2026-05-21_29c06ed80e5a,2022-10-10,short_straddle,0,0.0,1004596.2031,0.0
sim_2019-02-09_2026-05-21_29c06ed80e5a,2022-10-10,put_credit_spread,1,2514.5,1004596.2031,0.002503
sim_2019-02-09_2026-05-21_29c06ed80e5a,2022-10-11,short_straddle,0,0.0,1004596.2031,0.0
sim_2019-02-09_2026-05-21_29c06ed80e5a,2022-10-11,put_credit_spread,1,2514.5,1004596.2031,0.002503
sim_2019-02-09_2026-05-21_29c06ed80e5a,2022-10-12,short_straddle,0,0.0,1004596.2031,0.0
sim_2019-02-09_2026-05-21_29c06ed80e5a,2022-10-12,put_credit_spread,1,2514.5,1004596.2031,0.002503
sim_2019-02-09_2026-05-21_29c06ed80e5a,2022-10-13,short_straddle,0,0.0,1004596.2031,0.0
sim_2019-02-09_2026-05-21_29c06ed80e5a,2022-10-13,put_credit_spread,1,2514.5,1004596.2031,0.002503
sim_2019-02-09_2026-05-21_29c06ed80e5a,2022-10-14,short_straddle,0,0.0,1004596.2031,0.0
sim_2019-02-09_2026-05-21_29c06ed80e5a,2022-10-14,put_credit_spread,1,2514.5,1004596.2031,0.002503
sim_2019-02-09_2026-05-21_29c06ed80e5a,2022-10-17,short_straddle,0,0.0,1004596.2031,0.0
sim_2019-02-09_2026-05-21_29c06ed80e5a,2022-10-17,put_credit_spread,1,2514.5,1004596.2031,0.002503
sim_2019-02-09_2026-05-21_29c06ed80e5a,2022-10-18,short_straddle,0,0.0,1004596.2031,0.0
sim_2019-02-09_2026-05-21_29c06ed80e5a,2022-10-18,put_credit_spread,1,2514.5,1004596.2031,0.002503
sim_2019-02-09_2026-05-21_29c06ed80e5a,2022-10-19,short_straddle,0,0.0,1004596.2031,0.0
sim_2019-02-09_2026-05-21_29c06ed80e5a,2022-10-19,put_credit_spread,1,2514.5,1004596.2031,0.002503
sim_2019-02-09_2026-05-21_29c06ed80e5a,2022-10-20,short_straddle,0,0.0,1004596.2031,0.0
sim_2019-02-09_2026-05-21_29c06ed80e5a,2022-10-20,put_credit_spread,1,2514.5,1004596.2031,0.002503
sim_2019-02-09_2026-05-21_29c06ed80e5a,2022-10-21,short_straddle,0,0.0,1004596.2031,0.0
sim_2019-02-09_2026-05-21_29c06ed80e5a,2022-10-21,put_credit_spread,1,2514.5,1004596.2031,0.002503
sim_2019-02-09_2026-05-21_29c06ed80e5a,2022-10-24,short_straddle,0,0.0,1005077.4981,0.0
sim_2019-02-09_2026-05-21_29c06ed80e5a,2022-10-24,put_credit_spread,1,1890.0,1005077.4981,0.00188
sim_2019-02-09_2026-05-21_29c06ed80e5a,2022-10-25,short_straddle,0,0.0,1005077.4981,0.0
sim_2019-02-09_2026-05-21_29c06ed80e5a,2022-10-25,put_credit_spread,1,1890.0,1005077.4981,0.00188
sim_2019-02-09_2026-05-21_29c06ed80e5a,2022-10-26,short_straddle,0,0.0,1005077.4981,0.0
sim_2019-02-09_2026-05-21_29c06ed80e5a,2022-10-26,put_credit_spread,1,1890.0,1005077.4981,0.00188
sim_2019-02-09_2026-05-21_29c06ed80e5a,2022-10-27,short_straddle,0,0.0,1005077.4981,0.0
sim_2019-02-09_2026-05-21_29c06ed80e5a,2022-10-27,put_credit_spread,1,1890.0,1005077.4981,0.00188
sim_2019-02-09_2026-05-21_29c06ed80e5a,2022-10-28,short_straddle,0,0.0,1005077.4981,0.0
sim_2019-02-09_2026-05-21_29c06ed80e5a,2022-10-28,put_credit_spread,1,1890.0,1005077.4981,0.00188
sim_2019-02-09_2026-05-21_29c06ed80e5a,2022-10-31,short_straddle,0,0.0,1005077.4981,0.0
sim_2019-02-09_2026-05-21_29c06ed80e5a,2022-10-31,put_credit_spread,1,1890.0,1005077.4981,0.00188
sim_2019-02-09_2026-05-21_29c06ed80e5a,2022-11-01,short_straddle,0,0.0,1005077.4981,0.0
sim_2019-02-09_2026-05-21_29c06ed80e5a,2022-11-01,put_credit_spread,1,1890.0,1005077.4981,0.00188
sim_2019-02-09_2026-05-21_29c06ed80e5a,2022-11-02,short_straddle,0,0.0,1005077.4981,0.0
sim_2019-02-09_2026-05-21_29c06ed80e5a,2022-11-02,put_credit_spread,1,1890.0,1005077.4981,0.00188
sim_2019-02-09_2026-05-21_29c06ed80e5a,2022-11-03,short_straddle,0,0.0,1005077.4981,0.0
sim_2019-02-09_2026-05-21_29c06ed80e5a,2022-11-03,put_credit_spread,1,1890.0,1005077.4981,0.00188
sim_2019-02-09_2026-05-21_29c06ed80e5a,2022-11-04,short_straddle,0,0.0,1005077.4981,0.0
sim_2019-02-09_2026-05-21_29c06ed80e5a,2022-11-04,put_credit_spread,1,1890.0,1005077.4981,0.00188
sim_2019-02-09_2026-05-21_29c06ed80e5a,2022-11-07,short_straddle,0,0.0,1005077.4981,0.0
sim_2019-02-09_2026-05-21_29c06ed80e5a,2022-11-07,put_credit_spread,1,1890.0,1005077.4981,0.00188
sim_2019-02-09_2026-05-21_29c06ed80e5a,2022-11-08,short_straddle,0,0.0,1005077.4981,0.0
sim_2019-02-09_2026-05-21_29c06ed80e5a,2022-11-08,put_credit_spread,1,1890.0,1005077.4981,0.00188
sim_2019-02-09_2026-05-21_29c06ed80e5a,2022-11-09,short_straddle,0,0.0,1005077.4981,0.0
sim_2019-02-09_2026-05-21_29c06ed80e5a,2022-11-09,put_credit_spread,1,1890.0,1005077.4981,0.00188
sim_2019-02-09_2026-05-21_29c06ed80e5a,2022-11-10,short_straddle,0,0.0,1005077.4981,0.0
sim_2019-02-09_2026-05-21_29c06ed80e5a,2022-11-10,put_credit_spread,1,1890.0,1005077.4981,0.00188
sim_2019-02-09_2026-05-21_29c06ed80e5a,2022-11-11,short_straddle,0,0.0,1005077.4981,0.0
sim_2019-02-09_2026-05-21_29c06ed80e5a,2022-11-11,put_credit_spread,1,1890.0,1005077.4981,0.00188
sim_2019-02-09_2026-05-21_29c06ed80e5a,2022-11-14,short_straddle,0,0.0,1005077.4981,0.0
sim_2019-02-09_2026-05-21_29c06ed80e5a,2022-11-14,put_credit_spread,1,1890.0,1005077.4981,0.00188
sim_2019-02-09_2026-05-21_29c06ed80e5a,2022-11-15,short_straddle,0,0.0,1005077.4981,0.0
sim_2019-02-09_2026-05-21_29c06ed80e5a,2022-11-15,put_credit_spread,1,1890.0,1005077.4981,0.00188
sim_2019-02-09_2026-05-21_29c06ed80e5a,2022-11-16,short_straddle,0,0.0,1005077.4981,0.0
sim_2019-02-09_2026-05-21_29c06ed80e5a,2022-11-16,put_credit_spread,1,1890.0,1005077.4981,0.00188
sim_2019-02-09_2026-05-21_29c06ed80e5a,2022-11-17,short_straddle,0,0.0,1005077.4981,0.0
sim_2019-02-09_2026-05-21_29c06ed80e5a,2022-11-17,put_credit_spread,1,1890.0,1005077.4981,0.00188
sim_2019-02-09_2026-05-21_29c06ed80e5a,2022-11-18,short_straddle,0,0.0,1005077.4981,0.0
sim_2019-02-09_2026-05-21_29c06ed80e5a,2022-11-18,put_credit_spread,1,1890.0,1005077.4981,0.00188
sim_2019-02-09_2026-05-21_29c06ed80e5a,2022-11-21,short_straddle,0,0.0,1005483.3761,0.0
sim_2019-02-09_2026-05-21_29c06ed80e5a,2022-11-21,put_credit_spread,1,1356.0,1005483.3761,0.001349
sim_2019-02-09_2026-05-21_29c06ed80e5a,2022-11-22,short_straddle,0,0.0,1005483.3761,0.0
sim_2019-02-09_2026-05-21_29c06ed80e5a,2022-11-22,put_credit_spread,1,1356.0,1005483.3761,0.001349
sim_2019-02-09_2026-05-21_29c06ed80e5a,2022-11-23,short_straddle,0,0.0,1005483.3761,0.0
sim_2019-02-09_2026-05-21_29c06ed80e5a,2022-11-23,put_credit_spread,1,1356.0,1005483.3761,0.001349
sim_2019-02-09_2026-05-21_29c06ed80e5a,2022-11-25,short_straddle,0,0.0,1005483.3761,0.0
sim_2019-02-09_2026-05-21_29c06ed80e5a,2022-11-25,put_credit_spread,1,1356.0,1005483.3761,0.001349
sim_2019-02-09_2026-05-21_29c06ed80e5a,2022-11-28,short_straddle,0,0.0,1005483.3761,0.0
sim_2019-02-09_2026-05-21_29c06ed80e5a,2022-11-28,put_credit_spread,1,1356.0,1005483.3761,0.001349
sim_2019-02-09_2026-05-21_29c06ed80e5a,2022-11-29,short_straddle,0,0.0,1005483.3761,0.0
sim_2019-02-09_2026-05-21_29c06ed80e5a,2022-11-29,put_credit_spread,1,1356.0,1005483.3761,0.001349
sim_2019-02-09_2026-05-21_29c06ed80e5a,2022-11-30,short_straddle,0,0.0,1005483.3761,0.0
sim_2019-02-09_2026-05-21_29c06ed80e5a,2022-11-30,put_credit_spread,1,1356.0,1005483.3761,0.001349
sim_2019-02-09_2026-05-21_29c06ed80e5a,2022-12-01,short_straddle,0,0.0,1005483.3761,0.0
sim_2019-02-09_2026-05-21_29c06ed80e5a,2022-12-01,put_credit_spread,1,1356.0,1005483.3761,0.001349
sim_2019-02-09_2026-05-21_29c06ed80e5a,2022-12-02,short_straddle,0,0.0,1005483.3761,0.0
sim_2019-02-09_2026-05-21_29c06ed80e5a,2022-12-02,put_credit_spread,1,1356.0,1005483.3761,0.001349
sim_2019-02-09_2026-05-21_29c06ed80e5a,2022-12-05,short_straddle,0,0.0,1005483.3761,0.0
sim_2019-02-09_2026-05-21_29c06ed80e5a,2022-12-05,put_credit_spread,1,1356.0,1005483.3761,0.001349
sim_2019-02-09_2026-05-21_29c06ed80e5a,2022-12-06,short_straddle,0,0.0,1005483.3761,0.0
sim_2019-02-09_2026-05-21_29c06ed80e5a,2022-12-06,put_credit_spread,1,1356.0,1005483.3761,0.001349
sim_2019-02-09_2026-05-21_29c06ed80e5a,2022-12-07,short_straddle,0,0.0,1005483.3761,0.0
sim_2019-02-09_2026-05-21_29c06ed80e5a,2022-12-07,put_credit_spread,1,1356.0,1005483.3761,0.001349
sim_2019-02-09_2026-05-21_29c06ed80e5a,2022-12-08,short_straddle,0,0.0,1005483.3761,0.0
sim_2019-02-09_2026-05-21_29c06ed80e5a,2022-12-08,put_credit_spread,1,1356.0,1005483.3761,0.001349
sim_2019-02-09_2026-05-21_29c06ed80e5a,2022-12-09,short_straddle,0,0.0,1005483.3761,0.0
sim_2019-02-09_2026-05-21_29c06ed80e5a,2022-12-09,put_credit_spread,1,1356.0,1005483.3761,0.001349
sim_2019-02-09_2026-05-21_29c06ed80e5a,2022-12-12,short_straddle,0,0.0,1005483.3761,0.0
sim_2019-02-09_2026-05-21_29c06ed80e5a,2022-12-12,put_credit_spread,1,1356.0,1005483.3761,0.001349
sim_2019-02-09_2026-05-21_29c06ed80e5a,2022-12-13,short_straddle,0,0.0,1005483.3761,0.0
sim_2019-02-09_2026-05-21_29c06ed80e5a,2022-12-13,put_credit_spread,1,1356.0,1005483.3761,0.001349
sim_2019-02-09_2026-05-21_29c06ed80e5a,2022-12-14,short_straddle,0,0.0,1005483.3761,0.0
sim_2019-02-09_2026-05-21_29c06ed80e5a,2022-12-14,put_credit_spread,1,1356.0,1005483.3761,0.001349
sim_2019-02-09_2026-05-21_29c06ed80e5a,2022-12-15,short_straddle,0,0.0,1005483.3761,0.0
sim_2019-02-09_2026-05-21_29c06ed80e5a,2022-12-15,put_credit_spread,1,1356.0,1005483.3761,0.001349
sim_2019-02-09_2026-05-21_29c06ed80e5a,2022-12-16,short_straddle,0,0.0,1005723.15935,0.0
sim_2019-02-09_2026-05-21_29c06ed80e5a,2022-12-16,put_credit_spread,1,1966.5,1005723.15935,0.001955
sim_2019-02-09_2026-05-21_29c06ed80e5a,2022-12-19,short_straddle,0,0.0,1005723.15935,0.0
sim_2019-02-09_2026-05-21_29c06ed80e5a,2022-12-19,put_credit_spread,1,1966.5,1005723.15935,0.001955
sim_2019-02-09_2026-05-21_29c06ed80e5a,2022-12-20,short_straddle,0,0.0,1005723.15935,0.0
sim_2019-02-09_2026-05-21_29c06ed80e5a,2022-12-20,put_credit_spread,1,1966.5,1005723.15935,0.001955
sim_2019-02-09_2026-05-21_29c06ed80e5a,2022-12-21,short_straddle,0,0.0,1005723.15935,0.0
sim_2019-02-09_2026-05-21_29c06ed80e5a,2022-12-21,put_credit_spread,1,1966.5,1005723.15935,0.001955
sim_2019-02-09_2026-05-21_29c06ed80e5a,2022-12-22,short_straddle,0,0.0,1005723.15935,0.0
sim_2019-02-09_2026-05-21_29c06ed80e5a,2022-12-22,put_credit_spread,1,1966.5,1005723.15935,0.001955
sim_2019-02-09_2026-05-21_29c06ed80e5a,2022-12-23,short_straddle,0,0.0,1005723.15935,0.0
sim_2019-02-09_2026-05-21_29c06ed80e5a,2022-12-23,put_credit_spread,1,1966.5,1005723.15935,0.001955
sim_2019-02-09_2026-05-21_29c06ed80e5a,2022-12-27,short_straddle,0,0.0,1005723.15935,0.0
sim_2019-02-09_2026-05-21_29c06ed80e5a,2022-12-27,put_credit_spread,1,1966.5,1005723.15935,0.001955
sim_2019-02-09_2026-05-21_29c06ed80e5a,2022-12-28,short_straddle,0,0.0,1005723.15935,0.0
sim_2019-02-09_2026-05-21_29c06ed80e5a,2022-12-28,put_credit_spread,1,1966.5,1005723.15935,0.001955
sim_2019-02-09_2026-05-21_29c06ed80e5a,2022-12-29,short_straddle,0,0.0,1005723.15935,0.0
sim_2019-02-09_2026-05-21_29c06ed80e5a,2022-12-29,put_credit_spread,1,1966.5,1005723.15935,0.001955
sim_2019-02-09_2026-05-21_29c06ed80e5a,2022-12-30,short_straddle,0,0.0,1005632.15935,0.0
sim_2019-02-09_2026-05-21_29c06ed80e5a,2022-12-30,put_credit_spread,1,1966.5,1005632.15935,0.001955
sim_2019-02-09_2026-05-21_29c06ed80e5a,2023-01-03,short_straddle,0,0.0,1005632.15935,0.0
sim_2019-02-09_2026-05-21_29c06ed80e5a,2023-01-03,put_credit_spread,1,1966.5,1005632.15935,0.001955
sim_2019-02-09_2026-05-21_29c06ed80e5a,2023-01-04,short_straddle,0,0.0,1005632.15935,0.0
sim_2019-02-09_2026-05-21_29c06ed80e5a,2023-01-04,put_credit_spread,1,1966.5,1005632.15935,0.001955
sim_2019-02-09_2026-05-21_29c06ed80e5a,2023-01-05,short_straddle,0,0.0,1005632.15935,0.0
sim_2019-02-09_2026-05-21_29c06ed80e5a,2023-01-05,put_credit_spread,1,1966.5,1005632.15935,0.001955
sim_2019-02-09_2026-05-21_29c06ed80e5a,2023-01-06,short_straddle,0,0.0,1005632.15935,0.0
sim_2019-02-09_2026-05-21_29c06ed80e5a,2023-01-06,put_credit_spread,1,1966.5,1005632.15935,0.001955
sim_2019-02-09_2026-05-21_29c06ed80e5a,2023-01-09,short_straddle,0,0.0,1005632.15935,0.0
sim_2019-02-09_2026-05-21_29c06ed80e5a,2023-01-09,put_credit_spread,1,1966.5,1005632.15935,0.001955
sim_2019-02-09_2026-05-21_29c06ed80e5a,2023-01-10,short_straddle,0,0.0,1005632.15935,0.0
sim_2019-02-09_2026-05-21_29c06ed80e5a,2023-01-10,put_credit_spread,1,1966.5,1005632.15935,0.001955
sim_2019-02-09_2026-05-21_29c06ed80e5a,2023-01-11,short_straddle,0,0.0,1005632.15935,0.0
sim_2019-02-09_2026-05-21_29c06ed80e5a,2023-01-11,put_credit_spread,1,1966.5,1005632.15935,0.001955
sim_2019-02-09_2026-05-21_29c06ed80e5a,2023-01-12,short_straddle,0,0.0,1005632.15935,0.0
sim_2019-02-09_2026-05-21_29c06ed80e5a,2023-01-12,put_credit_spread,1,1966.5,1005632.15935,0.001955
sim_2019-02-09_2026-05-21_29c06ed80e5a,2023-01-13,short_straddle,0,0.0,1006152.5166,0.0
sim_2019-02-09_2026-05-21_29c06ed80e5a,2023-01-13,put_credit_spread,1,1314.5,1006152.5166,0.001306
sim_2019-02-09_2026-05-21_29c06ed80e5a,2023-01-17,short_straddle,0,0.0,1006152.5166,0.0
sim_2019-02-09_2026-05-21_29c06ed80e5a,2023-01-17,put_credit_spread,1,1314.5,1006152.5166,0.001306
sim_2019-02-09_2026-05-21_29c06ed80e5a,2023-01-18,short_straddle,0,0.0,1006152.5166,0.0
sim_2019-02-09_2026-05-21_29c06ed80e5a,2023-01-18,put_credit_spread,1,1314.5,1006152.5166,0.001306
sim_2019-02-09_2026-05-21_29c06ed80e5a,2023-01-19,short_straddle,0,0.0,1006152.5166,0.0
sim_2019-02-09_2026-05-21_29c06ed80e5a,2023-01-19,put_credit_spread,1,1314.5,1006152.5166,0.001306
sim_2019-02-09_2026-05-21_29c06ed80e5a,2023-01-20,short_straddle,0,0.0,1006152.5166,0.0
sim_2019-02-09_2026-05-21_29c06ed80e5a,2023-01-20,put_credit_spread,1,1314.5,1006152.5166,0.001306
sim_2019-02-09_2026-05-21_29c06ed80e5a,2023-01-23,short_straddle,0,0.0,1006152.5166,0.0
sim_2019-02-09_2026-05-21_29c06ed80e5a,2023-01-23,put_credit_spread,1,1314.5,1006152.5166,0.001306
sim_2019-02-09_2026-05-21_29c06ed80e5a,2023-01-24,short_straddle,0,0.0,1006152.5166,0.0
sim_2019-02-09_2026-05-21_29c06ed80e5a,2023-01-24,put_credit_spread,1,1314.5,1006152.5166,0.001306
sim_2019-02-09_2026-05-21_29c06ed80e5a,2023-01-25,short_straddle,0,0.0,1006152.5166,0.0
sim_2019-02-09_2026-05-21_29c06ed80e5a,2023-01-25,put_credit_spread,1,1314.5,1006152.5166,0.001306
sim_2019-02-09_2026-05-21_29c06ed80e5a,2023-01-26,short_straddle,0,0.0,1006152.5166,0.0
sim_2019-02-09_2026-05-21_29c06ed80e5a,2023-01-26,put_credit_spread,1,1314.5,1006152.5166,0.001306
sim_2019-02-09_2026-05-21_29c06ed80e5a,2023-01-27,short_straddle,0,0.0,1006152.5166,0.0
sim_2019-02-09_2026-05-21_29c06ed80e5a,2023-01-27,put_credit_spread,1,1314.5,1006152.5166,0.001306
sim_2019-02-09_2026-05-21_29c06ed80e5a,2023-01-30,short_straddle,0,0.0,1006152.5166,0.0
sim_2019-02-09_2026-05-21_29c06ed80e5a,2023-01-30,put_credit_spread,1,1314.5,1006152.5166,0.001306
sim_2019-02-09_2026-05-21_29c06ed80e5a,2023-01-31,short_straddle,0,0.0,1006152.5166,0.0
sim_2019-02-09_2026-05-21_29c06ed80e5a,2023-01-31,put_credit_spread,1,1314.5,1006152.5166,0.001306
sim_2019-02-09_2026-05-21_29c06ed80e5a,2023-02-01,short_straddle,0,0.0,1006152.5166,0.0
sim_2019-02-09_2026-05-21_29c06ed80e5a,2023-02-01,put_credit_spread,1,1314.5,1006152.5166,0.001306
sim_2019-02-09_2026-05-21_29c06ed80e5a,2023-02-02,short_straddle,0,0.0,1006152.5166,0.0
sim_2019-02-09_2026-05-21_29c06ed80e5a,2023-02-02,put_credit_spread,1,1314.5,1006152.5166,0.001306
sim_2019-02-09_2026-05-21_29c06ed80e5a,2023-02-03,short_straddle,0,0.0,1006152.5166,0.0
sim_2019-02-09_2026-05-21_29c06ed80e5a,2023-02-03,put_credit_spread,1,1314.5,1006152.5166,0.001306
sim_2019-02-09_2026-05-21_29c06ed80e5a,2023-02-06,short_straddle,0,0.0,1006152.5166,0.0
sim_2019-02-09_2026-05-21_29c06ed80e5a,2023-02-06,put_credit_spread,1,1314.5,1006152.5166,0.001306
sim_2019-02-09_2026-05-21_29c06ed80e5a,2023-02-07,short_straddle,0,0.0,1006152.5166,0.0
sim_2019-02-09_2026-05-21_29c06ed80e5a,2023-02-07,put_credit_spread,1,1314.5,1006152.5166,0.001306
sim_2019-02-09_2026-05-21_29c06ed80e5a,2023-02-08,short_straddle,0,0.0,1006152.5166,0.0
sim_2019-02-09_2026-05-21_29c06ed80e5a,2023-02-08,put_credit_spread,1,1314.5,1006152.5166,0.001306
sim_2019-02-09_2026-05-21_29c06ed80e5a,2023-02-09,short_straddle,0,0.0,1006152.5166,0.0
sim_2019-02-09_2026-05-21_29c06ed80e5a,2023-02-09,put_credit_spread,1,1314.5,1006152.5166,0.001306
sim_2019-02-09_2026-05-21_29c06ed80e5a,2023-02-10,short_straddle,0,0.0,1006433.8151,0.0
sim_2019-02-09_2026-05-21_29c06ed80e5a,2023-02-10,put_credit_spread,1,2097.0,1006433.8151,0.002084
sim_2019-02-09_2026-05-21_29c06ed80e5a,2023-02-13,short_straddle,0,0.0,1006433.8151,0.0
sim_2019-02-09_2026-05-21_29c06ed80e5a,2023-02-13,put_credit_spread,1,2097.0,1006433.8151,0.002084
sim_2019-02-09_2026-05-21_29c06ed80e5a,2023-02-14,short_straddle,0,0.0,1006433.8151,0.0
sim_2019-02-09_2026-05-21_29c06ed80e5a,2023-02-14,put_credit_spread,1,2097.0,1006433.8151,0.002084
sim_2019-02-09_2026-05-21_29c06ed80e5a,2023-02-15,short_straddle,0,0.0,1006433.8151,0.0
sim_2019-02-09_2026-05-21_29c06ed80e5a,2023-02-15,put_credit_spread,1,2097.0,1006433.8151,0.002084
sim_2019-02-09_2026-05-21_29c06ed80e5a,2023-02-16,short_straddle,0,0.0,1006433.8151,0.0
sim_2019-02-09_2026-05-21_29c06ed80e5a,2023-02-16,put_credit_spread,1,2097.0,1006433.8151,0.002084
sim_2019-02-09_2026-05-21_29c06ed80e5a,2023-02-17,short_straddle,0,0.0,1006433.8151,0.0
sim_2019-02-09_2026-05-21_29c06ed80e5a,2023-02-17,put_credit_spread,1,2097.0,1006433.8151,0.002084
sim_2019-02-09_2026-05-21_29c06ed80e5a,2023-02-21,short_straddle,0,0.0,1006433.8151,0.0
sim_2019-02-09_2026-05-21_29c06ed80e5a,2023-02-21,put_credit_spread,1,2097.0,1006433.8151,0.002084
sim_2019-02-09_2026-05-21_29c06ed80e5a,2023-02-22,short_straddle,0,0.0,1006433.8151,0.0
sim_2019-02-09_2026-05-21_29c06ed80e5a,2023-02-22,put_credit_spread,1,2097.0,1006433.8151,0.002084
sim_2019-02-09_2026-05-21_29c06ed80e5a,2023-02-23,short_straddle,0,0.0,1006433.8151,0.0
sim_2019-02-09_2026-05-21_29c06ed80e5a,2023-02-23,put_credit_spread,1,2097.0,1006433.8151,0.002084
sim_2019-02-09_2026-05-21_29c06ed80e5a,2023-02-24,short_straddle,0,0.0,1006433.8151,0.0
sim_2019-02-09_2026-05-21_29c06ed80e5a,2023-02-24,put_credit_spread,1,2097.0,1006433.8151,0.002084
sim_2019-02-09_2026-05-21_29c06ed80e5a,2023-02-27,short_straddle,0,0.0,1006433.8151,0.0
sim_2019-02-09_2026-05-21_29c06ed80e5a,2023-02-27,put_credit_spread,1,2097.0,1006433.8151,0.002084
sim_2019-02-09_2026-05-21_29c06ed80e5a,2023-02-28,short_straddle,0,0.0,1006433.8151,0.0
sim_2019-02-09_2026-05-21_29c06ed80e5a,2023-02-28,put_credit_spread,1,2097.0,1006433.8151,0.002084
sim_2019-02-09_2026-05-21_29c06ed80e5a,2023-03-01,short_straddle,0,0.0,1006433.8151,0.0
sim_2019-02-09_2026-05-21_29c06ed80e5a,2023-03-01,put_credit_spread,1,2097.0,1006433.8151,0.002084
sim_2019-02-09_2026-05-21_29c06ed80e5a,2023-03-02,short_straddle,0,0.0,1006433.8151,0.0
sim_2019-02-09_2026-05-21_29c06ed80e5a,2023-03-02,put_credit_spread,1,2097.0,1006433.8151,0.002084
sim_2019-02-09_2026-05-21_29c06ed80e5a,2023-03-03,short_straddle,0,0.0,1006433.8151,0.0
sim_2019-02-09_2026-05-21_29c06ed80e5a,2023-03-03,put_credit_spread,1,2097.0,1006433.8151,0.002084
sim_2019-02-09_2026-05-21_29c06ed80e5a,2023-03-06,short_straddle,0,0.0,1006433.8151,0.0
sim_2019-02-09_2026-05-21_29c06ed80e5a,2023-03-06,put_credit_spread,1,2097.0,1006433.8151,0.002084
sim_2019-02-09_2026-05-21_29c06ed80e5a,2023-03-07,short_straddle,0,0.0,1006433.8151,0.0
sim_2019-02-09_2026-05-21_29c06ed80e5a,2023-03-07,put_credit_spread,1,2097.0,1006433.8151,0.002084
sim_2019-02-09_2026-05-21_29c06ed80e5a,2023-03-08,short_straddle,0,0.0,1006429.4141,0.0
sim_2019-02-09_2026-05-21_29c06ed80e5a,2023-03-08,put_credit_spread,1,1901.0,1006429.4141,0.001889
sim_2019-02-09_2026-05-21_29c06ed80e5a,2023-03-09,short_straddle,0,0.0,1006429.4141,0.0
sim_2019-02-09_2026-05-21_29c06ed80e5a,2023-03-09,put_credit_spread,1,1901.0,1006429.4141,0.001889
sim_2019-02-09_2026-05-21_29c06ed80e5a,2023-03-10,short_straddle,0,0.0,1006429.4141,0.0
sim_2019-02-09_2026-05-21_29c06ed80e5a,2023-03-10,put_credit_spread,1,1901.0,1006429.4141,0.001889
sim_2019-02-09_2026-05-21_29c06ed80e5a,2023-03-13,short_straddle,0,0.0,1006429.4141,0.0
sim_2019-02-09_2026-05-21_29c06ed80e5a,2023-03-13,put_credit_spread,1,1901.0,1006429.4141,0.001889
sim_2019-02-09_2026-05-21_29c06ed80e5a,2023-03-14,short_straddle,0,0.0,1006429.4141,0.0
sim_2019-02-09_2026-05-21_29c06ed80e5a,2023-03-14,put_credit_spread,1,1901.0,1006429.4141,0.001889
sim_2019-02-09_2026-05-21_29c06ed80e5a,2023-03-15,short_straddle,0,0.0,1006429.4141,0.0
sim_2019-02-09_2026-05-21_29c06ed80e5a,2023-03-15,put_credit_spread,1,1901.0,1006429.4141,0.001889
sim_2019-02-09_2026-05-21_29c06ed80e5a,2023-03-16,short_straddle,0,0.0,1006429.4141,0.0
sim_2019-02-09_2026-05-21_29c06ed80e5a,2023-03-16,put_credit_spread,1,1901.0,1006429.4141,0.001889
sim_2019-02-09_2026-05-21_29c06ed80e5a,2023-03-17,short_straddle,0,0.0,1006429.4141,0.0
sim_2019-02-09_2026-05-21_29c06ed80e5a,2023-03-17,put_credit_spread,1,1901.0,1006429.4141,0.001889
sim_2019-02-09_2026-05-21_29c06ed80e5a,2023-03-20,short_straddle,0,0.0,1006429.4141,0.0
sim_2019-02-09_2026-05-21_29c06ed80e5a,2023-03-20,put_credit_spread,1,1901.0,1006429.4141,0.001889
sim_2019-02-09_2026-05-21_29c06ed80e5a,2023-03-21,short_straddle,0,0.0,1006429.4141,0.0
sim_2019-02-09_2026-05-21_29c06ed80e5a,2023-03-21,put_credit_spread,1,1901.0,1006429.4141,0.001889
sim_2019-02-09_2026-05-21_29c06ed80e5a,2023-03-22,short_straddle,0,0.0,1006429.4141,0.0
sim_2019-02-09_2026-05-21_29c06ed80e5a,2023-03-22,put_credit_spread,1,1901.0,1006429.4141,0.001889
sim_2019-02-09_2026-05-21_29c06ed80e5a,2023-03-23,short_straddle,0,0.0,1006429.4141,0.0
sim_2019-02-09_2026-05-21_29c06ed80e5a,2023-03-23,put_credit_spread,1,1901.0,1006429.4141,0.001889
sim_2019-02-09_2026-05-21_29c06ed80e5a,2023-03-24,short_straddle,0,0.0,1006429.4141,0.0
sim_2019-02-09_2026-05-21_29c06ed80e5a,2023-03-24,put_credit_spread,1,1901.0,1006429.4141,0.001889
sim_2019-02-09_2026-05-21_29c06ed80e5a,2023-03-27,short_straddle,0,0.0,1006429.4141,0.0
sim_2019-02-09_2026-05-21_29c06ed80e5a,2023-03-27,put_credit_spread,1,1901.0,1006429.4141,0.001889
sim_2019-02-09_2026-05-21_29c06ed80e5a,2023-03-28,short_straddle,0,0.0,1006429.4141,0.0
sim_2019-02-09_2026-05-21_29c06ed80e5a,2023-03-28,put_credit_spread,1,1901.0,1006429.4141,0.001889
sim_2019-02-09_2026-05-21_29c06ed80e5a,2023-03-29,short_straddle,0,0.0,1006429.4141,0.0
sim_2019-02-09_2026-05-21_29c06ed80e5a,2023-03-29,put_credit_spread,1,1901.0,1006429.4141,0.001889
sim_2019-02-09_2026-05-21_29c06ed80e5a,2023-03-30,short_straddle,0,0.0,1006429.4141,0.0
sim_2019-02-09_2026-05-21_29c06ed80e5a,2023-03-30,put_credit_spread,1,1901.0,1006429.4141,0.001889
sim_2019-02-09_2026-05-21_29c06ed80e5a,2023-03-31,short_straddle,0,0.0,1006429.4141,0.0
sim_2019-02-09_2026-05-21_29c06ed80e5a,2023-03-31,put_credit_spread,1,1901.0,1006429.4141,0.001889
sim_2019-02-09_2026-05-21_29c06ed80e5a,2023-04-03,short_straddle,0,0.0,1006429.4141,0.0
sim_2019-02-09_2026-05-21_29c06ed80e5a,2023-04-03,put_credit_spread,1,1901.0,1006429.4141,0.001889
sim_2019-02-09_2026-05-21_29c06ed80e5a,2023-04-04,short_straddle,0,0.0,1006429.4141,0.0
sim_2019-02-09_2026-05-21_29c06ed80e5a,2023-04-04,put_credit_spread,1,1901.0,1006429.4141,0.001889
sim_2019-02-09_2026-05-21_29c06ed80e5a,2023-04-05,short_straddle,0,0.0,1006429.4141,0.0
sim_2019-02-09_2026-05-21_29c06ed80e5a,2023-04-05,put_credit_spread,1,1901.0,1006429.4141,0.001889
sim_2019-02-09_2026-05-21_29c06ed80e5a,2023-04-06,short_straddle,0,0.0,1006826.4141,0.0
sim_2019-02-09_2026-05-21_29c06ed80e5a,2023-04-06,put_credit_spread,0,0.0,1006826.4141,0.0
sim_2019-02-09_2026-05-21_29c06ed80e5a,2023-04-10,short_straddle,0,0.0,1006824.2901,0.0
sim_2019-02-09_2026-05-21_29c06ed80e5a,2023-04-10,put_credit_spread,1,1352.0,1006824.2901,0.001343
sim_2019-02-09_2026-05-21_29c06ed80e5a,2023-04-11,short_straddle,0,0.0,1006824.2901,0.0
sim_2019-02-09_2026-05-21_29c06ed80e5a,2023-04-11,put_credit_spread,1,1352.0,1006824.2901,0.001343
sim_2019-02-09_2026-05-21_29c06ed80e5a,2023-04-12,short_straddle,0,0.0,1006824.2901,0.0
sim_2019-02-09_2026-05-21_29c06ed80e5a,2023-04-12,put_credit_spread,1,1352.0,1006824.2901,0.001343
sim_2019-02-09_2026-05-21_29c06ed80e5a,2023-04-13,short_straddle,0,0.0,1006824.2901,0.0
sim_2019-02-09_2026-05-21_29c06ed80e5a,2023-04-13,put_credit_spread,1,1352.0,1006824.2901,0.001343
sim_2019-02-09_2026-05-21_29c06ed80e5a,2023-04-14,short_straddle,0,0.0,1006824.2901,0.0
sim_2019-02-09_2026-05-21_29c06ed80e5a,2023-04-14,put_credit_spread,1,1352.0,1006824.2901,0.001343
sim_2019-02-09_2026-05-21_29c06ed80e5a,2023-04-17,short_straddle,0,0.0,1006824.2901,0.0
sim_2019-02-09_2026-05-21_29c06ed80e5a,2023-04-17,put_credit_spread,1,1352.0,1006824.2901,0.001343
sim_2019-02-09_2026-05-21_29c06ed80e5a,2023-04-18,short_straddle,0,0.0,1006824.2901,0.0
sim_2019-02-09_2026-05-21_29c06ed80e5a,2023-04-18,put_credit_spread,1,1352.0,1006824.2901,0.001343
sim_2019-02-09_2026-05-21_29c06ed80e5a,2023-04-19,short_straddle,0,0.0,1006824.2901,0.0
sim_2019-02-09_2026-05-21_29c06ed80e5a,2023-04-19,put_credit_spread,1,1352.0,1006824.2901,0.001343
sim_2019-02-09_2026-05-21_29c06ed80e5a,2023-04-20,short_straddle,0,0.0,1006824.2901,0.0
sim_2019-02-09_2026-05-21_29c06ed80e5a,2023-04-20,put_credit_spread,1,1352.0,1006824.2901,0.001343
sim_2019-02-09_2026-05-21_29c06ed80e5a,2023-04-21,short_straddle,0,0.0,1006824.2901,0.0
sim_2019-02-09_2026-05-21_29c06ed80e5a,2023-04-21,put_credit_spread,1,1352.0,1006824.2901,0.001343
sim_2019-02-09_2026-05-21_29c06ed80e5a,2023-04-24,short_straddle,0,0.0,1006824.2901,0.0
sim_2019-02-09_2026-05-21_29c06ed80e5a,2023-04-24,put_credit_spread,1,1352.0,1006824.2901,0.001343
sim_2019-02-09_2026-05-21_29c06ed80e5a,2023-04-25,short_straddle,0,0.0,1006824.2901,0.0
sim_2019-02-09_2026-05-21_29c06ed80e5a,2023-04-25,put_credit_spread,1,1352.0,1006824.2901,0.001343
sim_2019-02-09_2026-05-21_29c06ed80e5a,2023-04-26,short_straddle,0,0.0,1006824.2901,0.0
sim_2019-02-09_2026-05-21_29c06ed80e5a,2023-04-26,put_credit_spread,1,1352.0,1006824.2901,0.001343
sim_2019-02-09_2026-05-21_29c06ed80e5a,2023-04-27,short_straddle,0,0.0,1006824.2901,0.0
sim_2019-02-09_2026-05-21_29c06ed80e5a,2023-04-27,put_credit_spread,1,1352.0,1006824.2901,0.001343
sim_2019-02-09_2026-05-21_29c06ed80e5a,2023-04-28,short_straddle,0,0.0,1006824.2901,0.0
sim_2019-02-09_2026-05-21_29c06ed80e5a,2023-04-28,put_credit_spread,1,1352.0,1006824.2901,0.001343
sim_2019-02-09_2026-05-21_29c06ed80e5a,2023-05-01,short_straddle,0,0.0,1006824.2901,0.0
sim_2019-02-09_2026-05-21_29c06ed80e5a,2023-05-01,put_credit_spread,1,1352.0,1006824.2901,0.001343
sim_2019-02-09_2026-05-21_29c06ed80e5a,2023-05-02,short_straddle,0,0.0,1006824.2901,0.0
sim_2019-02-09_2026-05-21_29c06ed80e5a,2023-05-02,put_credit_spread,1,1352.0,1006824.2901,0.001343
sim_2019-02-09_2026-05-21_29c06ed80e5a,2023-05-03,short_straddle,0,0.0,1006824.2901,0.0
sim_2019-02-09_2026-05-21_29c06ed80e5a,2023-05-03,put_credit_spread,1,1352.0,1006824.2901,0.001343
sim_2019-02-09_2026-05-21_29c06ed80e5a,2023-05-04,short_straddle,0,0.0,1006824.2901,0.0
sim_2019-02-09_2026-05-21_29c06ed80e5a,2023-05-04,put_credit_spread,1,1352.0,1006824.2901,0.001343
sim_2019-02-09_2026-05-21_29c06ed80e5a,2023-05-05,short_straddle,0,0.0,1007068.1511,0.0
sim_2019-02-09_2026-05-21_29c06ed80e5a,2023-05-05,put_credit_spread,1,2122.0,1007068.1511,0.002107
sim_2019-02-09_2026-05-21_29c06ed80e5a,2023-05-08,short_straddle,0,0.0,1007099.1511,0.0
sim_2019-02-09_2026-05-21_29c06ed80e5a,2023-05-08,put_credit_spread,1,2122.0,1007099.1511,0.002107
sim_2019-02-09_2026-05-21_29c06ed80e5a,2023-05-09,short_straddle,0,0.0,1007099.1511,0.0
sim_2019-02-09_2026-05-21_29c06ed80e5a,2023-05-09,put_credit_spread,1,2122.0,1007099.1511,0.002107
sim_2019-02-09_2026-05-21_29c06ed80e5a,2023-05-10,short_straddle,0,0.0,1007099.1511,0.0
sim_2019-02-09_2026-05-21_29c06ed80e5a,2023-05-10,put_credit_spread,1,2122.0,1007099.1511,0.002107
sim_2019-02-09_2026-05-21_29c06ed80e5a,2023-05-11,short_straddle,0,0.0,1007099.1511,0.0
sim_2019-02-09_2026-05-21_29c06ed80e5a,2023-05-11,put_credit_spread,1,2122.0,1007099.1511,0.002107
sim_2019-02-09_2026-05-21_29c06ed80e5a,2023-05-12,short_straddle,0,0.0,1007099.1511,0.0
sim_2019-02-09_2026-05-21_29c06ed80e5a,2023-05-12,put_credit_spread,1,2122.0,1007099.1511,0.002107
sim_2019-02-09_2026-05-21_29c06ed80e5a,2023-05-15,short_straddle,0,0.0,1007099.1511,0.0
sim_2019-02-09_2026-05-21_29c06ed80e5a,2023-05-15,put_credit_spread,1,2122.0,1007099.1511,0.002107
sim_2019-02-09_2026-05-21_29c06ed80e5a,2023-05-16,short_straddle,0,0.0,1007099.1511,0.0
sim_2019-02-09_2026-05-21_29c06ed80e5a,2023-05-16,put_credit_spread,1,2122.0,1007099.1511,0.002107
sim_2019-02-09_2026-05-21_29c06ed80e5a,2023-05-17,short_straddle,0,0.0,1007099.1511,0.0
sim_2019-02-09_2026-05-21_29c06ed80e5a,2023-05-17,put_credit_spread,1,2122.0,1007099.1511,0.002107
sim_2019-02-09_2026-05-21_29c06ed80e5a,2023-05-18,short_straddle,0,0.0,1007099.1511,0.0
sim_2019-02-09_2026-05-21_29c06ed80e5a,2023-05-18,put_credit_spread,1,2122.0,1007099.1511,0.002107
sim_2019-02-09_2026-05-21_29c06ed80e5a,2023-05-19,short_straddle,0,0.0,1007099.1511,0.0
sim_2019-02-09_2026-05-21_29c06ed80e5a,2023-05-19,put_credit_spread,1,2122.0,1007099.1511,0.002107
sim_2019-02-09_2026-05-21_29c06ed80e5a,2023-05-22,short_straddle,0,0.0,1007099.1511,0.0
sim_2019-02-09_2026-05-21_29c06ed80e5a,2023-05-22,put_credit_spread,1,2122.0,1007099.1511,0.002107
sim_2019-02-09_2026-05-21_29c06ed80e5a,2023-05-23,short_straddle,0,0.0,1007099.1511,0.0
sim_2019-02-09_2026-05-21_29c06ed80e5a,2023-05-23,put_credit_spread,1,2122.0,1007099.1511,0.002107
sim_2019-02-09_2026-05-21_29c06ed80e5a,2023-05-24,short_straddle,0,0.0,1007099.1511,0.0
sim_2019-02-09_2026-05-21_29c06ed80e5a,2023-05-24,put_credit_spread,1,2122.0,1007099.1511,0.002107
sim_2019-02-09_2026-05-21_29c06ed80e5a,2023-05-25,short_straddle,0,0.0,1007099.1511,0.0
sim_2019-02-09_2026-05-21_29c06ed80e5a,2023-05-25,put_credit_spread,1,2122.0,1007099.1511,0.002107
sim_2019-02-09_2026-05-21_29c06ed80e5a,2023-05-26,short_straddle,0,0.0,1007099.1511,0.0
sim_2019-02-09_2026-05-21_29c06ed80e5a,2023-05-26,put_credit_spread,1,2122.0,1007099.1511,0.002107
sim_2019-02-09_2026-05-21_29c06ed80e5a,2023-05-30,short_straddle,0,0.0,1007099.1511,0.0
sim_2019-02-09_2026-05-21_29c06ed80e5a,2023-05-30,put_credit_spread,1,2122.0,1007099.1511,0.002107
sim_2019-02-09_2026-05-21_29c06ed80e5a,2023-05-31,short_straddle,0,0.0,1007099.1511,0.0
sim_2019-02-09_2026-05-21_29c06ed80e5a,2023-05-31,put_credit_spread,1,2122.0,1007099.1511,0.002107
sim_2019-02-09_2026-05-21_29c06ed80e5a,2023-06-01,short_straddle,0,0.0,1007099.1511,0.0
sim_2019-02-09_2026-05-21_29c06ed80e5a,2023-06-01,put_credit_spread,1,2122.0,1007099.1511,0.002107
sim_2019-02-09_2026-05-21_29c06ed80e5a,2023-06-02,short_straddle,0,0.0,1007342.06035,0.0
sim_2019-02-09_2026-05-21_29c06ed80e5a,2023-06-02,put_credit_spread,1,1518.5,1007342.06035,0.001507
sim_2019-02-09_2026-05-21_29c06ed80e5a,2023-06-05,short_straddle,0,0.0,1007342.06035,0.0
sim_2019-02-09_2026-05-21_29c06ed80e5a,2023-06-05,put_credit_spread,1,1518.5,1007342.06035,0.001507
sim_2019-02-09_2026-05-21_29c06ed80e5a,2023-06-06,short_straddle,0,0.0,1007342.06035,0.0
sim_2019-02-09_2026-05-21_29c06ed80e5a,2023-06-06,put_credit_spread,1,1518.5,1007342.06035,0.001507
sim_2019-02-09_2026-05-21_29c06ed80e5a,2023-06-07,short_straddle,0,0.0,1007342.06035,0.0
sim_2019-02-09_2026-05-21_29c06ed80e5a,2023-06-07,put_credit_spread,1,1518.5,1007342.06035,0.001507
sim_2019-02-09_2026-05-21_29c06ed80e5a,2023-06-08,short_straddle,0,0.0,1007342.06035,0.0
sim_2019-02-09_2026-05-21_29c06ed80e5a,2023-06-08,put_credit_spread,1,1518.5,1007342.06035,0.001507
sim_2019-02-09_2026-05-21_29c06ed80e5a,2023-06-09,short_straddle,0,0.0,1007342.06035,0.0
sim_2019-02-09_2026-05-21_29c06ed80e5a,2023-06-09,put_credit_spread,1,1518.5,1007342.06035,0.001507
sim_2019-02-09_2026-05-21_29c06ed80e5a,2023-06-12,short_straddle,0,0.0,1007342.06035,0.0
sim_2019-02-09_2026-05-21_29c06ed80e5a,2023-06-12,put_credit_spread,1,1518.5,1007342.06035,0.001507
sim_2019-02-09_2026-05-21_29c06ed80e5a,2023-06-13,short_straddle,0,0.0,1007342.06035,0.0
sim_2019-02-09_2026-05-21_29c06ed80e5a,2023-06-13,put_credit_spread,1,1518.5,1007342.06035,0.001507
sim_2019-02-09_2026-05-21_29c06ed80e5a,2023-06-14,short_straddle,0,0.0,1007342.06035,0.0
sim_2019-02-09_2026-05-21_29c06ed80e5a,2023-06-14,put_credit_spread,1,1518.5,1007342.06035,0.001507
sim_2019-02-09_2026-05-21_29c06ed80e5a,2023-06-15,short_straddle,0,0.0,1007342.06035,0.0
sim_2019-02-09_2026-05-21_29c06ed80e5a,2023-06-15,put_credit_spread,1,1518.5,1007342.06035,0.001507
sim_2019-02-09_2026-05-21_29c06ed80e5a,2023-06-16,short_straddle,0,0.0,1007342.06035,0.0
sim_2019-02-09_2026-05-21_29c06ed80e5a,2023-06-16,put_credit_spread,1,1518.5,1007342.06035,0.001507
sim_2019-02-09_2026-05-21_29c06ed80e5a,2023-06-20,short_straddle,0,0.0,1007342.06035,0.0
sim_2019-02-09_2026-05-21_29c06ed80e5a,2023-06-20,put_credit_spread,1,1518.5,1007342.06035,0.001507
sim_2019-02-09_2026-05-21_29c06ed80e5a,2023-06-21,short_straddle,0,0.0,1007342.06035,0.0
sim_2019-02-09_2026-05-21_29c06ed80e5a,2023-06-21,put_credit_spread,1,1518.5,1007342.06035,0.001507
sim_2019-02-09_2026-05-21_29c06ed80e5a,2023-06-22,short_straddle,0,0.0,1007342.06035,0.0
sim_2019-02-09_2026-05-21_29c06ed80e5a,2023-06-22,put_credit_spread,1,1518.5,1007342.06035,0.001507
sim_2019-02-09_2026-05-21_29c06ed80e5a,2023-06-23,short_straddle,0,0.0,1007342.06035,0.0
sim_2019-02-09_2026-05-21_29c06ed80e5a,2023-06-23,put_credit_spread,1,1518.5,1007342.06035,0.001507
sim_2019-02-09_2026-05-21_29c06ed80e5a,2023-06-26,short_straddle,0,0.0,1007342.06035,0.0
sim_2019-02-09_2026-05-21_29c06ed80e5a,2023-06-26,put_credit_spread,1,1518.5,1007342.06035,0.001507
sim_2019-02-09_2026-05-21_29c06ed80e5a,2023-06-27,short_straddle,0,0.0,1007342.06035,0.0
sim_2019-02-09_2026-05-21_29c06ed80e5a,2023-06-27,put_credit_spread,1,1518.5,1007342.06035,0.001507
sim_2019-02-09_2026-05-21_29c06ed80e5a,2023-06-28,short_straddle,0,0.0,1007342.06035,0.0
sim_2019-02-09_2026-05-21_29c06ed80e5a,2023-06-28,put_credit_spread,1,1518.5,1007342.06035,0.001507
sim_2019-02-09_2026-05-21_29c06ed80e5a,2023-06-29,short_straddle,0,0.0,1007342.06035,0.0
sim_2019-02-09_2026-05-21_29c06ed80e5a,2023-06-29,put_credit_spread,1,1518.5,1007342.06035,0.001507
sim_2019-02-09_2026-05-21_29c06ed80e5a,2023-06-30,short_straddle,0,0.0,1007519.4871,0.0
sim_2019-02-09_2026-05-21_29c06ed80e5a,2023-06-30,put_credit_spread,1,1553.5,1007519.4871,0.001542
sim_2019-02-09_2026-05-21_29c06ed80e5a,2023-07-03,short_straddle,0,0.0,1007519.4871,0.0
sim_2019-02-09_2026-05-21_29c06ed80e5a,2023-07-03,put_credit_spread,1,1553.5,1007519.4871,0.001542
sim_2019-02-09_2026-05-21_29c06ed80e5a,2023-07-05,short_straddle,0,0.0,1007519.4871,0.0
sim_2019-02-09_2026-05-21_29c06ed80e5a,2023-07-05,put_credit_spread,1,1553.5,1007519.4871,0.001542
sim_2019-02-09_2026-05-21_29c06ed80e5a,2023-07-06,short_straddle,0,0.0,1007519.4871,0.0
sim_2019-02-09_2026-05-21_29c06ed80e5a,2023-07-06,put_credit_spread,1,1553.5,1007519.4871,0.001542
sim_2019-02-09_2026-05-21_29c06ed80e5a,2023-07-07,short_straddle,0,0.0,1007519.4871,0.0
sim_2019-02-09_2026-05-21_29c06ed80e5a,2023-07-07,put_credit_spread,1,1553.5,1007519.4871,0.001542
sim_2019-02-09_2026-05-21_29c06ed80e5a,2023-07-10,short_straddle,0,0.0,1007519.4871,0.0
sim_2019-02-09_2026-05-21_29c06ed80e5a,2023-07-10,put_credit_spread,1,1553.5,1007519.4871,0.001542
sim_2019-02-09_2026-05-21_29c06ed80e5a,2023-07-11,short_straddle,0,0.0,1007519.4871,0.0
sim_2019-02-09_2026-05-21_29c06ed80e5a,2023-07-11,put_credit_spread,1,1553.5,1007519.4871,0.001542
sim_2019-02-09_2026-05-21_29c06ed80e5a,2023-07-12,short_straddle,0,0.0,1007519.4871,0.0
sim_2019-02-09_2026-05-21_29c06ed80e5a,2023-07-12,put_credit_spread,1,1553.5,1007519.4871,0.001542
sim_2019-02-09_2026-05-21_29c06ed80e5a,2023-07-13,short_straddle,0,0.0,1007519.4871,0.0
sim_2019-02-09_2026-05-21_29c06ed80e5a,2023-07-13,put_credit_spread,1,1553.5,1007519.4871,0.001542
sim_2019-02-09_2026-05-21_29c06ed80e5a,2023-07-14,short_straddle,0,0.0,1007519.4871,0.0
sim_2019-02-09_2026-05-21_29c06ed80e5a,2023-07-14,put_credit_spread,1,1553.5,1007519.4871,0.001542
sim_2019-02-09_2026-05-21_29c06ed80e5a,2023-07-17,short_straddle,0,0.0,1007519.4871,0.0
sim_2019-02-09_2026-05-21_29c06ed80e5a,2023-07-17,put_credit_spread,1,1553.5,1007519.4871,0.001542
sim_2019-02-09_2026-05-21_29c06ed80e5a,2023-07-18,short_straddle,0,0.0,1007519.4871,0.0
sim_2019-02-09_2026-05-21_29c06ed80e5a,2023-07-18,put_credit_spread,1,1553.5,1007519.4871,0.001542
sim_2019-02-09_2026-05-21_29c06ed80e5a,2023-07-19,short_straddle,0,0.0,1007519.4871,0.0
sim_2019-02-09_2026-05-21_29c06ed80e5a,2023-07-19,put_credit_spread,1,1553.5,1007519.4871,0.001542
sim_2019-02-09_2026-05-21_29c06ed80e5a,2023-07-20,short_straddle,0,0.0,1007519.4871,0.0
sim_2019-02-09_2026-05-21_29c06ed80e5a,2023-07-20,put_credit_spread,1,1553.5,1007519.4871,0.001542
sim_2019-02-09_2026-05-21_29c06ed80e5a,2023-07-21,short_straddle,0,0.0,1007519.4871,0.0
sim_2019-02-09_2026-05-21_29c06ed80e5a,2023-07-21,put_credit_spread,1,1553.5,1007519.4871,0.001542
sim_2019-02-09_2026-05-21_29c06ed80e5a,2023-07-24,short_straddle,0,0.0,1007519.4871,0.0
sim_2019-02-09_2026-05-21_29c06ed80e5a,2023-07-24,put_credit_spread,1,1553.5,1007519.4871,0.001542
sim_2019-02-09_2026-05-21_29c06ed80e5a,2023-07-25,short_straddle,0,0.0,1007519.4871,0.0
sim_2019-02-09_2026-05-21_29c06ed80e5a,2023-07-25,put_credit_spread,1,1553.5,1007519.4871,0.001542
sim_2019-02-09_2026-05-21_29c06ed80e5a,2023-07-26,short_straddle,0,0.0,1007519.4871,0.0
sim_2019-02-09_2026-05-21_29c06ed80e5a,2023-07-26,put_credit_spread,1,1553.5,1007519.4871,0.001542
sim_2019-02-09_2026-05-21_29c06ed80e5a,2023-07-27,short_straddle,0,0.0,1007519.4871,0.0
sim_2019-02-09_2026-05-21_29c06ed80e5a,2023-07-27,put_credit_spread,1,1553.5,1007519.4871,0.001542
sim_2019-02-09_2026-05-21_29c06ed80e5a,2023-07-28,short_straddle,0,0.0,1007661.90435,0.0
sim_2019-02-09_2026-05-21_29c06ed80e5a,2023-07-28,put_credit_spread,1,1634.5,1007661.90435,0.001622
sim_2019-02-09_2026-05-21_29c06ed80e5a,2023-07-31,short_straddle,0,0.0,1007649.90435,0.0
sim_2019-02-09_2026-05-21_29c06ed80e5a,2023-07-31,put_credit_spread,1,1634.5,1007649.90435,0.001622
sim_2019-02-09_2026-05-21_29c06ed80e5a,2023-08-01,short_straddle,0,0.0,1007649.90435,0.0
sim_2019-02-09_2026-05-21_29c06ed80e5a,2023-08-01,put_credit_spread,1,1634.5,1007649.90435,0.001622
sim_2019-02-09_2026-05-21_29c06ed80e5a,2023-08-02,short_straddle,0,0.0,1007649.90435,0.0
sim_2019-02-09_2026-05-21_29c06ed80e5a,2023-08-02,put_credit_spread,1,1634.5,1007649.90435,0.001622
sim_2019-02-09_2026-05-21_29c06ed80e5a,2023-08-03,short_straddle,0,0.0,1007649.90435,0.0
sim_2019-02-09_2026-05-21_29c06ed80e5a,2023-08-03,put_credit_spread,1,1634.5,1007649.90435,0.001622
sim_2019-02-09_2026-05-21_29c06ed80e5a,2023-08-04,short_straddle,0,0.0,1007649.90435,0.0
sim_2019-02-09_2026-05-21_29c06ed80e5a,2023-08-04,put_credit_spread,1,1634.5,1007649.90435,0.001622
sim_2019-02-09_2026-05-21_29c06ed80e5a,2023-08-07,short_straddle,0,0.0,1007649.90435,0.0
sim_2019-02-09_2026-05-21_29c06ed80e5a,2023-08-07,put_credit_spread,1,1634.5,1007649.90435,0.001622
sim_2019-02-09_2026-05-21_29c06ed80e5a,2023-08-08,short_straddle,0,0.0,1007649.90435,0.0
sim_2019-02-09_2026-05-21_29c06ed80e5a,2023-08-08,put_credit_spread,1,1634.5,1007649.90435,0.001622
sim_2019-02-09_2026-05-21_29c06ed80e5a,2023-08-09,short_straddle,0,0.0,1007649.90435,0.0
sim_2019-02-09_2026-05-21_29c06ed80e5a,2023-08-09,put_credit_spread,1,1634.5,1007649.90435,0.001622
sim_2019-02-09_2026-05-21_29c06ed80e5a,2023-08-10,short_straddle,0,0.0,1007649.90435,0.0
sim_2019-02-09_2026-05-21_29c06ed80e5a,2023-08-10,put_credit_spread,1,1634.5,1007649.90435,0.001622
sim_2019-02-09_2026-05-21_29c06ed80e5a,2023-08-11,short_straddle,0,0.0,1007649.90435,0.0
sim_2019-02-09_2026-05-21_29c06ed80e5a,2023-08-11,put_credit_spread,1,1634.5,1007649.90435,0.001622
sim_2019-02-09_2026-05-21_29c06ed80e5a,2023-08-14,short_straddle,0,0.0,1007649.90435,0.0
sim_2019-02-09_2026-05-21_29c06ed80e5a,2023-08-14,put_credit_spread,1,1634.5,1007649.90435,0.001622
sim_2019-02-09_2026-05-21_29c06ed80e5a,2023-08-15,short_straddle,0,0.0,1007649.90435,0.0
sim_2019-02-09_2026-05-21_29c06ed80e5a,2023-08-15,put_credit_spread,1,1634.5,1007649.90435,0.001622
sim_2019-02-09_2026-05-21_29c06ed80e5a,2023-08-16,short_straddle,0,0.0,1007649.90435,0.0
sim_2019-02-09_2026-05-21_29c06ed80e5a,2023-08-16,put_credit_spread,1,1634.5,1007649.90435,0.001622
sim_2019-02-09_2026-05-21_29c06ed80e5a,2023-08-17,short_straddle,0,0.0,1007649.90435,0.0
sim_2019-02-09_2026-05-21_29c06ed80e5a,2023-08-17,put_credit_spread,1,1634.5,1007649.90435,0.001622
sim_2019-02-09_2026-05-21_29c06ed80e5a,2023-08-18,short_straddle,0,0.0,1007649.90435,0.0
sim_2019-02-09_2026-05-21_29c06ed80e5a,2023-08-18,put_credit_spread,1,1634.5,1007649.90435,0.001622
sim_2019-02-09_2026-05-21_29c06ed80e5a,2023-08-21,short_straddle,0,0.0,1007649.90435,0.0
sim_2019-02-09_2026-05-21_29c06ed80e5a,2023-08-21,put_credit_spread,1,1634.5,1007649.90435,0.001622
sim_2019-02-09_2026-05-21_29c06ed80e5a,2023-08-22,short_straddle,0,0.0,1007649.90435,0.0
sim_2019-02-09_2026-05-21_29c06ed80e5a,2023-08-22,put_credit_spread,1,1634.5,1007649.90435,0.001622
sim_2019-02-09_2026-05-21_29c06ed80e5a,2023-08-23,short_straddle,0,0.0,1007645.68835,0.0
sim_2019-02-09_2026-05-21_29c06ed80e5a,2023-08-23,put_credit_spread,1,1545.5,1007645.68835,0.001534
sim_2019-02-09_2026-05-21_29c06ed80e5a,2023-08-24,short_straddle,0,0.0,1007645.68835,0.0
sim_2019-02-09_2026-05-21_29c06ed80e5a,2023-08-24,put_credit_spread,1,1545.5,1007645.68835,0.001534
sim_2019-02-09_2026-05-21_29c06ed80e5a,2023-08-25,short_straddle,0,0.0,1007645.68835,0.0
sim_2019-02-09_2026-05-21_29c06ed80e5a,2023-08-25,put_credit_spread,1,1545.5,1007645.68835,0.001534
sim_2019-02-09_2026-05-21_29c06ed80e5a,2023-08-28,short_straddle,0,0.0,1007674.68835,0.0
sim_2019-02-09_2026-05-21_29c06ed80e5a,2023-08-28,put_credit_spread,1,1545.5,1007674.68835,0.001534
sim_2019-02-09_2026-05-21_29c06ed80e5a,2023-08-29,short_straddle,0,0.0,1007674.68835,0.0
sim_2019-02-09_2026-05-21_29c06ed80e5a,2023-08-29,put_credit_spread,1,1545.5,1007674.68835,0.001534
sim_2019-02-09_2026-05-21_29c06ed80e5a,2023-08-30,short_straddle,0,0.0,1007674.68835,0.0
sim_2019-02-09_2026-05-21_29c06ed80e5a,2023-08-30,put_credit_spread,1,1545.5,1007674.68835,0.001534
sim_2019-02-09_2026-05-21_29c06ed80e5a,2023-08-31,short_straddle,0,0.0,1007674.68835,0.0
sim_2019-02-09_2026-05-21_29c06ed80e5a,2023-08-31,put_credit_spread,1,1545.5,1007674.68835,0.001534
sim_2019-02-09_2026-05-21_29c06ed80e5a,2023-09-01,short_straddle,0,0.0,1007674.68835,0.0
sim_2019-02-09_2026-05-21_29c06ed80e5a,2023-09-01,put_credit_spread,1,1545.5,1007674.68835,0.001534
sim_2019-02-09_2026-05-21_29c06ed80e5a,2023-09-05,short_straddle,0,0.0,1007674.68835,0.0
sim_2019-02-09_2026-05-21_29c06ed80e5a,2023-09-05,put_credit_spread,1,1545.5,1007674.68835,0.001534
sim_2019-02-09_2026-05-21_29c06ed80e5a,2023-09-06,short_straddle,0,0.0,1007674.68835,0.0
sim_2019-02-09_2026-05-21_29c06ed80e5a,2023-09-06,put_credit_spread,1,1545.5,1007674.68835,0.001534
sim_2019-02-09_2026-05-21_29c06ed80e5a,2023-09-07,short_straddle,0,0.0,1007674.68835,0.0
sim_2019-02-09_2026-05-21_29c06ed80e5a,2023-09-07,put_credit_spread,1,1545.5,1007674.68835,0.001534
sim_2019-02-09_2026-05-21_29c06ed80e5a,2023-09-08,short_straddle,0,0.0,1007674.68835,0.0
sim_2019-02-09_2026-05-21_29c06ed80e5a,2023-09-08,put_credit_spread,1,1545.5,1007674.68835,0.001534
sim_2019-02-09_2026-05-21_29c06ed80e5a,2023-09-11,short_straddle,0,0.0,1007674.68835,0.0
sim_2019-02-09_2026-05-21_29c06ed80e5a,2023-09-11,put_credit_spread,1,1545.5,1007674.68835,0.001534
sim_2019-02-09_2026-05-21_29c06ed80e5a,2023-09-12,short_straddle,0,0.0,1007674.68835,0.0
sim_2019-02-09_2026-05-21_29c06ed80e5a,2023-09-12,put_credit_spread,1,1545.5,1007674.68835,0.001534
sim_2019-02-09_2026-05-21_29c06ed80e5a,2023-09-13,short_straddle,0,0.0,1007674.68835,0.0
sim_2019-02-09_2026-05-21_29c06ed80e5a,2023-09-13,put_credit_spread,1,1545.5,1007674.68835,0.001534
sim_2019-02-09_2026-05-21_29c06ed80e5a,2023-09-14,short_straddle,0,0.0,1007674.68835,0.0
sim_2019-02-09_2026-05-21_29c06ed80e5a,2023-09-14,put_credit_spread,1,1545.5,1007674.68835,0.001534
sim_2019-02-09_2026-05-21_29c06ed80e5a,2023-09-15,short_straddle,0,0.0,1007674.68835,0.0
sim_2019-02-09_2026-05-21_29c06ed80e5a,2023-09-15,put_credit_spread,1,1545.5,1007674.68835,0.001534
sim_2019-02-09_2026-05-21_29c06ed80e5a,2023-09-18,short_straddle,0,0.0,1007674.68835,0.0
sim_2019-02-09_2026-05-21_29c06ed80e5a,2023-09-18,put_credit_spread,1,1545.5,1007674.68835,0.001534
sim_2019-02-09_2026-05-21_29c06ed80e5a,2023-09-19,short_straddle,0,0.0,1007674.68835,0.0
sim_2019-02-09_2026-05-21_29c06ed80e5a,2023-09-19,put_credit_spread,1,1545.5,1007674.68835,0.001534
sim_2019-02-09_2026-05-21_29c06ed80e5a,2023-09-20,short_straddle,0,0.0,1007674.68835,0.0
sim_2019-02-09_2026-05-21_29c06ed80e5a,2023-09-20,put_credit_spread,1,1545.5,1007674.68835,0.001534
sim_2019-02-09_2026-05-21_29c06ed80e5a,2023-09-21,short_straddle,0,0.0,1007672.5756,0.0
sim_2019-02-09_2026-05-21_29c06ed80e5a,2023-09-21,put_credit_spread,0,0.0,1007672.5756,0.0
sim_2019-02-09_2026-05-21_29c06ed80e5a,2023-09-22,short_straddle,0,0.0,1007670.45235,0.0
sim_2019-02-09_2026-05-21_29c06ed80e5a,2023-09-22,put_credit_spread,1,1453.5,1007670.45235,0.001442
sim_2019-02-09_2026-05-21_29c06ed80e5a,2023-09-25,short_straddle,0,0.0,1007670.45235,0.0
sim_2019-02-09_2026-05-21_29c06ed80e5a,2023-09-25,put_credit_spread,1,1453.5,1007670.45235,0.001442
sim_2019-02-09_2026-05-21_29c06ed80e5a,2023-09-26,short_straddle,0,0.0,1007670.45235,0.0
sim_2019-02-09_2026-05-21_29c06ed80e5a,2023-09-26,put_credit_spread,1,1453.5,1007670.45235,0.001442
sim_2019-02-09_2026-05-21_29c06ed80e5a,2023-09-27,short_straddle,0,0.0,1007670.45235,0.0
sim_2019-02-09_2026-05-21_29c06ed80e5a,2023-09-27,put_credit_spread,1,1453.5,1007670.45235,0.001442
sim_2019-02-09_2026-05-21_29c06ed80e5a,2023-09-28,short_straddle,0,0.0,1007670.45235,0.0
sim_2019-02-09_2026-05-21_29c06ed80e5a,2023-09-28,put_credit_spread,1,1453.5,1007670.45235,0.001442
sim_2019-02-09_2026-05-21_29c06ed80e5a,2023-09-29,short_straddle,0,0.0,1007670.45235,0.0
sim_2019-02-09_2026-05-21_29c06ed80e5a,2023-09-29,put_credit_spread,1,1453.5,1007670.45235,0.001442
sim_2019-02-09_2026-05-21_29c06ed80e5a,2023-10-02,short_straddle,0,0.0,1007670.45235,0.0
sim_2019-02-09_2026-05-21_29c06ed80e5a,2023-10-02,put_credit_spread,1,1453.5,1007670.45235,0.001442
sim_2019-02-09_2026-05-21_29c06ed80e5a,2023-10-03,short_straddle,0,0.0,1007670.45235,0.0
sim_2019-02-09_2026-05-21_29c06ed80e5a,2023-10-03,put_credit_spread,1,1453.5,1007670.45235,0.001442
sim_2019-02-09_2026-05-21_29c06ed80e5a,2023-10-04,short_straddle,0,0.0,1007670.45235,0.0
sim_2019-02-09_2026-05-21_29c06ed80e5a,2023-10-04,put_credit_spread,1,1453.5,1007670.45235,0.001442
sim_2019-02-09_2026-05-21_29c06ed80e5a,2023-10-05,short_straddle,0,0.0,1007670.45235,0.0
sim_2019-02-09_2026-05-21_29c06ed80e5a,2023-10-05,put_credit_spread,1,1453.5,1007670.45235,0.001442
sim_2019-02-09_2026-05-21_29c06ed80e5a,2023-10-06,short_straddle,0,0.0,1007670.45235,0.0
sim_2019-02-09_2026-05-21_29c06ed80e5a,2023-10-06,put_credit_spread,1,1453.5,1007670.45235,0.001442
sim_2019-02-09_2026-05-21_29c06ed80e5a,2023-10-09,short_straddle,0,0.0,1007670.45235,0.0
sim_2019-02-09_2026-05-21_29c06ed80e5a,2023-10-09,put_credit_spread,1,1453.5,1007670.45235,0.001442
sim_2019-02-09_2026-05-21_29c06ed80e5a,2023-10-10,short_straddle,0,0.0,1007670.45235,0.0
sim_2019-02-09_2026-05-21_29c06ed80e5a,2023-10-10,put_credit_spread,1,1453.5,1007670.45235,0.001442
sim_2019-02-09_2026-05-21_29c06ed80e5a,2023-10-11,short_straddle,0,0.0,1007670.45235,0.0
sim_2019-02-09_2026-05-21_29c06ed80e5a,2023-10-11,put_credit_spread,1,1453.5,1007670.45235,0.001442
sim_2019-02-09_2026-05-21_29c06ed80e5a,2023-10-12,short_straddle,0,0.0,1007670.45235,0.0
sim_2019-02-09_2026-05-21_29c06ed80e5a,2023-10-12,put_credit_spread,1,1453.5,1007670.45235,0.001442
sim_2019-02-09_2026-05-21_29c06ed80e5a,2023-10-13,short_straddle,0,0.0,1007670.45235,0.0
sim_2019-02-09_2026-05-21_29c06ed80e5a,2023-10-13,put_credit_spread,1,1453.5,1007670.45235,0.001442
sim_2019-02-09_2026-05-21_29c06ed80e5a,2023-10-16,short_straddle,0,0.0,1007670.45235,0.0
sim_2019-02-09_2026-05-21_29c06ed80e5a,2023-10-16,put_credit_spread,1,1453.5,1007670.45235,0.001442
sim_2019-02-09_2026-05-21_29c06ed80e5a,2023-10-17,short_straddle,0,0.0,1007670.45235,0.0
sim_2019-02-09_2026-05-21_29c06ed80e5a,2023-10-17,put_credit_spread,1,1453.5,1007670.45235,0.001442
sim_2019-02-09_2026-05-21_29c06ed80e5a,2023-10-18,short_straddle,0,0.0,1007670.45235,0.0
sim_2019-02-09_2026-05-21_29c06ed80e5a,2023-10-18,put_credit_spread,1,1453.5,1007670.45235,0.001442
sim_2019-02-09_2026-05-21_29c06ed80e5a,2023-10-19,short_straddle,0,0.0,1007670.45235,0.0
sim_2019-02-09_2026-05-21_29c06ed80e5a,2023-10-19,put_credit_spread,1,1453.5,1007670.45235,0.001442
sim_2019-02-09_2026-05-21_29c06ed80e5a,2023-10-20,short_straddle,0,0.0,1007831.722094,0.0
sim_2019-02-09_2026-05-21_29c06ed80e5a,2023-10-20,put_credit_spread,1,2120.0,1007831.722094,0.002104
sim_2019-02-09_2026-05-21_29c06ed80e5a,2023-10-23,short_straddle,0,0.0,1007831.722094,0.0
sim_2019-02-09_2026-05-21_29c06ed80e5a,2023-10-23,put_credit_spread,1,2120.0,1007831.722094,0.002104
sim_2019-02-09_2026-05-21_29c06ed80e5a,2023-10-24,short_straddle,0,0.0,1007831.722094,0.0
sim_2019-02-09_2026-05-21_29c06ed80e5a,2023-10-24,put_credit_spread,1,2120.0,1007831.722094,0.002104
sim_2019-02-09_2026-05-21_29c06ed80e5a,2023-10-25,short_straddle,0,0.0,1007831.722094,0.0
sim_2019-02-09_2026-05-21_29c06ed80e5a,2023-10-25,put_credit_spread,1,2120.0,1007831.722094,0.002104
sim_2019-02-09_2026-05-21_29c06ed80e5a,2023-10-26,short_straddle,0,0.0,1007831.722094,0.0
sim_2019-02-09_2026-05-21_29c06ed80e5a,2023-10-26,put_credit_spread,1,2120.0,1007831.722094,0.002104
sim_2019-02-09_2026-05-21_29c06ed80e5a,2023-10-27,short_straddle,0,0.0,1007831.722094,0.0
sim_2019-02-09_2026-05-21_29c06ed80e5a,2023-10-27,put_credit_spread,1,2120.0,1007831.722094,0.002104
sim_2019-02-09_2026-05-21_29c06ed80e5a,2023-10-30,short_straddle,0,0.0,1007831.722094,0.0
sim_2019-02-09_2026-05-21_29c06ed80e5a,2023-10-30,put_credit_spread,1,2120.0,1007831.722094,0.002104
sim_2019-02-09_2026-05-21_29c06ed80e5a,2023-10-31,short_straddle,0,0.0,1007831.722094,0.0
sim_2019-02-09_2026-05-21_29c06ed80e5a,2023-10-31,put_credit_spread,1,2120.0,1007831.722094,0.002104
sim_2019-02-09_2026-05-21_29c06ed80e5a,2023-11-01,short_straddle,0,0.0,1007831.722094,0.0
sim_2019-02-09_2026-05-21_29c06ed80e5a,2023-11-01,put_credit_spread,1,2120.0,1007831.722094,0.002104
sim_2019-02-09_2026-05-21_29c06ed80e5a,2023-11-02,short_straddle,0,0.0,1007831.722094,0.0
sim_2019-02-09_2026-05-21_29c06ed80e5a,2023-11-02,put_credit_spread,1,2120.0,1007831.722094,0.002104
sim_2019-02-09_2026-05-21_29c06ed80e5a,2023-11-03,short_straddle,0,0.0,1007831.722094,0.0
sim_2019-02-09_2026-05-21_29c06ed80e5a,2023-11-03,put_credit_spread,1,2120.0,1007831.722094,0.002104
sim_2019-02-09_2026-05-21_29c06ed80e5a,2023-11-06,short_straddle,0,0.0,1007831.722094,0.0
sim_2019-02-09_2026-05-21_29c06ed80e5a,2023-11-06,put_credit_spread,1,2120.0,1007831.722094,0.002104
sim_2019-02-09_2026-05-21_29c06ed80e5a,2023-11-07,short_straddle,0,0.0,1007831.722094,0.0
sim_2019-02-09_2026-05-21_29c06ed80e5a,2023-11-07,put_credit_spread,1,2120.0,1007831.722094,0.002104
sim_2019-02-09_2026-05-21_29c06ed80e5a,2023-11-08,short_straddle,0,0.0,1007831.722094,0.0
sim_2019-02-09_2026-05-21_29c06ed80e5a,2023-11-08,put_credit_spread,1,2120.0,1007831.722094,0.002104
sim_2019-02-09_2026-05-21_29c06ed80e5a,2023-11-09,short_straddle,0,0.0,1007831.722094,0.0
sim_2019-02-09_2026-05-21_29c06ed80e5a,2023-11-09,put_credit_spread,1,2120.0,1007831.722094,0.002104
sim_2019-02-09_2026-05-21_29c06ed80e5a,2023-11-10,short_straddle,0,0.0,1007831.722094,0.0
sim_2019-02-09_2026-05-21_29c06ed80e5a,2023-11-10,put_credit_spread,1,2120.0,1007831.722094,0.002104
sim_2019-02-09_2026-05-21_29c06ed80e5a,2023-11-13,short_straddle,0,0.0,1007831.722094,0.0
sim_2019-02-09_2026-05-21_29c06ed80e5a,2023-11-13,put_credit_spread,1,2120.0,1007831.722094,0.002104
sim_2019-02-09_2026-05-21_29c06ed80e5a,2023-11-14,short_straddle,0,0.0,1007831.722094,0.0
sim_2019-02-09_2026-05-21_29c06ed80e5a,2023-11-14,put_credit_spread,1,2120.0,1007831.722094,0.002104
sim_2019-02-09_2026-05-21_29c06ed80e5a,2023-11-15,short_straddle,0,0.0,1007831.722094,0.0
sim_2019-02-09_2026-05-21_29c06ed80e5a,2023-11-15,put_credit_spread,1,2120.0,1007831.722094,0.002104
sim_2019-02-09_2026-05-21_29c06ed80e5a,2023-11-16,short_straddle,0,0.0,1007831.722094,0.0
sim_2019-02-09_2026-05-21_29c06ed80e5a,2023-11-16,put_credit_spread,1,2120.0,1007831.722094,0.002104
sim_2019-02-09_2026-05-21_29c06ed80e5a,2023-11-17,short_straddle,0,0.0,1008207.626344,0.0
sim_2019-02-09_2026-05-21_29c06ed80e5a,2023-11-17,put_credit_spread,1,1608.5,1008207.626344,0.001595
sim_2019-02-09_2026-05-21_29c06ed80e5a,2023-11-20,short_straddle,0,0.0,1008207.626344,0.0
sim_2019-02-09_2026-05-21_29c06ed80e5a,2023-11-20,put_credit_spread,1,1608.5,1008207.626344,0.001595
sim_2019-02-09_2026-05-21_29c06ed80e5a,2023-11-21,short_straddle,0,0.0,1008207.626344,0.0
sim_2019-02-09_2026-05-21_29c06ed80e5a,2023-11-21,put_credit_spread,1,1608.5,1008207.626344,0.001595
sim_2019-02-09_2026-05-21_29c06ed80e5a,2023-11-22,short_straddle,0,0.0,1008207.626344,0.0
sim_2019-02-09_2026-05-21_29c06ed80e5a,2023-11-22,put_credit_spread,1,1608.5,1008207.626344,0.001595
sim_2019-02-09_2026-05-21_29c06ed80e5a,2023-11-24,short_straddle,0,0.0,1008207.626344,0.0
sim_2019-02-09_2026-05-21_29c06ed80e5a,2023-11-24,put_credit_spread,1,1608.5,1008207.626344,0.001595
sim_2019-02-09_2026-05-21_29c06ed80e5a,2023-11-27,short_straddle,0,0.0,1008207.626344,0.0
sim_2019-02-09_2026-05-21_29c06ed80e5a,2023-11-27,put_credit_spread,1,1608.5,1008207.626344,0.001595
sim_2019-02-09_2026-05-21_29c06ed80e5a,2023-11-28,short_straddle,0,0.0,1008207.626344,0.0
sim_2019-02-09_2026-05-21_29c06ed80e5a,2023-11-28,put_credit_spread,1,1608.5,1008207.626344,0.001595
sim_2019-02-09_2026-05-21_29c06ed80e5a,2023-11-29,short_straddle,0,0.0,1008207.626344,0.0
sim_2019-02-09_2026-05-21_29c06ed80e5a,2023-11-29,put_credit_spread,1,1608.5,1008207.626344,0.001595
sim_2019-02-09_2026-05-21_29c06ed80e5a,2023-11-30,short_straddle,0,0.0,1008207.626344,0.0
sim_2019-02-09_2026-05-21_29c06ed80e5a,2023-11-30,put_credit_spread,1,1608.5,1008207.626344,0.001595
sim_2019-02-09_2026-05-21_29c06ed80e5a,2023-12-01,short_straddle,0,0.0,1008207.626344,0.0
sim_2019-02-09_2026-05-21_29c06ed80e5a,2023-12-01,put_credit_spread,1,1608.5,1008207.626344,0.001595
sim_2019-02-09_2026-05-21_29c06ed80e5a,2023-12-04,short_straddle,0,0.0,1008207.626344,0.0
sim_2019-02-09_2026-05-21_29c06ed80e5a,2023-12-04,put_credit_spread,1,1608.5,1008207.626344,0.001595
sim_2019-02-09_2026-05-21_29c06ed80e5a,2023-12-05,short_straddle,0,0.0,1008207.626344,0.0
sim_2019-02-09_2026-05-21_29c06ed80e5a,2023-12-05,put_credit_spread,1,1608.5,1008207.626344,0.001595
sim_2019-02-09_2026-05-21_29c06ed80e5a,2023-12-06,short_straddle,0,0.0,1008207.626344,0.0
sim_2019-02-09_2026-05-21_29c06ed80e5a,2023-12-06,put_credit_spread,1,1608.5,1008207.626344,0.001595
sim_2019-02-09_2026-05-21_29c06ed80e5a,2023-12-07,short_straddle,0,0.0,1008207.626344,0.0
sim_2019-02-09_2026-05-21_29c06ed80e5a,2023-12-07,put_credit_spread,1,1608.5,1008207.626344,0.001595
sim_2019-02-09_2026-05-21_29c06ed80e5a,2023-12-08,short_straddle,0,0.0,1008207.626344,0.0
sim_2019-02-09_2026-05-21_29c06ed80e5a,2023-12-08,put_credit_spread,1,1608.5,1008207.626344,0.001595
sim_2019-02-09_2026-05-21_29c06ed80e5a,2023-12-11,short_straddle,0,0.0,1008207.626344,0.0
sim_2019-02-09_2026-05-21_29c06ed80e5a,2023-12-11,put_credit_spread,1,1608.5,1008207.626344,0.001595
sim_2019-02-09_2026-05-21_29c06ed80e5a,2023-12-12,short_straddle,0,0.0,1008207.626344,0.0
sim_2019-02-09_2026-05-21_29c06ed80e5a,2023-12-12,put_credit_spread,1,1608.5,1008207.626344,0.001595
sim_2019-02-09_2026-05-21_29c06ed80e5a,2023-12-13,short_straddle,0,0.0,1008207.626344,0.0
sim_2019-02-09_2026-05-21_29c06ed80e5a,2023-12-13,put_credit_spread,1,1608.5,1008207.626344,0.001595
sim_2019-02-09_2026-05-21_29c06ed80e5a,2023-12-14,short_straddle,0,0.0,1008207.626344,0.0
sim_2019-02-09_2026-05-21_29c06ed80e5a,2023-12-14,put_credit_spread,1,1608.5,1008207.626344,0.001595
sim_2019-02-09_2026-05-21_29c06ed80e5a,2023-12-15,short_straddle,0,0.0,1008395.080594,0.0
sim_2019-02-09_2026-05-21_29c06ed80e5a,2023-12-15,put_credit_spread,1,808.5,1008395.080594,0.000802
sim_2019-02-09_2026-05-21_29c06ed80e5a,2023-12-18,short_straddle,0,0.0,1008395.080594,0.0
sim_2019-02-09_2026-05-21_29c06ed80e5a,2023-12-18,put_credit_spread,1,808.5,1008395.080594,0.000802
sim_2019-02-09_2026-05-21_29c06ed80e5a,2023-12-19,short_straddle,0,0.0,1008395.080594,0.0
sim_2019-02-09_2026-05-21_29c06ed80e5a,2023-12-19,put_credit_spread,1,808.5,1008395.080594,0.000802
sim_2019-02-09_2026-05-21_29c06ed80e5a,2023-12-20,short_straddle,0,0.0,1008395.080594,0.0
sim_2019-02-09_2026-05-21_29c06ed80e5a,2023-12-20,put_credit_spread,1,808.5,1008395.080594,0.000802
sim_2019-02-09_2026-05-21_29c06ed80e5a,2023-12-21,short_straddle,0,0.0,1008395.080594,0.0
sim_2019-02-09_2026-05-21_29c06ed80e5a,2023-12-21,put_credit_spread,1,808.5,1008395.080594,0.000802
sim_2019-02-09_2026-05-21_29c06ed80e5a,2023-12-22,short_straddle,0,0.0,1008395.080594,0.0
sim_2019-02-09_2026-05-21_29c06ed80e5a,2023-12-22,put_credit_spread,1,808.5,1008395.080594,0.000802
sim_2019-02-09_2026-05-21_29c06ed80e5a,2023-12-26,short_straddle,0,0.0,1008395.080594,0.0
sim_2019-02-09_2026-05-21_29c06ed80e5a,2023-12-26,put_credit_spread,1,808.5,1008395.080594,0.000802
sim_2019-02-09_2026-05-21_29c06ed80e5a,2023-12-27,short_straddle,0,0.0,1008395.080594,0.0
sim_2019-02-09_2026-05-21_29c06ed80e5a,2023-12-27,put_credit_spread,1,808.5,1008395.080594,0.000802
sim_2019-02-09_2026-05-21_29c06ed80e5a,2023-12-28,short_straddle,0,0.0,1008395.080594,0.0
sim_2019-02-09_2026-05-21_29c06ed80e5a,2023-12-28,put_credit_spread,1,808.5,1008395.080594,0.000802
sim_2019-02-09_2026-05-21_29c06ed80e5a,2023-12-29,short_straddle,0,0.0,1008395.080594,0.0
sim_2019-02-09_2026-05-21_29c06ed80e5a,2023-12-29,put_credit_spread,1,808.5,1008395.080594,0.000802
sim_2019-02-09_2026-05-21_29c06ed80e5a,2024-01-02,short_straddle,0,0.0,1008395.080594,0.0
sim_2019-02-09_2026-05-21_29c06ed80e5a,2024-01-02,put_credit_spread,1,808.5,1008395.080594,0.000802
sim_2019-02-09_2026-05-21_29c06ed80e5a,2024-01-03,short_straddle,0,0.0,1008395.080594,0.0
sim_2019-02-09_2026-05-21_29c06ed80e5a,2024-01-03,put_credit_spread,1,808.5,1008395.080594,0.000802
sim_2019-02-09_2026-05-21_29c06ed80e5a,2024-01-04,short_straddle,0,0.0,1008395.080594,0.0
sim_2019-02-09_2026-05-21_29c06ed80e5a,2024-01-04,put_credit_spread,1,808.5,1008395.080594,0.000802
sim_2019-02-09_2026-05-21_29c06ed80e5a,2024-01-05,short_straddle,0,0.0,1008395.080594,0.0
sim_2019-02-09_2026-05-21_29c06ed80e5a,2024-01-05,put_credit_spread,1,808.5,1008395.080594,0.000802
sim_2019-02-09_2026-05-21_29c06ed80e5a,2024-01-08,short_straddle,0,0.0,1008395.080594,0.0
sim_2019-02-09_2026-05-21_29c06ed80e5a,2024-01-08,put_credit_spread,1,808.5,1008395.080594,0.000802
sim_2019-02-09_2026-05-21_29c06ed80e5a,2024-01-09,short_straddle,0,0.0,1008395.080594,0.0
sim_2019-02-09_2026-05-21_29c06ed80e5a,2024-01-09,put_credit_spread,1,808.5,1008395.080594,0.000802
sim_2019-02-09_2026-05-21_29c06ed80e5a,2024-01-10,short_straddle,0,0.0,1008395.080594,0.0
sim_2019-02-09_2026-05-21_29c06ed80e5a,2024-01-10,put_credit_spread,1,808.5,1008395.080594,0.000802
sim_2019-02-09_2026-05-21_29c06ed80e5a,2024-01-11,short_straddle,0,0.0,1008395.080594,0.0
sim_2019-02-09_2026-05-21_29c06ed80e5a,2024-01-11,put_credit_spread,1,808.5,1008395.080594,0.000802
sim_2019-02-09_2026-05-21_29c06ed80e5a,2024-01-12,short_straddle,0,0.0,1008482.501344,0.0
sim_2019-02-09_2026-05-21_29c06ed80e5a,2024-01-12,put_credit_spread,1,1541.5,1008482.501344,0.001529
sim_2019-02-09_2026-05-21_29c06ed80e5a,2024-01-16,short_straddle,0,0.0,1008482.501344,0.0
sim_2019-02-09_2026-05-21_29c06ed80e5a,2024-01-16,put_credit_spread,1,1541.5,1008482.501344,0.001529
sim_2019-02-09_2026-05-21_29c06ed80e5a,2024-01-17,short_straddle,0,0.0,1008482.501344,0.0
sim_2019-02-09_2026-05-21_29c06ed80e5a,2024-01-17,put_credit_spread,1,1541.5,1008482.501344,0.001529
sim_2019-02-09_2026-05-21_29c06ed80e5a,2024-01-18,short_straddle,0,0.0,1008482.501344,0.0
sim_2019-02-09_2026-05-21_29c06ed80e5a,2024-01-18,put_credit_spread,1,1541.5,1008482.501344,0.001529
sim_2019-02-09_2026-05-21_29c06ed80e5a,2024-01-19,short_straddle,0,0.0,1008482.501344,0.0
sim_2019-02-09_2026-05-21_29c06ed80e5a,2024-01-19,put_credit_spread,1,1541.5,1008482.501344,0.001529
sim_2019-02-09_2026-05-21_29c06ed80e5a,2024-01-22,short_straddle,0,0.0,1008482.501344,0.0
sim_2019-02-09_2026-05-21_29c06ed80e5a,2024-01-22,put_credit_spread,1,1541.5,1008482.501344,0.001529
sim_2019-02-09_2026-05-21_29c06ed80e5a,2024-01-23,short_straddle,0,0.0,1008482.501344,0.0
sim_2019-02-09_2026-05-21_29c06ed80e5a,2024-01-23,put_credit_spread,1,1541.5,1008482.501344,0.001529
sim_2019-02-09_2026-05-21_29c06ed80e5a,2024-01-24,short_straddle,0,0.0,1008482.501344,0.0
sim_2019-02-09_2026-05-21_29c06ed80e5a,2024-01-24,put_credit_spread,1,1541.5,1008482.501344,0.001529
sim_2019-02-09_2026-05-21_29c06ed80e5a,2024-01-25,short_straddle,0,0.0,1008482.501344,0.0
sim_2019-02-09_2026-05-21_29c06ed80e5a,2024-01-25,put_credit_spread,1,1541.5,1008482.501344,0.001529
sim_2019-02-09_2026-05-21_29c06ed80e5a,2024-01-26,short_straddle,0,0.0,1008427.501344,0.0
sim_2019-02-09_2026-05-21_29c06ed80e5a,2024-01-26,put_credit_spread,1,1541.5,1008427.501344,0.001529
sim_2019-02-09_2026-05-21_29c06ed80e5a,2024-01-29,short_straddle,0,0.0,1008427.501344,0.0
sim_2019-02-09_2026-05-21_29c06ed80e5a,2024-01-29,put_credit_spread,1,1541.5,1008427.501344,0.001529
sim_2019-02-09_2026-05-21_29c06ed80e5a,2024-01-30,short_straddle,0,0.0,1008427.501344,0.0
sim_2019-02-09_2026-05-21_29c06ed80e5a,2024-01-30,put_credit_spread,1,1541.5,1008427.501344,0.001529
sim_2019-02-09_2026-05-21_29c06ed80e5a,2024-01-31,short_straddle,0,0.0,1008427.501344,0.0
sim_2019-02-09_2026-05-21_29c06ed80e5a,2024-01-31,put_credit_spread,1,1541.5,1008427.501344,0.001529
sim_2019-02-09_2026-05-21_29c06ed80e5a,2024-02-01,short_straddle,0,0.0,1008427.501344,0.0
sim_2019-02-09_2026-05-21_29c06ed80e5a,2024-02-01,put_credit_spread,1,1541.5,1008427.501344,0.001529
sim_2019-02-09_2026-05-21_29c06ed80e5a,2024-02-02,short_straddle,0,0.0,1008427.501344,0.0
sim_2019-02-09_2026-05-21_29c06ed80e5a,2024-02-02,put_credit_spread,1,1541.5,1008427.501344,0.001529
sim_2019-02-09_2026-05-21_29c06ed80e5a,2024-02-05,short_straddle,0,0.0,1008427.501344,0.0
sim_2019-02-09_2026-05-21_29c06ed80e5a,2024-02-05,put_credit_spread,1,1541.5,1008427.501344,0.001529
sim_2019-02-09_2026-05-21_29c06ed80e5a,2024-02-06,short_straddle,0,0.0,1008427.501344,0.0
sim_2019-02-09_2026-05-21_29c06ed80e5a,2024-02-06,put_credit_spread,1,1541.5,1008427.501344,0.001529
sim_2019-02-09_2026-05-21_29c06ed80e5a,2024-02-07,short_straddle,0,0.0,1008427.501344,0.0
sim_2019-02-09_2026-05-21_29c06ed80e5a,2024-02-07,put_credit_spread,1,1541.5,1008427.501344,0.001529
sim_2019-02-09_2026-05-21_29c06ed80e5a,2024-02-08,short_straddle,0,0.0,1008427.501344,0.0
sim_2019-02-09_2026-05-21_29c06ed80e5a,2024-02-08,put_credit_spread,1,1541.5,1008427.501344,0.001529
sim_2019-02-09_2026-05-21_29c06ed80e5a,2024-02-09,short_straddle,0,0.0,1008636.945844,0.0
sim_2019-02-09_2026-05-21_29c06ed80e5a,2024-02-09,put_credit_spread,1,889.0,1008636.945844,0.000881
sim_2019-02-09_2026-05-21_29c06ed80e5a,2024-02-12,short_straddle,0,0.0,1008627.445844,0.0
sim_2019-02-09_2026-05-21_29c06ed80e5a,2024-02-12,put_credit_spread,1,889.0,1008627.445844,0.000881
sim_2019-02-09_2026-05-21_29c06ed80e5a,2024-02-13,short_straddle,0,0.0,1008627.445844,0.0
sim_2019-02-09_2026-05-21_29c06ed80e5a,2024-02-13,put_credit_spread,1,889.0,1008627.445844,0.000881
sim_2019-02-09_2026-05-21_29c06ed80e5a,2024-02-14,short_straddle,0,0.0,1008627.445844,0.0
sim_2019-02-09_2026-05-21_29c06ed80e5a,2024-02-14,put_credit_spread,1,889.0,1008627.445844,0.000881
sim_2019-02-09_2026-05-21_29c06ed80e5a,2024-02-15,short_straddle,0,0.0,1008627.445844,0.0
sim_2019-02-09_2026-05-21_29c06ed80e5a,2024-02-15,put_credit_spread,1,889.0,1008627.445844,0.000881
sim_2019-02-09_2026-05-21_29c06ed80e5a,2024-02-16,short_straddle,0,0.0,1008627.445844,0.0
sim_2019-02-09_2026-05-21_29c06ed80e5a,2024-02-16,put_credit_spread,1,889.0,1008627.445844,0.000881
sim_2019-02-09_2026-05-21_29c06ed80e5a,2024-02-20,short_straddle,0,0.0,1008627.445844,0.0
sim_2019-02-09_2026-05-21_29c06ed80e5a,2024-02-20,put_credit_spread,1,889.0,1008627.445844,0.000881
sim_2019-02-09_2026-05-21_29c06ed80e5a,2024-02-21,short_straddle,0,0.0,1008627.445844,0.0
sim_2019-02-09_2026-05-21_29c06ed80e5a,2024-02-21,put_credit_spread,1,889.0,1008627.445844,0.000881
sim_2019-02-09_2026-05-21_29c06ed80e5a,2024-02-22,short_straddle,0,0.0,1008627.445844,0.0
sim_2019-02-09_2026-05-21_29c06ed80e5a,2024-02-22,put_credit_spread,1,889.0,1008627.445844,0.000881
sim_2019-02-09_2026-05-21_29c06ed80e5a,2024-02-23,short_straddle,0,0.0,1008627.445844,0.0
sim_2019-02-09_2026-05-21_29c06ed80e5a,2024-02-23,put_credit_spread,1,889.0,1008627.445844,0.000881
sim_2019-02-09_2026-05-21_29c06ed80e5a,2024-02-26,short_straddle,0,0.0,1008627.445844,0.0
sim_2019-02-09_2026-05-21_29c06ed80e5a,2024-02-26,put_credit_spread,1,889.0,1008627.445844,0.000881
sim_2019-02-09_2026-05-21_29c06ed80e5a,2024-02-27,short_straddle,0,0.0,1008627.445844,0.0
sim_2019-02-09_2026-05-21_29c06ed80e5a,2024-02-27,put_credit_spread,1,889.0,1008627.445844,0.000881
sim_2019-02-09_2026-05-21_29c06ed80e5a,2024-02-28,short_straddle,0,0.0,1008627.445844,0.0
sim_2019-02-09_2026-05-21_29c06ed80e5a,2024-02-28,put_credit_spread,1,889.0,1008627.445844,0.000881
sim_2019-02-09_2026-05-21_29c06ed80e5a,2024-02-29,short_straddle,0,0.0,1008627.445844,0.0
sim_2019-02-09_2026-05-21_29c06ed80e5a,2024-02-29,put_credit_spread,1,889.0,1008627.445844,0.000881
sim_2019-02-09_2026-05-21_29c06ed80e5a,2024-03-01,short_straddle,0,0.0,1008627.445844,0.0
sim_2019-02-09_2026-05-21_29c06ed80e5a,2024-03-01,put_credit_spread,1,889.0,1008627.445844,0.000881
sim_2019-02-09_2026-05-21_29c06ed80e5a,2024-03-04,short_straddle,0,0.0,1008627.445844,0.0
sim_2019-02-09_2026-05-21_29c06ed80e5a,2024-03-04,put_credit_spread,1,889.0,1008627.445844,0.000881
sim_2019-02-09_2026-05-21_29c06ed80e5a,2024-03-05,short_straddle,0,0.0,1008627.445844,0.0
sim_2019-02-09_2026-05-21_29c06ed80e5a,2024-03-05,put_credit_spread,1,889.0,1008627.445844,0.000881
sim_2019-02-09_2026-05-21_29c06ed80e5a,2024-03-06,short_straddle,0,0.0,1008627.445844,0.0
sim_2019-02-09_2026-05-21_29c06ed80e5a,2024-03-06,put_credit_spread,1,889.0,1008627.445844,0.000881
sim_2019-02-09_2026-05-21_29c06ed80e5a,2024-03-07,short_straddle,0,0.0,1008627.445844,0.0
sim_2019-02-09_2026-05-21_29c06ed80e5a,2024-03-07,put_credit_spread,1,889.0,1008627.445844,0.000881
sim_2019-02-09_2026-05-21_29c06ed80e5a,2024-03-08,short_straddle,0,0.0,1008743.840094,0.0
sim_2019-02-09_2026-05-21_29c06ed80e5a,2024-03-08,put_credit_spread,1,1788.5,1008743.840094,0.001773
sim_2019-02-09_2026-05-21_29c06ed80e5a,2024-03-11,short_straddle,0,0.0,1008729.340094,0.0
sim_2019-02-09_2026-05-21_29c06ed80e5a,2024-03-11,put_credit_spread,1,1788.5,1008729.340094,0.001773
sim_2019-02-09_2026-05-21_29c06ed80e5a,2024-03-12,short_straddle,0,0.0,1008729.340094,0.0
sim_2019-02-09_2026-05-21_29c06ed80e5a,2024-03-12,put_credit_spread,1,1788.5,1008729.340094,0.001773
sim_2019-02-09_2026-05-21_29c06ed80e5a,2024-03-13,short_straddle,0,0.0,1008729.340094,0.0
sim_2019-02-09_2026-05-21_29c06ed80e5a,2024-03-13,put_credit_spread,1,1788.5,1008729.340094,0.001773
sim_2019-02-09_2026-05-21_29c06ed80e5a,2024-03-14,short_straddle,0,0.0,1008729.340094,0.0
sim_2019-02-09_2026-05-21_29c06ed80e5a,2024-03-14,put_credit_spread,1,1788.5,1008729.340094,0.001773
sim_2019-02-09_2026-05-21_29c06ed80e5a,2024-03-15,short_straddle,0,0.0,1008729.340094,0.0
sim_2019-02-09_2026-05-21_29c06ed80e5a,2024-03-15,put_credit_spread,1,1788.5,1008729.340094,0.001773
sim_2019-02-09_2026-05-21_29c06ed80e5a,2024-03-18,short_straddle,0,0.0,1008729.340094,0.0
sim_2019-02-09_2026-05-21_29c06ed80e5a,2024-03-18,put_credit_spread,1,1788.5,1008729.340094,0.001773
sim_2019-02-09_2026-05-21_29c06ed80e5a,2024-03-19,short_straddle,0,0.0,1008729.340094,0.0
sim_2019-02-09_2026-05-21_29c06ed80e5a,2024-03-19,put_credit_spread,1,1788.5,1008729.340094,0.001773
sim_2019-02-09_2026-05-21_29c06ed80e5a,2024-03-20,short_straddle,0,0.0,1008729.340094,0.0
sim_2019-02-09_2026-05-21_29c06ed80e5a,2024-03-20,put_credit_spread,1,1788.5,1008729.340094,0.001773
sim_2019-02-09_2026-05-21_29c06ed80e5a,2024-03-21,short_straddle,0,0.0,1008729.340094,0.0
sim_2019-02-09_2026-05-21_29c06ed80e5a,2024-03-21,put_credit_spread,1,1788.5,1008729.340094,0.001773
sim_2019-02-09_2026-05-21_29c06ed80e5a,2024-03-22,short_straddle,0,0.0,1008729.340094,0.0
sim_2019-02-09_2026-05-21_29c06ed80e5a,2024-03-22,put_credit_spread,1,1788.5,1008729.340094,0.001773
sim_2019-02-09_2026-05-21_29c06ed80e5a,2024-03-25,short_straddle,0,0.0,1008729.340094,0.0
sim_2019-02-09_2026-05-21_29c06ed80e5a,2024-03-25,put_credit_spread,1,1788.5,1008729.340094,0.001773
sim_2019-02-09_2026-05-21_29c06ed80e5a,2024-03-26,short_straddle,0,0.0,1008729.340094,0.0
sim_2019-02-09_2026-05-21_29c06ed80e5a,2024-03-26,put_credit_spread,1,1788.5,1008729.340094,0.001773
sim_2019-02-09_2026-05-21_29c06ed80e5a,2024-03-27,short_straddle,0,0.0,1008729.340094,0.0
sim_2019-02-09_2026-05-21_29c06ed80e5a,2024-03-27,put_credit_spread,1,1788.5,1008729.340094,0.001773
sim_2019-02-09_2026-05-21_29c06ed80e5a,2024-03-28,short_straddle,0,0.0,1008729.340094,0.0
sim_2019-02-09_2026-05-21_29c06ed80e5a,2024-03-28,put_credit_spread,1,1788.5,1008729.340094,0.001773
sim_2019-02-09_2026-05-21_29c06ed80e5a,2024-04-01,short_straddle,0,0.0,1008729.340094,0.0
sim_2019-02-09_2026-05-21_29c06ed80e5a,2024-04-01,put_credit_spread,1,1788.5,1008729.340094,0.001773
sim_2019-02-09_2026-05-21_29c06ed80e5a,2024-04-02,short_straddle,0,0.0,1008729.340094,0.0
sim_2019-02-09_2026-05-21_29c06ed80e5a,2024-04-02,put_credit_spread,1,1788.5,1008729.340094,0.001773
sim_2019-02-09_2026-05-21_29c06ed80e5a,2024-04-03,short_straddle,0,0.0,1008729.340094,0.0
sim_2019-02-09_2026-05-21_29c06ed80e5a,2024-04-03,put_credit_spread,1,1788.5,1008729.340094,0.001773
sim_2019-02-09_2026-05-21_29c06ed80e5a,2024-04-04,short_straddle,0,0.0,1008729.340094,0.0
sim_2019-02-09_2026-05-21_29c06ed80e5a,2024-04-04,put_credit_spread,1,1788.5,1008729.340094,0.001773
sim_2019-02-09_2026-05-21_29c06ed80e5a,2024-04-05,short_straddle,0,0.0,1008951.206344,0.0
sim_2019-02-09_2026-05-21_29c06ed80e5a,2024-04-05,put_credit_spread,1,2032.5,1008951.206344,0.002014
sim_2019-02-09_2026-05-21_29c06ed80e5a,2024-04-08,short_straddle,0,0.0,1009023.706344,0.0
sim_2019-02-09_2026-05-21_29c06ed80e5a,2024-04-08,put_credit_spread,1,2032.5,1009023.706344,0.002014
sim_2019-02-09_2026-05-21_29c06ed80e5a,2024-04-09,short_straddle,0,0.0,1009023.706344,0.0
sim_2019-02-09_2026-05-21_29c06ed80e5a,2024-04-09,put_credit_spread,1,2032.5,1009023.706344,0.002014
sim_2019-02-09_2026-05-21_29c06ed80e5a,2024-04-10,short_straddle,0,0.0,1009023.706344,0.0
sim_2019-02-09_2026-05-21_29c06ed80e5a,2024-04-10,put_credit_spread,1,2032.5,1009023.706344,0.002014
sim_2019-02-09_2026-05-21_29c06ed80e5a,2024-04-11,short_straddle,0,0.0,1009023.706344,0.0
sim_2019-02-09_2026-05-21_29c06ed80e5a,2024-04-11,put_credit_spread,1,2032.5,1009023.706344,0.002014
sim_2019-02-09_2026-05-21_29c06ed80e5a,2024-04-12,short_straddle,0,0.0,1009023.706344,0.0
sim_2019-02-09_2026-05-21_29c06ed80e5a,2024-04-12,put_credit_spread,1,2032.5,1009023.706344,0.002014
sim_2019-02-09_2026-05-21_29c06ed80e5a,2024-04-15,short_straddle,0,0.0,1009023.706344,0.0
sim_2019-02-09_2026-05-21_29c06ed80e5a,2024-04-15,put_credit_spread,1,2032.5,1009023.706344,0.002014
sim_2019-02-09_2026-05-21_29c06ed80e5a,2024-04-16,short_straddle,0,0.0,1009023.706344,0.0
sim_2019-02-09_2026-05-21_29c06ed80e5a,2024-04-16,put_credit_spread,1,2032.5,1009023.706344,0.002014
sim_2019-02-09_2026-05-21_29c06ed80e5a,2024-04-17,short_straddle,0,0.0,1009023.706344,0.0
sim_2019-02-09_2026-05-21_29c06ed80e5a,2024-04-17,put_credit_spread,1,2032.5,1009023.706344,0.002014
sim_2019-02-09_2026-05-21_29c06ed80e5a,2024-04-18,short_straddle,0,0.0,1009023.706344,0.0
sim_2019-02-09_2026-05-21_29c06ed80e5a,2024-04-18,put_credit_spread,1,2032.5,1009023.706344,0.002014
sim_2019-02-09_2026-05-21_29c06ed80e5a,2024-04-19,short_straddle,0,0.0,1009198.514844,0.0
sim_2019-02-09_2026-05-21_29c06ed80e5a,2024-04-19,put_credit_spread,1,2533.0,1009198.514844,0.00251
sim_2019-02-09_2026-05-21_29c06ed80e5a,2024-04-22,short_straddle,0,0.0,1009198.514844,0.0
sim_2019-02-09_2026-05-21_29c06ed80e5a,2024-04-22,put_credit_spread,1,2533.0,1009198.514844,0.00251
sim_2019-02-09_2026-05-21_29c06ed80e5a,2024-04-23,short_straddle,0,0.0,1009198.514844,0.0
sim_2019-02-09_2026-05-21_29c06ed80e5a,2024-04-23,put_credit_spread,1,2533.0,1009198.514844,0.00251
sim_2019-02-09_2026-05-21_29c06ed80e5a,2024-04-24,short_straddle,0,0.0,1009198.514844,0.0
sim_2019-02-09_2026-05-21_29c06ed80e5a,2024-04-24,put_credit_spread,1,2533.0,1009198.514844,0.00251
sim_2019-02-09_2026-05-21_29c06ed80e5a,2024-04-25,short_straddle,0,0.0,1009198.514844,0.0
sim_2019-02-09_2026-05-21_29c06ed80e5a,2024-04-25,put_credit_spread,1,2533.0,1009198.514844,0.00251
sim_2019-02-09_2026-05-21_29c06ed80e5a,2024-04-26,short_straddle,0,0.0,1009198.514844,0.0
sim_2019-02-09_2026-05-21_29c06ed80e5a,2024-04-26,put_credit_spread,1,2533.0,1009198.514844,0.00251
sim_2019-02-09_2026-05-21_29c06ed80e5a,2024-04-29,short_straddle,0,0.0,1009198.514844,0.0
sim_2019-02-09_2026-05-21_29c06ed80e5a,2024-04-29,put_credit_spread,1,2533.0,1009198.514844,0.00251
sim_2019-02-09_2026-05-21_29c06ed80e5a,2024-04-30,short_straddle,0,0.0,1009198.514844,0.0
sim_2019-02-09_2026-05-21_29c06ed80e5a,2024-04-30,put_credit_spread,1,2533.0,1009198.514844,0.00251
sim_2019-02-09_2026-05-21_29c06ed80e5a,2024-05-01,short_straddle,0,0.0,1009198.514844,0.0
sim_2019-02-09_2026-05-21_29c06ed80e5a,2024-05-01,put_credit_spread,1,2533.0,1009198.514844,0.00251
sim_2019-02-09_2026-05-21_29c06ed80e5a,2024-05-02,short_straddle,0,0.0,1009198.514844,0.0
sim_2019-02-09_2026-05-21_29c06ed80e5a,2024-05-02,put_credit_spread,1,2533.0,1009198.514844,0.00251
sim_2019-02-09_2026-05-21_29c06ed80e5a,2024-05-03,short_straddle,0,0.0,1009198.514844,0.0
sim_2019-02-09_2026-05-21_29c06ed80e5a,2024-05-03,put_credit_spread,1,2533.0,1009198.514844,0.00251
sim_2019-02-09_2026-05-21_29c06ed80e5a,2024-05-06,short_straddle,0,0.0,1009198.514844,0.0
sim_2019-02-09_2026-05-21_29c06ed80e5a,2024-05-06,put_credit_spread,1,2533.0,1009198.514844,0.00251
sim_2019-02-09_2026-05-21_29c06ed80e5a,2024-05-07,short_straddle,0,0.0,1009198.514844,0.0
sim_2019-02-09_2026-05-21_29c06ed80e5a,2024-05-07,put_credit_spread,1,2533.0,1009198.514844,0.00251
sim_2019-02-09_2026-05-21_29c06ed80e5a,2024-05-08,short_straddle,0,0.0,1009198.514844,0.0
sim_2019-02-09_2026-05-21_29c06ed80e5a,2024-05-08,put_credit_spread,1,2533.0,1009198.514844,0.00251
sim_2019-02-09_2026-05-21_29c06ed80e5a,2024-05-09,short_straddle,0,0.0,1009198.514844,0.0
sim_2019-02-09_2026-05-21_29c06ed80e5a,2024-05-09,put_credit_spread,1,2533.0,1009198.514844,0.00251
sim_2019-02-09_2026-05-21_29c06ed80e5a,2024-05-10,short_straddle,0,0.0,1009198.514844,0.0
sim_2019-02-09_2026-05-21_29c06ed80e5a,2024-05-10,put_credit_spread,1,2533.0,1009198.514844,0.00251
sim_2019-02-09_2026-05-21_29c06ed80e5a,2024-05-13,short_straddle,0,0.0,1009198.514844,0.0
sim_2019-02-09_2026-05-21_29c06ed80e5a,2024-05-13,put_credit_spread,1,2533.0,1009198.514844,0.00251
sim_2019-02-09_2026-05-21_29c06ed80e5a,2024-05-14,short_straddle,0,0.0,1009198.514844,0.0
sim_2019-02-09_2026-05-21_29c06ed80e5a,2024-05-14,put_credit_spread,1,2533.0,1009198.514844,0.00251
sim_2019-02-09_2026-05-21_29c06ed80e5a,2024-05-15,short_straddle,0,0.0,1009198.514844,0.0
sim_2019-02-09_2026-05-21_29c06ed80e5a,2024-05-15,put_credit_spread,1,2533.0,1009198.514844,0.00251
sim_2019-02-09_2026-05-21_29c06ed80e5a,2024-05-16,short_straddle,0,0.0,1009198.514844,0.0
sim_2019-02-09_2026-05-21_29c06ed80e5a,2024-05-16,put_credit_spread,1,2533.0,1009198.514844,0.00251
sim_2019-02-09_2026-05-21_29c06ed80e5a,2024-05-17,short_straddle,0,0.0,1009561.453844,0.0
sim_2019-02-09_2026-05-21_29c06ed80e5a,2024-05-17,put_credit_spread,1,978.0,1009561.453844,0.000969
sim_2019-02-09_2026-05-21_29c06ed80e5a,2024-05-20,short_straddle,0,0.0,1009582.453844,0.0
sim_2019-02-09_2026-05-21_29c06ed80e5a,2024-05-20,put_credit_spread,1,978.0,1009582.453844,0.000969
sim_2019-02-09_2026-05-21_29c06ed80e5a,2024-05-21,short_straddle,0,0.0,1009582.453844,0.0
sim_2019-02-09_2026-05-21_29c06ed80e5a,2024-05-21,put_credit_spread,1,978.0,1009582.453844,0.000969
sim_2019-02-09_2026-05-21_29c06ed80e5a,2024-05-22,short_straddle,0,0.0,1009582.453844,0.0
sim_2019-02-09_2026-05-21_29c06ed80e5a,2024-05-22,put_credit_spread,1,978.0,1009582.453844,0.000969
sim_2019-02-09_2026-05-21_29c06ed80e5a,2024-05-23,short_straddle,0,0.0,1009582.453844,0.0
sim_2019-02-09_2026-05-21_29c06ed80e5a,2024-05-23,put_credit_spread,1,978.0,1009582.453844,0.000969
sim_2019-02-09_2026-05-21_29c06ed80e5a,2024-05-24,short_straddle,0,0.0,1009582.453844,0.0
sim_2019-02-09_2026-05-21_29c06ed80e5a,2024-05-24,put_credit_spread,1,978.0,1009582.453844,0.000969
sim_2019-02-09_2026-05-21_29c06ed80e5a,2024-05-28,short_straddle,0,0.0,1009582.453844,0.0
sim_2019-02-09_2026-05-21_29c06ed80e5a,2024-05-28,put_credit_spread,1,978.0,1009582.453844,0.000969
sim_2019-02-09_2026-05-21_29c06ed80e5a,2024-05-29,short_straddle,0,0.0,1009582.453844,0.0
sim_2019-02-09_2026-05-21_29c06ed80e5a,2024-05-29,put_credit_spread,1,978.0,1009582.453844,0.000969
sim_2019-02-09_2026-05-21_29c06ed80e5a,2024-05-30,short_straddle,0,0.0,1009582.453844,0.0
sim_2019-02-09_2026-05-21_29c06ed80e5a,2024-05-30,put_credit_spread,1,978.0,1009582.453844,0.000969
sim_2019-02-09_2026-05-21_29c06ed80e5a,2024-05-31,short_straddle,0,0.0,1009582.453844,0.0
sim_2019-02-09_2026-05-21_29c06ed80e5a,2024-05-31,put_credit_spread,1,978.0,1009582.453844,0.000969
sim_2019-02-09_2026-05-21_29c06ed80e5a,2024-06-03,short_straddle,0,0.0,1009582.453844,0.0
sim_2019-02-09_2026-05-21_29c06ed80e5a,2024-06-03,put_credit_spread,1,978.0,1009582.453844,0.000969
sim_2019-02-09_2026-05-21_29c06ed80e5a,2024-06-04,short_straddle,0,0.0,1009582.453844,0.0
sim_2019-02-09_2026-05-21_29c06ed80e5a,2024-06-04,put_credit_spread,1,978.0,1009582.453844,0.000969
sim_2019-02-09_2026-05-21_29c06ed80e5a,2024-06-05,short_straddle,0,0.0,1009582.453844,0.0
sim_2019-02-09_2026-05-21_29c06ed80e5a,2024-06-05,put_credit_spread,1,978.0,1009582.453844,0.000969
sim_2019-02-09_2026-05-21_29c06ed80e5a,2024-06-06,short_straddle,0,0.0,1009582.453844,0.0
sim_2019-02-09_2026-05-21_29c06ed80e5a,2024-06-06,put_credit_spread,1,978.0,1009582.453844,0.000969
sim_2019-02-09_2026-05-21_29c06ed80e5a,2024-06-07,short_straddle,0,0.0,1009582.453844,0.0
sim_2019-02-09_2026-05-21_29c06ed80e5a,2024-06-07,put_credit_spread,1,978.0,1009582.453844,0.000969
sim_2019-02-09_2026-05-21_29c06ed80e5a,2024-06-10,short_straddle,0,0.0,1009582.453844,0.0
sim_2019-02-09_2026-05-21_29c06ed80e5a,2024-06-10,put_credit_spread,1,978.0,1009582.453844,0.000969
sim_2019-02-09_2026-05-21_29c06ed80e5a,2024-06-11,short_straddle,0,0.0,1009582.453844,0.0
sim_2019-02-09_2026-05-21_29c06ed80e5a,2024-06-11,put_credit_spread,1,978.0,1009582.453844,0.000969
sim_2019-02-09_2026-05-21_29c06ed80e5a,2024-06-12,short_straddle,0,0.0,1009582.453844,0.0
sim_2019-02-09_2026-05-21_29c06ed80e5a,2024-06-12,put_credit_spread,1,978.0,1009582.453844,0.000969
sim_2019-02-09_2026-05-21_29c06ed80e5a,2024-06-13,short_straddle,0,0.0,1009582.453844,0.0
sim_2019-02-09_2026-05-21_29c06ed80e5a,2024-06-13,put_credit_spread,1,978.0,1009582.453844,0.000969
sim_2019-02-09_2026-05-21_29c06ed80e5a,2024-06-14,short_straddle,0,0.0,1009679.352094,0.0
sim_2019-02-09_2026-05-21_29c06ed80e5a,2024-06-14,put_credit_spread,1,1996.5,1009679.352094,0.001977
sim_2019-02-09_2026-05-21_29c06ed80e5a,2024-06-17,short_straddle,0,0.0,1009679.352094,0.0
sim_2019-02-09_2026-05-21_29c06ed80e5a,2024-06-17,put_credit_spread,1,1996.5,1009679.352094,0.001977
sim_2019-02-09_2026-05-21_29c06ed80e5a,2024-06-18,short_straddle,0,0.0,1009679.352094,0.0
sim_2019-02-09_2026-05-21_29c06ed80e5a,2024-06-18,put_credit_spread,1,1996.5,1009679.352094,0.001977
sim_2019-02-09_2026-05-21_29c06ed80e5a,2024-06-20,short_straddle,0,0.0,1009679.352094,0.0
sim_2019-02-09_2026-05-21_29c06ed80e5a,2024-06-20,put_credit_spread,1,1996.5,1009679.352094,0.001977
sim_2019-02-09_2026-05-21_29c06ed80e5a,2024-06-21,short_straddle,0,0.0,1009679.352094,0.0
sim_2019-02-09_2026-05-21_29c06ed80e5a,2024-06-21,put_credit_spread,1,1996.5,1009679.352094,0.001977
sim_2019-02-09_2026-05-21_29c06ed80e5a,2024-06-24,short_straddle,0,0.0,1009679.352094,0.0
sim_2019-02-09_2026-05-21_29c06ed80e5a,2024-06-24,put_credit_spread,1,1996.5,1009679.352094,0.001977
sim_2019-02-09_2026-05-21_29c06ed80e5a,2024-06-25,short_straddle,0,0.0,1009679.352094,0.0
sim_2019-02-09_2026-05-21_29c06ed80e5a,2024-06-25,put_credit_spread,1,1996.5,1009679.352094,0.001977
sim_2019-02-09_2026-05-21_29c06ed80e5a,2024-06-26,short_straddle,0,0.0,1009679.352094,0.0
sim_2019-02-09_2026-05-21_29c06ed80e5a,2024-06-26,put_credit_spread,1,1996.5,1009679.352094,0.001977
sim_2019-02-09_2026-05-21_29c06ed80e5a,2024-06-27,short_straddle,0,0.0,1009679.352094,0.0
sim_2019-02-09_2026-05-21_29c06ed80e5a,2024-06-27,put_credit_spread,1,1996.5,1009679.352094,0.001977
sim_2019-02-09_2026-05-21_29c06ed80e5a,2024-06-28,short_straddle,0,0.0,1009679.352094,0.0
sim_2019-02-09_2026-05-21_29c06ed80e5a,2024-06-28,put_credit_spread,1,1996.5,1009679.352094,0.001977
sim_2019-02-09_2026-05-21_29c06ed80e5a,2024-07-01,short_straddle,0,0.0,1009679.352094,0.0
sim_2019-02-09_2026-05-21_29c06ed80e5a,2024-07-01,put_credit_spread,1,1996.5,1009679.352094,0.001977
sim_2019-02-09_2026-05-21_29c06ed80e5a,2024-07-02,short_straddle,0,0.0,1009679.352094,0.0
sim_2019-02-09_2026-05-21_29c06ed80e5a,2024-07-02,put_credit_spread,1,1996.5,1009679.352094,0.001977
sim_2019-02-09_2026-05-21_29c06ed80e5a,2024-07-03,short_straddle,0,0.0,1009679.352094,0.0
sim_2019-02-09_2026-05-21_29c06ed80e5a,2024-07-03,put_credit_spread,1,1996.5,1009679.352094,0.001977
sim_2019-02-09_2026-05-21_29c06ed80e5a,2024-07-05,short_straddle,0,0.0,1009679.352094,0.0
sim_2019-02-09_2026-05-21_29c06ed80e5a,2024-07-05,put_credit_spread,1,1996.5,1009679.352094,0.001977
sim_2019-02-09_2026-05-21_29c06ed80e5a,2024-07-08,short_straddle,0,0.0,1009679.352094,0.0
sim_2019-02-09_2026-05-21_29c06ed80e5a,2024-07-08,put_credit_spread,1,1996.5,1009679.352094,0.001977
sim_2019-02-09_2026-05-21_29c06ed80e5a,2024-07-09,short_straddle,0,0.0,1009679.352094,0.0
sim_2019-02-09_2026-05-21_29c06ed80e5a,2024-07-09,put_credit_spread,1,1996.5,1009679.352094,0.001977
sim_2019-02-09_2026-05-21_29c06ed80e5a,2024-07-10,short_straddle,0,0.0,1009679.352094,0.0
sim_2019-02-09_2026-05-21_29c06ed80e5a,2024-07-10,put_credit_spread,1,1996.5,1009679.352094,0.001977
sim_2019-02-09_2026-05-21_29c06ed80e5a,2024-07-11,short_straddle,0,0.0,1009679.352094,0.0
sim_2019-02-09_2026-05-21_29c06ed80e5a,2024-07-11,put_credit_spread,1,1996.5,1009679.352094,0.001977
sim_2019-02-09_2026-05-21_29c06ed80e5a,2024-07-12,short_straddle,0,0.0,1009878.789344,0.0
sim_2019-02-09_2026-05-21_29c06ed80e5a,2024-07-12,put_credit_spread,1,1024.5,1009878.789344,0.001014
sim_2019-02-09_2026-05-21_29c06ed80e5a,2024-07-15,short_straddle,0,0.0,1009878.789344,0.0
sim_2019-02-09_2026-05-21_29c06ed80e5a,2024-07-15,put_credit_spread,1,1024.5,1009878.789344,0.001014
sim_2019-02-09_2026-05-21_29c06ed80e5a,2024-07-16,short_straddle,0,0.0,1009878.789344,0.0
sim_2019-02-09_2026-05-21_29c06ed80e5a,2024-07-16,put_credit_spread,1,1024.5,1009878.789344,0.001014
sim_2019-02-09_2026-05-21_29c06ed80e5a,2024-07-17,short_straddle,0,0.0,1009878.789344,0.0
sim_2019-02-09_2026-05-21_29c06ed80e5a,2024-07-17,put_credit_spread,1,1024.5,1009878.789344,0.001014
sim_2019-02-09_2026-05-21_29c06ed80e5a,2024-07-18,short_straddle,0,0.0,1009878.789344,0.0
sim_2019-02-09_2026-05-21_29c06ed80e5a,2024-07-18,put_credit_spread,1,1024.5,1009878.789344,0.001014
sim_2019-02-09_2026-05-21_29c06ed80e5a,2024-07-19,short_straddle,0,0.0,1009878.789344,0.0
sim_2019-02-09_2026-05-21_29c06ed80e5a,2024-07-19,put_credit_spread,1,1024.5,1009878.789344,0.001014
sim_2019-02-09_2026-05-21_29c06ed80e5a,2024-07-22,short_straddle,0,0.0,1009878.789344,0.0
sim_2019-02-09_2026-05-21_29c06ed80e5a,2024-07-22,put_credit_spread,1,1024.5,1009878.789344,0.001014
sim_2019-02-09_2026-05-21_29c06ed80e5a,2024-07-23,short_straddle,0,0.0,1009878.789344,0.0
sim_2019-02-09_2026-05-21_29c06ed80e5a,2024-07-23,put_credit_spread,1,1024.5,1009878.789344,0.001014
sim_2019-02-09_2026-05-21_29c06ed80e5a,2024-07-24,short_straddle,0,0.0,1009878.789344,0.0
sim_2019-02-09_2026-05-21_29c06ed80e5a,2024-07-24,put_credit_spread,1,1024.5,1009878.789344,0.001014
sim_2019-02-09_2026-05-21_29c06ed80e5a,2024-07-25,short_straddle,0,0.0,1009878.789344,0.0
sim_2019-02-09_2026-05-21_29c06ed80e5a,2024-07-25,put_credit_spread,1,1024.5,1009878.789344,0.001014
sim_2019-02-09_2026-05-21_29c06ed80e5a,2024-07-26,short_straddle,0,0.0,1009878.789344,0.0
sim_2019-02-09_2026-05-21_29c06ed80e5a,2024-07-26,put_credit_spread,1,1024.5,1009878.789344,0.001014
sim_2019-02-09_2026-05-21_29c06ed80e5a,2024-07-29,short_straddle,0,0.0,1009878.789344,0.0
sim_2019-02-09_2026-05-21_29c06ed80e5a,2024-07-29,put_credit_spread,1,1024.5,1009878.789344,0.001014
sim_2019-02-09_2026-05-21_29c06ed80e5a,2024-07-30,short_straddle,0,0.0,1009878.789344,0.0
sim_2019-02-09_2026-05-21_29c06ed80e5a,2024-07-30,put_credit_spread,1,1024.5,1009878.789344,0.001014
sim_2019-02-09_2026-05-21_29c06ed80e5a,2024-07-31,short_straddle,0,0.0,1009878.789344,0.0
sim_2019-02-09_2026-05-21_29c06ed80e5a,2024-07-31,put_credit_spread,1,1024.5,1009878.789344,0.001014
sim_2019-02-09_2026-05-21_29c06ed80e5a,2024-08-01,short_straddle,0,0.0,1009878.789344,0.0
sim_2019-02-09_2026-05-21_29c06ed80e5a,2024-08-01,put_credit_spread,1,1024.5,1009878.789344,0.001014
sim_2019-02-09_2026-05-21_29c06ed80e5a,2024-08-02,short_straddle,0,0.0,1009878.789344,0.0
sim_2019-02-09_2026-05-21_29c06ed80e5a,2024-08-02,put_credit_spread,1,1024.5,1009878.789344,0.001014
sim_2019-02-09_2026-05-21_29c06ed80e5a,2024-08-05,short_straddle,0,0.0,1009878.789344,0.0
sim_2019-02-09_2026-05-21_29c06ed80e5a,2024-08-05,put_credit_spread,1,1024.5,1009878.789344,0.001014
sim_2019-02-09_2026-05-21_29c06ed80e5a,2024-08-06,short_straddle,0,0.0,1009878.789344,0.0
sim_2019-02-09_2026-05-21_29c06ed80e5a,2024-08-06,put_credit_spread,1,1024.5,1009878.789344,0.001014
sim_2019-02-09_2026-05-21_29c06ed80e5a,2024-08-07,short_straddle,0,0.0,1009876.726594,0.0
sim_2019-02-09_2026-05-21_29c06ed80e5a,2024-08-07,put_credit_spread,0,0.0,1009876.726594,0.0
sim_2019-02-09_2026-05-21_29c06ed80e5a,2024-08-08,short_straddle,0,0.0,1009876.726594,0.0
sim_2019-02-09_2026-05-21_29c06ed80e5a,2024-08-08,put_credit_spread,0,0.0,1009876.726594,0.0
sim_2019-02-09_2026-05-21_29c06ed80e5a,2024-08-09,short_straddle,0,0.0,1009876.726594,0.0
sim_2019-02-09_2026-05-21_29c06ed80e5a,2024-08-09,put_credit_spread,0,0.0,1009876.726594,0.0
sim_2019-02-09_2026-05-21_29c06ed80e5a,2024-08-12,short_straddle,0,0.0,1009874.521094,0.0
sim_2019-02-09_2026-05-21_29c06ed80e5a,2024-08-12,put_credit_spread,1,2789.0,1009874.521094,0.002762
sim_2019-02-09_2026-05-21_29c06ed80e5a,2024-08-13,short_straddle,0,0.0,1009874.521094,0.0
sim_2019-02-09_2026-05-21_29c06ed80e5a,2024-08-13,put_credit_spread,1,2789.0,1009874.521094,0.002762
sim_2019-02-09_2026-05-21_29c06ed80e5a,2024-08-14,short_straddle,0,0.0,1009874.521094,0.0
sim_2019-02-09_2026-05-21_29c06ed80e5a,2024-08-14,put_credit_spread,1,2789.0,1009874.521094,0.002762
sim_2019-02-09_2026-05-21_29c06ed80e5a,2024-08-15,short_straddle,0,0.0,1009874.521094,0.0
sim_2019-02-09_2026-05-21_29c06ed80e5a,2024-08-15,put_credit_spread,1,2789.0,1009874.521094,0.002762
sim_2019-02-09_2026-05-21_29c06ed80e5a,2024-08-16,short_straddle,0,0.0,1009874.521094,0.0
sim_2019-02-09_2026-05-21_29c06ed80e5a,2024-08-16,put_credit_spread,1,2789.0,1009874.521094,0.002762
sim_2019-02-09_2026-05-21_29c06ed80e5a,2024-08-19,short_straddle,0,0.0,1009874.521094,0.0
sim_2019-02-09_2026-05-21_29c06ed80e5a,2024-08-19,put_credit_spread,1,2789.0,1009874.521094,0.002762
sim_2019-02-09_2026-05-21_29c06ed80e5a,2024-08-20,short_straddle,0,0.0,1009874.521094,0.0
sim_2019-02-09_2026-05-21_29c06ed80e5a,2024-08-20,put_credit_spread,1,2789.0,1009874.521094,0.002762
sim_2019-02-09_2026-05-21_29c06ed80e5a,2024-08-21,short_straddle,0,0.0,1009874.521094,0.0
sim_2019-02-09_2026-05-21_29c06ed80e5a,2024-08-21,put_credit_spread,1,2789.0,1009874.521094,0.002762
sim_2019-02-09_2026-05-21_29c06ed80e5a,2024-08-22,short_straddle,0,0.0,1009874.521094,0.0
sim_2019-02-09_2026-05-21_29c06ed80e5a,2024-08-22,put_credit_spread,1,2789.0,1009874.521094,0.002762
sim_2019-02-09_2026-05-21_29c06ed80e5a,2024-08-23,short_straddle,0,0.0,1009874.521094,0.0
sim_2019-02-09_2026-05-21_29c06ed80e5a,2024-08-23,put_credit_spread,1,2789.0,1009874.521094,0.002762
sim_2019-02-09_2026-05-21_29c06ed80e5a,2024-08-26,short_straddle,0,0.0,1009874.521094,0.0
sim_2019-02-09_2026-05-21_29c06ed80e5a,2024-08-26,put_credit_spread,1,2789.0,1009874.521094,0.002762
sim_2019-02-09_2026-05-21_29c06ed80e5a,2024-08-27,short_straddle,0,0.0,1009874.521094,0.0
sim_2019-02-09_2026-05-21_29c06ed80e5a,2024-08-27,put_credit_spread,1,2789.0,1009874.521094,0.002762
sim_2019-02-09_2026-05-21_29c06ed80e5a,2024-08-28,short_straddle,0,0.0,1009874.521094,0.0
sim_2019-02-09_2026-05-21_29c06ed80e5a,2024-08-28,put_credit_spread,1,2789.0,1009874.521094,0.002762
sim_2019-02-09_2026-05-21_29c06ed80e5a,2024-08-29,short_straddle,0,0.0,1009874.521094,0.0
sim_2019-02-09_2026-05-21_29c06ed80e5a,2024-08-29,put_credit_spread,1,2789.0,1009874.521094,0.002762
sim_2019-02-09_2026-05-21_29c06ed80e5a,2024-08-30,short_straddle,0,0.0,1009874.521094,0.0
sim_2019-02-09_2026-05-21_29c06ed80e5a,2024-08-30,put_credit_spread,1,2789.0,1009874.521094,0.002762
sim_2019-02-09_2026-05-21_29c06ed80e5a,2024-09-03,short_straddle,0,0.0,1009874.521094,0.0
sim_2019-02-09_2026-05-21_29c06ed80e5a,2024-09-03,put_credit_spread,1,2789.0,1009874.521094,0.002762
sim_2019-02-09_2026-05-21_29c06ed80e5a,2024-09-04,short_straddle,0,0.0,1009874.521094,0.0
sim_2019-02-09_2026-05-21_29c06ed80e5a,2024-09-04,put_credit_spread,1,2789.0,1009874.521094,0.002762
sim_2019-02-09_2026-05-21_29c06ed80e5a,2024-09-05,short_straddle,0,0.0,1009874.521094,0.0
sim_2019-02-09_2026-05-21_29c06ed80e5a,2024-09-05,put_credit_spread,1,2789.0,1009874.521094,0.002762
sim_2019-02-09_2026-05-21_29c06ed80e5a,2024-09-06,short_straddle,0,0.0,1010281.371594,0.0
sim_2019-02-09_2026-05-21_29c06ed80e5a,2024-09-06,put_credit_spread,1,2201.0,1010281.371594,0.002179
sim_2019-02-09_2026-05-21_29c06ed80e5a,2024-09-09,short_straddle,0,0.0,1010281.371594,0.0
sim_2019-02-09_2026-05-21_29c06ed80e5a,2024-09-09,put_credit_spread,1,2201.0,1010281.371594,0.002179
sim_2019-02-09_2026-05-21_29c06ed80e5a,2024-09-10,short_straddle,0,0.0,1010281.371594,0.0
sim_2019-02-09_2026-05-21_29c06ed80e5a,2024-09-10,put_credit_spread,1,2201.0,1010281.371594,0.002179
sim_2019-02-09_2026-05-21_29c06ed80e5a,2024-09-11,short_straddle,0,0.0,1010281.371594,0.0
sim_2019-02-09_2026-05-21_29c06ed80e5a,2024-09-11,put_credit_spread,1,2201.0,1010281.371594,0.002179
sim_2019-02-09_2026-05-21_29c06ed80e5a,2024-09-12,short_straddle,0,0.0,1010281.371594,0.0
sim_2019-02-09_2026-05-21_29c06ed80e5a,2024-09-12,put_credit_spread,1,2201.0,1010281.371594,0.002179
sim_2019-02-09_2026-05-21_29c06ed80e5a,2024-09-13,short_straddle,0,0.0,1010281.371594,0.0
sim_2019-02-09_2026-05-21_29c06ed80e5a,2024-09-13,put_credit_spread,1,2201.0,1010281.371594,0.002179
sim_2019-02-09_2026-05-21_29c06ed80e5a,2024-09-16,short_straddle,0,0.0,1010281.371594,0.0
sim_2019-02-09_2026-05-21_29c06ed80e5a,2024-09-16,put_credit_spread,1,2201.0,1010281.371594,0.002179
sim_2019-02-09_2026-05-21_29c06ed80e5a,2024-09-17,short_straddle,0,0.0,1010281.371594,0.0
sim_2019-02-09_2026-05-21_29c06ed80e5a,2024-09-17,put_credit_spread,1,2201.0,1010281.371594,0.002179
sim_2019-02-09_2026-05-21_29c06ed80e5a,2024-09-18,short_straddle,0,0.0,1010281.371594,0.0
sim_2019-02-09_2026-05-21_29c06ed80e5a,2024-09-18,put_credit_spread,1,2201.0,1010281.371594,0.002179
sim_2019-02-09_2026-05-21_29c06ed80e5a,2024-09-19,short_straddle,0,0.0,1010281.371594,0.0
sim_2019-02-09_2026-05-21_29c06ed80e5a,2024-09-19,put_credit_spread,1,2201.0,1010281.371594,0.002179
sim_2019-02-09_2026-05-21_29c06ed80e5a,2024-09-20,short_straddle,0,0.0,1010080.371594,0.0
sim_2019-02-09_2026-05-21_29c06ed80e5a,2024-09-20,put_credit_spread,1,2201.0,1010080.371594,0.002179
sim_2019-02-09_2026-05-21_29c06ed80e5a,2024-09-23,short_straddle,0,0.0,1010080.371594,0.0
sim_2019-02-09_2026-05-21_29c06ed80e5a,2024-09-23,put_credit_spread,1,2201.0,1010080.371594,0.002179
sim_2019-02-09_2026-05-21_29c06ed80e5a,2024-09-24,short_straddle,0,0.0,1010080.371594,0.0
sim_2019-02-09_2026-05-21_29c06ed80e5a,2024-09-24,put_credit_spread,1,2201.0,1010080.371594,0.002179
sim_2019-02-09_2026-05-21_29c06ed80e5a,2024-09-25,short_straddle,0,0.0,1010080.371594,0.0
sim_2019-02-09_2026-05-21_29c06ed80e5a,2024-09-25,put_credit_spread,1,2201.0,1010080.371594,0.002179
sim_2019-02-09_2026-05-21_29c06ed80e5a,2024-09-26,short_straddle,0,0.0,1010080.371594,0.0
sim_2019-02-09_2026-05-21_29c06ed80e5a,2024-09-26,put_credit_spread,1,2201.0,1010080.371594,0.002179
sim_2019-02-09_2026-05-21_29c06ed80e5a,2024-09-27,short_straddle,0,0.0,1010080.371594,0.0
sim_2019-02-09_2026-05-21_29c06ed80e5a,2024-09-27,put_credit_spread,1,2201.0,1010080.371594,0.002179
sim_2019-02-09_2026-05-21_29c06ed80e5a,2024-09-30,short_straddle,0,0.0,1010080.371594,0.0
sim_2019-02-09_2026-05-21_29c06ed80e5a,2024-09-30,put_credit_spread,1,2201.0,1010080.371594,0.002179
sim_2019-02-09_2026-05-21_29c06ed80e5a,2024-10-01,short_straddle,0,0.0,1010080.371594,0.0
sim_2019-02-09_2026-05-21_29c06ed80e5a,2024-10-01,put_credit_spread,1,2201.0,1010080.371594,0.002179
sim_2019-02-09_2026-05-21_29c06ed80e5a,2024-10-02,short_straddle,0,0.0,1010080.371594,0.0
sim_2019-02-09_2026-05-21_29c06ed80e5a,2024-10-02,put_credit_spread,1,2201.0,1010080.371594,0.002179
sim_2019-02-09_2026-05-21_29c06ed80e5a,2024-10-03,short_straddle,0,0.0,1010080.371594,0.0
sim_2019-02-09_2026-05-21_29c06ed80e5a,2024-10-03,put_credit_spread,1,2201.0,1010080.371594,0.002179
sim_2019-02-09_2026-05-21_29c06ed80e5a,2024-10-04,short_straddle,0,0.0,1010576.192094,0.0
sim_2019-02-09_2026-05-21_29c06ed80e5a,2024-10-04,put_credit_spread,1,3341.0,1010576.192094,0.003306
sim_2019-02-09_2026-05-21_29c06ed80e5a,2024-10-07,short_straddle,0,0.0,1010576.192094,0.0
sim_2019-02-09_2026-05-21_29c06ed80e5a,2024-10-07,put_credit_spread,1,3341.0,1010576.192094,0.003306
sim_2019-02-09_2026-05-21_29c06ed80e5a,2024-10-08,short_straddle,0,0.0,1010576.192094,0.0
sim_2019-02-09_2026-05-21_29c06ed80e5a,2024-10-08,put_credit_spread,1,3341.0,1010576.192094,0.003306
sim_2019-02-09_2026-05-21_29c06ed80e5a,2024-10-09,short_straddle,0,0.0,1010576.192094,0.0
sim_2019-02-09_2026-05-21_29c06ed80e5a,2024-10-09,put_credit_spread,1,3341.0,1010576.192094,0.003306
sim_2019-02-09_2026-05-21_29c06ed80e5a,2024-10-10,short_straddle,0,0.0,1010576.192094,0.0
sim_2019-02-09_2026-05-21_29c06ed80e5a,2024-10-10,put_credit_spread,1,3341.0,1010576.192094,0.003306
sim_2019-02-09_2026-05-21_29c06ed80e5a,2024-10-11,short_straddle,0,0.0,1010576.192094,0.0
sim_2019-02-09_2026-05-21_29c06ed80e5a,2024-10-11,put_credit_spread,1,3341.0,1010576.192094,0.003306
sim_2019-02-09_2026-05-21_29c06ed80e5a,2024-10-14,short_straddle,0,0.0,1010576.192094,0.0
sim_2019-02-09_2026-05-21_29c06ed80e5a,2024-10-14,put_credit_spread,1,3341.0,1010576.192094,0.003306
sim_2019-02-09_2026-05-21_29c06ed80e5a,2024-10-15,short_straddle,0,0.0,1010576.192094,0.0
sim_2019-02-09_2026-05-21_29c06ed80e5a,2024-10-15,put_credit_spread,1,3341.0,1010576.192094,0.003306
sim_2019-02-09_2026-05-21_29c06ed80e5a,2024-10-16,short_straddle,0,0.0,1010576.192094,0.0
sim_2019-02-09_2026-05-21_29c06ed80e5a,2024-10-16,put_credit_spread,1,3341.0,1010576.192094,0.003306
sim_2019-02-09_2026-05-21_29c06ed80e5a,2024-10-17,short_straddle,0,0.0,1010576.192094,0.0
sim_2019-02-09_2026-05-21_29c06ed80e5a,2024-10-17,put_credit_spread,1,3341.0,1010576.192094,0.003306
sim_2019-02-09_2026-05-21_29c06ed80e5a,2024-10-18,short_straddle,0,0.0,1010463.692094,0.0
sim_2019-02-09_2026-05-21_29c06ed80e5a,2024-10-18,put_credit_spread,1,3341.0,1010463.692094,0.003306
sim_2019-02-09_2026-05-21_29c06ed80e5a,2024-10-21,short_straddle,0,0.0,1010457.692094,0.0
sim_2019-02-09_2026-05-21_29c06ed80e5a,2024-10-21,put_credit_spread,1,3341.0,1010457.692094,0.003306
sim_2019-02-09_2026-05-21_29c06ed80e5a,2024-10-22,short_straddle,0,0.0,1010457.692094,0.0
sim_2019-02-09_2026-05-21_29c06ed80e5a,2024-10-22,put_credit_spread,1,3341.0,1010457.692094,0.003306
sim_2019-02-09_2026-05-21_29c06ed80e5a,2024-10-23,short_straddle,0,0.0,1010457.692094,0.0
sim_2019-02-09_2026-05-21_29c06ed80e5a,2024-10-23,put_credit_spread,1,3341.0,1010457.692094,0.003306
sim_2019-02-09_2026-05-21_29c06ed80e5a,2024-10-24,short_straddle,0,0.0,1010457.692094,0.0
sim_2019-02-09_2026-05-21_29c06ed80e5a,2024-10-24,put_credit_spread,1,3341.0,1010457.692094,0.003306
sim_2019-02-09_2026-05-21_29c06ed80e5a,2024-10-25,short_straddle,0,0.0,1010457.692094,0.0
sim_2019-02-09_2026-05-21_29c06ed80e5a,2024-10-25,put_credit_spread,1,3341.0,1010457.692094,0.003306
sim_2019-02-09_2026-05-21_29c06ed80e5a,2024-10-28,short_straddle,0,0.0,1010457.692094,0.0
sim_2019-02-09_2026-05-21_29c06ed80e5a,2024-10-28,put_credit_spread,1,3341.0,1010457.692094,0.003306
sim_2019-02-09_2026-05-21_29c06ed80e5a,2024-10-29,short_straddle,0,0.0,1010457.692094,0.0
sim_2019-02-09_2026-05-21_29c06ed80e5a,2024-10-29,put_credit_spread,1,3341.0,1010457.692094,0.003306
sim_2019-02-09_2026-05-21_29c06ed80e5a,2024-10-30,short_straddle,0,0.0,1010457.692094,0.0
sim_2019-02-09_2026-05-21_29c06ed80e5a,2024-10-30,put_credit_spread,1,3341.0,1010457.692094,0.003306
sim_2019-02-09_2026-05-21_29c06ed80e5a,2024-10-31,short_straddle,0,0.0,1010457.692094,0.0
sim_2019-02-09_2026-05-21_29c06ed80e5a,2024-10-31,put_credit_spread,1,3341.0,1010457.692094,0.003306
sim_2019-02-09_2026-05-21_29c06ed80e5a,2024-11-01,short_straddle,0,0.0,1010930.951344,0.0
sim_2019-02-09_2026-05-21_29c06ed80e5a,2024-11-01,put_credit_spread,1,3018.5,1010930.951344,0.002986
sim_2019-02-09_2026-05-21_29c06ed80e5a,2024-11-04,short_straddle,0,0.0,1010930.951344,0.0
sim_2019-02-09_2026-05-21_29c06ed80e5a,2024-11-04,put_credit_spread,1,3018.5,1010930.951344,0.002986
sim_2019-02-09_2026-05-21_29c06ed80e5a,2024-11-05,short_straddle,0,0.0,1010930.951344,0.0
sim_2019-02-09_2026-05-21_29c06ed80e5a,2024-11-05,put_credit_spread,1,3018.5,1010930.951344,0.002986
sim_2019-02-09_2026-05-21_29c06ed80e5a,2024-11-06,short_straddle,0,0.0,1010930.951344,0.0
sim_2019-02-09_2026-05-21_29c06ed80e5a,2024-11-06,put_credit_spread,1,3018.5,1010930.951344,0.002986
sim_2019-02-09_2026-05-21_29c06ed80e5a,2024-11-07,short_straddle,0,0.0,1010930.951344,0.0
sim_2019-02-09_2026-05-21_29c06ed80e5a,2024-11-07,put_credit_spread,1,3018.5,1010930.951344,0.002986
sim_2019-02-09_2026-05-21_29c06ed80e5a,2024-11-08,short_straddle,0,0.0,1010930.951344,0.0
sim_2019-02-09_2026-05-21_29c06ed80e5a,2024-11-08,put_credit_spread,1,3018.5,1010930.951344,0.002986
sim_2019-02-09_2026-05-21_29c06ed80e5a,2024-11-11,short_straddle,0,0.0,1010930.951344,0.0
sim_2019-02-09_2026-05-21_29c06ed80e5a,2024-11-11,put_credit_spread,1,3018.5,1010930.951344,0.002986
sim_2019-02-09_2026-05-21_29c06ed80e5a,2024-11-12,short_straddle,0,0.0,1010930.951344,0.0
sim_2019-02-09_2026-05-21_29c06ed80e5a,2024-11-12,put_credit_spread,1,3018.5,1010930.951344,0.002986
sim_2019-02-09_2026-05-21_29c06ed80e5a,2024-11-13,short_straddle,0,0.0,1010930.951344,0.0
sim_2019-02-09_2026-05-21_29c06ed80e5a,2024-11-13,put_credit_spread,1,3018.5,1010930.951344,0.002986
sim_2019-02-09_2026-05-21_29c06ed80e5a,2024-11-14,short_straddle,0,0.0,1010930.951344,0.0
sim_2019-02-09_2026-05-21_29c06ed80e5a,2024-11-14,put_credit_spread,1,3018.5,1010930.951344,0.002986
sim_2019-02-09_2026-05-21_29c06ed80e5a,2024-11-15,short_straddle,0,0.0,1010930.951344,0.0
sim_2019-02-09_2026-05-21_29c06ed80e5a,2024-11-15,put_credit_spread,1,3018.5,1010930.951344,0.002986
sim_2019-02-09_2026-05-21_29c06ed80e5a,2024-11-18,short_straddle,0,0.0,1010930.951344,0.0
sim_2019-02-09_2026-05-21_29c06ed80e5a,2024-11-18,put_credit_spread,1,3018.5,1010930.951344,0.002986
sim_2019-02-09_2026-05-21_29c06ed80e5a,2024-11-19,short_straddle,0,0.0,1010930.951344,0.0
sim_2019-02-09_2026-05-21_29c06ed80e5a,2024-11-19,put_credit_spread,1,3018.5,1010930.951344,0.002986
sim_2019-02-09_2026-05-21_29c06ed80e5a,2024-11-20,short_straddle,0,0.0,1010930.951344,0.0
sim_2019-02-09_2026-05-21_29c06ed80e5a,2024-11-20,put_credit_spread,1,3018.5,1010930.951344,0.002986
sim_2019-02-09_2026-05-21_29c06ed80e5a,2024-11-21,short_straddle,0,0.0,1010930.951344,0.0
sim_2019-02-09_2026-05-21_29c06ed80e5a,2024-11-21,put_credit_spread,1,3018.5,1010930.951344,0.002986
sim_2019-02-09_2026-05-21_29c06ed80e5a,2024-11-22,short_straddle,0,0.0,1010930.951344,0.0
sim_2019-02-09_2026-05-21_29c06ed80e5a,2024-11-22,put_credit_spread,1,3018.5,1010930.951344,0.002986
sim_2019-02-09_2026-05-21_29c06ed80e5a,2024-11-25,short_straddle,0,0.0,1010930.951344,0.0
sim_2019-02-09_2026-05-21_29c06ed80e5a,2024-11-25,put_credit_spread,1,3018.5,1010930.951344,0.002986
sim_2019-02-09_2026-05-21_29c06ed80e5a,2024-11-26,short_straddle,0,0.0,1010930.951344,0.0
sim_2019-02-09_2026-05-21_29c06ed80e5a,2024-11-26,put_credit_spread,1,3018.5,1010930.951344,0.002986
sim_2019-02-09_2026-05-21_29c06ed80e5a,2024-11-27,short_straddle,0,0.0,1010930.951344,0.0
sim_2019-02-09_2026-05-21_29c06ed80e5a,2024-11-27,put_credit_spread,1,3018.5,1010930.951344,0.002986
sim_2019-02-09_2026-05-21_29c06ed80e5a,2024-11-29,short_straddle,0,0.0,1011408.349094,0.0
sim_2019-02-09_2026-05-21_29c06ed80e5a,2024-11-29,put_credit_spread,1,2295.5,1011408.349094,0.00227
sim_2019-02-09_2026-05-21_29c06ed80e5a,2024-12-02,short_straddle,0,0.0,1011408.349094,0.0
sim_2019-02-09_2026-05-21_29c06ed80e5a,2024-12-02,put_credit_spread,1,2295.5,1011408.349094,0.00227
sim_2019-02-09_2026-05-21_29c06ed80e5a,2024-12-03,short_straddle,0,0.0,1011408.349094,0.0
sim_2019-02-09_2026-05-21_29c06ed80e5a,2024-12-03,put_credit_spread,1,2295.5,1011408.349094,0.00227
sim_2019-02-09_2026-05-21_29c06ed80e5a,2024-12-04,short_straddle,0,0.0,1011408.349094,0.0
sim_2019-02-09_2026-05-21_29c06ed80e5a,2024-12-04,put_credit_spread,1,2295.5,1011408.349094,0.00227
sim_2019-02-09_2026-05-21_29c06ed80e5a,2024-12-05,short_straddle,0,0.0,1011408.349094,0.0
sim_2019-02-09_2026-05-21_29c06ed80e5a,2024-12-05,put_credit_spread,1,2295.5,1011408.349094,0.00227
sim_2019-02-09_2026-05-21_29c06ed80e5a,2024-12-06,short_straddle,0,0.0,1011408.349094,0.0
sim_2019-02-09_2026-05-21_29c06ed80e5a,2024-12-06,put_credit_spread,1,2295.5,1011408.349094,0.00227
sim_2019-02-09_2026-05-21_29c06ed80e5a,2024-12-09,short_straddle,0,0.0,1011408.349094,0.0
sim_2019-02-09_2026-05-21_29c06ed80e5a,2024-12-09,put_credit_spread,1,2295.5,1011408.349094,0.00227
sim_2019-02-09_2026-05-21_29c06ed80e5a,2024-12-10,short_straddle,0,0.0,1011408.349094,0.0
sim_2019-02-09_2026-05-21_29c06ed80e5a,2024-12-10,put_credit_spread,1,2295.5,1011408.349094,0.00227
sim_2019-02-09_2026-05-21_29c06ed80e5a,2024-12-11,short_straddle,0,0.0,1011408.349094,0.0
sim_2019-02-09_2026-05-21_29c06ed80e5a,2024-12-11,put_credit_spread,1,2295.5,1011408.349094,0.00227
sim_2019-02-09_2026-05-21_29c06ed80e5a,2024-12-12,short_straddle,0,0.0,1011408.349094,0.0
sim_2019-02-09_2026-05-21_29c06ed80e5a,2024-12-12,put_credit_spread,1,2295.5,1011408.349094,0.00227
sim_2019-02-09_2026-05-21_29c06ed80e5a,2024-12-13,short_straddle,0,0.0,1011408.349094,0.0
sim_2019-02-09_2026-05-21_29c06ed80e5a,2024-12-13,put_credit_spread,1,2295.5,1011408.349094,0.00227
sim_2019-02-09_2026-05-21_29c06ed80e5a,2024-12-16,short_straddle,0,0.0,1011408.349094,0.0
sim_2019-02-09_2026-05-21_29c06ed80e5a,2024-12-16,put_credit_spread,1,2295.5,1011408.349094,0.00227
sim_2019-02-09_2026-05-21_29c06ed80e5a,2024-12-17,short_straddle,0,0.0,1011408.349094,0.0
sim_2019-02-09_2026-05-21_29c06ed80e5a,2024-12-17,put_credit_spread,1,2295.5,1011408.349094,0.00227
sim_2019-02-09_2026-05-21_29c06ed80e5a,2024-12-18,short_straddle,0,0.0,1011408.349094,0.0
sim_2019-02-09_2026-05-21_29c06ed80e5a,2024-12-18,put_credit_spread,1,2295.5,1011408.349094,0.00227
sim_2019-02-09_2026-05-21_29c06ed80e5a,2024-12-19,short_straddle,0,0.0,1011408.349094,0.0
sim_2019-02-09_2026-05-21_29c06ed80e5a,2024-12-19,put_credit_spread,1,2295.5,1011408.349094,0.00227
sim_2019-02-09_2026-05-21_29c06ed80e5a,2024-12-20,short_straddle,0,0.0,1011408.349094,0.0
sim_2019-02-09_2026-05-21_29c06ed80e5a,2024-12-20,put_credit_spread,1,2295.5,1011408.349094,0.00227
sim_2019-02-09_2026-05-21_29c06ed80e5a,2024-12-23,short_straddle,0,0.0,1011408.349094,0.0
sim_2019-02-09_2026-05-21_29c06ed80e5a,2024-12-23,put_credit_spread,1,2295.5,1011408.349094,0.00227
sim_2019-02-09_2026-05-21_29c06ed80e5a,2024-12-24,short_straddle,0,0.0,1011408.349094,0.0
sim_2019-02-09_2026-05-21_29c06ed80e5a,2024-12-24,put_credit_spread,1,2295.5,1011408.349094,0.00227
sim_2019-02-09_2026-05-21_29c06ed80e5a,2024-12-26,short_straddle,0,0.0,1011408.349094,0.0
sim_2019-02-09_2026-05-21_29c06ed80e5a,2024-12-26,put_credit_spread,1,2295.5,1011408.349094,0.00227
sim_2019-02-09_2026-05-21_29c06ed80e5a,2024-12-27,short_straddle,0,0.0,1011608.718344,0.0
sim_2019-02-09_2026-05-21_29c06ed80e5a,2024-12-27,put_credit_spread,1,2038.5,1011608.718344,0.002015
sim_2019-02-09_2026-05-21_29c06ed80e5a,2024-12-30,short_straddle,0,0.0,1011608.718344,0.0
sim_2019-02-09_2026-05-21_29c06ed80e5a,2024-12-30,put_credit_spread,1,2038.5,1011608.718344,0.002015
sim_2019-02-09_2026-05-21_29c06ed80e5a,2024-12-31,short_straddle,0,0.0,1011608.718344,0.0
sim_2019-02-09_2026-05-21_29c06ed80e5a,2024-12-31,put_credit_spread,1,2038.5,1011608.718344,0.002015
sim_2019-02-09_2026-05-21_29c06ed80e5a,2025-01-02,short_straddle,0,0.0,1011608.718344,0.0
sim_2019-02-09_2026-05-21_29c06ed80e5a,2025-01-02,put_credit_spread,1,2038.5,1011608.718344,0.002015
sim_2019-02-09_2026-05-21_29c06ed80e5a,2025-01-03,short_straddle,0,0.0,1011608.718344,0.0
sim_2019-02-09_2026-05-21_29c06ed80e5a,2025-01-03,put_credit_spread,1,2038.5,1011608.718344,0.002015
sim_2019-02-09_2026-05-21_29c06ed80e5a,2025-01-06,short_straddle,0,0.0,1011608.718344,0.0
sim_2019-02-09_2026-05-21_29c06ed80e5a,2025-01-06,put_credit_spread,1,2038.5,1011608.718344,0.002015
sim_2019-02-09_2026-05-21_29c06ed80e5a,2025-01-07,short_straddle,0,0.0,1011608.718344,0.0
sim_2019-02-09_2026-05-21_29c06ed80e5a,2025-01-07,put_credit_spread,1,2038.5,1011608.718344,0.002015
sim_2019-02-09_2026-05-21_29c06ed80e5a,2025-01-08,short_straddle,0,0.0,1011608.718344,0.0
sim_2019-02-09_2026-05-21_29c06ed80e5a,2025-01-08,put_credit_spread,1,2038.5,1011608.718344,0.002015
sim_2019-02-09_2026-05-21_29c06ed80e5a,2025-01-10,short_straddle,0,0.0,1011608.718344,0.0
sim_2019-02-09_2026-05-21_29c06ed80e5a,2025-01-10,put_credit_spread,1,2038.5,1011608.718344,0.002015
sim_2019-02-09_2026-05-21_29c06ed80e5a,2025-01-13,short_straddle,0,0.0,1011593.718344,0.0
sim_2019-02-09_2026-05-21_29c06ed80e5a,2025-01-13,put_credit_spread,1,2038.5,1011593.718344,0.002015
sim_2019-02-09_2026-05-21_29c06ed80e5a,2025-01-14,short_straddle,0,0.0,1011593.718344,0.0
sim_2019-02-09_2026-05-21_29c06ed80e5a,2025-01-14,put_credit_spread,1,2038.5,1011593.718344,0.002015
sim_2019-02-09_2026-05-21_29c06ed80e5a,2025-01-15,short_straddle,0,0.0,1011593.718344,0.0
sim_2019-02-09_2026-05-21_29c06ed80e5a,2025-01-15,put_credit_spread,1,2038.5,1011593.718344,0.002015
sim_2019-02-09_2026-05-21_29c06ed80e5a,2025-01-16,short_straddle,0,0.0,1011593.718344,0.0
sim_2019-02-09_2026-05-21_29c06ed80e5a,2025-01-16,put_credit_spread,1,2038.5,1011593.718344,0.002015
sim_2019-02-09_2026-05-21_29c06ed80e5a,2025-01-17,short_straddle,0,0.0,1011593.718344,0.0
sim_2019-02-09_2026-05-21_29c06ed80e5a,2025-01-17,put_credit_spread,1,2038.5,1011593.718344,0.002015
sim_2019-02-09_2026-05-21_29c06ed80e5a,2025-01-21,short_straddle,0,0.0,1011593.718344,0.0
sim_2019-02-09_2026-05-21_29c06ed80e5a,2025-01-21,put_credit_spread,1,2038.5,1011593.718344,0.002015
sim_2019-02-09_2026-05-21_29c06ed80e5a,2025-01-22,short_straddle,0,0.0,1011593.718344,0.0
sim_2019-02-09_2026-05-21_29c06ed80e5a,2025-01-22,put_credit_spread,1,2038.5,1011593.718344,0.002015
sim_2019-02-09_2026-05-21_29c06ed80e5a,2025-01-23,short_straddle,0,0.0,1011593.718344,0.0
sim_2019-02-09_2026-05-21_29c06ed80e5a,2025-01-23,put_credit_spread,1,2038.5,1011593.718344,0.002015
sim_2019-02-09_2026-05-21_29c06ed80e5a,2025-01-24,short_straddle,0,0.0,1011866.093344,0.0
sim_2019-02-09_2026-05-21_29c06ed80e5a,2025-01-24,put_credit_spread,1,2250.0,1011866.093344,0.002224
sim_2019-02-09_2026-05-21_29c06ed80e5a,2025-01-27,short_straddle,0,0.0,1011866.093344,0.0
sim_2019-02-09_2026-05-21_29c06ed80e5a,2025-01-27,put_credit_spread,1,2250.0,1011866.093344,0.002224
sim_2019-02-09_2026-05-21_29c06ed80e5a,2025-01-28,short_straddle,0,0.0,1011866.093344,0.0
sim_2019-02-09_2026-05-21_29c06ed80e5a,2025-01-28,put_credit_spread,1,2250.0,1011866.093344,0.002224
sim_2019-02-09_2026-05-21_29c06ed80e5a,2025-01-29,short_straddle,0,0.0,1011866.093344,0.0
sim_2019-02-09_2026-05-21_29c06ed80e5a,2025-01-29,put_credit_spread,1,2250.0,1011866.093344,0.002224
sim_2019-02-09_2026-05-21_29c06ed80e5a,2025-01-30,short_straddle,0,0.0,1011866.093344,0.0
sim_2019-02-09_2026-05-21_29c06ed80e5a,2025-01-30,put_credit_spread,1,2250.0,1011866.093344,0.002224
sim_2019-02-09_2026-05-21_29c06ed80e5a,2025-01-31,short_straddle,0,0.0,1011866.093344,0.0
sim_2019-02-09_2026-05-21_29c06ed80e5a,2025-01-31,put_credit_spread,1,2250.0,1011866.093344,0.002224
sim_2019-02-09_2026-05-21_29c06ed80e5a,2025-02-03,short_straddle,0,0.0,1011866.093344,0.0
sim_2019-02-09_2026-05-21_29c06ed80e5a,2025-02-03,put_credit_spread,1,2250.0,1011866.093344,0.002224
sim_2019-02-09_2026-05-21_29c06ed80e5a,2025-02-04,short_straddle,0,0.0,1011866.093344,0.0
sim_2019-02-09_2026-05-21_29c06ed80e5a,2025-02-04,put_credit_spread,1,2250.0,1011866.093344,0.002224
sim_2019-02-09_2026-05-21_29c06ed80e5a,2025-02-05,short_straddle,0,0.0,1011866.093344,0.0
sim_2019-02-09_2026-05-21_29c06ed80e5a,2025-02-05,put_credit_spread,1,2250.0,1011866.093344,0.002224
sim_2019-02-09_2026-05-21_29c06ed80e5a,2025-02-06,short_straddle,0,0.0,1011866.093344,0.0
sim_2019-02-09_2026-05-21_29c06ed80e5a,2025-02-06,put_credit_spread,1,2250.0,1011866.093344,0.002224
sim_2019-02-09_2026-05-21_29c06ed80e5a,2025-02-07,short_straddle,0,0.0,1011866.093344,0.0
sim_2019-02-09_2026-05-21_29c06ed80e5a,2025-02-07,put_credit_spread,1,2250.0,1011866.093344,0.002224
sim_2019-02-09_2026-05-21_29c06ed80e5a,2025-02-10,short_straddle,0,0.0,1011866.093344,0.0
sim_2019-02-09_2026-05-21_29c06ed80e5a,2025-02-10,put_credit_spread,1,2250.0,1011866.093344,0.002224
sim_2019-02-09_2026-05-21_29c06ed80e5a,2025-02-11,short_straddle,0,0.0,1011866.093344,0.0
sim_2019-02-09_2026-05-21_29c06ed80e5a,2025-02-11,put_credit_spread,1,2250.0,1011866.093344,0.002224
sim_2019-02-09_2026-05-21_29c06ed80e5a,2025-02-12,short_straddle,0,0.0,1011866.093344,0.0
sim_2019-02-09_2026-05-21_29c06ed80e5a,2025-02-12,put_credit_spread,1,2250.0,1011866.093344,0.002224
sim_2019-02-09_2026-05-21_29c06ed80e5a,2025-02-13,short_straddle,0,0.0,1011866.093344,0.0
sim_2019-02-09_2026-05-21_29c06ed80e5a,2025-02-13,put_credit_spread,1,2250.0,1011866.093344,0.002224
sim_2019-02-09_2026-05-21_29c06ed80e5a,2025-02-14,short_straddle,0,0.0,1011866.093344,0.0
sim_2019-02-09_2026-05-21_29c06ed80e5a,2025-02-14,put_credit_spread,1,2250.0,1011866.093344,0.002224
sim_2019-02-09_2026-05-21_29c06ed80e5a,2025-02-18,short_straddle,0,0.0,1011866.093344,0.0
sim_2019-02-09_2026-05-21_29c06ed80e5a,2025-02-18,put_credit_spread,1,2250.0,1011866.093344,0.002224
sim_2019-02-09_2026-05-21_29c06ed80e5a,2025-02-19,short_straddle,0,0.0,1011866.093344,0.0
sim_2019-02-09_2026-05-21_29c06ed80e5a,2025-02-19,put_credit_spread,1,2250.0,1011866.093344,0.002224
sim_2019-02-09_2026-05-21_29c06ed80e5a,2025-02-20,short_straddle,0,0.0,1011866.093344,0.0
sim_2019-02-09_2026-05-21_29c06ed80e5a,2025-02-20,put_credit_spread,1,2250.0,1011866.093344,0.002224
sim_2019-02-09_2026-05-21_29c06ed80e5a,2025-02-21,short_straddle,0,0.0,1012111.896594,0.0
sim_2019-02-09_2026-05-21_29c06ed80e5a,2025-02-21,put_credit_spread,1,3206.5,1012111.896594,0.003168
sim_2019-02-09_2026-05-21_29c06ed80e5a,2025-02-24,short_straddle,0,0.0,1012111.896594,0.0
sim_2019-02-09_2026-05-21_29c06ed80e5a,2025-02-24,put_credit_spread,1,3206.5,1012111.896594,0.003168
sim_2019-02-09_2026-05-21_29c06ed80e5a,2025-02-25,short_straddle,0,0.0,1012111.896594,0.0
sim_2019-02-09_2026-05-21_29c06ed80e5a,2025-02-25,put_credit_spread,1,3206.5,1012111.896594,0.003168
sim_2019-02-09_2026-05-21_29c06ed80e5a,2025-02-26,short_straddle,0,0.0,1012111.896594,0.0
sim_2019-02-09_2026-05-21_29c06ed80e5a,2025-02-26,put_credit_spread,1,3206.5,1012111.896594,0.003168
sim_2019-02-09_2026-05-21_29c06ed80e5a,2025-02-27,short_straddle,0,0.0,1012111.896594,0.0
sim_2019-02-09_2026-05-21_29c06ed80e5a,2025-02-27,put_credit_spread,1,3206.5,1012111.896594,0.003168
sim_2019-02-09_2026-05-21_29c06ed80e5a,2025-02-28,short_straddle,0,0.0,1012111.896594,0.0
sim_2019-02-09_2026-05-21_29c06ed80e5a,2025-02-28,put_credit_spread,1,3206.5,1012111.896594,0.003168
sim_2019-02-09_2026-05-21_29c06ed80e5a,2025-03-03,short_straddle,0,0.0,1012111.896594,0.0
sim_2019-02-09_2026-05-21_29c06ed80e5a,2025-03-03,put_credit_spread,1,3206.5,1012111.896594,0.003168
sim_2019-02-09_2026-05-21_29c06ed80e5a,2025-03-04,short_straddle,0,0.0,1012111.896594,0.0
sim_2019-02-09_2026-05-21_29c06ed80e5a,2025-03-04,put_credit_spread,1,3206.5,1012111.896594,0.003168
sim_2019-02-09_2026-05-21_29c06ed80e5a,2025-03-05,short_straddle,0,0.0,1012111.896594,0.0
sim_2019-02-09_2026-05-21_29c06ed80e5a,2025-03-05,put_credit_spread,1,3206.5,1012111.896594,0.003168
sim_2019-02-09_2026-05-21_29c06ed80e5a,2025-03-06,short_straddle,0,0.0,1012111.896594,0.0
sim_2019-02-09_2026-05-21_29c06ed80e5a,2025-03-06,put_credit_spread,1,3206.5,1012111.896594,0.003168
sim_2019-02-09_2026-05-21_29c06ed80e5a,2025-03-07,short_straddle,0,0.0,1012111.896594,0.0
sim_2019-02-09_2026-05-21_29c06ed80e5a,2025-03-07,put_credit_spread,1,3206.5,1012111.896594,0.003168
sim_2019-02-09_2026-05-21_29c06ed80e5a,2025-03-10,short_straddle,0,0.0,1012111.896594,0.0
sim_2019-02-09_2026-05-21_29c06ed80e5a,2025-03-10,put_credit_spread,1,3206.5,1012111.896594,0.003168
sim_2019-02-09_2026-05-21_29c06ed80e5a,2025-03-11,short_straddle,0,0.0,1012111.896594,0.0
sim_2019-02-09_2026-05-21_29c06ed80e5a,2025-03-11,put_credit_spread,1,3206.5,1012111.896594,0.003168
sim_2019-02-09_2026-05-21_29c06ed80e5a,2025-03-12,short_straddle,0,0.0,1012111.896594,0.0
sim_2019-02-09_2026-05-21_29c06ed80e5a,2025-03-12,put_credit_spread,1,3206.5,1012111.896594,0.003168
sim_2019-02-09_2026-05-21_29c06ed80e5a,2025-03-13,short_straddle,0,0.0,1012111.896594,0.0
sim_2019-02-09_2026-05-21_29c06ed80e5a,2025-03-13,put_credit_spread,1,3206.5,1012111.896594,0.003168
sim_2019-02-09_2026-05-21_29c06ed80e5a,2025-03-14,short_straddle,0,0.0,1012111.896594,0.0
sim_2019-02-09_2026-05-21_29c06ed80e5a,2025-03-14,put_credit_spread,1,3206.5,1012111.896594,0.003168
sim_2019-02-09_2026-05-21_29c06ed80e5a,2025-03-17,short_straddle,0,0.0,1012111.896594,0.0
sim_2019-02-09_2026-05-21_29c06ed80e5a,2025-03-17,put_credit_spread,1,3206.5,1012111.896594,0.003168
sim_2019-02-09_2026-05-21_29c06ed80e5a,2025-03-18,short_straddle,0,0.0,1012111.896594,0.0
sim_2019-02-09_2026-05-21_29c06ed80e5a,2025-03-18,put_credit_spread,1,3206.5,1012111.896594,0.003168
sim_2019-02-09_2026-05-21_29c06ed80e5a,2025-03-19,short_straddle,0,0.0,1012107.437094,0.0
sim_2019-02-09_2026-05-21_29c06ed80e5a,2025-03-19,put_credit_spread,1,2874.5,1012107.437094,0.00284
sim_2019-02-09_2026-05-21_29c06ed80e5a,2025-03-20,short_straddle,0,0.0,1012107.437094,0.0
sim_2019-02-09_2026-05-21_29c06ed80e5a,2025-03-20,put_credit_spread,1,2874.5,1012107.437094,0.00284
sim_2019-02-09_2026-05-21_29c06ed80e5a,2025-03-21,short_straddle,0,0.0,1012107.437094,0.0
sim_2019-02-09_2026-05-21_29c06ed80e5a,2025-03-21,put_credit_spread,1,2874.5,1012107.437094,0.00284
sim_2019-02-09_2026-05-21_29c06ed80e5a,2025-03-24,short_straddle,0,0.0,1012107.437094,0.0
sim_2019-02-09_2026-05-21_29c06ed80e5a,2025-03-24,put_credit_spread,1,2874.5,1012107.437094,0.00284
sim_2019-02-09_2026-05-21_29c06ed80e5a,2025-03-25,short_straddle,0,0.0,1012107.437094,0.0
sim_2019-02-09_2026-05-21_29c06ed80e5a,2025-03-25,put_credit_spread,1,2874.5,1012107.437094,0.00284
sim_2019-02-09_2026-05-21_29c06ed80e5a,2025-03-26,short_straddle,0,0.0,1012107.437094,0.0
sim_2019-02-09_2026-05-21_29c06ed80e5a,2025-03-26,put_credit_spread,1,2874.5,1012107.437094,0.00284
sim_2019-02-09_2026-05-21_29c06ed80e5a,2025-03-27,short_straddle,0,0.0,1012107.437094,0.0
sim_2019-02-09_2026-05-21_29c06ed80e5a,2025-03-27,put_credit_spread,1,2874.5,1012107.437094,0.00284
sim_2019-02-09_2026-05-21_29c06ed80e5a,2025-03-28,short_straddle,0,0.0,1012107.437094,0.0
sim_2019-02-09_2026-05-21_29c06ed80e5a,2025-03-28,put_credit_spread,1,2874.5,1012107.437094,0.00284
sim_2019-02-09_2026-05-21_29c06ed80e5a,2025-03-31,short_straddle,0,0.0,1012107.437094,0.0
sim_2019-02-09_2026-05-21_29c06ed80e5a,2025-03-31,put_credit_spread,1,2874.5,1012107.437094,0.00284
sim_2019-02-09_2026-05-21_29c06ed80e5a,2025-04-01,short_straddle,0,0.0,1012107.437094,0.0
sim_2019-02-09_2026-05-21_29c06ed80e5a,2025-04-01,put_credit_spread,1,2874.5,1012107.437094,0.00284
sim_2019-02-09_2026-05-21_29c06ed80e5a,2025-04-02,short_straddle,0,0.0,1012107.437094,0.0
sim_2019-02-09_2026-05-21_29c06ed80e5a,2025-04-02,put_credit_spread,1,2874.5,1012107.437094,0.00284
sim_2019-02-09_2026-05-21_29c06ed80e5a,2025-04-03,short_straddle,0,0.0,1012107.437094,0.0
sim_2019-02-09_2026-05-21_29c06ed80e5a,2025-04-03,put_credit_spread,1,2874.5,1012107.437094,0.00284
sim_2019-02-09_2026-05-21_29c06ed80e5a,2025-04-04,short_straddle,1,5869.599976,1007670.319094,0.005825
sim_2019-02-09_2026-05-21_29c06ed80e5a,2025-04-04,put_credit_spread,1,2874.5,1007670.319094,0.002853
sim_2019-02-09_2026-05-21_29c06ed80e5a,2025-04-07,short_straddle,1,5869.599976,1007499.797194,0.005826
sim_2019-02-09_2026-05-21_29c06ed80e5a,2025-04-07,put_credit_spread,1,2874.5,1007499.797194,0.002853
sim_2019-02-09_2026-05-21_29c06ed80e5a,2025-04-08,short_straddle,1,5869.599976,1007419.804295,0.005826
sim_2019-02-09_2026-05-21_29c06ed80e5a,2025-04-08,put_credit_spread,1,2874.5,1007419.804295,0.002853
sim_2019-02-09_2026-05-21_29c06ed80e5a,2025-04-09,short_straddle,1,5869.599976,1007732.6442,0.005825
sim_2019-02-09_2026-05-21_29c06ed80e5a,2025-04-09,put_credit_spread,1,2874.5,1007732.6442,0.002852
sim_2019-02-09_2026-05-21_29c06ed80e5a,2025-04-10,short_straddle,1,5869.599976,1007588.404332,0.005825
sim_2019-02-09_2026-05-21_29c06ed80e5a,2025-04-10,put_credit_spread,1,2874.5,1007588.404332,0.002853
sim_2019-02-09_2026-05-21_29c06ed80e5a,2025-04-11,short_straddle,1,5869.599976,1007644.564244,0.005825
sim_2019-02-09_2026-05-21_29c06ed80e5a,2025-04-11,put_credit_spread,1,2874.5,1007644.564244,0.002853
sim_2019-02-09_2026-05-21_29c06ed80e5a,2025-04-14,short_straddle,1,5869.599976,1007675.6442,0.005825
sim_2019-02-09_2026-05-21_29c06ed80e5a,2025-04-14,put_credit_spread,1,2874.5,1007675.6442,0.002853
sim_2019-02-09_2026-05-21_29c06ed80e5a,2025-04-15,short_straddle,1,5869.599976,1007659.818142,0.005825
sim_2019-02-09_2026-05-21_29c06ed80e5a,2025-04-15,put_credit_spread,1,4026.5,1007659.818142,0.003996
sim_2019-02-09_2026-05-21_29c06ed80e5a,2025-04-16,short_straddle,1,5869.599976,1007588.118068,0.005825
sim_2019-02-09_2026-05-21_29c06ed80e5a,2025-04-16,put_credit_spread,1,4026.5,1007588.118068,0.003996
sim_2019-02-09_2026-05-21_29c06ed80e5a,2025-04-17,short_straddle,1,5869.599976,1007344.618068,0.005827
sim_2019-02-09_2026-05-21_29c06ed80e5a,2025-04-17,put_credit_spread,1,4026.5,1007344.618068,0.003997
sim_2019-02-09_2026-05-21_29c06ed80e5a,2025-04-21,short_straddle,1,5869.599976,1007269.438259,0.005827
sim_2019-02-09_2026-05-21_29c06ed80e5a,2025-04-21,put_credit_spread,1,4026.5,1007269.438259,0.003997
sim_2019-02-09_2026-05-21_29c06ed80e5a,2025-04-22,short_straddle,1,5869.599976,1007349.658229,0.005827
sim_2019-02-09_2026-05-21_29c06ed80e5a,2025-04-22,put_credit_spread,1,4026.5,1007349.658229,0.003997
sim_2019-02-09_2026-05-21_29c06ed80e5a,2025-04-23,short_straddle,1,5869.599976,1007398.678127,0.005826
sim_2019-02-09_2026-05-21_29c06ed80e5a,2025-04-23,put_credit_spread,1,4026.5,1007398.678127,0.003997
sim_2019-02-09_2026-05-21_29c06ed80e5a,2025-04-24,short_straddle,1,5869.599976,1007466.298244,0.005826
sim_2019-02-09_2026-05-21_29c06ed80e5a,2025-04-24,put_credit_spread,1,4026.5,1007466.298244,0.003997
sim_2019-02-09_2026-05-21_29c06ed80e5a,2025-04-25,short_straddle,1,5869.599976,1007489.998317,0.005826
sim_2019-02-09_2026-05-21_29c06ed80e5a,2025-04-25,put_credit_spread,1,4026.5,1007489.998317,0.003997
sim_2019-02-09_2026-05-21_29c06ed80e5a,2025-04-28,short_straddle,1,5869.599976,1007491.258083,0.005826
sim_2019-02-09_2026-05-21_29c06ed80e5a,2025-04-28,put_credit_spread,1,4026.5,1007491.258083,0.003997
sim_2019-02-09_2026-05-21_29c06ed80e5a,2025-04-29,short_straddle,1,5869.599976,1007512.078273,0.005826
sim_2019-02-09_2026-05-21_29c06ed80e5a,2025-04-29,put_credit_spread,1,4026.5,1007512.078273,0.003996
sim_2019-02-09_2026-05-21_29c06ed80e5a,2025-04-30,short_straddle,0,0.0,1007507.532478,0.0
sim_2019-02-09_2026-05-21_29c06ed80e5a,2025-04-30,put_credit_spread,1,4026.5,1007507.532478,0.003996
sim_2019-02-09_2026-05-21_29c06ed80e5a,2025-05-01,short_straddle,0,0.0,1007507.532478,0.0
sim_2019-02-09_2026-05-21_29c06ed80e5a,2025-05-01,put_credit_spread,1,4026.5,1007507.532478,0.003996
sim_2019-02-09_2026-05-21_29c06ed80e5a,2025-05-02,short_straddle,0,0.0,1007507.532478,0.0
sim_2019-02-09_2026-05-21_29c06ed80e5a,2025-05-02,put_credit_spread,1,4026.5,1007507.532478,0.003996
sim_2019-02-09_2026-05-21_29c06ed80e5a,2025-05-05,short_straddle,0,0.0,1007507.532478,0.0
sim_2019-02-09_2026-05-21_29c06ed80e5a,2025-05-05,put_credit_spread,1,4026.5,1007507.532478,0.003996
sim_2019-02-09_2026-05-21_29c06ed80e5a,2025-05-06,short_straddle,0,0.0,1007507.532478,0.0
sim_2019-02-09_2026-05-21_29c06ed80e5a,2025-05-06,put_credit_spread,1,4026.5,1007507.532478,0.003996
sim_2019-02-09_2026-05-21_29c06ed80e5a,2025-05-07,short_straddle,0,0.0,1007507.532478,0.0
sim_2019-02-09_2026-05-21_29c06ed80e5a,2025-05-07,put_credit_spread,1,4026.5,1007507.532478,0.003996
sim_2019-02-09_2026-05-21_29c06ed80e5a,2025-05-08,short_straddle,0,0.0,1007507.532478,0.0
sim_2019-02-09_2026-05-21_29c06ed80e5a,2025-05-08,put_credit_spread,1,4026.5,1007507.532478,0.003996
sim_2019-02-09_2026-05-21_29c06ed80e5a,2025-05-09,short_straddle,0,0.0,1007507.532478,0.0
sim_2019-02-09_2026-05-21_29c06ed80e5a,2025-05-09,put_credit_spread,1,4026.5,1007507.532478,0.003996
sim_2019-02-09_2026-05-21_29c06ed80e5a,2025-05-12,short_straddle,0,0.0,1007507.532478,0.0
sim_2019-02-09_2026-05-21_29c06ed80e5a,2025-05-12,put_credit_spread,1,4026.5,1007507.532478,0.003996
sim_2019-02-09_2026-05-21_29c06ed80e5a,2025-05-13,short_straddle,0,0.0,1007507.532478,0.0
sim_2019-02-09_2026-05-21_29c06ed80e5a,2025-05-13,put_credit_spread,1,4026.5,1007507.532478,0.003996
sim_2019-02-09_2026-05-21_29c06ed80e5a,2025-05-14,short_straddle,0,0.0,1007507.532478,0.0
sim_2019-02-09_2026-05-21_29c06ed80e5a,2025-05-14,put_credit_spread,1,4026.5,1007507.532478,0.003996
sim_2019-02-09_2026-05-21_29c06ed80e5a,2025-05-15,short_straddle,0,0.0,1007507.532478,0.0
sim_2019-02-09_2026-05-21_29c06ed80e5a,2025-05-15,put_credit_spread,1,4026.5,1007507.532478,0.003996
sim_2019-02-09_2026-05-21_29c06ed80e5a,2025-05-16,short_straddle,0,0.0,1008324.873978,0.0
sim_2019-02-09_2026-05-21_29c06ed80e5a,2025-05-16,put_credit_spread,1,1983.0,1008324.873978,0.001967
sim_2019-02-09_2026-05-21_29c06ed80e5a,2025-05-19,short_straddle,0,0.0,1008326.373978,0.0
sim_2019-02-09_2026-05-21_29c06ed80e5a,2025-05-19,put_credit_spread,1,1983.0,1008326.373978,0.001967
sim_2019-02-09_2026-05-21_29c06ed80e5a,2025-05-20,short_straddle,0,0.0,1008326.373978,0.0
sim_2019-02-09_2026-05-21_29c06ed80e5a,2025-05-20,put_credit_spread,1,1983.0,1008326.373978,0.001967
sim_2019-02-09_2026-05-21_29c06ed80e5a,2025-05-21,short_straddle,0,0.0,1008326.373978,0.0
sim_2019-02-09_2026-05-21_29c06ed80e5a,2025-05-21,put_credit_spread,1,1983.0,1008326.373978,0.001967
sim_2019-02-09_2026-05-21_29c06ed80e5a,2025-05-22,short_straddle,0,0.0,1008326.373978,0.0
sim_2019-02-09_2026-05-21_29c06ed80e5a,2025-05-22,put_credit_spread,1,1983.0,1008326.373978,0.001967
sim_2019-02-09_2026-05-21_29c06ed80e5a,2025-05-23,short_straddle,0,0.0,1008326.373978,0.0
sim_2019-02-09_2026-05-21_29c06ed80e5a,2025-05-23,put_credit_spread,1,1983.0,1008326.373978,0.001967
sim_2019-02-09_2026-05-21_29c06ed80e5a,2025-05-27,short_straddle,0,0.0,1008326.373978,0.0
sim_2019-02-09_2026-05-21_29c06ed80e5a,2025-05-27,put_credit_spread,1,1983.0,1008326.373978,0.001967
sim_2019-02-09_2026-05-21_29c06ed80e5a,2025-05-28,short_straddle,0,0.0,1008326.373978,0.0
sim_2019-02-09_2026-05-21_29c06ed80e5a,2025-05-28,put_credit_spread,1,1983.0,1008326.373978,0.001967
sim_2019-02-09_2026-05-21_29c06ed80e5a,2025-05-29,short_straddle,0,0.0,1008326.373978,0.0
sim_2019-02-09_2026-05-21_29c06ed80e5a,2025-05-29,put_credit_spread,1,1983.0,1008326.373978,0.001967
sim_2019-02-09_2026-05-21_29c06ed80e5a,2025-05-30,short_straddle,0,0.0,1008326.373978,0.0
sim_2019-02-09_2026-05-21_29c06ed80e5a,2025-05-30,put_credit_spread,1,1983.0,1008326.373978,0.001967
sim_2019-02-09_2026-05-21_29c06ed80e5a,2025-06-02,short_straddle,0,0.0,1008326.373978,0.0
sim_2019-02-09_2026-05-21_29c06ed80e5a,2025-06-02,put_credit_spread,1,1983.0,1008326.373978,0.001967
sim_2019-02-09_2026-05-21_29c06ed80e5a,2025-06-03,short_straddle,0,0.0,1008326.373978,0.0
sim_2019-02-09_2026-05-21_29c06ed80e5a,2025-06-03,put_credit_spread,1,1983.0,1008326.373978,0.001967
sim_2019-02-09_2026-05-21_29c06ed80e5a,2025-06-04,short_straddle,0,0.0,1008326.373978,0.0
sim_2019-02-09_2026-05-21_29c06ed80e5a,2025-06-04,put_credit_spread,1,1983.0,1008326.373978,0.001967
sim_2019-02-09_2026-05-21_29c06ed80e5a,2025-06-05,short_straddle,0,0.0,1008326.373978,0.0
sim_2019-02-09_2026-05-21_29c06ed80e5a,2025-06-05,put_credit_spread,1,1983.0,1008326.373978,0.001967
sim_2019-02-09_2026-05-21_29c06ed80e5a,2025-06-06,short_straddle,0,0.0,1008326.373978,0.0
sim_2019-02-09_2026-05-21_29c06ed80e5a,2025-06-06,put_credit_spread,1,1983.0,1008326.373978,0.001967
sim_2019-02-09_2026-05-21_29c06ed80e5a,2025-06-09,short_straddle,0,0.0,1008326.373978,0.0
sim_2019-02-09_2026-05-21_29c06ed80e5a,2025-06-09,put_credit_spread,1,1983.0,1008326.373978,0.001967
sim_2019-02-09_2026-05-21_29c06ed80e5a,2025-06-10,short_straddle,0,0.0,1008326.373978,0.0
sim_2019-02-09_2026-05-21_29c06ed80e5a,2025-06-10,put_credit_spread,1,1983.0,1008326.373978,0.001967
sim_2019-02-09_2026-05-21_29c06ed80e5a,2025-06-11,short_straddle,0,0.0,1008326.373978,0.0
sim_2019-02-09_2026-05-21_29c06ed80e5a,2025-06-11,put_credit_spread,1,1983.0,1008326.373978,0.001967
sim_2019-02-09_2026-05-21_29c06ed80e5a,2025-06-12,short_straddle,0,0.0,1008326.373978,0.0
sim_2019-02-09_2026-05-21_29c06ed80e5a,2025-06-12,put_credit_spread,1,1983.0,1008326.373978,0.001967
sim_2019-02-09_2026-05-21_29c06ed80e5a,2025-06-13,short_straddle,0,0.0,1008637.641978,0.0
sim_2019-02-09_2026-05-21_29c06ed80e5a,2025-06-13,put_credit_spread,1,3036.0,1008637.641978,0.00301
sim_2019-02-09_2026-05-21_29c06ed80e5a,2025-06-16,short_straddle,0,0.0,1008637.641978,0.0
sim_2019-02-09_2026-05-21_29c06ed80e5a,2025-06-16,put_credit_spread,1,3036.0,1008637.641978,0.00301
sim_2019-02-09_2026-05-21_29c06ed80e5a,2025-06-17,short_straddle,0,0.0,1008637.641978,0.0
sim_2019-02-09_2026-05-21_29c06ed80e5a,2025-06-17,put_credit_spread,1,3036.0,1008637.641978,0.00301
sim_2019-02-09_2026-05-21_29c06ed80e5a,2025-06-18,short_straddle,0,0.0,1008637.641978,0.0
sim_2019-02-09_2026-05-21_29c06ed80e5a,2025-06-18,put_credit_spread,1,3036.0,1008637.641978,0.00301
sim_2019-02-09_2026-05-21_29c06ed80e5a,2025-06-20,short_straddle,0,0.0,1008637.641978,0.0
sim_2019-02-09_2026-05-21_29c06ed80e5a,2025-06-20,put_credit_spread,1,3036.0,1008637.641978,0.00301
sim_2019-02-09_2026-05-21_29c06ed80e5a,2025-06-23,short_straddle,0,0.0,1008497.641978,0.0
sim_2019-02-09_2026-05-21_29c06ed80e5a,2025-06-23,put_credit_spread,1,3036.0,1008497.641978,0.00301
sim_2019-02-09_2026-05-21_29c06ed80e5a,2025-06-24,short_straddle,0,0.0,1008497.641978,0.0
sim_2019-02-09_2026-05-21_29c06ed80e5a,2025-06-24,put_credit_spread,1,3036.0,1008497.641978,0.00301
sim_2019-02-09_2026-05-21_29c06ed80e5a,2025-06-25,short_straddle,0,0.0,1008497.641978,0.0
sim_2019-02-09_2026-05-21_29c06ed80e5a,2025-06-25,put_credit_spread,1,3036.0,1008497.641978,0.00301
sim_2019-02-09_2026-05-21_29c06ed80e5a,2025-06-26,short_straddle,0,0.0,1008421.141978,0.0
sim_2019-02-09_2026-05-21_29c06ed80e5a,2025-06-26,put_credit_spread,1,3036.0,1008421.141978,0.003011
sim_2019-02-09_2026-05-21_29c06ed80e5a,2025-06-27,short_straddle,0,0.0,1008421.141978,0.0
sim_2019-02-09_2026-05-21_29c06ed80e5a,2025-06-27,put_credit_spread,1,3036.0,1008421.141978,0.003011
sim_2019-02-09_2026-05-21_29c06ed80e5a,2025-06-30,short_straddle,0,0.0,1008421.141978,0.0
sim_2019-02-09_2026-05-21_29c06ed80e5a,2025-06-30,put_credit_spread,1,3036.0,1008421.141978,0.003011
sim_2019-02-09_2026-05-21_29c06ed80e5a,2025-07-01,short_straddle,0,0.0,1008421.141978,0.0
sim_2019-02-09_2026-05-21_29c06ed80e5a,2025-07-01,put_credit_spread,1,3036.0,1008421.141978,0.003011
sim_2019-02-09_2026-05-21_29c06ed80e5a,2025-07-02,short_straddle,0,0.0,1008421.141978,0.0
sim_2019-02-09_2026-05-21_29c06ed80e5a,2025-07-02,put_credit_spread,1,3036.0,1008421.141978,0.003011
sim_2019-02-09_2026-05-21_29c06ed80e5a,2025-07-03,short_straddle,0,0.0,1008421.141978,0.0
sim_2019-02-09_2026-05-21_29c06ed80e5a,2025-07-03,put_credit_spread,1,3036.0,1008421.141978,0.003011
sim_2019-02-09_2026-05-21_29c06ed80e5a,2025-07-07,short_straddle,0,0.0,1008421.141978,0.0
sim_2019-02-09_2026-05-21_29c06ed80e5a,2025-07-07,put_credit_spread,1,3036.0,1008421.141978,0.003011
sim_2019-02-09_2026-05-21_29c06ed80e5a,2025-07-08,short_straddle,0,0.0,1008421.141978,0.0
sim_2019-02-09_2026-05-21_29c06ed80e5a,2025-07-08,put_credit_spread,1,3036.0,1008421.141978,0.003011
sim_2019-02-09_2026-05-21_29c06ed80e5a,2025-07-09,short_straddle,0,0.0,1008421.141978,0.0
sim_2019-02-09_2026-05-21_29c06ed80e5a,2025-07-09,put_credit_spread,1,3036.0,1008421.141978,0.003011
sim_2019-02-09_2026-05-21_29c06ed80e5a,2025-07-10,short_straddle,0,0.0,1008421.141978,0.0
sim_2019-02-09_2026-05-21_29c06ed80e5a,2025-07-10,put_credit_spread,1,3036.0,1008421.141978,0.003011
sim_2019-02-09_2026-05-21_29c06ed80e5a,2025-07-11,short_straddle,0,0.0,1009097.487228,0.0
sim_2019-02-09_2026-05-21_29c06ed80e5a,2025-07-11,put_credit_spread,1,2190.5,1009097.487228,0.002171
sim_2019-02-09_2026-05-21_29c06ed80e5a,2025-07-14,short_straddle,0,0.0,1009097.487228,0.0
sim_2019-02-09_2026-05-21_29c06ed80e5a,2025-07-14,put_credit_spread,1,2190.5,1009097.487228,0.002171
sim_2019-02-09_2026-05-21_29c06ed80e5a,2025-07-15,short_straddle,0,0.0,1009097.487228,0.0
sim_2019-02-09_2026-05-21_29c06ed80e5a,2025-07-15,put_credit_spread,1,2190.5,1009097.487228,0.002171
sim_2019-02-09_2026-05-21_29c06ed80e5a,2025-07-16,short_straddle,0,0.0,1009097.487228,0.0
sim_2019-02-09_2026-05-21_29c06ed80e5a,2025-07-16,put_credit_spread,1,2190.5,1009097.487228,0.002171
sim_2019-02-09_2026-05-21_29c06ed80e5a,2025-07-17,short_straddle,0,0.0,1009097.487228,0.0
sim_2019-02-09_2026-05-21_29c06ed80e5a,2025-07-17,put_credit_spread,1,2190.5,1009097.487228,0.002171
sim_2019-02-09_2026-05-21_29c06ed80e5a,2025-07-18,short_straddle,0,0.0,1009097.487228,0.0
sim_2019-02-09_2026-05-21_29c06ed80e5a,2025-07-18,put_credit_spread,1,2190.5,1009097.487228,0.002171
sim_2019-02-09_2026-05-21_29c06ed80e5a,2025-07-21,short_straddle,0,0.0,1009097.487228,0.0
sim_2019-02-09_2026-05-21_29c06ed80e5a,2025-07-21,put_credit_spread,1,2190.5,1009097.487228,0.002171
sim_2019-02-09_2026-05-21_29c06ed80e5a,2025-07-22,short_straddle,0,0.0,1009097.487228,0.0
sim_2019-02-09_2026-05-21_29c06ed80e5a,2025-07-22,put_credit_spread,1,2190.5,1009097.487228,0.002171
sim_2019-02-09_2026-05-21_29c06ed80e5a,2025-07-23,short_straddle,0,0.0,1009097.487228,0.0
sim_2019-02-09_2026-05-21_29c06ed80e5a,2025-07-23,put_credit_spread,1,2190.5,1009097.487228,0.002171
sim_2019-02-09_2026-05-21_29c06ed80e5a,2025-07-24,short_straddle,0,0.0,1009097.487228,0.0
sim_2019-02-09_2026-05-21_29c06ed80e5a,2025-07-24,put_credit_spread,1,2190.5,1009097.487228,0.002171
sim_2019-02-09_2026-05-21_29c06ed80e5a,2025-07-25,short_straddle,0,0.0,1008948.987228,0.0
sim_2019-02-09_2026-05-21_29c06ed80e5a,2025-07-25,put_credit_spread,1,2190.5,1008948.987228,0.002171
sim_2019-02-09_2026-05-21_29c06ed80e5a,2025-07-28,short_straddle,0,0.0,1009362.845228,0.0
sim_2019-02-09_2026-05-21_29c06ed80e5a,2025-07-28,put_credit_spread,1,2256.0,1009362.845228,0.002235
sim_2019-02-09_2026-05-21_29c06ed80e5a,2025-07-29,short_straddle,0,0.0,1009362.845228,0.0
sim_2019-02-09_2026-05-21_29c06ed80e5a,2025-07-29,put_credit_spread,1,2256.0,1009362.845228,0.002235
sim_2019-02-09_2026-05-21_29c06ed80e5a,2025-07-30,short_straddle,0,0.0,1009362.845228,0.0
sim_2019-02-09_2026-05-21_29c06ed80e5a,2025-07-30,put_credit_spread,1,2256.0,1009362.845228,0.002235
sim_2019-02-09_2026-05-21_29c06ed80e5a,2025-07-31,short_straddle,0,0.0,1009362.845228,0.0
sim_2019-02-09_2026-05-21_29c06ed80e5a,2025-07-31,put_credit_spread,1,2256.0,1009362.845228,0.002235
sim_2019-02-09_2026-05-21_29c06ed80e5a,2025-08-01,short_straddle,0,0.0,1009362.845228,0.0
sim_2019-02-09_2026-05-21_29c06ed80e5a,2025-08-01,put_credit_spread,1,2256.0,1009362.845228,0.002235
sim_2019-02-09_2026-05-21_29c06ed80e5a,2025-08-04,short_straddle,0,0.0,1009362.845228,0.0
sim_2019-02-09_2026-05-21_29c06ed80e5a,2025-08-04,put_credit_spread,1,2256.0,1009362.845228,0.002235
sim_2019-02-09_2026-05-21_29c06ed80e5a,2025-08-05,short_straddle,0,0.0,1009362.845228,0.0
sim_2019-02-09_2026-05-21_29c06ed80e5a,2025-08-05,put_credit_spread,1,2256.0,1009362.845228,0.002235
sim_2019-02-09_2026-05-21_29c06ed80e5a,2025-08-06,short_straddle,0,0.0,1009362.845228,0.0
sim_2019-02-09_2026-05-21_29c06ed80e5a,2025-08-06,put_credit_spread,1,2256.0,1009362.845228,0.002235
sim_2019-02-09_2026-05-21_29c06ed80e5a,2025-08-07,short_straddle,0,0.0,1009362.845228,0.0
sim_2019-02-09_2026-05-21_29c06ed80e5a,2025-08-07,put_credit_spread,1,2256.0,1009362.845228,0.002235
sim_2019-02-09_2026-05-21_29c06ed80e5a,2025-08-08,short_straddle,0,0.0,1009455.345228,0.0
sim_2019-02-09_2026-05-21_29c06ed80e5a,2025-08-08,put_credit_spread,1,2256.0,1009455.345228,0.002235
sim_2019-02-09_2026-05-21_29c06ed80e5a,2025-08-11,short_straddle,0,0.0,1009455.345228,0.0
sim_2019-02-09_2026-05-21_29c06ed80e5a,2025-08-11,put_credit_spread,1,2256.0,1009455.345228,0.002235
sim_2019-02-09_2026-05-21_29c06ed80e5a,2025-08-12,short_straddle,0,0.0,1009455.345228,0.0
sim_2019-02-09_2026-05-21_29c06ed80e5a,2025-08-12,put_credit_spread,1,2256.0,1009455.345228,0.002235
sim_2019-02-09_2026-05-21_29c06ed80e5a,2025-08-13,short_straddle,0,0.0,1009455.345228,0.0
sim_2019-02-09_2026-05-21_29c06ed80e5a,2025-08-13,put_credit_spread,1,2256.0,1009455.345228,0.002235
sim_2019-02-09_2026-05-21_29c06ed80e5a,2025-08-14,short_straddle,0,0.0,1009455.345228,0.0
sim_2019-02-09_2026-05-21_29c06ed80e5a,2025-08-14,put_credit_spread,1,2256.0,1009455.345228,0.002235
sim_2019-02-09_2026-05-21_29c06ed80e5a,2025-08-15,short_straddle,0,0.0,1009455.345228,0.0
sim_2019-02-09_2026-05-21_29c06ed80e5a,2025-08-15,put_credit_spread,1,2256.0,1009455.345228,0.002235
sim_2019-02-09_2026-05-21_29c06ed80e5a,2025-08-18,short_straddle,0,0.0,1009455.345228,0.0
sim_2019-02-09_2026-05-21_29c06ed80e5a,2025-08-18,put_credit_spread,1,2256.0,1009455.345228,0.002235
sim_2019-02-09_2026-05-21_29c06ed80e5a,2025-08-19,short_straddle,0,0.0,1009455.345228,0.0
sim_2019-02-09_2026-05-21_29c06ed80e5a,2025-08-19,put_credit_spread,1,2256.0,1009455.345228,0.002235
sim_2019-02-09_2026-05-21_29c06ed80e5a,2025-08-20,short_straddle,0,0.0,1009455.345228,0.0
sim_2019-02-09_2026-05-21_29c06ed80e5a,2025-08-20,put_credit_spread,1,2256.0,1009455.345228,0.002235
sim_2019-02-09_2026-05-21_29c06ed80e5a,2025-08-21,short_straddle,0,0.0,1009455.345228,0.0
sim_2019-02-09_2026-05-21_29c06ed80e5a,2025-08-21,put_credit_spread,1,2256.0,1009455.345228,0.002235
sim_2019-02-09_2026-05-21_29c06ed80e5a,2025-08-22,short_straddle,0,0.0,1009602.712478,0.0
sim_2019-02-09_2026-05-21_29c06ed80e5a,2025-08-22,put_credit_spread,1,2234.5,1009602.712478,0.002213
sim_2019-02-09_2026-05-21_29c06ed80e5a,2025-08-25,short_straddle,0,0.0,1009602.712478,0.0
sim_2019-02-09_2026-05-21_29c06ed80e5a,2025-08-25,put_credit_spread,1,2234.5,1009602.712478,0.002213
sim_2019-02-09_2026-05-21_29c06ed80e5a,2025-08-26,short_straddle,0,0.0,1009602.712478,0.0
sim_2019-02-09_2026-05-21_29c06ed80e5a,2025-08-26,put_credit_spread,1,2234.5,1009602.712478,0.002213
sim_2019-02-09_2026-05-21_29c06ed80e5a,2025-08-27,short_straddle,0,0.0,1009602.712478,0.0
sim_2019-02-09_2026-05-21_29c06ed80e5a,2025-08-27,put_credit_spread,1,2234.5,1009602.712478,0.002213
sim_2019-02-09_2026-05-21_29c06ed80e5a,2025-08-28,short_straddle,0,0.0,1009602.712478,0.0
sim_2019-02-09_2026-05-21_29c06ed80e5a,2025-08-28,put_credit_spread,1,2234.5,1009602.712478,0.002213
sim_2019-02-09_2026-05-21_29c06ed80e5a,2025-08-29,short_straddle,0,0.0,1009602.712478,0.0
sim_2019-02-09_2026-05-21_29c06ed80e5a,2025-08-29,put_credit_spread,1,2234.5,1009602.712478,0.002213
sim_2019-02-09_2026-05-21_29c06ed80e5a,2025-09-02,short_straddle,0,0.0,1009602.712478,0.0
sim_2019-02-09_2026-05-21_29c06ed80e5a,2025-09-02,put_credit_spread,1,2234.5,1009602.712478,0.002213
sim_2019-02-09_2026-05-21_29c06ed80e5a,2025-09-03,short_straddle,0,0.0,1009602.712478,0.0
sim_2019-02-09_2026-05-21_29c06ed80e5a,2025-09-03,put_credit_spread,1,2234.5,1009602.712478,0.002213
sim_2019-02-09_2026-05-21_29c06ed80e5a,2025-09-04,short_straddle,0,0.0,1009602.712478,0.0
sim_2019-02-09_2026-05-21_29c06ed80e5a,2025-09-04,put_credit_spread,1,2234.5,1009602.712478,0.002213
sim_2019-02-09_2026-05-21_29c06ed80e5a,2025-09-05,short_straddle,0,0.0,1009602.712478,0.0
sim_2019-02-09_2026-05-21_29c06ed80e5a,2025-09-05,put_credit_spread,1,2234.5,1009602.712478,0.002213
sim_2019-02-09_2026-05-21_29c06ed80e5a,2025-09-08,short_straddle,0,0.0,1009602.712478,0.0
sim_2019-02-09_2026-05-21_29c06ed80e5a,2025-09-08,put_credit_spread,1,2234.5,1009602.712478,0.002213
sim_2019-02-09_2026-05-21_29c06ed80e5a,2025-09-09,short_straddle,0,0.0,1009602.712478,0.0
sim_2019-02-09_2026-05-21_29c06ed80e5a,2025-09-09,put_credit_spread,1,2234.5,1009602.712478,0.002213
sim_2019-02-09_2026-05-21_29c06ed80e5a,2025-09-10,short_straddle,0,0.0,1009602.712478,0.0
sim_2019-02-09_2026-05-21_29c06ed80e5a,2025-09-10,put_credit_spread,1,2234.5,1009602.712478,0.002213
sim_2019-02-09_2026-05-21_29c06ed80e5a,2025-09-11,short_straddle,0,0.0,1009602.712478,0.0
sim_2019-02-09_2026-05-21_29c06ed80e5a,2025-09-11,put_credit_spread,1,2234.5,1009602.712478,0.002213
sim_2019-02-09_2026-05-21_29c06ed80e5a,2025-09-12,short_straddle,0,0.0,1009602.712478,0.0
sim_2019-02-09_2026-05-21_29c06ed80e5a,2025-09-12,put_credit_spread,1,2234.5,1009602.712478,0.002213
sim_2019-02-09_2026-05-21_29c06ed80e5a,2025-09-15,short_straddle,0,0.0,1009602.712478,0.0
sim_2019-02-09_2026-05-21_29c06ed80e5a,2025-09-15,put_credit_spread,1,2234.5,1009602.712478,0.002213
sim_2019-02-09_2026-05-21_29c06ed80e5a,2025-09-16,short_straddle,0,0.0,1009602.712478,0.0
sim_2019-02-09_2026-05-21_29c06ed80e5a,2025-09-16,put_credit_spread,1,2234.5,1009602.712478,0.002213
sim_2019-02-09_2026-05-21_29c06ed80e5a,2025-09-17,short_straddle,0,0.0,1009602.712478,0.0
sim_2019-02-09_2026-05-21_29c06ed80e5a,2025-09-17,put_credit_spread,1,2234.5,1009602.712478,0.002213
sim_2019-02-09_2026-05-21_29c06ed80e5a,2025-09-18,short_straddle,0,0.0,1009602.712478,0.0
sim_2019-02-09_2026-05-21_29c06ed80e5a,2025-09-18,put_credit_spread,1,2234.5,1009602.712478,0.002213
sim_2019-02-09_2026-05-21_29c06ed80e5a,2025-09-19,short_straddle,0,0.0,1009864.073978,0.0
sim_2019-02-09_2026-05-21_29c06ed80e5a,2025-09-19,put_credit_spread,1,2323.0,1009864.073978,0.0023
sim_2019-02-09_2026-05-21_29c06ed80e5a,2025-09-22,short_straddle,0,0.0,1009864.073978,0.0
sim_2019-02-09_2026-05-21_29c06ed80e5a,2025-09-22,put_credit_spread,1,2323.0,1009864.073978,0.0023
sim_2019-02-09_2026-05-21_29c06ed80e5a,2025-09-23,short_straddle,0,0.0,1009864.073978,0.0
sim_2019-02-09_2026-05-21_29c06ed80e5a,2025-09-23,put_credit_spread,1,2323.0,1009864.073978,0.0023
sim_2019-02-09_2026-05-21_29c06ed80e5a,2025-09-24,short_straddle,0,0.0,1009864.073978,0.0
sim_2019-02-09_2026-05-21_29c06ed80e5a,2025-09-24,put_credit_spread,1,2323.0,1009864.073978,0.0023
sim_2019-02-09_2026-05-21_29c06ed80e5a,2025-09-25,short_straddle,0,0.0,1009864.073978,0.0
sim_2019-02-09_2026-05-21_29c06ed80e5a,2025-09-25,put_credit_spread,1,2323.0,1009864.073978,0.0023
sim_2019-02-09_2026-05-21_29c06ed80e5a,2025-09-26,short_straddle,0,0.0,1009864.073978,0.0
sim_2019-02-09_2026-05-21_29c06ed80e5a,2025-09-26,put_credit_spread,1,2323.0,1009864.073978,0.0023
sim_2019-02-09_2026-05-21_29c06ed80e5a,2025-09-29,short_straddle,0,0.0,1009864.073978,0.0
sim_2019-02-09_2026-05-21_29c06ed80e5a,2025-09-29,put_credit_spread,1,2323.0,1009864.073978,0.0023
sim_2019-02-09_2026-05-21_29c06ed80e5a,2025-09-30,short_straddle,0,0.0,1009864.073978,0.0
sim_2019-02-09_2026-05-21_29c06ed80e5a,2025-09-30,put_credit_spread,1,2323.0,1009864.073978,0.0023
sim_2019-02-09_2026-05-21_29c06ed80e5a,2025-10-01,short_straddle,0,0.0,1009864.073978,0.0
sim_2019-02-09_2026-05-21_29c06ed80e5a,2025-10-01,put_credit_spread,1,2323.0,1009864.073978,0.0023
sim_2019-02-09_2026-05-21_29c06ed80e5a,2025-10-02,short_straddle,0,0.0,1009864.073978,0.0
sim_2019-02-09_2026-05-21_29c06ed80e5a,2025-10-02,put_credit_spread,1,2323.0,1009864.073978,0.0023
sim_2019-02-09_2026-05-21_29c06ed80e5a,2025-10-03,short_straddle,0,0.0,1009864.073978,0.0
sim_2019-02-09_2026-05-21_29c06ed80e5a,2025-10-03,put_credit_spread,1,2323.0,1009864.073978,0.0023
sim_2019-02-09_2026-05-21_29c06ed80e5a,2025-10-06,short_straddle,0,0.0,1009864.073978,0.0
sim_2019-02-09_2026-05-21_29c06ed80e5a,2025-10-06,put_credit_spread,1,2323.0,1009864.073978,0.0023
sim_2019-02-09_2026-05-21_29c06ed80e5a,2025-10-07,short_straddle,0,0.0,1009864.073978,0.0
sim_2019-02-09_2026-05-21_29c06ed80e5a,2025-10-07,put_credit_spread,1,2323.0,1009864.073978,0.0023
sim_2019-02-09_2026-05-21_29c06ed80e5a,2025-10-08,short_straddle,0,0.0,1009864.073978,0.0
sim_2019-02-09_2026-05-21_29c06ed80e5a,2025-10-08,put_credit_spread,1,2323.0,1009864.073978,0.0023
sim_2019-02-09_2026-05-21_29c06ed80e5a,2025-10-09,short_straddle,0,0.0,1009864.073978,0.0
sim_2019-02-09_2026-05-21_29c06ed80e5a,2025-10-09,put_credit_spread,1,2323.0,1009864.073978,0.0023
sim_2019-02-09_2026-05-21_29c06ed80e5a,2025-10-10,short_straddle,0,0.0,1009864.073978,0.0
sim_2019-02-09_2026-05-21_29c06ed80e5a,2025-10-10,put_credit_spread,1,2323.0,1009864.073978,0.0023
sim_2019-02-09_2026-05-21_29c06ed80e5a,2025-10-13,short_straddle,0,0.0,1009864.073978,0.0
sim_2019-02-09_2026-05-21_29c06ed80e5a,2025-10-13,put_credit_spread,1,2323.0,1009864.073978,0.0023
sim_2019-02-09_2026-05-21_29c06ed80e5a,2025-10-14,short_straddle,0,0.0,1009864.073978,0.0
sim_2019-02-09_2026-05-21_29c06ed80e5a,2025-10-14,put_credit_spread,1,2323.0,1009864.073978,0.0023
sim_2019-02-09_2026-05-21_29c06ed80e5a,2025-10-15,short_straddle,0,0.0,1009864.073978,0.0
sim_2019-02-09_2026-05-21_29c06ed80e5a,2025-10-15,put_credit_spread,1,2323.0,1009864.073978,0.0023
sim_2019-02-09_2026-05-21_29c06ed80e5a,2025-10-16,short_straddle,0,0.0,1009864.073978,0.0
sim_2019-02-09_2026-05-21_29c06ed80e5a,2025-10-16,put_credit_spread,1,2323.0,1009864.073978,0.0023
sim_2019-02-09_2026-05-21_29c06ed80e5a,2025-10-17,short_straddle,0,0.0,1010136.827478,0.0
sim_2019-02-09_2026-05-21_29c06ed80e5a,2025-10-17,put_credit_spread,1,3907.0,1010136.827478,0.003868
sim_2019-02-09_2026-05-21_29c06ed80e5a,2025-10-20,short_straddle,0,0.0,1010549.093228,0.0
sim_2019-02-09_2026-05-21_29c06ed80e5a,2025-10-20,put_credit_spread,1,3408.0,1010549.093228,0.003372
sim_2019-02-09_2026-05-21_29c06ed80e5a,2025-10-21,short_straddle,0,0.0,1010549.093228,0.0
sim_2019-02-09_2026-05-21_29c06ed80e5a,2025-10-21,put_credit_spread,1,3408.0,1010549.093228,0.003372
sim_2019-02-09_2026-05-21_29c06ed80e5a,2025-10-22,short_straddle,0,0.0,1010549.093228,0.0
sim_2019-02-09_2026-05-21_29c06ed80e5a,2025-10-22,put_credit_spread,1,3408.0,1010549.093228,0.003372
sim_2019-02-09_2026-05-21_29c06ed80e5a,2025-10-23,short_straddle,0,0.0,1010549.093228,0.0
sim_2019-02-09_2026-05-21_29c06ed80e5a,2025-10-23,put_credit_spread,1,3408.0,1010549.093228,0.003372
sim_2019-02-09_2026-05-21_29c06ed80e5a,2025-10-24,short_straddle,0,0.0,1010549.093228,0.0
sim_2019-02-09_2026-05-21_29c06ed80e5a,2025-10-24,put_credit_spread,1,3408.0,1010549.093228,0.003372
sim_2019-02-09_2026-05-21_29c06ed80e5a,2025-10-27,short_straddle,0,0.0,1010549.093228,0.0
sim_2019-02-09_2026-05-21_29c06ed80e5a,2025-10-27,put_credit_spread,1,3408.0,1010549.093228,0.003372
sim_2019-02-09_2026-05-21_29c06ed80e5a,2025-10-28,short_straddle,0,0.0,1010549.093228,0.0
sim_2019-02-09_2026-05-21_29c06ed80e5a,2025-10-28,put_credit_spread,1,3408.0,1010549.093228,0.003372
sim_2019-02-09_2026-05-21_29c06ed80e5a,2025-10-29,short_straddle,0,0.0,1010549.093228,0.0
sim_2019-02-09_2026-05-21_29c06ed80e5a,2025-10-29,put_credit_spread,1,3408.0,1010549.093228,0.003372
sim_2019-02-09_2026-05-21_29c06ed80e5a,2025-10-30,short_straddle,0,0.0,1010549.093228,0.0
sim_2019-02-09_2026-05-21_29c06ed80e5a,2025-10-30,put_credit_spread,1,3408.0,1010549.093228,0.003372
sim_2019-02-09_2026-05-21_29c06ed80e5a,2025-10-31,short_straddle,0,0.0,1010549.093228,0.0
sim_2019-02-09_2026-05-21_29c06ed80e5a,2025-10-31,put_credit_spread,1,3408.0,1010549.093228,0.003372
sim_2019-02-09_2026-05-21_29c06ed80e5a,2025-11-03,short_straddle,0,0.0,1010549.093228,0.0
sim_2019-02-09_2026-05-21_29c06ed80e5a,2025-11-03,put_credit_spread,1,3408.0,1010549.093228,0.003372
sim_2019-02-09_2026-05-21_29c06ed80e5a,2025-11-04,short_straddle,0,0.0,1010549.093228,0.0
sim_2019-02-09_2026-05-21_29c06ed80e5a,2025-11-04,put_credit_spread,1,3408.0,1010549.093228,0.003372
sim_2019-02-09_2026-05-21_29c06ed80e5a,2025-11-05,short_straddle,0,0.0,1010549.093228,0.0
sim_2019-02-09_2026-05-21_29c06ed80e5a,2025-11-05,put_credit_spread,1,3408.0,1010549.093228,0.003372
sim_2019-02-09_2026-05-21_29c06ed80e5a,2025-11-06,short_straddle,0,0.0,1010549.093228,0.0
sim_2019-02-09_2026-05-21_29c06ed80e5a,2025-11-06,put_credit_spread,1,3408.0,1010549.093228,0.003372
sim_2019-02-09_2026-05-21_29c06ed80e5a,2025-11-07,short_straddle,0,0.0,1010549.093228,0.0
sim_2019-02-09_2026-05-21_29c06ed80e5a,2025-11-07,put_credit_spread,1,3408.0,1010549.093228,0.003372
sim_2019-02-09_2026-05-21_29c06ed80e5a,2025-11-10,short_straddle,0,0.0,1010549.093228,0.0
sim_2019-02-09_2026-05-21_29c06ed80e5a,2025-11-10,put_credit_spread,1,3408.0,1010549.093228,0.003372
sim_2019-02-09_2026-05-21_29c06ed80e5a,2025-11-11,short_straddle,0,0.0,1010549.093228,0.0
sim_2019-02-09_2026-05-21_29c06ed80e5a,2025-11-11,put_credit_spread,1,3408.0,1010549.093228,0.003372
sim_2019-02-09_2026-05-21_29c06ed80e5a,2025-11-12,short_straddle,0,0.0,1010549.093228,0.0
sim_2019-02-09_2026-05-21_29c06ed80e5a,2025-11-12,put_credit_spread,1,3408.0,1010549.093228,0.003372
sim_2019-02-09_2026-05-21_29c06ed80e5a,2025-11-13,short_straddle,0,0.0,1010549.093228,0.0
sim_2019-02-09_2026-05-21_29c06ed80e5a,2025-11-13,put_credit_spread,1,3408.0,1010549.093228,0.003372
sim_2019-02-09_2026-05-21_29c06ed80e5a,2025-11-14,short_straddle,0,0.0,1010936.850978,0.0
sim_2019-02-09_2026-05-21_29c06ed80e5a,2025-11-14,put_credit_spread,1,3315.5,1010936.850978,0.00328
sim_2019-02-09_2026-05-21_29c06ed80e5a,2025-11-17,short_straddle,0,0.0,1010936.850978,0.0
sim_2019-02-09_2026-05-21_29c06ed80e5a,2025-11-17,put_credit_spread,1,3315.5,1010936.850978,0.00328
sim_2019-02-09_2026-05-21_29c06ed80e5a,2025-11-18,short_straddle,0,0.0,1010936.850978,0.0
sim_2019-02-09_2026-05-21_29c06ed80e5a,2025-11-18,put_credit_spread,1,3315.5,1010936.850978,0.00328
sim_2019-02-09_2026-05-21_29c06ed80e5a,2025-11-19,short_straddle,0,0.0,1010936.850978,0.0
sim_2019-02-09_2026-05-21_29c06ed80e5a,2025-11-19,put_credit_spread,1,3315.5,1010936.850978,0.00328
sim_2019-02-09_2026-05-21_29c06ed80e5a,2025-11-20,short_straddle,0,0.0,1010936.850978,0.0
sim_2019-02-09_2026-05-21_29c06ed80e5a,2025-11-20,put_credit_spread,1,3315.5,1010936.850978,0.00328
sim_2019-02-09_2026-05-21_29c06ed80e5a,2025-11-21,short_straddle,0,0.0,1010936.850978,0.0
sim_2019-02-09_2026-05-21_29c06ed80e5a,2025-11-21,put_credit_spread,1,3315.5,1010936.850978,0.00328
sim_2019-02-09_2026-05-21_29c06ed80e5a,2025-11-24,short_straddle,0,0.0,1010936.850978,0.0
sim_2019-02-09_2026-05-21_29c06ed80e5a,2025-11-24,put_credit_spread,1,3315.5,1010936.850978,0.00328
sim_2019-02-09_2026-05-21_29c06ed80e5a,2025-11-25,short_straddle,0,0.0,1010936.850978,0.0
sim_2019-02-09_2026-05-21_29c06ed80e5a,2025-11-25,put_credit_spread,1,3315.5,1010936.850978,0.00328
sim_2019-02-09_2026-05-21_29c06ed80e5a,2025-11-26,short_straddle,0,0.0,1010936.850978,0.0
sim_2019-02-09_2026-05-21_29c06ed80e5a,2025-11-26,put_credit_spread,1,3315.5,1010936.850978,0.00328
sim_2019-02-09_2026-05-21_29c06ed80e5a,2025-11-28,short_straddle,0,0.0,1010936.850978,0.0
sim_2019-02-09_2026-05-21_29c06ed80e5a,2025-11-28,put_credit_spread,1,3315.5,1010936.850978,0.00328
sim_2019-02-09_2026-05-21_29c06ed80e5a,2025-12-01,short_straddle,0,0.0,1010936.850978,0.0
sim_2019-02-09_2026-05-21_29c06ed80e5a,2025-12-01,put_credit_spread,1,3315.5,1010936.850978,0.00328
sim_2019-02-09_2026-05-21_29c06ed80e5a,2025-12-02,short_straddle,0,0.0,1010936.850978,0.0
sim_2019-02-09_2026-05-21_29c06ed80e5a,2025-12-02,put_credit_spread,1,3315.5,1010936.850978,0.00328
sim_2019-02-09_2026-05-21_29c06ed80e5a,2025-12-03,short_straddle,0,0.0,1010936.850978,0.0
sim_2019-02-09_2026-05-21_29c06ed80e5a,2025-12-03,put_credit_spread,1,3315.5,1010936.850978,0.00328
sim_2019-02-09_2026-05-21_29c06ed80e5a,2025-12-04,short_straddle,0,0.0,1010936.850978,0.0
sim_2019-02-09_2026-05-21_29c06ed80e5a,2025-12-04,put_credit_spread,1,3315.5,1010936.850978,0.00328
sim_2019-02-09_2026-05-21_29c06ed80e5a,2025-12-05,short_straddle,0,0.0,1010936.850978,0.0
sim_2019-02-09_2026-05-21_29c06ed80e5a,2025-12-05,put_credit_spread,1,3315.5,1010936.850978,0.00328
sim_2019-02-09_2026-05-21_29c06ed80e5a,2025-12-08,short_straddle,0,0.0,1010936.850978,0.0
sim_2019-02-09_2026-05-21_29c06ed80e5a,2025-12-08,put_credit_spread,1,3315.5,1010936.850978,0.00328
sim_2019-02-09_2026-05-21_29c06ed80e5a,2025-12-09,short_straddle,0,0.0,1010936.850978,0.0
sim_2019-02-09_2026-05-21_29c06ed80e5a,2025-12-09,put_credit_spread,1,3315.5,1010936.850978,0.00328
sim_2019-02-09_2026-05-21_29c06ed80e5a,2025-12-10,short_straddle,0,0.0,1010936.850978,0.0
sim_2019-02-09_2026-05-21_29c06ed80e5a,2025-12-10,put_credit_spread,1,3315.5,1010936.850978,0.00328
sim_2019-02-09_2026-05-21_29c06ed80e5a,2025-12-11,short_straddle,0,0.0,1010936.850978,0.0
sim_2019-02-09_2026-05-21_29c06ed80e5a,2025-12-11,put_credit_spread,1,3315.5,1010936.850978,0.00328
sim_2019-02-09_2026-05-21_29c06ed80e5a,2025-12-12,short_straddle,0,0.0,1011417.184478,0.0
sim_2019-02-09_2026-05-21_29c06ed80e5a,2025-12-12,put_credit_spread,1,2467.0,1011417.184478,0.002439
sim_2019-02-09_2026-05-21_29c06ed80e5a,2025-12-15,short_straddle,0,0.0,1011411.184478,0.0
sim_2019-02-09_2026-05-21_29c06ed80e5a,2025-12-15,put_credit_spread,1,2467.0,1011411.184478,0.002439
sim_2019-02-09_2026-05-21_29c06ed80e5a,2025-12-16,short_straddle,0,0.0,1011411.184478,0.0
sim_2019-02-09_2026-05-21_29c06ed80e5a,2025-12-16,put_credit_spread,1,2467.0,1011411.184478,0.002439
sim_2019-02-09_2026-05-21_29c06ed80e5a,2025-12-17,short_straddle,0,0.0,1011411.184478,0.0
sim_2019-02-09_2026-05-21_29c06ed80e5a,2025-12-17,put_credit_spread,1,2467.0,1011411.184478,0.002439
sim_2019-02-09_2026-05-21_29c06ed80e5a,2025-12-18,short_straddle,0,0.0,1011411.184478,0.0
sim_2019-02-09_2026-05-21_29c06ed80e5a,2025-12-18,put_credit_spread,1,2467.0,1011411.184478,0.002439
sim_2019-02-09_2026-05-21_29c06ed80e5a,2025-12-19,short_straddle,0,0.0,1011411.184478,0.0
sim_2019-02-09_2026-05-21_29c06ed80e5a,2025-12-19,put_credit_spread,1,2467.0,1011411.184478,0.002439
sim_2019-02-09_2026-05-21_29c06ed80e5a,2025-12-22,short_straddle,0,0.0,1011411.184478,0.0
sim_2019-02-09_2026-05-21_29c06ed80e5a,2025-12-22,put_credit_spread,1,2467.0,1011411.184478,0.002439
sim_2019-02-09_2026-05-21_29c06ed80e5a,2025-12-23,short_straddle,0,0.0,1011411.184478,0.0
sim_2019-02-09_2026-05-21_29c06ed80e5a,2025-12-23,put_credit_spread,1,2467.0,1011411.184478,0.002439
sim_2019-02-09_2026-05-21_29c06ed80e5a,2025-12-24,short_straddle,0,0.0,1011411.184478,0.0
sim_2019-02-09_2026-05-21_29c06ed80e5a,2025-12-24,put_credit_spread,1,2467.0,1011411.184478,0.002439
sim_2019-02-09_2026-05-21_29c06ed80e5a,2025-12-26,short_straddle,0,0.0,1011411.184478,0.0
sim_2019-02-09_2026-05-21_29c06ed80e5a,2025-12-26,put_credit_spread,1,2467.0,1011411.184478,0.002439
sim_2019-02-09_2026-05-21_29c06ed80e5a,2025-12-29,short_straddle,0,0.0,1011411.184478,0.0
sim_2019-02-09_2026-05-21_29c06ed80e5a,2025-12-29,put_credit_spread,1,2467.0,1011411.184478,0.002439
sim_2019-02-09_2026-05-21_29c06ed80e5a,2025-12-30,short_straddle,0,0.0,1011411.184478,0.0
sim_2019-02-09_2026-05-21_29c06ed80e5a,2025-12-30,put_credit_spread,1,2467.0,1011411.184478,0.002439
sim_2019-02-09_2026-05-21_29c06ed80e5a,2025-12-31,short_straddle,0,0.0,1011411.184478,0.0
sim_2019-02-09_2026-05-21_29c06ed80e5a,2025-12-31,put_credit_spread,1,2467.0,1011411.184478,0.002439
sim_2019-02-09_2026-05-21_29c06ed80e5a,2026-01-02,short_straddle,0,0.0,1011411.184478,0.0
sim_2019-02-09_2026-05-21_29c06ed80e5a,2026-01-02,put_credit_spread,1,2467.0,1011411.184478,0.002439
sim_2019-02-09_2026-05-21_29c06ed80e5a,2026-01-05,short_straddle,0,0.0,1011411.184478,0.0
sim_2019-02-09_2026-05-21_29c06ed80e5a,2026-01-05,put_credit_spread,1,2467.0,1011411.184478,0.002439
sim_2019-02-09_2026-05-21_29c06ed80e5a,2026-01-06,short_straddle,0,0.0,1011411.184478,0.0
sim_2019-02-09_2026-05-21_29c06ed80e5a,2026-01-06,put_credit_spread,1,2467.0,1011411.184478,0.002439
sim_2019-02-09_2026-05-21_29c06ed80e5a,2026-01-07,short_straddle,0,0.0,1011411.184478,0.0
sim_2019-02-09_2026-05-21_29c06ed80e5a,2026-01-07,put_credit_spread,1,2467.0,1011411.184478,0.002439
sim_2019-02-09_2026-05-21_29c06ed80e5a,2026-01-08,short_straddle,0,0.0,1011411.184478,0.0
sim_2019-02-09_2026-05-21_29c06ed80e5a,2026-01-08,put_credit_spread,1,2467.0,1011411.184478,0.002439
sim_2019-02-09_2026-05-21_29c06ed80e5a,2026-01-09,short_straddle,0,0.0,1011746.033728,0.0
sim_2019-02-09_2026-05-21_29c06ed80e5a,2026-01-09,put_credit_spread,1,2698.5,1011746.033728,0.002667
sim_2019-02-09_2026-05-21_29c06ed80e5a,2026-01-12,short_straddle,0,0.0,1011746.033728,0.0
sim_2019-02-09_2026-05-21_29c06ed80e5a,2026-01-12,put_credit_spread,1,2698.5,1011746.033728,0.002667
sim_2019-02-09_2026-05-21_29c06ed80e5a,2026-01-13,short_straddle,0,0.0,1011746.033728,0.0
sim_2019-02-09_2026-05-21_29c06ed80e5a,2026-01-13,put_credit_spread,1,2698.5,1011746.033728,0.002667
sim_2019-02-09_2026-05-21_29c06ed80e5a,2026-01-14,short_straddle,0,0.0,1011746.033728,0.0
sim_2019-02-09_2026-05-21_29c06ed80e5a,2026-01-14,put_credit_spread,1,2698.5,1011746.033728,0.002667
sim_2019-02-09_2026-05-21_29c06ed80e5a,2026-01-15,short_straddle,0,0.0,1011746.033728,0.0
sim_2019-02-09_2026-05-21_29c06ed80e5a,2026-01-15,put_credit_spread,1,2698.5,1011746.033728,0.002667
sim_2019-02-09_2026-05-21_29c06ed80e5a,2026-01-16,short_straddle,0,0.0,1011746.033728,0.0
sim_2019-02-09_2026-05-21_29c06ed80e5a,2026-01-16,put_credit_spread,1,2698.5,1011746.033728,0.002667
sim_2019-02-09_2026-05-21_29c06ed80e5a,2026-01-20,short_straddle,0,0.0,1011929.033728,0.0
sim_2019-02-09_2026-05-21_29c06ed80e5a,2026-01-20,put_credit_spread,1,2698.5,1011929.033728,0.002667
sim_2019-02-09_2026-05-21_29c06ed80e5a,2026-01-21,short_straddle,0,0.0,1011929.033728,0.0
sim_2019-02-09_2026-05-21_29c06ed80e5a,2026-01-21,put_credit_spread,1,2698.5,1011929.033728,0.002667
sim_2019-02-09_2026-05-21_29c06ed80e5a,2026-01-22,short_straddle,0,0.0,1011929.033728,0.0
sim_2019-02-09_2026-05-21_29c06ed80e5a,2026-01-22,put_credit_spread,1,2698.5,1011929.033728,0.002667
sim_2019-02-09_2026-05-21_29c06ed80e5a,2026-01-23,short_straddle,0,0.0,1011688.033728,0.0
sim_2019-02-09_2026-05-21_29c06ed80e5a,2026-01-23,put_credit_spread,1,2698.5,1011688.033728,0.002667
sim_2019-02-09_2026-05-21_29c06ed80e5a,2026-01-26,short_straddle,0,0.0,1011652.033728,0.0
sim_2019-02-09_2026-05-21_29c06ed80e5a,2026-01-26,put_credit_spread,1,2698.5,1011652.033728,0.002667
sim_2019-02-09_2026-05-21_29c06ed80e5a,2026-01-27,short_straddle,0,0.0,1011652.033728,0.0
sim_2019-02-09_2026-05-21_29c06ed80e5a,2026-01-27,put_credit_spread,1,2698.5,1011652.033728,0.002667
sim_2019-02-09_2026-05-21_29c06ed80e5a,2026-01-28,short_straddle,0,0.0,1011652.033728,0.0
sim_2019-02-09_2026-05-21_29c06ed80e5a,2026-01-28,put_credit_spread,1,2698.5,1011652.033728,0.002667
sim_2019-02-09_2026-05-21_29c06ed80e5a,2026-01-29,short_straddle,0,0.0,1011652.033728,0.0
sim_2019-02-09_2026-05-21_29c06ed80e5a,2026-01-29,put_credit_spread,1,2698.5,1011652.033728,0.002667
sim_2019-02-09_2026-05-21_29c06ed80e5a,2026-01-30,short_straddle,0,0.0,1011652.033728,0.0
sim_2019-02-09_2026-05-21_29c06ed80e5a,2026-01-30,put_credit_spread,1,2698.5,1011652.033728,0.002667
sim_2019-02-09_2026-05-21_29c06ed80e5a,2026-02-02,short_straddle,0,0.0,1011652.033728,0.0
sim_2019-02-09_2026-05-21_29c06ed80e5a,2026-02-02,put_credit_spread,1,2698.5,1011652.033728,0.002667
sim_2019-02-09_2026-05-21_29c06ed80e5a,2026-02-03,short_straddle,0,0.0,1011652.033728,0.0
sim_2019-02-09_2026-05-21_29c06ed80e5a,2026-02-03,put_credit_spread,1,2698.5,1011652.033728,0.002667
sim_2019-02-09_2026-05-21_29c06ed80e5a,2026-02-04,short_straddle,0,0.0,1011652.033728,0.0
sim_2019-02-09_2026-05-21_29c06ed80e5a,2026-02-04,put_credit_spread,1,2698.5,1011652.033728,0.002667
sim_2019-02-09_2026-05-21_29c06ed80e5a,2026-02-05,short_straddle,0,0.0,1011647.559728,0.0
sim_2019-02-09_2026-05-21_29c06ed80e5a,2026-02-05,put_credit_spread,1,4147.5,1011647.559728,0.0041
sim_2019-02-09_2026-05-21_29c06ed80e5a,2026-02-06,short_straddle,0,0.0,1011647.559728,0.0
sim_2019-02-09_2026-05-21_29c06ed80e5a,2026-02-06,put_credit_spread,1,4147.5,1011647.559728,0.0041
sim_2019-02-09_2026-05-21_29c06ed80e5a,2026-02-09,short_straddle,0,0.0,1011647.559728,0.0
sim_2019-02-09_2026-05-21_29c06ed80e5a,2026-02-09,put_credit_spread,1,4147.5,1011647.559728,0.0041
sim_2019-02-09_2026-05-21_29c06ed80e5a,2026-02-10,short_straddle,0,0.0,1011647.559728,0.0
sim_2019-02-09_2026-05-21_29c06ed80e5a,2026-02-10,put_credit_spread,1,4147.5,1011647.559728,0.0041
sim_2019-02-09_2026-05-21_29c06ed80e5a,2026-02-11,short_straddle,0,0.0,1011647.559728,0.0
sim_2019-02-09_2026-05-21_29c06ed80e5a,2026-02-11,put_credit_spread,1,4147.5,1011647.559728,0.0041
sim_2019-02-09_2026-05-21_29c06ed80e5a,2026-02-12,short_straddle,0,0.0,1011647.559728,0.0
sim_2019-02-09_2026-05-21_29c06ed80e5a,2026-02-12,put_credit_spread,1,4147.5,1011647.559728,0.0041
sim_2019-02-09_2026-05-21_29c06ed80e5a,2026-02-13,short_straddle,0,0.0,1011647.559728,0.0
sim_2019-02-09_2026-05-21_29c06ed80e5a,2026-02-13,put_credit_spread,1,4147.5,1011647.559728,0.0041
sim_2019-02-09_2026-05-21_29c06ed80e5a,2026-02-17,short_straddle,0,0.0,1011647.559728,0.0
sim_2019-02-09_2026-05-21_29c06ed80e5a,2026-02-17,put_credit_spread,1,4147.5,1011647.559728,0.0041
sim_2019-02-09_2026-05-21_29c06ed80e5a,2026-02-18,short_straddle,0,0.0,1011647.559728,0.0
sim_2019-02-09_2026-05-21_29c06ed80e5a,2026-02-18,put_credit_spread,1,4147.5,1011647.559728,0.0041
sim_2019-02-09_2026-05-21_29c06ed80e5a,2026-02-19,short_straddle,0,0.0,1011647.559728,0.0
sim_2019-02-09_2026-05-21_29c06ed80e5a,2026-02-19,put_credit_spread,1,4147.5,1011647.559728,0.0041
sim_2019-02-09_2026-05-21_29c06ed80e5a,2026-02-20,short_straddle,0,0.0,1011647.559728,0.0
sim_2019-02-09_2026-05-21_29c06ed80e5a,2026-02-20,put_credit_spread,1,4147.5,1011647.559728,0.0041
sim_2019-02-09_2026-05-21_29c06ed80e5a,2026-02-23,short_straddle,0,0.0,1011647.559728,0.0
sim_2019-02-09_2026-05-21_29c06ed80e5a,2026-02-23,put_credit_spread,1,4147.5,1011647.559728,0.0041
sim_2019-02-09_2026-05-21_29c06ed80e5a,2026-02-24,short_straddle,0,0.0,1011647.559728,0.0
sim_2019-02-09_2026-05-21_29c06ed80e5a,2026-02-24,put_credit_spread,1,4147.5,1011647.559728,0.0041
sim_2019-02-09_2026-05-21_29c06ed80e5a,2026-02-25,short_straddle,0,0.0,1011647.559728,0.0
sim_2019-02-09_2026-05-21_29c06ed80e5a,2026-02-25,put_credit_spread,1,4147.5,1011647.559728,0.0041
sim_2019-02-09_2026-05-21_29c06ed80e5a,2026-02-26,short_straddle,0,0.0,1011647.559728,0.0
sim_2019-02-09_2026-05-21_29c06ed80e5a,2026-02-26,put_credit_spread,1,4147.5,1011647.559728,0.0041
sim_2019-02-09_2026-05-21_29c06ed80e5a,2026-02-27,short_straddle,0,0.0,1011647.559728,0.0
sim_2019-02-09_2026-05-21_29c06ed80e5a,2026-02-27,put_credit_spread,1,4147.5,1011647.559728,0.0041
sim_2019-02-09_2026-05-21_29c06ed80e5a,2026-03-02,short_straddle,0,0.0,1011647.559728,0.0
sim_2019-02-09_2026-05-21_29c06ed80e5a,2026-03-02,put_credit_spread,1,4147.5,1011647.559728,0.0041
sim_2019-02-09_2026-05-21_29c06ed80e5a,2026-03-03,short_straddle,0,0.0,1011647.559728,0.0
sim_2019-02-09_2026-05-21_29c06ed80e5a,2026-03-03,put_credit_spread,1,4147.5,1011647.559728,0.0041
sim_2019-02-09_2026-05-21_29c06ed80e5a,2026-03-04,short_straddle,0,0.0,1011647.559728,0.0
sim_2019-02-09_2026-05-21_29c06ed80e5a,2026-03-04,put_credit_spread,1,4147.5,1011647.559728,0.0041
sim_2019-02-09_2026-05-21_29c06ed80e5a,2026-03-05,short_straddle,0,0.0,1011647.559728,0.0
sim_2019-02-09_2026-05-21_29c06ed80e5a,2026-03-05,put_credit_spread,1,4147.5,1011647.559728,0.0041
sim_2019-02-09_2026-05-21_29c06ed80e5a,2026-03-06,short_straddle,0,0.0,1012195.778228,0.0
sim_2019-02-09_2026-05-21_29c06ed80e5a,2026-03-06,put_credit_spread,1,3937.0,1012195.778228,0.00389
sim_2019-02-09_2026-05-21_29c06ed80e5a,2026-03-09,short_straddle,0,0.0,1012195.778228,0.0
sim_2019-02-09_2026-05-21_29c06ed80e5a,2026-03-09,put_credit_spread,1,3937.0,1012195.778228,0.00389
sim_2019-02-09_2026-05-21_29c06ed80e5a,2026-03-10,short_straddle,0,0.0,1012195.778228,0.0
sim_2019-02-09_2026-05-21_29c06ed80e5a,2026-03-10,put_credit_spread,1,3937.0,1012195.778228,0.00389
sim_2019-02-09_2026-05-21_29c06ed80e5a,2026-03-11,short_straddle,0,0.0,1012195.778228,0.0
sim_2019-02-09_2026-05-21_29c06ed80e5a,2026-03-11,put_credit_spread,1,3937.0,1012195.778228,0.00389
sim_2019-02-09_2026-05-21_29c06ed80e5a,2026-03-12,short_straddle,0,0.0,1012195.778228,0.0
sim_2019-02-09_2026-05-21_29c06ed80e5a,2026-03-12,put_credit_spread,1,3937.0,1012195.778228,0.00389
sim_2019-02-09_2026-05-21_29c06ed80e5a,2026-03-13,short_straddle,0,0.0,1012195.778228,0.0
sim_2019-02-09_2026-05-21_29c06ed80e5a,2026-03-13,put_credit_spread,1,3937.0,1012195.778228,0.00389
sim_2019-02-09_2026-05-21_29c06ed80e5a,2026-03-16,short_straddle,0,0.0,1012195.778228,0.0
sim_2019-02-09_2026-05-21_29c06ed80e5a,2026-03-16,put_credit_spread,1,3937.0,1012195.778228,0.00389
sim_2019-02-09_2026-05-21_29c06ed80e5a,2026-03-17,short_straddle,0,0.0,1012195.778228,0.0
sim_2019-02-09_2026-05-21_29c06ed80e5a,2026-03-17,put_credit_spread,1,3937.0,1012195.778228,0.00389
sim_2019-02-09_2026-05-21_29c06ed80e5a,2026-03-18,short_straddle,0,0.0,1012195.778228,0.0
sim_2019-02-09_2026-05-21_29c06ed80e5a,2026-03-18,put_credit_spread,1,3937.0,1012195.778228,0.00389
sim_2019-02-09_2026-05-21_29c06ed80e5a,2026-03-19,short_straddle,0,0.0,1012069.778228,0.0
sim_2019-02-09_2026-05-21_29c06ed80e5a,2026-03-19,put_credit_spread,1,3937.0,1012069.778228,0.00389
sim_2019-02-09_2026-05-21_29c06ed80e5a,2026-03-20,short_straddle,0,0.0,1012069.778228,0.0
sim_2019-02-09_2026-05-21_29c06ed80e5a,2026-03-20,put_credit_spread,1,3937.0,1012069.778228,0.00389
sim_2019-02-09_2026-05-21_29c06ed80e5a,2026-03-23,short_straddle,0,0.0,1012069.778228,0.0
sim_2019-02-09_2026-05-21_29c06ed80e5a,2026-03-23,put_credit_spread,1,3937.0,1012069.778228,0.00389
sim_2019-02-09_2026-05-21_29c06ed80e5a,2026-03-24,short_straddle,0,0.0,1012069.778228,0.0
sim_2019-02-09_2026-05-21_29c06ed80e5a,2026-03-24,put_credit_spread,1,3937.0,1012069.778228,0.00389
sim_2019-02-09_2026-05-21_29c06ed80e5a,2026-03-25,short_straddle,0,0.0,1012069.778228,0.0
sim_2019-02-09_2026-05-21_29c06ed80e5a,2026-03-25,put_credit_spread,1,3937.0,1012069.778228,0.00389
sim_2019-02-09_2026-05-21_29c06ed80e5a,2026-03-26,short_straddle,0,0.0,1012069.778228,0.0
sim_2019-02-09_2026-05-21_29c06ed80e5a,2026-03-26,put_credit_spread,1,3937.0,1012069.778228,0.00389
sim_2019-02-09_2026-05-21_29c06ed80e5a,2026-03-27,short_straddle,0,0.0,1012069.778228,0.0
sim_2019-02-09_2026-05-21_29c06ed80e5a,2026-03-27,put_credit_spread,1,3937.0,1012069.778228,0.00389
sim_2019-02-09_2026-05-21_29c06ed80e5a,2026-03-30,short_straddle,0,0.0,1012069.778228,0.0
sim_2019-02-09_2026-05-21_29c06ed80e5a,2026-03-30,put_credit_spread,1,3937.0,1012069.778228,0.00389
sim_2019-02-09_2026-05-21_29c06ed80e5a,2026-03-31,short_straddle,0,0.0,1012069.778228,0.0
sim_2019-02-09_2026-05-21_29c06ed80e5a,2026-03-31,put_credit_spread,1,3937.0,1012069.778228,0.00389
sim_2019-02-09_2026-05-21_29c06ed80e5a,2026-04-01,short_straddle,0,0.0,1012069.778228,0.0
sim_2019-02-09_2026-05-21_29c06ed80e5a,2026-04-01,put_credit_spread,1,3937.0,1012069.778228,0.00389
sim_2019-02-09_2026-05-21_29c06ed80e5a,2026-04-02,short_straddle,0,0.0,1012754.468478,0.0
sim_2019-02-09_2026-05-21_29c06ed80e5a,2026-04-02,put_credit_spread,1,3980.5,1012754.468478,0.00393
sim_2019-02-09_2026-05-21_29c06ed80e5a,2026-04-06,short_straddle,0,0.0,1012754.468478,0.0
sim_2019-02-09_2026-05-21_29c06ed80e5a,2026-04-06,put_credit_spread,1,3980.5,1012754.468478,0.00393
sim_2019-02-09_2026-05-21_29c06ed80e5a,2026-04-07,short_straddle,0,0.0,1012754.468478,0.0
sim_2019-02-09_2026-05-21_29c06ed80e5a,2026-04-07,put_credit_spread,1,3980.5,1012754.468478,0.00393
sim_2019-02-09_2026-05-21_29c06ed80e5a,2026-04-08,short_straddle,0,0.0,1012754.468478,0.0
sim_2019-02-09_2026-05-21_29c06ed80e5a,2026-04-08,put_credit_spread,1,3980.5,1012754.468478,0.00393
sim_2019-02-09_2026-05-21_29c06ed80e5a,2026-04-09,short_straddle,0,0.0,1012754.468478,0.0
sim_2019-02-09_2026-05-21_29c06ed80e5a,2026-04-09,put_credit_spread,1,3980.5,1012754.468478,0.00393
sim_2019-02-09_2026-05-21_29c06ed80e5a,2026-04-10,short_straddle,0,0.0,1012754.468478,0.0
sim_2019-02-09_2026-05-21_29c06ed80e5a,2026-04-10,put_credit_spread,1,3980.5,1012754.468478,0.00393
sim_2019-02-09_2026-05-21_29c06ed80e5a,2026-04-13,short_straddle,0,0.0,1012754.468478,0.0
sim_2019-02-09_2026-05-21_29c06ed80e5a,2026-04-13,put_credit_spread,1,3980.5,1012754.468478,0.00393
sim_2019-02-09_2026-05-21_29c06ed80e5a,2026-04-14,short_straddle,0,0.0,1012754.468478,0.0
sim_2019-02-09_2026-05-21_29c06ed80e5a,2026-04-14,put_credit_spread,1,3980.5,1012754.468478,0.00393
sim_2019-02-09_2026-05-21_29c06ed80e5a,2026-04-15,short_straddle,0,0.0,1012754.468478,0.0
sim_2019-02-09_2026-05-21_29c06ed80e5a,2026-04-15,put_credit_spread,1,3980.5,1012754.468478,0.00393
sim_2019-02-09_2026-05-21_29c06ed80e5a,2026-04-16,short_straddle,0,0.0,1012754.468478,0.0
sim_2019-02-09_2026-05-21_29c06ed80e5a,2026-04-16,put_credit_spread,1,3980.5,1012754.468478,0.00393
sim_2019-02-09_2026-05-21_29c06ed80e5a,2026-04-17,short_straddle,0,0.0,1012754.468478,0.0
sim_2019-02-09_2026-05-21_29c06ed80e5a,2026-04-17,put_credit_spread,1,3980.5,1012754.468478,0.00393
sim_2019-02-09_2026-05-21_29c06ed80e5a,2026-04-20,short_straddle,0,0.0,1012754.468478,0.0
sim_2019-02-09_2026-05-21_29c06ed80e5a,2026-04-20,put_credit_spread,1,3980.5,1012754.468478,0.00393
sim_2019-02-09_2026-05-21_29c06ed80e5a,2026-04-21,short_straddle,0,0.0,1012754.468478,0.0
sim_2019-02-09_2026-05-21_29c06ed80e5a,2026-04-21,put_credit_spread,1,3980.5,1012754.468478,0.00393
sim_2019-02-09_2026-05-21_29c06ed80e5a,2026-04-22,short_straddle,0,0.0,1012754.468478,0.0
sim_2019-02-09_2026-05-21_29c06ed80e5a,2026-04-22,put_credit_spread,1,3980.5,1012754.468478,0.00393
sim_2019-02-09_2026-05-21_29c06ed80e5a,2026-04-23,short_straddle,0,0.0,1012754.468478,0.0
sim_2019-02-09_2026-05-21_29c06ed80e5a,2026-04-23,put_credit_spread,1,3980.5,1012754.468478,0.00393
sim_2019-02-09_2026-05-21_29c06ed80e5a,2026-04-24,short_straddle,0,0.0,1012754.468478,0.0
sim_2019-02-09_2026-05-21_29c06ed80e5a,2026-04-24,put_credit_spread,1,3980.5,1012754.468478,0.00393
sim_2019-02-09_2026-05-21_29c06ed80e5a,2026-04-27,short_straddle,0,0.0,1012754.468478,0.0
sim_2019-02-09_2026-05-21_29c06ed80e5a,2026-04-27,put_credit_spread,1,3980.5,1012754.468478,0.00393
sim_2019-02-09_2026-05-21_29c06ed80e5a,2026-04-28,short_straddle,0,0.0,1012754.468478,0.0
sim_2019-02-09_2026-05-21_29c06ed80e5a,2026-04-28,put_credit_spread,1,3980.5,1012754.468478,0.00393
sim_2019-02-09_2026-05-21_29c06ed80e5a,2026-04-29,short_straddle,0,0.0,1012754.468478,0.0
sim_2019-02-09_2026-05-21_29c06ed80e5a,2026-04-29,put_credit_spread,1,3980.5,1012754.468478,0.00393
sim_2019-02-09_2026-05-21_29c06ed80e5a,2026-04-30,short_straddle,0,0.0,1013369.735228,0.0
sim_2019-02-09_2026-05-21_29c06ed80e5a,2026-04-30,put_credit_spread,1,3133.5,1013369.735228,0.003092
sim_2019-02-09_2026-05-21_29c06ed80e5a,2026-05-01,short_straddle,0,0.0,1013369.735228,0.0
sim_2019-02-09_2026-05-21_29c06ed80e5a,2026-05-01,put_credit_spread,1,3133.5,1013369.735228,0.003092
sim_2019-02-09_2026-05-21_29c06ed80e5a,2026-05-04,short_straddle,0,0.0,1013300.735228,0.0
sim_2019-02-09_2026-05-21_29c06ed80e5a,2026-05-04,put_credit_spread,1,3133.5,1013300.735228,0.003092
sim_2019-02-09_2026-05-21_29c06ed80e5a,2026-05-05,short_straddle,0,0.0,1013300.735228,0.0
sim_2019-02-09_2026-05-21_29c06ed80e5a,2026-05-05,put_credit_spread,1,3133.5,1013300.735228,0.003092
sim_2019-02-09_2026-05-21_29c06ed80e5a,2026-05-06,short_straddle,0,0.0,1013300.735228,0.0
sim_2019-02-09_2026-05-21_29c06ed80e5a,2026-05-06,put_credit_spread,1,3133.5,1013300.735228,0.003092
sim_2019-02-09_2026-05-21_29c06ed80e5a,2026-05-07,short_straddle,0,0.0,1013300.735228,0.0
sim_2019-02-09_2026-05-21_29c06ed80e5a,2026-05-07,put_credit_spread,1,3133.5,1013300.735228,0.003092
sim_2019-02-09_2026-05-21_29c06ed80e5a,2026-05-08,short_straddle,0,0.0,1013300.735228,0.0
sim_2019-02-09_2026-05-21_29c06ed80e5a,2026-05-08,put_credit_spread,1,3133.5,1013300.735228,0.003092
sim_2019-02-09_2026-05-21_29c06ed80e5a,2026-05-11,short_straddle,0,0.0,1013300.735228,0.0
sim_2019-02-09_2026-05-21_29c06ed80e5a,2026-05-11,put_credit_spread,1,3133.5,1013300.735228,0.003092
sim_2019-02-09_2026-05-21_29c06ed80e5a,2026-05-12,short_straddle,0,0.0,1013300.735228,0.0
sim_2019-02-09_2026-05-21_29c06ed80e5a,2026-05-12,put_credit_spread,1,3133.5,1013300.735228,0.003092
sim_2019-02-09_2026-05-21_29c06ed80e5a,2026-05-13,short_straddle,0,0.0,1013300.735228,0.0
sim_2019-02-09_2026-05-21_29c06ed80e5a,2026-05-13,put_credit_spread,1,3133.5,1013300.735228,0.003092
sim_2019-02-09_2026-05-21_29c06ed80e5a,2026-05-14,short_straddle,0,0.0,1013300.735228,0.0
sim_2019-02-09_2026-05-21_29c06ed80e5a,2026-05-14,put_credit_spread,1,3133.5,1013300.735228,0.003092
sim_2019-02-09_2026-05-21_29c06ed80e5a,2026-05-15,short_straddle,0,0.0,1013300.735228,0.0
sim_2019-02-09_2026-05-21_29c06ed80e5a,2026-05-15,put_credit_spread,1,3133.5,1013300.735228,0.003092
sim_2019-02-09_2026-05-21_29c06ed80e5a,2026-05-18,short_straddle,0,0.0,1013300.735228,0.0
sim_2019-02-09_2026-05-21_29c06ed80e5a,2026-05-18,put_credit_spread,1,3133.5,1013300.735228,0.003092
sim_2019-02-09_2026-05-21_29c06ed80e5a,2026-05-19,short_straddle,0,0.0,1013300.735228,0.0
sim_2019-02-09_2026-05-21_29c06ed80e5a,2026-05-19,put_credit_spread,1,3133.5,1013300.735228,0.003092
sim_2019-02-09_2026-05-21_29c06ed80e5a,2026-05-20,short_straddle,0,0.0,1013300.735228,0.0
sim_2019-02-09_2026-05-21_29c06ed80e5a,2026-05-20,put_credit_spread,1,3133.5,1013300.735228,0.003092
sim_2019-02-09_2026-05-21_29c06ed80e5a,2026-05-21,short_straddle,0,0.0,1013300.735228,0.0
sim_2019-02-09_2026-05-21_29c06ed80e5a,2026-05-21,put_credit_spread,1,3133.5,1013300.735228,0.003092
