run_id,date,strategy,symbol,trade_id,option_pnl,hedge_pnl,total_pnl,cum_pnl,margin_used,max_risk,vix_close,iv_current,hv_current
sim_2019-02-09_2026-05-21_138e7b4fbb82,2019-05-10,put_credit_spread,DIA,put_credit_spread_DIA_000001,-2.0965,0.0,-2.0965,-2.0965,1057.0,1057.0,16.040000915527344,0.1529,0.0953
sim_2019-02-09_2026-05-21_138e7b4fbb82,2019-05-13,put_credit_spread,DIA,put_credit_spread_DIA_000001,0.0,0.0,0.0,-2.0965,1057.0,1057.0,20.549999237060547,,
sim_2019-02-09_2026-05-21_138e7b4fbb82,2019-05-14,put_credit_spread,DIA,put_credit_spread_DIA_000001,0.0,0.0,0.0,-2.0965,1057.0,1057.0,18.059999465942383,,
sim_2019-02-09_2026-05-21_138e7b4fbb82,2019-05-15,put_credit_spread,DIA,put_credit_spread_DIA_000001,0.0,0.0,0.0,-2.0965,1057.0,1057.0,16.440000534057617,,
sim_2019-02-09_2026-05-21_138e7b4fbb82,2019-05-16,put_credit_spread,DIA,put_credit_spread_DIA_000001,0.0,0.0,0.0,-2.0965,1057.0,1057.0,15.289999961853027,,
sim_2019-02-09_2026-05-21_138e7b4fbb82,2019-05-17,put_credit_spread,DIA,put_credit_spread_DIA_000001,0.0,0.0,0.0,-2.0965,1057.0,1057.0,15.960000038146973,,
sim_2019-02-09_2026-05-21_138e7b4fbb82,2019-05-20,put_credit_spread,DIA,put_credit_spread_DIA_000001,0.0,0.0,0.0,-2.0965,1057.0,1057.0,16.309999465942383,,
sim_2019-02-09_2026-05-21_138e7b4fbb82,2019-05-21,put_credit_spread,DIA,put_credit_spread_DIA_000001,0.0,0.0,0.0,-2.0965,1057.0,1057.0,14.949999809265137,,
sim_2019-02-09_2026-05-21_138e7b4fbb82,2019-05-22,put_credit_spread,DIA,put_credit_spread_DIA_000001,0.0,0.0,0.0,-2.0965,1057.0,1057.0,14.75,,
sim_2019-02-09_2026-05-21_138e7b4fbb82,2019-05-23,put_credit_spread,DIA,put_credit_spread_DIA_000001,0.0,0.0,0.0,-2.0965,1057.0,1057.0,16.920000076293945,,
sim_2019-02-09_2026-05-21_138e7b4fbb82,2019-05-24,put_credit_spread,DIA,put_credit_spread_DIA_000001,0.0,0.0,0.0,-2.0965,1057.0,1057.0,15.850000381469728,,
sim_2019-02-09_2026-05-21_138e7b4fbb82,2019-05-28,put_credit_spread,DIA,put_credit_spread_DIA_000001,0.0,0.0,0.0,-2.0965,1057.0,1057.0,17.5,,
sim_2019-02-09_2026-05-21_138e7b4fbb82,2019-05-29,put_credit_spread,DIA,put_credit_spread_DIA_000001,0.0,0.0,0.0,-2.0965,1057.0,1057.0,17.899999618530273,,
sim_2019-02-09_2026-05-21_138e7b4fbb82,2019-05-30,put_credit_spread,DIA,put_credit_spread_DIA_000001,0.0,0.0,0.0,-2.0965,1057.0,1057.0,17.299999237060547,,
sim_2019-02-09_2026-05-21_138e7b4fbb82,2019-05-31,put_credit_spread,DIA,put_credit_spread_DIA_000001,0.0,0.0,0.0,-2.0965,1057.0,1057.0,18.709999084472656,,
sim_2019-02-09_2026-05-21_138e7b4fbb82,2019-06-03,put_credit_spread,DIA,put_credit_spread_DIA_000001,0.0,0.0,0.0,-2.0965,1057.0,1057.0,18.86000061035156,,
sim_2019-02-09_2026-05-21_138e7b4fbb82,2019-06-04,put_credit_spread,DIA,put_credit_spread_DIA_000001,0.0,0.0,0.0,-2.0965,1057.0,1057.0,16.969999313354492,,
sim_2019-02-09_2026-05-21_138e7b4fbb82,2019-06-05,put_credit_spread,DIA,put_credit_spread_DIA_000001,0.0,0.0,0.0,-2.0965,1057.0,1057.0,16.09000015258789,,
sim_2019-02-09_2026-05-21_138e7b4fbb82,2019-06-06,put_credit_spread,DIA,put_credit_spread_DIA_000001,0.0,0.0,0.0,-2.0965,1057.0,1057.0,15.93000030517578,,
sim_2019-02-09_2026-05-21_138e7b4fbb82,2019-06-07,put_credit_spread,DIA,put_credit_spread_DIA_000001,191.0,0.0,191.0,188.9035,1057.0,1057.0,16.299999237060547,,
sim_2019-02-09_2026-05-21_138e7b4fbb82,2020-01-06,put_credit_spread,DIA,put_credit_spread_DIA_000002,-2.056,0.0,-2.056,186.8475,1138.0,1138.0,13.850000381469728,0.1206,0.0844
sim_2019-02-09_2026-05-21_138e7b4fbb82,2020-01-07,put_credit_spread,DIA,put_credit_spread_DIA_000002,0.0,0.0,0.0,186.8475,1138.0,1138.0,13.789999961853027,,
sim_2019-02-09_2026-05-21_138e7b4fbb82,2020-01-08,put_credit_spread,DIA,put_credit_spread_DIA_000002,0.0,0.0,0.0,186.8475,1138.0,1138.0,13.449999809265137,0.1203,0.0862
sim_2019-02-09_2026-05-21_138e7b4fbb82,2020-01-09,put_credit_spread,DIA,put_credit_spread_DIA_000002,0.0,0.0,0.0,186.8475,1138.0,1138.0,12.539999961853027,,
sim_2019-02-09_2026-05-21_138e7b4fbb82,2020-01-10,put_credit_spread,DIA,put_credit_spread_DIA_000002,0.0,0.0,0.0,186.8475,1138.0,1138.0,12.5600004196167,0.1146,0.0879
sim_2019-02-09_2026-05-21_138e7b4fbb82,2020-01-13,put_credit_spread,DIA,put_credit_spread_DIA_000002,0.0,0.0,0.0,186.8475,1138.0,1138.0,12.31999969482422,0.1127,0.0881
sim_2019-02-09_2026-05-21_138e7b4fbb82,2020-01-14,put_credit_spread,DIA,put_credit_spread_DIA_000002,0.0,0.0,0.0,186.8475,1138.0,1138.0,12.390000343322754,,
sim_2019-02-09_2026-05-21_138e7b4fbb82,2020-01-15,put_credit_spread,DIA,put_credit_spread_DIA_000002,0.0,0.0,0.0,186.8475,1138.0,1138.0,12.420000076293944,0.1071,0.0812
sim_2019-02-09_2026-05-21_138e7b4fbb82,2020-01-16,put_credit_spread,DIA,put_credit_spread_DIA_000002,0.0,0.0,0.0,186.8475,1138.0,1138.0,12.31999969482422,,
sim_2019-02-09_2026-05-21_138e7b4fbb82,2020-01-17,put_credit_spread,DIA,put_credit_spread_DIA_000002,0.0,0.0,0.0,186.8475,1138.0,1138.0,12.100000381469728,0.1065,0.0761
sim_2019-02-09_2026-05-21_138e7b4fbb82,2020-01-21,put_credit_spread,DIA,put_credit_spread_DIA_000002,0.0,0.0,0.0,186.8475,1138.0,1138.0,12.850000381469728,,
sim_2019-02-09_2026-05-21_138e7b4fbb82,2020-01-22,put_credit_spread,DIA,put_credit_spread_DIA_000002,0.0,0.0,0.0,186.8475,1138.0,1138.0,12.90999984741211,0.1235,0.0724
sim_2019-02-09_2026-05-21_138e7b4fbb82,2020-01-23,put_credit_spread,DIA,put_credit_spread_DIA_000002,0.0,0.0,0.0,186.8475,1138.0,1138.0,12.979999542236328,,
sim_2019-02-09_2026-05-21_138e7b4fbb82,2020-01-24,put_credit_spread,DIA,put_credit_spread_DIA_000002,0.0,0.0,0.0,186.8475,1138.0,1138.0,14.5600004196167,0.1362,0.0742
sim_2019-02-09_2026-05-21_138e7b4fbb82,2020-01-27,put_credit_spread,DIA,put_credit_spread_DIA_000002,0.0,0.0,0.0,186.8475,1138.0,1138.0,18.229999542236328,0.1588,0.0886
sim_2019-02-09_2026-05-21_138e7b4fbb82,2020-01-28,put_credit_spread,DIA,put_credit_spread_DIA_000002,0.0,0.0,0.0,186.8475,1138.0,1138.0,16.280000686645508,,
sim_2019-02-09_2026-05-21_138e7b4fbb82,2020-01-29,put_credit_spread,DIA,put_credit_spread_DIA_000002,0.0,0.0,0.0,186.8475,1138.0,1138.0,16.389999389648438,0.14,0.0878
sim_2019-02-09_2026-05-21_138e7b4fbb82,2020-01-30,put_credit_spread,DIA,put_credit_spread_DIA_000002,0.0,0.0,0.0,186.8475,1138.0,1138.0,15.489999771118164,,
sim_2019-02-09_2026-05-21_138e7b4fbb82,2020-01-31,put_credit_spread,DIA,put_credit_spread_DIA_000002,110.0,0.0,110.0,296.8475,1138.0,1138.0,18.84000015258789,0.1634,0.1088
sim_2019-02-09_2026-05-21_138e7b4fbb82,2020-01-31,put_credit_spread,DIA,put_credit_spread_DIA_000003,-2.12875,0.0,-2.12875,294.71875,1242.5,1242.5,18.84000015258789,0.1634,0.1088
sim_2019-02-09_2026-05-21_138e7b4fbb82,2020-02-03,put_credit_spread,DIA,put_credit_spread_DIA_000003,88.5,0.0,88.5,383.21875,1242.5,1242.5,17.969999313354492,0.1624,0.11
sim_2019-02-09_2026-05-21_138e7b4fbb82,2020-02-04,put_credit_spread,DIA,put_credit_spread_DIA_000003,0.0,0.0,0.0,383.21875,1242.5,1242.5,16.049999237060547,,
sim_2019-02-09_2026-05-21_138e7b4fbb82,2020-02-05,put_credit_spread,DIA,put_credit_spread_DIA_000003,0.0,0.0,0.0,383.21875,1242.5,1242.5,15.149999618530272,0.1287,0.1259
sim_2019-02-09_2026-05-21_138e7b4fbb82,2020-02-06,put_credit_spread,DIA,put_credit_spread_DIA_000003,0.0,0.0,0.0,383.21875,1242.5,1242.5,14.960000038146973,,
sim_2019-02-09_2026-05-21_138e7b4fbb82,2020-02-07,put_credit_spread,DIA,put_credit_spread_DIA_000003,0.0,0.0,0.0,383.21875,1242.5,1242.5,15.470000267028809,0.1417,0.1288
sim_2019-02-09_2026-05-21_138e7b4fbb82,2020-02-10,put_credit_spread,DIA,put_credit_spread_DIA_000003,0.0,0.0,0.0,383.21875,1242.5,1242.5,15.039999961853027,0.1381,0.1295
sim_2019-02-09_2026-05-21_138e7b4fbb82,2020-02-11,put_credit_spread,DIA,put_credit_spread_DIA_000003,0.0,0.0,0.0,383.21875,1242.5,1242.5,15.18000030517578,,
sim_2019-02-09_2026-05-21_138e7b4fbb82,2020-02-12,put_credit_spread,DIA,put_credit_spread_DIA_000003,0.0,0.0,0.0,383.21875,1242.5,1242.5,13.739999771118164,0.1194,0.1301
sim_2019-02-09_2026-05-21_138e7b4fbb82,2020-02-13,put_credit_spread,DIA,put_credit_spread_DIA_000003,0.0,0.0,0.0,383.21875,1242.5,1242.5,14.149999618530272,,
sim_2019-02-09_2026-05-21_138e7b4fbb82,2020-02-14,put_credit_spread,DIA,put_credit_spread_DIA_000003,0.0,0.0,0.0,383.21875,1242.5,1242.5,13.68000030517578,0.1227,0.1264
sim_2019-02-09_2026-05-21_138e7b4fbb82,2020-02-18,put_credit_spread,DIA,put_credit_spread_DIA_000003,0.0,0.0,0.0,383.21875,1242.5,1242.5,14.829999923706056,,
sim_2019-02-09_2026-05-21_138e7b4fbb82,2020-02-19,put_credit_spread,DIA,put_credit_spread_DIA_000003,0.0,0.0,0.0,383.21875,1242.5,1242.5,14.380000114440918,0.1306,0.1253
sim_2019-02-09_2026-05-21_138e7b4fbb82,2020-02-20,put_credit_spread,DIA,put_credit_spread_DIA_000003,0.0,0.0,0.0,383.21875,1242.5,1242.5,15.5600004196167,,
sim_2019-02-09_2026-05-21_138e7b4fbb82,2020-02-21,put_credit_spread,DIA,put_credit_spread_DIA_000003,0.0,0.0,0.0,383.21875,1242.5,1242.5,17.079999923706055,0.1598,0.1286
sim_2019-02-09_2026-05-21_138e7b4fbb82,2020-02-24,put_credit_spread,DIA,put_credit_spread_DIA_000003,0.0,0.0,0.0,383.21875,1242.5,1242.5,25.030000686645508,0.2181,0.1638
sim_2019-02-09_2026-05-21_138e7b4fbb82,2020-02-25,put_credit_spread,DIA,put_credit_spread_DIA_000003,0.0,0.0,0.0,383.21875,1242.5,1242.5,27.850000381469727,,
sim_2019-02-09_2026-05-21_138e7b4fbb82,2020-02-26,put_credit_spread,DIA,put_credit_spread_DIA_000003,-2.0845,0.0,-2.0845,381.13425,1242.5,1242.5,27.559999465942383,0.2559,0.1862
sim_2019-02-09_2026-05-21_138e7b4fbb82,2020-02-26,put_credit_spread,DIA,put_credit_spread_DIA_000004,-2.10425,0.0,-2.10425,379.03,791.5,791.5,27.559999465942383,0.2559,0.1862
sim_2019-02-09_2026-05-21_138e7b4fbb82,2020-02-27,put_credit_spread,DIA,put_credit_spread_DIA_000004,0.0,0.0,0.0,379.03,791.5,791.5,39.15999984741211,,
sim_2019-02-09_2026-05-21_138e7b4fbb82,2020-02-28,put_credit_spread,DIA,put_credit_spread_DIA_000004,-204.0,0.0,-204.0,175.03,791.5,791.5,40.11000061035156,0.3917,0.2254
sim_2019-02-09_2026-05-21_138e7b4fbb82,2020-02-28,short_straddle,DIA,short_straddle_DIA_000005,-3.1475,0.0,-3.1475,171.8825,2796.199951,2796.199951,40.11000061035156,0.3917,0.2254
sim_2019-02-09_2026-05-21_138e7b4fbb82,2020-03-02,short_straddle,DIA,short_straddle_DIA_000005,0.0,-0.80109,-0.80109,171.08141,2796.199951,2796.199951,33.41999816894531,0.3196,0.2693
sim_2019-02-09_2026-05-21_138e7b4fbb82,2020-03-02,put_credit_spread,DIA,put_credit_spread_DIA_000004,0.0,0.0,0.0,171.08141,791.5,791.5,33.41999816894531,0.3196,0.2693
sim_2019-02-09_2026-05-21_138e7b4fbb82,2020-03-03,short_straddle,DIA,short_straddle_DIA_000005,0.0,-46.380066,-46.380066,124.701344,2796.199951,2796.199951,36.81999969482422,,
sim_2019-02-09_2026-05-21_138e7b4fbb82,2020-03-03,put_credit_spread,DIA,put_credit_spread_DIA_000004,0.0,0.0,0.0,124.701344,791.5,791.5,36.81999969482422,,
sim_2019-02-09_2026-05-21_138e7b4fbb82,2020-03-04,short_straddle,DIA,short_straddle_DIA_000005,0.0,69.540161,69.540161,194.241505,2796.199951,2796.199951,31.989999771118164,0.2853,0.3119
sim_2019-02-09_2026-05-21_138e7b4fbb82,2020-03-04,put_credit_spread,DIA,put_credit_spread_DIA_000004,0.0,0.0,0.0,194.241505,791.5,791.5,31.989999771118164,0.2853,0.3119
sim_2019-02-09_2026-05-21_138e7b4fbb82,2020-03-05,short_straddle,DIA,short_straddle_DIA_000005,0.0,-56.580139,-56.580139,137.661366,2796.199951,2796.199951,39.619998931884766,,
sim_2019-02-09_2026-05-21_138e7b4fbb82,2020-03-05,put_credit_spread,DIA,put_credit_spread_DIA_000004,0.0,0.0,0.0,137.661366,791.5,791.5,39.619998931884766,,
sim_2019-02-09_2026-05-21_138e7b4fbb82,2020-03-06,short_straddle,DIA,short_straddle_DIA_000005,0.0,-15.659912,-15.659912,122.001454,2796.199951,2796.199951,41.93999862670898,0.3934,0.3265
sim_2019-02-09_2026-05-21_138e7b4fbb82,2020-03-06,put_credit_spread,DIA,put_credit_spread_DIA_000004,0.0,0.0,0.0,122.001454,791.5,791.5,41.93999862670898,0.3934,0.3265
sim_2019-02-09_2026-05-21_138e7b4fbb82,2020-03-09,short_straddle,DIA,short_straddle_DIA_000005,0.0,-120.780029,-120.780029,1.221425,2796.199951,2796.199951,54.459999084472656,0.5321,0.3955
sim_2019-02-09_2026-05-21_138e7b4fbb82,2020-03-09,put_credit_spread,DIA,put_credit_spread_DIA_000004,0.0,0.0,0.0,1.221425,791.5,791.5,54.459999084472656,0.5321,0.3955
sim_2019-02-09_2026-05-21_138e7b4fbb82,2020-03-10,short_straddle,DIA,short_straddle_DIA_000005,0.0,70.5,70.5,71.721425,2796.199951,2796.199951,47.29999923706055,,
sim_2019-02-09_2026-05-21_138e7b4fbb82,2020-03-10,put_credit_spread,DIA,put_credit_spread_DIA_000004,0.0,0.0,0.0,71.721425,791.5,791.5,47.29999923706055,,
sim_2019-02-09_2026-05-21_138e7b4fbb82,2020-03-11,short_straddle,DIA,short_straddle_DIA_000005,0.0,-87.780029,-87.780029,-16.058605,2796.199951,2796.199951,53.900001525878906,0.5488,0.4529
sim_2019-02-09_2026-05-21_138e7b4fbb82,2020-03-11,put_credit_spread,DIA,put_credit_spread_DIA_000004,-1355.0,0.0,-1355.0,-1371.058605,791.5,791.5,53.900001525878906,0.5488,0.4529
sim_2019-02-09_2026-05-21_138e7b4fbb82,2020-03-12,short_straddle,DIA,short_straddle_DIA_000005,0.0,-142.379974,-142.379974,-1513.438579,2796.199951,2796.199951,75.47000122070312,,
sim_2019-02-09_2026-05-21_138e7b4fbb82,2020-03-12,put_credit_spread,DIA,put_credit_spread_DIA_000004,0.0,0.0,0.0,-1513.438579,791.5,791.5,75.47000122070312,,
sim_2019-02-09_2026-05-21_138e7b4fbb82,2020-03-13,short_straddle,DIA,short_straddle_DIA_000005,-450.5,109.903215,-340.596785,-1854.035364,2796.199951,2796.199951,57.83000183105469,0.5792,0.6089
sim_2019-02-09_2026-05-21_138e7b4fbb82,2020-03-13,put_credit_spread,DIA,put_credit_spread_DIA_000004,0.0,0.0,0.0,-1854.035364,791.5,791.5,57.83000183105469,0.5792,0.6089
sim_2019-02-09_2026-05-21_138e7b4fbb82,2020-03-16,short_straddle,DIA,short_straddle_DIA_000005,0.0,2390.411289,2390.411289,536.375925,2796.199951,2796.199951,82.69000244140625,0.8246,0.7144
sim_2019-02-09_2026-05-21_138e7b4fbb82,2020-03-16,put_credit_spread,DIA,put_credit_spread_DIA_000004,0.0,0.0,0.0,536.375925,791.5,791.5,82.69000244140625,0.8246,0.7144
sim_2019-02-09_2026-05-21_138e7b4fbb82,2020-03-17,short_straddle,DIA,short_straddle_DIA_000005,0.0,65.879974,65.879974,602.2559,2796.199951,2796.199951,75.91000366210938,,
sim_2019-02-09_2026-05-21_138e7b4fbb82,2020-03-17,put_credit_spread,DIA,put_credit_spread_DIA_000004,0.0,0.0,0.0,602.2559,791.5,791.5,75.91000366210938,,
sim_2019-02-09_2026-05-21_138e7b4fbb82,2020-03-18,short_straddle,DIA,short_straddle_DIA_000005,0.0,-84.480011,-84.480011,517.775889,2796.199951,2796.199951,76.44999694824219,0.8086,0.7523
sim_2019-02-09_2026-05-21_138e7b4fbb82,2020-03-18,put_credit_spread,DIA,put_credit_spread_DIA_000004,0.0,0.0,0.0,517.775889,791.5,791.5,76.44999694824219,0.8086,0.7523
sim_2019-02-09_2026-05-21_138e7b4fbb82,2020-03-19,short_straddle,DIA,short_straddle_DIA_000005,0.0,11.519989,11.519989,529.295878,2796.199951,2796.199951,72.0,,
sim_2019-02-09_2026-05-21_138e7b4fbb82,2020-03-19,put_credit_spread,DIA,put_credit_spread_DIA_000004,0.0,0.0,0.0,529.295878,791.5,791.5,72.0,,
sim_2019-02-09_2026-05-21_138e7b4fbb82,2020-03-20,short_straddle,DIA,short_straddle_DIA_000005,0.0,-56.460022,-56.460022,472.835856,2796.199951,2796.199951,66.04000091552734,0.667,0.7556
sim_2019-02-09_2026-05-21_138e7b4fbb82,2020-03-20,put_credit_spread,DIA,put_credit_spread_DIA_000004,0.0,0.0,0.0,472.835856,791.5,791.5,66.04000091552734,0.667,0.7556
sim_2019-02-09_2026-05-21_138e7b4fbb82,2020-03-23,short_straddle,DIA,short_straddle_DIA_000005,0.0,-34.619934,-34.619934,438.215922,2796.199951,2796.199951,61.59000015258789,0.6326,0.7568
sim_2019-02-09_2026-05-21_138e7b4fbb82,2020-03-23,put_credit_spread,DIA,put_credit_spread_DIA_000004,0.0,0.0,0.0,438.215922,791.5,791.5,61.59000015258789,0.6326,0.7568
sim_2019-02-09_2026-05-21_138e7b4fbb82,2020-03-24,short_straddle,DIA,short_straddle_DIA_000005,0.0,123.059967,123.059967,561.275889,2796.199951,2796.199951,61.66999816894531,,
sim_2019-02-09_2026-05-21_138e7b4fbb82,2020-03-24,put_credit_spread,DIA,put_credit_spread_DIA_000004,0.0,0.0,0.0,561.275889,791.5,791.5,61.66999816894531,,
sim_2019-02-09_2026-05-21_138e7b4fbb82,2020-03-25,short_straddle,DIA,short_straddle_DIA_000005,-3.37275,31.883809,28.511059,589.786948,2796.199951,2796.199951,63.95000076293945,0.7072,0.8373
sim_2019-02-09_2026-05-21_138e7b4fbb82,2020-03-25,put_credit_spread,DIA,put_credit_spread_DIA_000004,-2.88375,0.0,-2.88375,586.903198,791.5,791.5,63.95000076293945,0.7072,0.8373
sim_2019-02-09_2026-05-21_138e7b4fbb82,2020-03-25,short_straddle,DIA,short_straddle_DIA_000006,-3.69875,0.0,-3.69875,583.204448,2120.599976,2120.599976,63.95000076293945,0.7072,0.8373
sim_2019-02-09_2026-05-21_138e7b4fbb82,2020-03-26,short_straddle,DIA,short_straddle_DIA_000006,0.0,-0.67521,-0.67521,582.529238,2120.599976,2120.599976,61.0,,
sim_2019-02-09_2026-05-21_138e7b4fbb82,2020-03-27,short_straddle,DIA,short_straddle_DIA_000006,67.5,-53.185407,14.314593,596.84383,2120.599976,2120.599976,65.54000091552734,0.6767,0.8643
sim_2019-02-09_2026-05-21_138e7b4fbb82,2020-03-30,short_straddle,DIA,short_straddle_DIA_000006,0.0,93.6076,93.6076,690.45143,2120.599976,2120.599976,57.08000183105469,0.61,0.8721
sim_2019-02-09_2026-05-21_138e7b4fbb82,2020-03-30,put_credit_spread,DIA,put_credit_spread_DIA_000007,-2.3115,0.0,-2.3115,688.13993,3377.0,3377.0,57.08000183105469,0.61,0.8721
sim_2019-02-09_2026-05-21_138e7b4fbb82,2020-03-31,short_straddle,DIA,short_straddle_DIA_000006,0.0,-23.220062,-23.220062,664.919868,2120.599976,2120.599976,53.540000915527344,,
sim_2019-02-09_2026-05-21_138e7b4fbb82,2020-03-31,put_credit_spread,DIA,put_credit_spread_DIA_000007,0.0,0.0,0.0,664.919868,3377.0,3377.0,53.540000915527344,,
sim_2019-02-09_2026-05-21_138e7b4fbb82,2020-04-01,short_straddle,DIA,short_straddle_DIA_000006,0.0,-59.099945,-59.099945,605.819923,2120.599976,2120.599976,57.060001373291016,0.6126,0.8776
sim_2019-02-09_2026-05-21_138e7b4fbb82,2020-04-01,put_credit_spread,DIA,put_credit_spread_DIA_000007,0.0,0.0,0.0,605.819923,3377.0,3377.0,57.060001373291016,0.6126,0.8776
sim_2019-02-09_2026-05-21_138e7b4fbb82,2020-04-02,short_straddle,DIA,short_straddle_DIA_000006,0.0,27.480011,27.480011,633.299934,2120.599976,2120.599976,50.90999984741211,,
sim_2019-02-09_2026-05-21_138e7b4fbb82,2020-04-02,put_credit_spread,DIA,put_credit_spread_DIA_000007,0.0,0.0,0.0,633.299934,3377.0,3377.0,50.90999984741211,,
sim_2019-02-09_2026-05-21_138e7b4fbb82,2020-04-03,short_straddle,DIA,short_straddle_DIA_000006,0.0,-20.160004,-20.160004,613.13993,2120.599976,2120.599976,46.79999923706055,0.5096,0.8828
sim_2019-02-09_2026-05-21_138e7b4fbb82,2020-04-03,put_credit_spread,DIA,put_credit_spread_DIA_000007,0.0,0.0,0.0,613.13993,3377.0,3377.0,46.79999923706055,0.5096,0.8828
sim_2019-02-09_2026-05-21_138e7b4fbb82,2020-04-06,short_straddle,DIA,short_straddle_DIA_000006,0.0,95.579956,95.579956,708.719886,2120.599976,2120.599976,45.2400016784668,0.447,0.9116
sim_2019-02-09_2026-05-21_138e7b4fbb82,2020-04-06,put_credit_spread,DIA,put_credit_spread_DIA_000007,0.0,0.0,0.0,708.719886,3377.0,3377.0,45.2400016784668,0.447,0.9116
sim_2019-02-09_2026-05-21_138e7b4fbb82,2020-04-07,short_straddle,DIA,short_straddle_DIA_000006,0.0,0.420044,0.420044,709.13993,2120.599976,2120.599976,46.70000076293945,,
sim_2019-02-09_2026-05-21_138e7b4fbb82,2020-04-07,put_credit_spread,DIA,put_credit_spread_DIA_000007,0.0,0.0,0.0,709.13993,3377.0,3377.0,46.70000076293945,,
sim_2019-02-09_2026-05-21_138e7b4fbb82,2020-04-08,short_straddle,DIA,short_straddle_DIA_000006,0.0,46.379974,46.379974,755.519905,2120.599976,2120.599976,43.34999847412109,0.4406,0.9158
sim_2019-02-09_2026-05-21_138e7b4fbb82,2020-04-08,put_credit_spread,DIA,put_credit_spread_DIA_000007,453.5,0.0,453.5,1209.019905,3377.0,3377.0,43.34999847412109,0.4406,0.9158
sim_2019-02-09_2026-05-21_138e7b4fbb82,2020-04-09,short_straddle,DIA,short_straddle_DIA_000006,0.0,16.859985,16.859985,1225.87989,2120.599976,2120.599976,41.66999816894531,,
sim_2019-02-09_2026-05-21_138e7b4fbb82,2020-04-09,put_credit_spread,DIA,put_credit_spread_DIA_000007,0.0,0.0,0.0,1225.87989,3377.0,3377.0,41.66999816894531,,
sim_2019-02-09_2026-05-21_138e7b4fbb82,2020-04-13,short_straddle,DIA,short_straddle_DIA_000006,0.0,-19.079956,-19.079956,1206.799934,2120.599976,2120.599976,41.16999816894531,0.44,0.9085
sim_2019-02-09_2026-05-21_138e7b4fbb82,2020-04-13,put_credit_spread,DIA,put_credit_spread_DIA_000007,63.448,0.0,63.448,1270.247934,3377.0,3377.0,41.16999816894531,0.44,0.9085
sim_2019-02-09_2026-05-21_138e7b4fbb82,2020-04-13,put_credit_spread,DIA,put_credit_spread_DIA_000008,-2.18425,0.0,-2.18425,1268.063684,1731.5,1731.5,41.16999816894531,0.44,0.9085
sim_2019-02-09_2026-05-21_138e7b4fbb82,2020-04-14,short_straddle,DIA,short_straddle_DIA_000006,0.0,34.319916,34.319916,1302.3836,2120.599976,2120.599976,37.7599983215332,,
sim_2019-02-09_2026-05-21_138e7b4fbb82,2020-04-14,put_credit_spread,DIA,put_credit_spread_DIA_000008,0.0,0.0,0.0,1302.3836,1731.5,1731.5,37.7599983215332,,
sim_2019-02-09_2026-05-21_138e7b4fbb82,2020-04-15,short_straddle,DIA,short_straddle_DIA_000006,0.0,-27.599945,-27.599945,1274.783655,2120.599976,2120.599976,40.84000015258789,0.3999,0.8975
sim_2019-02-09_2026-05-21_138e7b4fbb82,2020-04-15,put_credit_spread,DIA,put_credit_spread_DIA_000008,0.0,0.0,0.0,1274.783655,1731.5,1731.5,40.84000015258789,0.3999,0.8975
sim_2019-02-09_2026-05-21_138e7b4fbb82,2020-04-16,short_straddle,DIA,short_straddle_DIA_000006,0.0,1.559967,1.559967,1276.343622,2120.599976,2120.599976,40.11000061035156,,
sim_2019-02-09_2026-05-21_138e7b4fbb82,2020-04-16,put_credit_spread,DIA,put_credit_spread_DIA_000008,0.0,0.0,0.0,1276.343622,1731.5,1731.5,40.11000061035156,,
sim_2019-02-09_2026-05-21_138e7b4fbb82,2020-04-17,short_straddle,DIA,short_straddle_DIA_000006,0.0,42.539978,42.539978,1318.8836,2120.599976,2120.599976,38.150001525878906,0.3818,0.8871
sim_2019-02-09_2026-05-21_138e7b4fbb82,2020-04-17,put_credit_spread,DIA,put_credit_spread_DIA_000008,0.0,0.0,0.0,1318.8836,1731.5,1731.5,38.150001525878906,0.3818,0.8871
sim_2019-02-09_2026-05-21_138e7b4fbb82,2020-04-20,short_straddle,DIA,short_straddle_DIA_000006,0.0,-34.73996,-34.73996,1284.14364,2120.599976,2120.599976,43.83000183105469,0.4256,0.889
sim_2019-02-09_2026-05-21_138e7b4fbb82,2020-04-20,put_credit_spread,DIA,put_credit_spread_DIA_000008,0.0,0.0,0.0,1284.14364,1731.5,1731.5,43.83000183105469,0.4256,0.889
sim_2019-02-09_2026-05-21_138e7b4fbb82,2020-04-21,short_straddle,DIA,short_straddle_DIA_000006,0.0,-38.519989,-38.519989,1245.623651,2120.599976,2120.599976,45.40999984741211,,
sim_2019-02-09_2026-05-21_138e7b4fbb82,2020-04-21,put_credit_spread,DIA,put_credit_spread_DIA_000008,0.0,0.0,0.0,1245.623651,1731.5,1731.5,45.40999984741211,,
sim_2019-02-09_2026-05-21_138e7b4fbb82,2020-04-22,short_straddle,DIA,short_straddle_DIA_000006,-3.665,26.595708,22.930708,1268.554359,2120.599976,2120.599976,41.97999954223633,0.423,0.8511
sim_2019-02-09_2026-05-21_138e7b4fbb82,2020-04-22,put_credit_spread,DIA,put_credit_spread_DIA_000008,0.0,0.0,0.0,1268.554359,1731.5,1731.5,41.97999954223633,0.423,0.8511
sim_2019-02-09_2026-05-21_138e7b4fbb82,2020-04-22,short_straddle,DIA,short_straddle_DIA_000009,-3.11625,0.0,-3.11625,1265.438109,2462.900085,2462.900085,41.97999954223633,0.423,0.8511
sim_2019-02-09_2026-05-21_138e7b4fbb82,2020-04-23,short_straddle,DIA,short_straddle_DIA_000009,0.0,-0.23507,-0.23507,1265.203039,2462.900085,2462.900085,41.380001068115234,,
sim_2019-02-09_2026-05-21_138e7b4fbb82,2020-04-23,put_credit_spread,DIA,put_credit_spread_DIA_000008,0.0,0.0,0.0,1265.203039,1731.5,1731.5,41.380001068115234,,
sim_2019-02-09_2026-05-21_138e7b4fbb82,2020-04-24,short_straddle,DIA,short_straddle_DIA_000009,0.0,5.519989,5.519989,1270.723028,2462.900085,2462.900085,35.93000030517578,0.3571,0.7706
sim_2019-02-09_2026-05-21_138e7b4fbb82,2020-04-24,put_credit_spread,DIA,put_credit_spread_DIA_000008,0.0,0.0,0.0,1270.723028,1731.5,1731.5,35.93000030517578,0.3571,0.7706
sim_2019-02-09_2026-05-21_138e7b4fbb82,2020-04-27,short_straddle,DIA,short_straddle_DIA_000009,0.0,6.980011,6.980011,1277.703039,2462.900085,2462.900085,33.290000915527344,0.3264,0.727
sim_2019-02-09_2026-05-21_138e7b4fbb82,2020-04-27,put_credit_spread,DIA,put_credit_spread_DIA_000008,0.0,0.0,0.0,1277.703039,1731.5,1731.5,33.290000915527344,0.3264,0.727
sim_2019-02-09_2026-05-21_138e7b4fbb82,2020-04-28,short_straddle,DIA,short_straddle_DIA_000009,0.0,-0.460022,-0.460022,1277.243017,2462.900085,2462.900085,33.56999969482422,,
sim_2019-02-09_2026-05-21_138e7b4fbb82,2020-04-28,put_credit_spread,DIA,put_credit_spread_DIA_000008,0.0,0.0,0.0,1277.243017,1731.5,1731.5,33.56999969482422,,
sim_2019-02-09_2026-05-21_138e7b4fbb82,2020-04-29,short_straddle,DIA,short_straddle_DIA_000009,0.0,10.720001,10.720001,1287.963018,2462.900085,2462.900085,31.229999542236328,0.2847,0.5839
sim_2019-02-09_2026-05-21_138e7b4fbb82,2020-04-29,put_credit_spread,DIA,put_credit_spread_DIA_000008,0.0,0.0,0.0,1287.963018,1731.5,1731.5,31.229999542236328,0.2847,0.5839
sim_2019-02-09_2026-05-21_138e7b4fbb82,2020-04-30,short_straddle,DIA,short_straddle_DIA_000009,0.0,-6.459991,-6.459991,1281.503027,2462.900085,2462.900085,34.150001525878906,,
sim_2019-02-09_2026-05-21_138e7b4fbb82,2020-04-30,put_credit_spread,DIA,put_credit_spread_DIA_000008,0.0,0.0,0.0,1281.503027,1731.5,1731.5,34.150001525878906,,
sim_2019-02-09_2026-05-21_138e7b4fbb82,2020-05-01,short_straddle,DIA,short_straddle_DIA_000009,0.0,-11.880005,-11.880005,1269.623022,2462.900085,2462.900085,37.18999862670898,0.3413,0.552
sim_2019-02-09_2026-05-21_138e7b4fbb82,2020-05-01,put_credit_spread,DIA,put_credit_spread_DIA_000008,0.0,0.0,0.0,1269.623022,1731.5,1731.5,37.18999862670898,0.3413,0.552
sim_2019-02-09_2026-05-21_138e7b4fbb82,2020-05-04,short_straddle,DIA,short_straddle_DIA_000009,0.0,0.279999,0.279999,1269.903021,2462.900085,2462.900085,35.970001220703125,0.3387,0.5286
sim_2019-02-09_2026-05-21_138e7b4fbb82,2020-05-04,put_credit_spread,DIA,put_credit_spread_DIA_000008,0.0,0.0,0.0,1269.903021,1731.5,1731.5,35.970001220703125,0.3387,0.5286
sim_2019-02-09_2026-05-21_138e7b4fbb82,2020-05-05,short_straddle,DIA,short_straddle_DIA_000009,0.0,2.76001,2.76001,1272.663031,2462.900085,2462.900085,33.61000061035156,,
sim_2019-02-09_2026-05-21_138e7b4fbb82,2020-05-05,put_credit_spread,DIA,put_credit_spread_DIA_000008,0.0,0.0,0.0,1272.663031,1731.5,1731.5,33.61000061035156,,
sim_2019-02-09_2026-05-21_138e7b4fbb82,2020-05-06,short_straddle,DIA,short_straddle_DIA_000009,0.0,-3.880005,-3.880005,1268.783026,2462.900085,2462.900085,34.119998931884766,0.316,0.4301
sim_2019-02-09_2026-05-21_138e7b4fbb82,2020-05-06,put_credit_spread,DIA,put_credit_spread_DIA_000008,0.0,0.0,0.0,1268.783026,1731.5,1731.5,34.119998931884766,0.316,0.4301
sim_2019-02-09_2026-05-21_138e7b4fbb82,2020-05-07,short_straddle,DIA,short_straddle_DIA_000009,0.0,4.100006,4.100006,1272.883032,2462.900085,2462.900085,31.440000534057617,,
sim_2019-02-09_2026-05-21_138e7b4fbb82,2020-05-07,put_credit_spread,DIA,put_credit_spread_DIA_000008,0.0,0.0,0.0,1272.883032,1731.5,1731.5,31.440000534057617,,
sim_2019-02-09_2026-05-21_138e7b4fbb82,2020-05-08,short_straddle,DIA,short_straddle_DIA_000009,0.0,9.419983,9.419983,1282.303015,2462.900085,2462.900085,27.979999542236328,0.2569,0.3949
sim_2019-02-09_2026-05-21_138e7b4fbb82,2020-05-08,put_credit_spread,DIA,put_credit_spread_DIA_000008,366.5,0.0,366.5,1648.803015,1731.5,1731.5,27.979999542236328,0.2569,0.3949
sim_2019-02-09_2026-05-21_138e7b4fbb82,2020-05-08,put_credit_spread,DIA,put_credit_spread_DIA_000010,-2.135,0.0,-2.135,1646.668015,1630.0,1630.0,27.979999542236328,0.2569,0.3949
sim_2019-02-09_2026-05-21_138e7b4fbb82,2020-05-11,short_straddle,DIA,short_straddle_DIA_000009,0.0,-2.119995,-2.119995,1644.54802,2462.900085,2462.900085,27.56999969482422,0.2647,0.3749
sim_2019-02-09_2026-05-21_138e7b4fbb82,2020-05-11,put_credit_spread,DIA,put_credit_spread_DIA_000010,0.0,0.0,0.0,1644.54802,1630.0,1630.0,27.56999969482422,0.2647,0.3749
sim_2019-02-09_2026-05-21_138e7b4fbb82,2020-05-12,short_straddle,DIA,short_straddle_DIA_000009,0.0,-8.959991,-8.959991,1635.588028,2462.900085,2462.900085,33.040000915527344,,
sim_2019-02-09_2026-05-21_138e7b4fbb82,2020-05-12,put_credit_spread,DIA,put_credit_spread_DIA_000010,0.0,0.0,0.0,1635.588028,1630.0,1630.0,33.040000915527344,,
sim_2019-02-09_2026-05-21_138e7b4fbb82,2020-05-13,short_straddle,DIA,short_straddle_DIA_000009,0.0,-10.519989,-10.519989,1625.068039,2462.900085,2462.900085,35.279998779296875,0.3294,0.3739
sim_2019-02-09_2026-05-21_138e7b4fbb82,2020-05-13,put_credit_spread,DIA,put_credit_spread_DIA_000010,0.0,0.0,0.0,1625.068039,1630.0,1630.0,35.279998779296875,0.3294,0.3739
sim_2019-02-09_2026-05-21_138e7b4fbb82,2020-05-14,short_straddle,DIA,short_straddle_DIA_000009,0.0,7.859985,7.859985,1632.928025,2462.900085,2462.900085,32.61000061035156,,
sim_2019-02-09_2026-05-21_138e7b4fbb82,2020-05-14,put_credit_spread,DIA,put_credit_spread_DIA_000010,0.0,0.0,0.0,1632.928025,1630.0,1630.0,32.61000061035156,,
sim_2019-02-09_2026-05-21_138e7b4fbb82,2020-05-15,short_straddle,DIA,short_straddle_DIA_000009,0.0,0.320007,0.320007,1633.248032,2462.900085,2462.900085,31.88999938964844,0.3048,0.3432
sim_2019-02-09_2026-05-21_138e7b4fbb82,2020-05-15,put_credit_spread,DIA,put_credit_spread_DIA_000010,0.0,0.0,0.0,1633.248032,1630.0,1630.0,31.88999938964844,0.3048,0.3432
sim_2019-02-09_2026-05-21_138e7b4fbb82,2020-05-18,short_straddle,DIA,short_straddle_DIA_000009,0.0,18.039978,18.039978,1651.28801,2462.900085,2462.900085,29.299999237060547,0.2785,0.3519
sim_2019-02-09_2026-05-21_138e7b4fbb82,2020-05-18,put_credit_spread,DIA,put_credit_spread_DIA_000010,0.0,0.0,0.0,1651.28801,1630.0,1630.0,29.299999237060547,0.2785,0.3519
sim_2019-02-09_2026-05-21_138e7b4fbb82,2020-05-19,short_straddle,DIA,short_straddle_DIA_000009,0.0,-7.419983,-7.419983,1643.868027,2462.900085,2462.900085,30.530000686645508,,
sim_2019-02-09_2026-05-21_138e7b4fbb82,2020-05-19,put_credit_spread,DIA,put_credit_spread_DIA_000010,0.0,0.0,0.0,1643.868027,1630.0,1630.0,30.530000686645508,,
sim_2019-02-09_2026-05-21_138e7b4fbb82,2020-05-20,short_straddle,DIA,short_straddle_DIA_000009,-3.11625,6.774259,3.658009,1647.526036,2462.900085,2462.900085,27.989999771118164,0.2736,0.2941
sim_2019-02-09_2026-05-21_138e7b4fbb82,2020-05-20,put_credit_spread,DIA,put_credit_spread_DIA_000010,-87.5,0.0,-87.5,1560.026036,1630.0,1630.0,27.989999771118164,0.2736,0.2941
sim_2019-02-09_2026-05-21_138e7b4fbb82,2020-05-21,put_credit_spread,DIA,put_credit_spread_DIA_000010,0.0,0.0,0.0,1560.026036,1630.0,1630.0,29.530000686645508,,
sim_2019-02-09_2026-05-21_138e7b4fbb82,2020-05-22,put_credit_spread,DIA,put_credit_spread_DIA_000010,-23.0,0.0,-23.0,1537.026036,1630.0,1630.0,28.15999984741211,0.2648,0.2778
sim_2019-02-09_2026-05-21_138e7b4fbb82,2020-05-26,put_credit_spread,DIA,put_credit_spread_DIA_000010,0.0,0.0,0.0,1537.026036,1630.0,1630.0,28.01000022888184,,
sim_2019-02-09_2026-05-21_138e7b4fbb82,2020-05-27,put_credit_spread,DIA,put_credit_spread_DIA_000010,0.0,0.0,0.0,1537.026036,1630.0,1630.0,27.6200008392334,0.2509,0.2789
sim_2019-02-09_2026-05-21_138e7b4fbb82,2020-05-28,put_credit_spread,DIA,put_credit_spread_DIA_000010,0.0,0.0,0.0,1537.026036,1630.0,1630.0,28.59000015258789,,
sim_2019-02-09_2026-05-21_138e7b4fbb82,2020-05-29,put_credit_spread,DIA,put_credit_spread_DIA_000010,0.0,0.0,0.0,1537.026036,1630.0,1630.0,27.51000022888184,0.2494,0.2725
sim_2019-02-09_2026-05-21_138e7b4fbb82,2020-06-01,put_credit_spread,DIA,put_credit_spread_DIA_000010,0.0,0.0,0.0,1537.026036,1630.0,1630.0,28.229999542236328,0.2557,0.2602
sim_2019-02-09_2026-05-21_138e7b4fbb82,2020-06-02,put_credit_spread,DIA,put_credit_spread_DIA_000010,0.0,0.0,0.0,1537.026036,1630.0,1630.0,26.84000015258789,,
sim_2019-02-09_2026-05-21_138e7b4fbb82,2020-06-03,put_credit_spread,DIA,put_credit_spread_DIA_000010,0.0,0.0,0.0,1537.026036,1630.0,1630.0,25.65999984741211,0.2307,0.237
sim_2019-02-09_2026-05-21_138e7b4fbb82,2020-06-04,put_credit_spread,DIA,put_credit_spread_DIA_000010,0.0,0.0,0.0,1537.026036,1630.0,1630.0,25.809999465942383,,
sim_2019-02-09_2026-05-21_138e7b4fbb82,2020-06-05,put_credit_spread,DIA,put_credit_spread_DIA_000010,378.5,0.0,378.5,1915.526036,1630.0,1630.0,24.520000457763672,0.2261,0.2453
sim_2019-02-09_2026-05-21_138e7b4fbb82,2020-06-05,put_credit_spread,DIA,put_credit_spread_DIA_000011,-2.117,0.0,-2.117,1913.409036,1466.0,1466.0,24.520000457763672,0.2261,0.2453
sim_2019-02-09_2026-05-21_138e7b4fbb82,2020-06-08,put_credit_spread,DIA,put_credit_spread_DIA_000011,0.0,0.0,0.0,1913.409036,1466.0,1466.0,25.809999465942383,,
sim_2019-02-09_2026-05-21_138e7b4fbb82,2020-06-09,put_credit_spread,DIA,put_credit_spread_DIA_000011,0.0,0.0,0.0,1913.409036,1466.0,1466.0,27.56999969482422,0.2391,0.2472
sim_2019-02-09_2026-05-21_138e7b4fbb82,2020-06-10,put_credit_spread,DIA,put_credit_spread_DIA_000011,0.0,0.0,0.0,1913.409036,1466.0,1466.0,27.56999969482422,0.2666,0.2528
sim_2019-02-09_2026-05-21_138e7b4fbb82,2020-06-11,put_credit_spread,DIA,put_credit_spread_DIA_000011,0.0,0.0,0.0,1913.409036,1466.0,1466.0,40.790000915527344,,
sim_2019-02-09_2026-05-21_138e7b4fbb82,2020-06-12,put_credit_spread,DIA,put_credit_spread_DIA_000011,0.0,0.0,0.0,1913.409036,1466.0,1466.0,36.09000015258789,0.3495,0.3278
sim_2019-02-09_2026-05-21_138e7b4fbb82,2020-06-15,put_credit_spread,DIA,put_credit_spread_DIA_000011,0.0,0.0,0.0,1913.409036,1466.0,1466.0,34.400001525878906,0.3292,0.3181
sim_2019-02-09_2026-05-21_138e7b4fbb82,2020-06-16,put_credit_spread,DIA,put_credit_spread_DIA_000011,0.0,0.0,0.0,1913.409036,1466.0,1466.0,33.66999816894531,,
sim_2019-02-09_2026-05-21_138e7b4fbb82,2020-06-17,put_credit_spread,DIA,put_credit_spread_DIA_000011,0.0,0.0,0.0,1913.409036,1466.0,1466.0,33.470001220703125,0.3142,0.3238
sim_2019-02-09_2026-05-21_138e7b4fbb82,2020-06-18,put_credit_spread,DIA,put_credit_spread_DIA_000011,0.0,0.0,0.0,1913.409036,1466.0,1466.0,32.939998626708984,,
sim_2019-02-09_2026-05-21_138e7b4fbb82,2020-06-19,put_credit_spread,DIA,put_credit_spread_DIA_000011,0.0,0.0,0.0,1913.409036,1466.0,1466.0,35.119998931884766,0.3309,0.3243
sim_2019-02-09_2026-05-21_138e7b4fbb82,2020-06-22,put_credit_spread,DIA,put_credit_spread_DIA_000011,0.0,0.0,0.0,1913.409036,1466.0,1466.0,31.770000457763672,0.3086,0.3205
sim_2019-02-09_2026-05-21_138e7b4fbb82,2020-06-23,put_credit_spread,DIA,put_credit_spread_DIA_000011,0.0,0.0,0.0,1913.409036,1466.0,1466.0,31.3700008392334,,
sim_2019-02-09_2026-05-21_138e7b4fbb82,2020-06-24,put_credit_spread,DIA,put_credit_spread_DIA_000011,0.0,0.0,0.0,1913.409036,1466.0,1466.0,33.84000015258789,0.3263,0.3253
sim_2019-02-09_2026-05-21_138e7b4fbb82,2020-06-25,put_credit_spread,DIA,put_credit_spread_DIA_000011,0.0,0.0,0.0,1913.409036,1466.0,1466.0,32.220001220703125,,
sim_2019-02-09_2026-05-21_138e7b4fbb82,2020-06-26,put_credit_spread,DIA,put_credit_spread_DIA_000011,0.0,0.0,0.0,1913.409036,1466.0,1466.0,34.72999954223633,0.3317,0.3275
sim_2019-02-09_2026-05-21_138e7b4fbb82,2020-06-29,put_credit_spread,DIA,put_credit_spread_DIA_000011,0.0,0.0,0.0,1913.409036,1466.0,1466.0,31.780000686645508,0.3035,0.3325
sim_2019-02-09_2026-05-21_138e7b4fbb82,2020-06-30,put_credit_spread,DIA,put_credit_spread_DIA_000011,-2.117,0.0,-2.117,1911.292036,1466.0,1466.0,30.43000030517578,,
sim_2019-02-09_2026-05-21_138e7b4fbb82,2020-07-01,put_credit_spread,DIA,put_credit_spread_DIA_000012,-2.1685,0.0,-2.1685,1909.123536,1863.0,1863.0,28.6200008392334,0.2773,0.3125
sim_2019-02-09_2026-05-21_138e7b4fbb82,2020-07-02,put_credit_spread,DIA,put_credit_spread_DIA_000012,0.0,0.0,0.0,1909.123536,1863.0,1863.0,27.68000030517578,,
sim_2019-02-09_2026-05-21_138e7b4fbb82,2020-07-06,put_credit_spread,DIA,put_credit_spread_DIA_000012,136.0,0.0,136.0,2045.123536,1863.0,1863.0,27.940000534057617,0.2564,0.3134
sim_2019-02-09_2026-05-21_138e7b4fbb82,2020-07-07,put_credit_spread,DIA,put_credit_spread_DIA_000012,0.0,0.0,0.0,2045.123536,1863.0,1863.0,29.43000030517578,,
sim_2019-02-09_2026-05-21_138e7b4fbb82,2020-07-08,put_credit_spread,DIA,put_credit_spread_DIA_000012,0.0,0.0,0.0,2045.123536,1863.0,1863.0,28.07999992370605,0.2655,0.3122
sim_2019-02-09_2026-05-21_138e7b4fbb82,2020-07-09,put_credit_spread,DIA,put_credit_spread_DIA_000012,0.0,0.0,0.0,2045.123536,1863.0,1863.0,29.26000022888184,,
sim_2019-02-09_2026-05-21_138e7b4fbb82,2020-07-10,put_credit_spread,DIA,put_credit_spread_DIA_000012,0.0,0.0,0.0,2045.123536,1863.0,1863.0,27.290000915527344,0.2618,0.3108
sim_2019-02-09_2026-05-21_138e7b4fbb82,2020-07-13,put_credit_spread,DIA,put_credit_spread_DIA_000012,0.0,0.0,0.0,2045.123536,1863.0,1863.0,32.189998626708984,0.2918,0.3108
sim_2019-02-09_2026-05-21_138e7b4fbb82,2020-07-14,put_credit_spread,DIA,put_credit_spread_DIA_000012,0.0,0.0,0.0,2045.123536,1863.0,1863.0,29.520000457763672,,
sim_2019-02-09_2026-05-21_138e7b4fbb82,2020-07-15,put_credit_spread,DIA,put_credit_spread_DIA_000012,147.47425,0.0,147.47425,2192.597786,1863.0,1863.0,27.76000022888184,0.2675,0.3158
sim_2019-02-09_2026-05-21_138e7b4fbb82,2020-07-15,put_credit_spread,DIA,put_credit_spread_DIA_000013,-2.16325,0.0,-2.16325,2190.434536,1973.5,1973.5,27.76000022888184,0.2675,0.3158
sim_2019-02-09_2026-05-21_138e7b4fbb82,2020-07-16,put_credit_spread,DIA,put_credit_spread_DIA_000013,0.0,0.0,0.0,2190.434536,1973.5,1973.5,28.0,,
sim_2019-02-09_2026-05-21_138e7b4fbb82,2020-07-17,put_credit_spread,DIA,put_credit_spread_DIA_000013,-27.5,0.0,-27.5,2162.934536,1973.5,1973.5,25.68000030517578,0.2463,0.3113
sim_2019-02-09_2026-05-21_138e7b4fbb82,2020-07-20,put_credit_spread,DIA,put_credit_spread_DIA_000013,-39.5,0.0,-39.5,2123.434536,1973.5,1973.5,24.459999084472656,0.2356,0.2978
sim_2019-02-09_2026-05-21_138e7b4fbb82,2020-07-21,put_credit_spread,DIA,put_credit_spread_DIA_000013,0.0,0.0,0.0,2123.434536,1973.5,1973.5,24.84000015258789,,
sim_2019-02-09_2026-05-21_138e7b4fbb82,2020-07-22,put_credit_spread,DIA,put_credit_spread_DIA_000013,0.0,0.0,0.0,2123.434536,1973.5,1973.5,24.31999969482422,0.2153,0.2928
sim_2019-02-09_2026-05-21_138e7b4fbb82,2020-07-23,put_credit_spread,DIA,put_credit_spread_DIA_000013,0.0,0.0,0.0,2123.434536,1973.5,1973.5,26.07999992370605,,
sim_2019-02-09_2026-05-21_138e7b4fbb82,2020-07-24,put_credit_spread,DIA,put_credit_spread_DIA_000013,0.0,0.0,0.0,2123.434536,1973.5,1973.5,25.84000015258789,0.2406,0.2064
sim_2019-02-09_2026-05-21_138e7b4fbb82,2020-07-27,put_credit_spread,DIA,put_credit_spread_DIA_000013,0.0,0.0,0.0,2123.434536,1973.5,1973.5,24.739999771118164,0.2336,0.2004
sim_2019-02-09_2026-05-21_138e7b4fbb82,2020-07-28,put_credit_spread,DIA,put_credit_spread_DIA_000013,0.0,0.0,0.0,2123.434536,1973.5,1973.5,25.440000534057617,,
sim_2019-02-09_2026-05-21_138e7b4fbb82,2020-07-29,put_credit_spread,DIA,put_credit_spread_DIA_000013,0.0,0.0,0.0,2123.434536,1973.5,1973.5,24.100000381469727,0.2191,0.1928
sim_2019-02-09_2026-05-21_138e7b4fbb82,2020-07-30,put_credit_spread,DIA,put_credit_spread_DIA_000013,0.0,0.0,0.0,2123.434536,1973.5,1973.5,24.76000022888184,,
sim_2019-02-09_2026-05-21_138e7b4fbb82,2020-07-31,put_credit_spread,DIA,put_credit_spread_DIA_000013,0.0,0.0,0.0,2123.434536,1973.5,1973.5,24.459999084472656,0.2096,0.1933
sim_2019-02-09_2026-05-21_138e7b4fbb82,2020-08-03,put_credit_spread,DIA,put_credit_spread_DIA_000013,-73.5,0.0,-73.5,2049.934536,1973.5,1973.5,24.280000686645508,0.2099,0.1922
sim_2019-02-09_2026-05-21_138e7b4fbb82,2020-08-04,put_credit_spread,DIA,put_credit_spread_DIA_000013,0.0,0.0,0.0,2049.934536,1973.5,1973.5,23.76000022888184,,
sim_2019-02-09_2026-05-21_138e7b4fbb82,2020-08-05,put_credit_spread,DIA,put_credit_spread_DIA_000013,0.0,0.0,0.0,2049.934536,1973.5,1973.5,22.989999771118164,0.1956,0.1954
sim_2019-02-09_2026-05-21_138e7b4fbb82,2020-08-06,put_credit_spread,DIA,put_credit_spread_DIA_000013,0.0,0.0,0.0,2049.934536,1973.5,1973.5,22.64999961853028,,
sim_2019-02-09_2026-05-21_138e7b4fbb82,2020-08-07,put_credit_spread,DIA,put_credit_spread_DIA_000013,0.0,0.0,0.0,2049.934536,1973.5,1973.5,22.209999084472656,0.1914,0.1752
sim_2019-02-09_2026-05-21_138e7b4fbb82,2020-08-10,put_credit_spread,DIA,put_credit_spread_DIA_000013,0.0,0.0,0.0,2049.934536,1973.5,1973.5,22.1299991607666,0.193,0.1529
sim_2019-02-09_2026-05-21_138e7b4fbb82,2020-08-11,put_credit_spread,DIA,put_credit_spread_DIA_000013,0.0,0.0,0.0,2049.934536,1973.5,1973.5,24.030000686645508,,
sim_2019-02-09_2026-05-21_138e7b4fbb82,2020-08-12,put_credit_spread,DIA,put_credit_spread_DIA_000013,0.0,0.0,0.0,2049.934536,1973.5,1973.5,22.280000686645508,0.1974,0.1448
sim_2019-02-09_2026-05-21_138e7b4fbb82,2020-08-13,put_credit_spread,DIA,put_credit_spread_DIA_000013,0.0,0.0,0.0,2049.934536,1973.5,1973.5,22.1299991607666,,
sim_2019-02-09_2026-05-21_138e7b4fbb82,2020-08-14,put_credit_spread,DIA,put_credit_spread_DIA_000013,465.0,0.0,465.0,2514.934536,1973.5,1973.5,22.049999237060547,0.1953,0.1448
sim_2019-02-09_2026-05-21_138e7b4fbb82,2020-08-14,put_credit_spread,DIA,put_credit_spread_DIA_000014,-2.10525,0.0,-2.10525,2512.829286,1489.5,1489.5,22.049999237060547,0.1953,0.1448
sim_2019-02-09_2026-05-21_138e7b4fbb82,2020-08-17,put_credit_spread,DIA,put_credit_spread_DIA_000014,0.0,0.0,0.0,2512.829286,1489.5,1489.5,21.350000381469727,0.1978,0.1385
sim_2019-02-09_2026-05-21_138e7b4fbb82,2020-08-18,put_credit_spread,DIA,put_credit_spread_DIA_000014,0.0,0.0,0.0,2512.829286,1489.5,1489.5,21.51000022888184,,
sim_2019-02-09_2026-05-21_138e7b4fbb82,2020-08-19,put_credit_spread,DIA,put_credit_spread_DIA_000014,0.0,0.0,0.0,2512.829286,1489.5,1489.5,22.540000915527344,0.1987,0.1298
sim_2019-02-09_2026-05-21_138e7b4fbb82,2020-08-20,put_credit_spread,DIA,put_credit_spread_DIA_000014,0.0,0.0,0.0,2512.829286,1489.5,1489.5,22.71999931335449,,
sim_2019-02-09_2026-05-21_138e7b4fbb82,2020-08-21,put_credit_spread,DIA,put_credit_spread_DIA_000014,0.0,0.0,0.0,2512.829286,1489.5,1489.5,22.540000915527344,0.1855,0.1167
sim_2019-02-09_2026-05-21_138e7b4fbb82,2020-08-24,put_credit_spread,DIA,put_credit_spread_DIA_000014,0.0,0.0,0.0,2512.829286,1489.5,1489.5,22.3700008392334,0.1892,0.1213
sim_2019-02-09_2026-05-21_138e7b4fbb82,2020-08-25,put_credit_spread,DIA,put_credit_spread_DIA_000014,0.0,0.0,0.0,2512.829286,1489.5,1489.5,22.030000686645508,,
sim_2019-02-09_2026-05-21_138e7b4fbb82,2020-08-26,put_credit_spread,DIA,put_credit_spread_DIA_000014,0.0,0.0,0.0,2512.829286,1489.5,1489.5,23.270000457763672,0.1952,0.1069
sim_2019-02-09_2026-05-21_138e7b4fbb82,2020-08-27,put_credit_spread,DIA,put_credit_spread_DIA_000014,0.0,0.0,0.0,2512.829286,1489.5,1489.5,24.46999931335449,,
sim_2019-02-09_2026-05-21_138e7b4fbb82,2020-08-28,put_credit_spread,DIA,put_credit_spread_DIA_000014,262.97275,0.0,262.97275,2775.802036,1489.5,1489.5,22.959999084472656,0.1944,0.1048
sim_2019-02-09_2026-05-21_138e7b4fbb82,2020-08-28,put_credit_spread,DIA,put_credit_spread_DIA_000015,-2.0935,0.0,-2.0935,2773.708536,1513.0,1513.0,22.959999084472656,0.1944,0.1048
sim_2019-02-09_2026-05-21_138e7b4fbb82,2020-08-31,put_credit_spread,DIA,put_credit_spread_DIA_000015,0.0,0.0,0.0,2773.708536,1513.0,1513.0,26.40999984741211,0.2121,0.1093
sim_2019-02-09_2026-05-21_138e7b4fbb82,2020-09-01,put_credit_spread,DIA,put_credit_spread_DIA_000015,0.0,0.0,0.0,2773.708536,1513.0,1513.0,26.1200008392334,,
sim_2019-02-09_2026-05-21_138e7b4fbb82,2020-09-02,put_credit_spread,DIA,put_credit_spread_DIA_000015,0.0,0.0,0.0,2773.708536,1513.0,1513.0,26.56999969482422,0.2212,0.1164
sim_2019-02-09_2026-05-21_138e7b4fbb82,2020-09-03,put_credit_spread,DIA,put_credit_spread_DIA_000015,0.0,0.0,0.0,2773.708536,1513.0,1513.0,33.599998474121094,,
sim_2019-02-09_2026-05-21_138e7b4fbb82,2020-09-04,put_credit_spread,DIA,put_credit_spread_DIA_000015,0.0,0.0,0.0,2773.708536,1513.0,1513.0,30.75,0.2452,0.1381
sim_2019-02-09_2026-05-21_138e7b4fbb82,2020-09-08,put_credit_spread,DIA,put_credit_spread_DIA_000015,0.0,0.0,0.0,2773.708536,1513.0,1513.0,31.459999084472656,,
sim_2019-02-09_2026-05-21_138e7b4fbb82,2020-09-09,put_credit_spread,DIA,put_credit_spread_DIA_000015,0.0,0.0,0.0,2773.708536,1513.0,1513.0,28.809999465942383,0.2382,0.1589
sim_2019-02-09_2026-05-21_138e7b4fbb82,2020-09-10,put_credit_spread,DIA,put_credit_spread_DIA_000015,0.0,0.0,0.0,2773.708536,1513.0,1513.0,29.709999084472656,,
sim_2019-02-09_2026-05-21_138e7b4fbb82,2020-09-11,put_credit_spread,DIA,put_credit_spread_DIA_000015,0.0,0.0,0.0,2773.708536,1513.0,1513.0,26.8700008392334,0.2296,0.1631
sim_2019-02-09_2026-05-21_138e7b4fbb82,2020-09-14,put_credit_spread,DIA,put_credit_spread_DIA_000015,0.0,0.0,0.0,2773.708536,1513.0,1513.0,25.850000381469727,0.2112,0.1659
sim_2019-02-09_2026-05-21_138e7b4fbb82,2020-09-15,put_credit_spread,DIA,put_credit_spread_DIA_000015,0.0,0.0,0.0,2773.708536,1513.0,1513.0,25.59000015258789,,
sim_2019-02-09_2026-05-21_138e7b4fbb82,2020-09-16,put_credit_spread,DIA,put_credit_spread_DIA_000015,0.0,0.0,0.0,2773.708536,1513.0,1513.0,26.040000915527344,0.2011,0.1641
sim_2019-02-09_2026-05-21_138e7b4fbb82,2020-09-17,put_credit_spread,DIA,put_credit_spread_DIA_000015,0.0,0.0,0.0,2773.708536,1513.0,1513.0,26.459999084472656,,
sim_2019-02-09_2026-05-21_138e7b4fbb82,2020-09-18,put_credit_spread,DIA,put_credit_spread_DIA_000015,0.0,0.0,0.0,2773.708536,1513.0,1513.0,25.82999992370605,0.2072,0.1638
sim_2019-02-09_2026-05-21_138e7b4fbb82,2020-09-21,put_credit_spread,DIA,put_credit_spread_DIA_000015,0.0,0.0,0.0,2773.708536,1513.0,1513.0,27.780000686645508,0.2326,0.1725
sim_2019-02-09_2026-05-21_138e7b4fbb82,2020-09-22,put_credit_spread,DIA,put_credit_spread_DIA_000015,0.0,0.0,0.0,2773.708536,1513.0,1513.0,26.86000061035156,,
sim_2019-02-09_2026-05-21_138e7b4fbb82,2020-09-23,put_credit_spread,DIA,put_credit_spread_DIA_000015,-2.0935,0.0,-2.0935,2771.615036,1513.0,1513.0,28.57999992370605,0.2363,0.1772
sim_2019-02-09_2026-05-21_138e7b4fbb82,2020-09-23,put_credit_spread,DIA,put_credit_spread_DIA_000016,-2.16175,0.0,-2.16175,2769.453286,1676.5,1676.5,28.57999992370605,0.2363,0.1772
sim_2019-02-09_2026-05-21_138e7b4fbb82,2020-09-24,put_credit_spread,DIA,put_credit_spread_DIA_000016,0.0,0.0,0.0,2769.453286,1676.5,1676.5,28.51000022888184,,
sim_2019-02-09_2026-05-21_138e7b4fbb82,2020-09-25,put_credit_spread,DIA,put_credit_spread_DIA_000016,-52.0,0.0,-52.0,2717.453286,1676.5,1676.5,26.3799991607666,0.2269,0.1793
sim_2019-02-09_2026-05-21_138e7b4fbb82,2020-09-28,put_credit_spread,DIA,put_credit_spread_DIA_000016,-41.5,0.0,-41.5,2675.953286,1676.5,1676.5,26.190000534057617,0.2228,0.1853
sim_2019-02-09_2026-05-21_138e7b4fbb82,2020-09-29,put_credit_spread,DIA,put_credit_spread_DIA_000016,0.0,0.0,0.0,2675.953286,1676.5,1676.5,26.270000457763672,,
sim_2019-02-09_2026-05-21_138e7b4fbb82,2020-09-30,put_credit_spread,DIA,put_credit_spread_DIA_000016,0.0,0.0,0.0,2675.953286,1676.5,1676.5,26.3700008392334,0.2237,0.1887
sim_2019-02-09_2026-05-21_138e7b4fbb82,2020-10-01,put_credit_spread,DIA,put_credit_spread_DIA_000016,0.0,0.0,0.0,2675.953286,1676.5,1676.5,26.700000762939453,,
sim_2019-02-09_2026-05-21_138e7b4fbb82,2020-10-02,put_credit_spread,DIA,put_credit_spread_DIA_000016,0.0,0.0,0.0,2675.953286,1676.5,1676.5,27.6299991607666,0.2399,0.1891
sim_2019-02-09_2026-05-21_138e7b4fbb82,2020-10-05,put_credit_spread,DIA,put_credit_spread_DIA_000016,0.0,0.0,0.0,2675.953286,1676.5,1676.5,27.959999084472656,0.2512,0.1949
sim_2019-02-09_2026-05-21_138e7b4fbb82,2020-10-06,put_credit_spread,DIA,put_credit_spread_DIA_000016,0.0,0.0,0.0,2675.953286,1676.5,1676.5,29.479999542236328,,
sim_2019-02-09_2026-05-21_138e7b4fbb82,2020-10-07,put_credit_spread,DIA,put_credit_spread_DIA_000016,364.47475,0.0,364.47475,3040.428036,1676.5,1676.5,28.059999465942383,0.2536,0.2022
sim_2019-02-09_2026-05-21_138e7b4fbb82,2020-10-07,put_credit_spread,DIA,put_credit_spread_DIA_000017,-2.17575,0.0,-2.17575,3038.252286,2098.5,2098.5,28.059999465942383,0.2536,0.2022
sim_2019-02-09_2026-05-21_138e7b4fbb82,2020-10-08,put_credit_spread,DIA,put_credit_spread_DIA_000017,0.0,0.0,0.0,3038.252286,2098.5,2098.5,26.36000061035156,,
sim_2019-02-09_2026-05-21_138e7b4fbb82,2020-10-09,put_credit_spread,DIA,put_credit_spread_DIA_000017,0.0,0.0,0.0,3038.252286,2098.5,2098.5,25.0,0.2237,0.2026
sim_2019-02-09_2026-05-21_138e7b4fbb82,2020-10-12,put_credit_spread,DIA,put_credit_spread_DIA_000017,0.0,0.0,0.0,3038.252286,2098.5,2098.5,25.06999969482422,0.2195,0.2035
sim_2019-02-09_2026-05-21_138e7b4fbb82,2020-10-13,put_credit_spread,DIA,put_credit_spread_DIA_000017,0.0,0.0,0.0,3038.252286,2098.5,2098.5,26.06999969482422,,
sim_2019-02-09_2026-05-21_138e7b4fbb82,2020-10-14,put_credit_spread,DIA,put_credit_spread_DIA_000017,0.0,0.0,0.0,3038.252286,2098.5,2098.5,26.39999961853028,0.2321,0.2017
sim_2019-02-09_2026-05-21_138e7b4fbb82,2020-10-15,put_credit_spread,DIA,put_credit_spread_DIA_000017,0.0,0.0,0.0,3038.252286,2098.5,2098.5,26.96999931335449,,
sim_2019-02-09_2026-05-21_138e7b4fbb82,2020-10-16,put_credit_spread,DIA,put_credit_spread_DIA_000017,0.0,0.0,0.0,3038.252286,2098.5,2098.5,27.40999984741211,0.237,0.1795
sim_2019-02-09_2026-05-21_138e7b4fbb82,2020-10-19,put_credit_spread,DIA,put_credit_spread_DIA_000017,0.0,0.0,0.0,3038.252286,2098.5,2098.5,29.18000030517578,0.2547,0.1834
sim_2019-02-09_2026-05-21_138e7b4fbb82,2020-10-20,put_credit_spread,DIA,put_credit_spread_DIA_000017,0.0,0.0,0.0,3038.252286,2098.5,2098.5,29.350000381469727,,
sim_2019-02-09_2026-05-21_138e7b4fbb82,2020-10-21,put_credit_spread,DIA,put_credit_spread_DIA_000017,-62.0,0.0,-62.0,2976.252286,2098.5,2098.5,28.64999961853028,0.2529,0.1646
sim_2019-02-09_2026-05-21_138e7b4fbb82,2020-10-22,put_credit_spread,DIA,put_credit_spread_DIA_000017,0.0,0.0,0.0,2976.252286,2098.5,2098.5,28.11000061035156,,
sim_2019-02-09_2026-05-21_138e7b4fbb82,2020-10-23,put_credit_spread,DIA,put_credit_spread_DIA_000017,210.5,0.0,210.5,3186.752286,2098.5,2098.5,27.549999237060547,0.2377,0.1589
sim_2019-02-09_2026-05-21_138e7b4fbb82,2020-10-26,put_credit_spread,DIA,put_credit_spread_DIA_000017,0.0,0.0,0.0,3186.752286,2098.5,2098.5,32.459999084472656,0.2783,0.1687
sim_2019-02-09_2026-05-21_138e7b4fbb82,2020-10-27,put_credit_spread,DIA,put_credit_spread_DIA_000017,0.0,0.0,0.0,3186.752286,2098.5,2098.5,33.349998474121094,,
sim_2019-02-09_2026-05-21_138e7b4fbb82,2020-10-28,put_credit_spread,DIA,put_credit_spread_DIA_000017,0.0,0.0,0.0,3186.752286,2098.5,2098.5,40.27999877929688,0.3292,0.1955
sim_2019-02-09_2026-05-21_138e7b4fbb82,2020-10-28,short_straddle,DIA,short_straddle_DIA_000018,-3.00625,0.0,-3.00625,3183.746036,3297.10022,3297.10022,40.27999877929688,0.3292,0.1955
sim_2019-02-09_2026-05-21_138e7b4fbb82,2020-10-29,short_straddle,DIA,short_straddle_DIA_000018,0.0,-0.666475,-0.666475,3183.079561,3297.10022,3297.10022,37.59000015258789,,
sim_2019-02-09_2026-05-21_138e7b4fbb82,2020-10-29,put_credit_spread,DIA,put_credit_spread_DIA_000017,0.0,0.0,0.0,3183.079561,2098.5,2098.5,37.59000015258789,,
sim_2019-02-09_2026-05-21_138e7b4fbb82,2020-10-30,short_straddle,DIA,short_straddle_DIA_000018,105.0,-7.782524,97.217476,3280.297037,3297.10022,3297.10022,38.02000045776367,0.3228,0.1944
sim_2019-02-09_2026-05-21_138e7b4fbb82,2020-10-30,put_credit_spread,DIA,put_credit_spread_DIA_000017,0.0,0.0,0.0,3280.297037,2098.5,2098.5,38.02000045776367,0.3228,0.1944
sim_2019-02-09_2026-05-21_138e7b4fbb82,2020-11-02,short_straddle,DIA,short_straddle_DIA_000018,0.0,16.425459,16.425459,3296.722496,3297.10022,3297.10022,37.130001068115234,0.3085,0.1934
sim_2019-02-09_2026-05-21_138e7b4fbb82,2020-11-02,put_credit_spread,DIA,put_credit_spread_DIA_000017,0.0,0.0,0.0,3296.722496,2098.5,2098.5,37.130001068115234,0.3085,0.1934
sim_2019-02-09_2026-05-21_138e7b4fbb82,2020-11-03,short_straddle,DIA,short_straddle_DIA_000018,0.0,27.249908,27.249908,3323.972404,3297.10022,3297.10022,35.54999923706055,,
sim_2019-02-09_2026-05-21_138e7b4fbb82,2020-11-03,put_credit_spread,DIA,put_credit_spread_DIA_000017,0.0,0.0,0.0,3323.972404,2098.5,2098.5,35.54999923706055,,
sim_2019-02-09_2026-05-21_138e7b4fbb82,2020-11-04,short_straddle,DIA,short_straddle_DIA_000018,0.0,19.300079,19.300079,3343.272484,3297.10022,3297.10022,29.56999969482422,0.2363,0.1966
sim_2019-02-09_2026-05-21_138e7b4fbb82,2020-11-04,put_credit_spread,DIA,put_credit_spread_DIA_000017,0.0,0.0,0.0,3343.272484,2098.5,2098.5,29.56999969482422,0.2363,0.1966
sim_2019-02-09_2026-05-21_138e7b4fbb82,2020-11-05,short_straddle,DIA,short_straddle_DIA_000018,0.0,26.999969,26.999969,3370.272453,3297.10022,3297.10022,27.57999992370605,,
sim_2019-02-09_2026-05-21_138e7b4fbb82,2020-11-05,put_credit_spread,DIA,put_credit_spread_DIA_000017,0.0,0.0,0.0,3370.272453,2098.5,2098.5,27.57999992370605,,
sim_2019-02-09_2026-05-21_138e7b4fbb82,2020-11-06,short_straddle,DIA,short_straddle_DIA_000018,0.0,-3.450012,-3.450012,3366.822441,3297.10022,3297.10022,24.86000061035156,0.2139,0.2008
sim_2019-02-09_2026-05-21_138e7b4fbb82,2020-11-06,put_credit_spread,DIA,put_credit_spread_DIA_000017,201.0,0.0,201.0,3567.822441,2098.5,2098.5,24.86000061035156,0.2139,0.2008
sim_2019-02-09_2026-05-21_138e7b4fbb82,2020-11-06,put_credit_spread,DIA,put_credit_spread_DIA_000019,-2.10775,0.0,-2.10775,3565.714691,1484.5,1484.5,24.86000061035156,0.2139,0.2008
sim_2019-02-09_2026-05-21_138e7b4fbb82,2020-11-09,short_straddle,DIA,short_straddle_DIA_000018,0.0,42.5,42.5,3608.214691,3297.10022,3297.10022,25.75,0.2128,0.2132
sim_2019-02-09_2026-05-21_138e7b4fbb82,2020-11-09,put_credit_spread,DIA,put_credit_spread_DIA_000019,-62.5,0.0,-62.5,3545.714691,1484.5,1484.5,25.75,0.2128,0.2132
sim_2019-02-09_2026-05-21_138e7b4fbb82,2020-11-10,short_straddle,DIA,short_straddle_DIA_000018,0.0,13.950043,13.950043,3559.664734,3297.10022,3297.10022,24.799999237060547,,
sim_2019-02-09_2026-05-21_138e7b4fbb82,2020-11-10,put_credit_spread,DIA,put_credit_spread_DIA_000019,0.0,0.0,0.0,3559.664734,1484.5,1484.5,24.799999237060547,,
sim_2019-02-09_2026-05-21_138e7b4fbb82,2020-11-11,short_straddle,DIA,short_straddle_DIA_000018,-1125.0,-13.764521,-1138.764521,2420.900212,3297.10022,3297.10022,23.450000762939453,0.2008,0.2118
sim_2019-02-09_2026-05-21_138e7b4fbb82,2020-11-11,put_credit_spread,DIA,put_credit_spread_DIA_000019,0.0,0.0,0.0,2420.900212,1484.5,1484.5,23.450000762939453,0.2008,0.2118
sim_2019-02-09_2026-05-21_138e7b4fbb82,2020-11-12,short_straddle,DIA,short_straddle_DIA_000018,0.0,-271.741792,-271.741792,2149.15842,3297.10022,3297.10022,25.350000381469727,,
sim_2019-02-09_2026-05-21_138e7b4fbb82,2020-11-12,put_credit_spread,DIA,put_credit_spread_DIA_000019,0.0,0.0,0.0,2149.15842,1484.5,1484.5,25.350000381469727,,
sim_2019-02-09_2026-05-21_138e7b4fbb82,2020-11-13,short_straddle,DIA,short_straddle_DIA_000018,0.0,20.500031,20.500031,2169.658451,3297.10022,3297.10022,23.100000381469727,0.2028,0.2169
sim_2019-02-09_2026-05-21_138e7b4fbb82,2020-11-13,put_credit_spread,DIA,put_credit_spread_DIA_000019,0.0,0.0,0.0,2169.658451,1484.5,1484.5,23.100000381469727,0.2028,0.2169
sim_2019-02-09_2026-05-21_138e7b4fbb82,2020-11-16,short_straddle,DIA,short_straddle_DIA_000018,0.0,24.150085,24.150085,2193.808536,3297.10022,3297.10022,22.450000762939453,0.2014,0.2165
sim_2019-02-09_2026-05-21_138e7b4fbb82,2020-11-16,put_credit_spread,DIA,put_credit_spread_DIA_000019,0.0,0.0,0.0,2193.808536,1484.5,1484.5,22.450000762939453,0.2014,0.2165
sim_2019-02-09_2026-05-21_138e7b4fbb82,2020-11-17,short_straddle,DIA,short_straddle_DIA_000018,0.0,-8.350067,-8.350067,2185.458469,3297.10022,3297.10022,22.709999084472656,,
sim_2019-02-09_2026-05-21_138e7b4fbb82,2020-11-17,put_credit_spread,DIA,put_credit_spread_DIA_000019,0.0,0.0,0.0,2185.458469,1484.5,1484.5,22.709999084472656,,
sim_2019-02-09_2026-05-21_138e7b4fbb82,2020-11-18,short_straddle,DIA,short_straddle_DIA_000018,0.0,-17.749939,-17.749939,2167.70853,3297.10022,3297.10022,23.84000015258789,0.2061,0.2109
sim_2019-02-09_2026-05-21_138e7b4fbb82,2020-11-18,put_credit_spread,DIA,put_credit_spread_DIA_000019,0.0,0.0,0.0,2167.70853,1484.5,1484.5,23.84000015258789,0.2061,0.2109
sim_2019-02-09_2026-05-21_138e7b4fbb82,2020-11-19,short_straddle,DIA,short_straddle_DIA_000018,0.0,2.849884,2.849884,2170.558414,3297.10022,3297.10022,23.11000061035156,,
sim_2019-02-09_2026-05-21_138e7b4fbb82,2020-11-19,put_credit_spread,DIA,put_credit_spread_DIA_000019,0.0,0.0,0.0,2170.558414,1484.5,1484.5,23.11000061035156,,
sim_2019-02-09_2026-05-21_138e7b4fbb82,2020-11-20,short_straddle,DIA,short_straddle_DIA_000018,0.0,-13.999939,-13.999939,2156.558475,3297.10022,3297.10022,23.700000762939453,0.2018,0.2125
sim_2019-02-09_2026-05-21_138e7b4fbb82,2020-11-20,put_credit_spread,DIA,put_credit_spread_DIA_000019,0.0,0.0,0.0,2156.558475,1484.5,1484.5,23.700000762939453,0.2018,0.2125
sim_2019-02-09_2026-05-21_138e7b4fbb82,2020-11-23,short_straddle,DIA,short_straddle_DIA_000018,0.0,16.800079,16.800079,2173.358554,3297.10022,3297.10022,22.65999984741211,0.1939,0.2135
sim_2019-02-09_2026-05-21_138e7b4fbb82,2020-11-23,put_credit_spread,DIA,put_credit_spread_DIA_000019,307.48425,0.0,307.48425,2480.842804,1484.5,1484.5,22.65999984741211,0.1939,0.2135
sim_2019-02-09_2026-05-21_138e7b4fbb82,2020-11-23,put_credit_spread,DIA,put_credit_spread_DIA_000020,-2.07575,0.0,-2.07575,2478.767054,1048.5,1048.5,22.65999984741211,0.1939,0.2135
sim_2019-02-09_2026-05-21_138e7b4fbb82,2020-11-24,short_straddle,DIA,short_straddle_DIA_000018,0.0,22.69989,22.69989,2501.466944,3297.10022,3297.10022,21.63999938964844,,
sim_2019-02-09_2026-05-21_138e7b4fbb82,2020-11-24,put_credit_spread,DIA,put_credit_spread_DIA_000020,0.0,0.0,0.0,2501.466944,1048.5,1048.5,21.63999938964844,,
sim_2019-02-09_2026-05-21_138e7b4fbb82,2020-11-25,short_straddle,DIA,short_straddle_DIA_000018,-3.51625,-9.196862,-12.713112,2488.753832,3297.10022,3297.10022,21.25,0.1917,0.2164
sim_2019-02-09_2026-05-21_138e7b4fbb82,2020-11-25,put_credit_spread,DIA,put_credit_spread_DIA_000020,0.0,0.0,0.0,2488.753832,1048.5,1048.5,21.25,0.1917,0.2164
sim_2019-02-09_2026-05-21_138e7b4fbb82,2020-11-27,put_credit_spread,DIA,put_credit_spread_DIA_000020,0.0,0.0,0.0,2488.753832,1048.5,1048.5,20.84000015258789,0.188,0.2163
sim_2019-02-09_2026-05-21_138e7b4fbb82,2020-11-30,put_credit_spread,DIA,put_credit_spread_DIA_000020,0.0,0.0,0.0,2488.753832,1048.5,1048.5,20.56999969482422,0.1932,0.2184
sim_2019-02-09_2026-05-21_138e7b4fbb82,2020-12-01,put_credit_spread,DIA,put_credit_spread_DIA_000020,0.0,0.0,0.0,2488.753832,1048.5,1048.5,20.770000457763672,,
sim_2019-02-09_2026-05-21_138e7b4fbb82,2020-12-02,put_credit_spread,DIA,put_credit_spread_DIA_000020,0.0,0.0,0.0,2488.753832,1048.5,1048.5,21.170000076293945,0.1949,0.214
sim_2019-02-09_2026-05-21_138e7b4fbb82,2020-12-03,put_credit_spread,DIA,put_credit_spread_DIA_000020,0.0,0.0,0.0,2488.753832,1048.5,1048.5,21.280000686645508,,
sim_2019-02-09_2026-05-21_138e7b4fbb82,2020-12-04,put_credit_spread,DIA,put_credit_spread_DIA_000020,108.5,0.0,108.5,2597.253832,1048.5,1048.5,20.790000915527344,0.1885,0.2139
sim_2019-02-09_2026-05-21_138e7b4fbb82,2020-12-07,put_credit_spread,DIA,put_credit_spread_DIA_000020,0.0,0.0,0.0,2597.253832,1048.5,1048.5,21.299999237060547,0.1822,0.2139
sim_2019-02-09_2026-05-21_138e7b4fbb82,2020-12-08,put_credit_spread,DIA,put_credit_spread_DIA_000020,0.0,0.0,0.0,2597.253832,1048.5,1048.5,20.68000030517578,,
sim_2019-02-09_2026-05-21_138e7b4fbb82,2020-12-09,put_credit_spread,DIA,put_credit_spread_DIA_000020,0.0,0.0,0.0,2597.253832,1048.5,1048.5,22.270000457763672,0.1953,0.1999
sim_2019-02-09_2026-05-21_138e7b4fbb82,2020-12-10,put_credit_spread,DIA,put_credit_spread_DIA_000020,0.0,0.0,0.0,2597.253832,1048.5,1048.5,22.520000457763672,,
sim_2019-02-09_2026-05-21_138e7b4fbb82,2020-12-11,put_credit_spread,DIA,put_credit_spread_DIA_000020,0.0,0.0,0.0,2597.253832,1048.5,1048.5,23.309999465942383,0.2011,0.1672
sim_2019-02-09_2026-05-21_138e7b4fbb82,2020-12-14,put_credit_spread,DIA,put_credit_spread_DIA_000020,0.0,0.0,0.0,2597.253832,1048.5,1048.5,24.71999931335449,,
sim_2019-02-09_2026-05-21_138e7b4fbb82,2020-12-15,put_credit_spread,DIA,put_credit_spread_DIA_000020,0.0,0.0,0.0,2597.253832,1048.5,1048.5,22.88999938964844,,
sim_2019-02-09_2026-05-21_138e7b4fbb82,2020-12-16,put_credit_spread,DIA,put_credit_spread_DIA_000020,0.0,0.0,0.0,2597.253832,1048.5,1048.5,22.5,0.1938,0.1588
sim_2019-02-09_2026-05-21_138e7b4fbb82,2020-12-17,put_credit_spread,DIA,put_credit_spread_DIA_000020,0.0,0.0,0.0,2597.253832,1048.5,1048.5,21.93000030517578,,
sim_2019-02-09_2026-05-21_138e7b4fbb82,2020-12-18,put_credit_spread,DIA,put_credit_spread_DIA_000020,41.0,0.0,41.0,2638.253832,1048.5,1048.5,21.56999969482422,,0.1556
sim_2019-02-09_2026-05-21_138e7b4fbb82,2020-12-18,put_credit_spread,DIA,put_credit_spread_DIA_000021,-2.12375,0.0,-2.12375,2636.130082,1452.5,1452.5,21.56999969482422,,0.1556
sim_2019-02-09_2026-05-21_138e7b4fbb82,2020-12-21,put_credit_spread,DIA,put_credit_spread_DIA_000021,16.0,0.0,16.0,2652.130082,1452.5,1452.5,25.15999984741211,0.1828,0.1493
sim_2019-02-09_2026-05-21_138e7b4fbb82,2020-12-22,put_credit_spread,DIA,put_credit_spread_DIA_000021,0.0,0.0,0.0,2652.130082,1452.5,1452.5,24.229999542236328,,
sim_2019-02-09_2026-05-21_138e7b4fbb82,2020-12-23,put_credit_spread,DIA,put_credit_spread_DIA_000021,0.0,0.0,0.0,2652.130082,1452.5,1452.5,23.309999465942383,0.2023,0.1262
sim_2019-02-09_2026-05-21_138e7b4fbb82,2020-12-24,put_credit_spread,DIA,put_credit_spread_DIA_000021,0.0,0.0,0.0,2652.130082,1452.5,1452.5,21.530000686645508,,
sim_2019-02-09_2026-05-21_138e7b4fbb82,2020-12-28,put_credit_spread,DIA,put_credit_spread_DIA_000021,0.0,0.0,0.0,2652.130082,1452.5,1452.5,21.700000762939453,0.1792,0.1238
sim_2019-02-09_2026-05-21_138e7b4fbb82,2020-12-29,put_credit_spread,DIA,put_credit_spread_DIA_000021,0.0,0.0,0.0,2652.130082,1452.5,1452.5,23.07999992370605,,
sim_2019-02-09_2026-05-21_138e7b4fbb82,2020-12-30,put_credit_spread,DIA,put_credit_spread_DIA_000021,0.0,0.0,0.0,2652.130082,1452.5,1452.5,22.770000457763672,0.1806,0.1048
sim_2019-02-09_2026-05-21_138e7b4fbb82,2020-12-31,put_credit_spread,DIA,put_credit_spread_DIA_000021,0.0,0.0,0.0,2652.130082,1452.5,1452.5,22.75,,
sim_2019-02-09_2026-05-21_138e7b4fbb82,2021-01-04,put_credit_spread,DIA,put_credit_spread_DIA_000021,-78.0,0.0,-78.0,2574.130082,1452.5,1452.5,26.96999931335449,0.2096,0.1036
sim_2019-02-09_2026-05-21_138e7b4fbb82,2021-01-05,put_credit_spread,DIA,put_credit_spread_DIA_000021,0.0,0.0,0.0,2574.130082,1452.5,1452.5,25.34000015258789,,
sim_2019-02-09_2026-05-21_138e7b4fbb82,2021-01-06,put_credit_spread,DIA,put_credit_spread_DIA_000021,0.0,0.0,0.0,2574.130082,1452.5,1452.5,25.06999969482422,0.1992,0.1063
sim_2019-02-09_2026-05-21_138e7b4fbb82,2021-01-07,put_credit_spread,DIA,put_credit_spread_DIA_000021,0.0,0.0,0.0,2574.130082,1452.5,1452.5,22.3700008392334,,
sim_2019-02-09_2026-05-21_138e7b4fbb82,2021-01-08,put_credit_spread,DIA,put_credit_spread_DIA_000021,0.0,0.0,0.0,2574.130082,1452.5,1452.5,21.559999465942383,0.1731,0.0953
sim_2019-02-09_2026-05-21_138e7b4fbb82,2021-01-11,put_credit_spread,DIA,put_credit_spread_DIA_000021,0.0,0.0,0.0,2574.130082,1452.5,1452.5,24.07999992370605,0.1946,0.0939
sim_2019-02-09_2026-05-21_138e7b4fbb82,2021-01-12,put_credit_spread,DIA,put_credit_spread_DIA_000021,0.0,0.0,0.0,2574.130082,1452.5,1452.5,23.32999992370605,,
sim_2019-02-09_2026-05-21_138e7b4fbb82,2021-01-13,put_credit_spread,DIA,put_credit_spread_DIA_000021,0.0,0.0,0.0,2574.130082,1452.5,1452.5,22.209999084472656,0.1763,0.0891
sim_2019-02-09_2026-05-21_138e7b4fbb82,2021-01-14,put_credit_spread,DIA,put_credit_spread_DIA_000021,0.0,0.0,0.0,2574.130082,1452.5,1452.5,23.25,,
sim_2019-02-09_2026-05-21_138e7b4fbb82,2021-01-15,put_credit_spread,DIA,put_credit_spread_DIA_000021,307.5,0.0,307.5,2881.630082,1452.5,1452.5,24.34000015258789,0.187,0.0911
sim_2019-02-09_2026-05-21_138e7b4fbb82,2021-01-15,put_credit_spread,DIA,put_credit_spread_DIA_000022,-2.08375,0.0,-2.08375,2879.546332,1182.5,1182.5,24.34000015258789,0.187,0.0911
sim_2019-02-09_2026-05-21_138e7b4fbb82,2021-01-19,put_credit_spread,DIA,put_credit_spread_DIA_000022,0.0,0.0,0.0,2879.546332,1182.5,1182.5,23.239999771118164,,
sim_2019-02-09_2026-05-21_138e7b4fbb82,2021-01-20,put_credit_spread,DIA,put_credit_spread_DIA_000022,0.0,0.0,0.0,2879.546332,1182.5,1182.5,21.57999992370605,0.1717,0.091
sim_2019-02-09_2026-05-21_138e7b4fbb82,2021-01-21,put_credit_spread,DIA,put_credit_spread_DIA_000022,0.0,0.0,0.0,2879.546332,1182.5,1182.5,21.31999969482422,,
sim_2019-02-09_2026-05-21_138e7b4fbb82,2021-01-22,put_credit_spread,DIA,put_credit_spread_DIA_000022,0.0,0.0,0.0,2879.546332,1182.5,1182.5,21.90999984741211,0.1674,0.0914
sim_2019-02-09_2026-05-21_138e7b4fbb82,2021-01-25,put_credit_spread,DIA,put_credit_spread_DIA_000022,0.0,0.0,0.0,2879.546332,1182.5,1182.5,23.190000534057617,0.1674,0.0902
sim_2019-02-09_2026-05-21_138e7b4fbb82,2021-01-26,put_credit_spread,DIA,put_credit_spread_DIA_000022,0.0,0.0,0.0,2879.546332,1182.5,1182.5,23.020000457763672,,
sim_2019-02-09_2026-05-21_138e7b4fbb82,2021-01-27,put_credit_spread,DIA,put_credit_spread_DIA_000022,0.0,0.0,0.0,2879.546332,1182.5,1182.5,37.209999084472656,0.1833,0.0902
sim_2019-02-09_2026-05-21_138e7b4fbb82,2021-01-28,put_credit_spread,DIA,put_credit_spread_DIA_000022,0.0,0.0,0.0,2879.546332,1182.5,1182.5,30.209999084472656,,
sim_2019-02-09_2026-05-21_138e7b4fbb82,2021-01-29,put_credit_spread,DIA,put_credit_spread_DIA_000022,88.5,0.0,88.5,2968.046332,1182.5,1182.5,33.09000015258789,0.254,0.1214
sim_2019-02-09_2026-05-21_138e7b4fbb82,2021-02-01,put_credit_spread,DIA,put_credit_spread_DIA_000022,-21.5,0.0,-21.5,2946.546332,1182.5,1182.5,30.239999771118164,0.2284,0.1234
sim_2019-02-09_2026-05-21_138e7b4fbb82,2021-02-02,put_credit_spread,DIA,put_credit_spread_DIA_000022,0.0,0.0,0.0,2946.546332,1182.5,1182.5,25.559999465942383,,
sim_2019-02-09_2026-05-21_138e7b4fbb82,2021-02-03,put_credit_spread,DIA,put_credit_spread_DIA_000022,0.0,0.0,0.0,2946.546332,1182.5,1182.5,22.90999984741211,0.176,0.13
sim_2019-02-09_2026-05-21_138e7b4fbb82,2021-02-04,put_credit_spread,DIA,put_credit_spread_DIA_000022,0.0,0.0,0.0,2946.546332,1182.5,1182.5,21.770000457763672,,
sim_2019-02-09_2026-05-21_138e7b4fbb82,2021-02-05,put_credit_spread,DIA,put_credit_spread_DIA_000022,0.0,0.0,0.0,2946.546332,1182.5,1182.5,20.8700008392334,0.1638,0.1315
sim_2019-02-09_2026-05-21_138e7b4fbb82,2021-02-08,put_credit_spread,DIA,put_credit_spread_DIA_000022,0.0,0.0,0.0,2946.546332,1182.5,1182.5,21.239999771118164,0.1611,0.1325
sim_2019-02-09_2026-05-21_138e7b4fbb82,2021-02-09,put_credit_spread,DIA,put_credit_spread_DIA_000022,0.0,0.0,0.0,2946.546332,1182.5,1182.5,21.6299991607666,,
sim_2019-02-09_2026-05-21_138e7b4fbb82,2021-02-10,put_credit_spread,DIA,put_credit_spread_DIA_000022,0.0,0.0,0.0,2946.546332,1182.5,1182.5,21.989999771118164,0.1632,0.1316
sim_2019-02-09_2026-05-21_138e7b4fbb82,2021-02-11,put_credit_spread,DIA,put_credit_spread_DIA_000022,0.0,0.0,0.0,2946.546332,1182.5,1182.5,21.25,,
sim_2019-02-09_2026-05-21_138e7b4fbb82,2021-02-12,put_credit_spread,DIA,put_credit_spread_DIA_000022,98.5,0.0,98.5,3045.046332,1182.5,1182.5,19.96999931335449,0.1573,0.1313
sim_2019-02-09_2026-05-21_138e7b4fbb82,2021-02-12,put_credit_spread,DIA,put_credit_spread_DIA_000023,-2.1265,0.0,-2.1265,3042.919832,1647.0,1647.0,19.96999931335449,0.1573,0.1313
sim_2019-02-09_2026-05-21_138e7b4fbb82,2021-02-16,put_credit_spread,DIA,put_credit_spread_DIA_000023,0.0,0.0,0.0,3042.919832,1647.0,1647.0,21.459999084472656,,
sim_2019-02-09_2026-05-21_138e7b4fbb82,2021-02-17,put_credit_spread,DIA,put_credit_spread_DIA_000023,0.0,0.0,0.0,3042.919832,1647.0,1647.0,21.5,0.1664,0.1253
sim_2019-02-09_2026-05-21_138e7b4fbb82,2021-02-18,put_credit_spread,DIA,put_credit_spread_DIA_000023,0.0,0.0,0.0,3042.919832,1647.0,1647.0,22.489999771118164,,
sim_2019-02-09_2026-05-21_138e7b4fbb82,2021-02-19,put_credit_spread,DIA,put_credit_spread_DIA_000023,0.0,0.0,0.0,3042.919832,1647.0,1647.0,22.049999237060547,0.1711,0.1197
sim_2019-02-09_2026-05-21_138e7b4fbb82,2021-02-22,put_credit_spread,DIA,put_credit_spread_DIA_000023,0.0,0.0,0.0,3042.919832,1647.0,1647.0,23.450000762939453,0.1757,0.118
sim_2019-02-09_2026-05-21_138e7b4fbb82,2021-02-23,put_credit_spread,DIA,put_credit_spread_DIA_000023,0.0,0.0,0.0,3042.919832,1647.0,1647.0,23.11000061035156,,
sim_2019-02-09_2026-05-21_138e7b4fbb82,2021-02-24,put_credit_spread,DIA,put_credit_spread_DIA_000023,0.0,0.0,0.0,3042.919832,1647.0,1647.0,21.34000015258789,0.1691,0.123
sim_2019-02-09_2026-05-21_138e7b4fbb82,2021-02-25,put_credit_spread,DIA,put_credit_spread_DIA_000023,0.0,0.0,0.0,3042.919832,1647.0,1647.0,28.88999938964844,,
sim_2019-02-09_2026-05-21_138e7b4fbb82,2021-02-26,put_credit_spread,DIA,put_credit_spread_DIA_000023,-160.5,0.0,-160.5,2882.419832,1647.0,1647.0,27.950000762939453,0.2149,0.1409
sim_2019-02-09_2026-05-21_138e7b4fbb82,2021-03-01,put_credit_spread,DIA,put_credit_spread_DIA_000023,260.0,0.0,260.0,3142.419832,1647.0,1647.0,23.350000381469727,0.1853,0.152
sim_2019-02-09_2026-05-21_138e7b4fbb82,2021-03-02,put_credit_spread,DIA,put_credit_spread_DIA_000023,0.0,0.0,0.0,3142.419832,1647.0,1647.0,24.100000381469727,,
sim_2019-02-09_2026-05-21_138e7b4fbb82,2021-03-03,put_credit_spread,DIA,put_credit_spread_DIA_000023,0.0,0.0,0.0,3142.419832,1647.0,1647.0,26.670000076293945,0.1947,0.1516
sim_2019-02-09_2026-05-21_138e7b4fbb82,2021-03-04,put_credit_spread,DIA,put_credit_spread_DIA_000023,0.0,0.0,0.0,3142.419832,1647.0,1647.0,28.56999969482422,,
sim_2019-02-09_2026-05-21_138e7b4fbb82,2021-03-05,put_credit_spread,DIA,put_credit_spread_DIA_000023,0.0,0.0,0.0,3142.419832,1647.0,1647.0,24.65999984741211,0.1894,0.1623
sim_2019-02-09_2026-05-21_138e7b4fbb82,2021-03-08,put_credit_spread,DIA,put_credit_spread_DIA_000023,0.0,0.0,0.0,3142.419832,1647.0,1647.0,25.46999931335449,0.2123,0.1632
sim_2019-02-09_2026-05-21_138e7b4fbb82,2021-03-09,put_credit_spread,DIA,put_credit_spread_DIA_000023,0.0,0.0,0.0,3142.419832,1647.0,1647.0,24.030000686645508,,
sim_2019-02-09_2026-05-21_138e7b4fbb82,2021-03-10,put_credit_spread,DIA,put_credit_spread_DIA_000023,0.0,0.0,0.0,3142.419832,1647.0,1647.0,22.559999465942383,0.1898,0.1677
sim_2019-02-09_2026-05-21_138e7b4fbb82,2021-03-11,put_credit_spread,DIA,put_credit_spread_DIA_000023,0.0,0.0,0.0,3142.419832,1647.0,1647.0,21.90999984741211,,
sim_2019-02-09_2026-05-21_138e7b4fbb82,2021-03-12,put_credit_spread,DIA,put_credit_spread_DIA_000023,151.5,0.0,151.5,3293.919832,1647.0,1647.0,20.690000534057617,0.1738,0.1553
sim_2019-02-09_2026-05-21_138e7b4fbb82,2021-03-12,put_credit_spread,DIA,put_credit_spread_DIA_000024,-2.15075,0.0,-2.15075,3291.769082,1648.5,1648.5,20.690000534057617,0.1738,0.1553
sim_2019-02-09_2026-05-21_138e7b4fbb82,2021-03-15,put_credit_spread,DIA,put_credit_spread_DIA_000024,0.0,0.0,0.0,3291.769082,1648.5,1648.5,20.030000686645508,0.1688,0.1393
sim_2019-02-09_2026-05-21_138e7b4fbb82,2021-03-16,put_credit_spread,DIA,put_credit_spread_DIA_000024,0.0,0.0,0.0,3291.769082,1648.5,1648.5,19.790000915527344,,
sim_2019-02-09_2026-05-21_138e7b4fbb82,2021-03-17,put_credit_spread,DIA,put_credit_spread_DIA_000024,0.0,0.0,0.0,3291.769082,1648.5,1648.5,19.229999542236328,,0.1401
sim_2019-02-09_2026-05-21_138e7b4fbb82,2021-03-18,put_credit_spread,DIA,put_credit_spread_DIA_000024,0.0,0.0,0.0,3291.769082,1648.5,1648.5,21.57999992370605,,
sim_2019-02-09_2026-05-21_138e7b4fbb82,2021-03-19,put_credit_spread,DIA,put_credit_spread_DIA_000024,0.0,0.0,0.0,3291.769082,1648.5,1648.5,20.950000762939453,,
sim_2019-02-09_2026-05-21_138e7b4fbb82,2021-03-22,put_credit_spread,DIA,put_credit_spread_DIA_000024,0.0,0.0,0.0,3291.769082,1648.5,1648.5,18.8799991607666,0.1568,0.1386
sim_2019-02-09_2026-05-21_138e7b4fbb82,2021-03-23,put_credit_spread,DIA,put_credit_spread_DIA_000024,0.0,0.0,0.0,3291.769082,1648.5,1648.5,20.299999237060547,,
sim_2019-02-09_2026-05-21_138e7b4fbb82,2021-03-24,put_credit_spread,DIA,put_credit_spread_DIA_000024,0.0,0.0,0.0,3291.769082,1648.5,1648.5,21.200000762939453,0.1678,0.1412
sim_2019-02-09_2026-05-21_138e7b4fbb82,2021-03-25,put_credit_spread,DIA,put_credit_spread_DIA_000024,0.0,0.0,0.0,3291.769082,1648.5,1648.5,19.809999465942383,,
sim_2019-02-09_2026-05-21_138e7b4fbb82,2021-03-26,put_credit_spread,DIA,put_credit_spread_DIA_000024,0.0,0.0,0.0,3291.769082,1648.5,1648.5,18.86000061035156,0.1507,0.1464
sim_2019-02-09_2026-05-21_138e7b4fbb82,2021-03-29,put_credit_spread,DIA,put_credit_spread_DIA_000024,0.0,0.0,0.0,3291.769082,1648.5,1648.5,20.739999771118164,0.1672,0.1465
sim_2019-02-09_2026-05-21_138e7b4fbb82,2021-03-30,put_credit_spread,DIA,put_credit_spread_DIA_000024,0.0,0.0,0.0,3291.769082,1648.5,1648.5,19.61000061035156,,
sim_2019-02-09_2026-05-21_138e7b4fbb82,2021-03-31,put_credit_spread,DIA,put_credit_spread_DIA_000024,0.0,0.0,0.0,3291.769082,1648.5,1648.5,19.39999961853028,0.1485,0.1473
sim_2019-02-09_2026-05-21_138e7b4fbb82,2021-04-01,put_credit_spread,DIA,put_credit_spread_DIA_000024,0.0,0.0,0.0,3291.769082,1648.5,1648.5,17.329999923706055,,
sim_2019-02-09_2026-05-21_138e7b4fbb82,2021-04-05,put_credit_spread,DIA,put_credit_spread_DIA_000024,0.0,0.0,0.0,3291.769082,1648.5,1648.5,17.90999984741211,0.1411,0.1489
sim_2019-02-09_2026-05-21_138e7b4fbb82,2021-04-06,put_credit_spread,DIA,put_credit_spread_DIA_000024,0.0,0.0,0.0,3291.769082,1648.5,1648.5,18.1200008392334,,
sim_2019-02-09_2026-05-21_138e7b4fbb82,2021-04-07,put_credit_spread,DIA,put_credit_spread_DIA_000024,0.0,0.0,0.0,3291.769082,1648.5,1648.5,17.15999984741211,0.1348,0.1495
sim_2019-02-09_2026-05-21_138e7b4fbb82,2021-04-08,put_credit_spread,DIA,put_credit_spread_DIA_000024,0.0,0.0,0.0,3291.769082,1648.5,1648.5,16.950000762939453,,
sim_2019-02-09_2026-05-21_138e7b4fbb82,2021-04-09,put_credit_spread,DIA,put_credit_spread_DIA_000024,299.5,0.0,299.5,3591.269082,1648.5,1648.5,16.690000534057617,0.1291,0.1351
sim_2019-02-09_2026-05-21_138e7b4fbb82,2021-04-09,put_credit_spread,DIA,put_credit_spread_DIA_000025,-2.0875,0.0,-2.0875,3589.181582,1175.0,1175.0,16.690000534057617,0.1291,0.1351
sim_2019-02-09_2026-05-21_138e7b4fbb82,2021-04-12,put_credit_spread,DIA,put_credit_spread_DIA_000025,5.5,0.0,5.5,3594.681582,1175.0,1175.0,16.90999984741211,0.1354,0.1257
sim_2019-02-09_2026-05-21_138e7b4fbb82,2021-04-13,put_credit_spread,DIA,put_credit_spread_DIA_000025,0.0,0.0,0.0,3594.681582,1175.0,1175.0,16.649999618530273,,
sim_2019-02-09_2026-05-21_138e7b4fbb82,2021-04-14,put_credit_spread,DIA,put_credit_spread_DIA_000025,0.0,0.0,0.0,3594.681582,1175.0,1175.0,16.989999771118164,0.1385,0.1143
sim_2019-02-09_2026-05-21_138e7b4fbb82,2021-04-15,put_credit_spread,DIA,put_credit_spread_DIA_000025,0.0,0.0,0.0,3594.681582,1175.0,1175.0,16.56999969482422,,
sim_2019-02-09_2026-05-21_138e7b4fbb82,2021-04-16,put_credit_spread,DIA,put_credit_spread_DIA_000025,0.0,0.0,0.0,3594.681582,1175.0,1175.0,16.25,0.1313,0.1064
sim_2019-02-09_2026-05-21_138e7b4fbb82,2021-04-19,put_credit_spread,DIA,put_credit_spread_DIA_000025,0.0,0.0,0.0,3594.681582,1175.0,1175.0,17.290000915527344,0.1428,0.0982
sim_2019-02-09_2026-05-21_138e7b4fbb82,2021-04-20,put_credit_spread,DIA,put_credit_spread_DIA_000025,0.0,0.0,0.0,3594.681582,1175.0,1175.0,18.68000030517578,,
sim_2019-02-09_2026-05-21_138e7b4fbb82,2021-04-21,put_credit_spread,DIA,put_credit_spread_DIA_000025,0.0,0.0,0.0,3594.681582,1175.0,1175.0,17.5,0.1444,0.1026
sim_2019-02-09_2026-05-21_138e7b4fbb82,2021-04-22,put_credit_spread,DIA,put_credit_spread_DIA_000025,0.0,0.0,0.0,3594.681582,1175.0,1175.0,18.709999084472656,,
sim_2019-02-09_2026-05-21_138e7b4fbb82,2021-04-23,put_credit_spread,DIA,put_credit_spread_DIA_000025,0.0,0.0,0.0,3594.681582,1175.0,1175.0,17.329999923706055,0.1429,0.1012
sim_2019-02-09_2026-05-21_138e7b4fbb82,2021-04-26,put_credit_spread,DIA,put_credit_spread_DIA_000025,0.0,0.0,0.0,3594.681582,1175.0,1175.0,17.639999389648438,0.1473,0.099
sim_2019-02-09_2026-05-21_138e7b4fbb82,2021-04-27,put_credit_spread,DIA,put_credit_spread_DIA_000025,0.0,0.0,0.0,3594.681582,1175.0,1175.0,17.559999465942383,,
sim_2019-02-09_2026-05-21_138e7b4fbb82,2021-04-28,put_credit_spread,DIA,put_credit_spread_DIA_000025,0.0,0.0,0.0,3594.681582,1175.0,1175.0,17.280000686645508,0.146,0.0985
sim_2019-02-09_2026-05-21_138e7b4fbb82,2021-04-29,put_credit_spread,DIA,put_credit_spread_DIA_000025,0.0,0.0,0.0,3594.681582,1175.0,1175.0,17.610000610351562,,
sim_2019-02-09_2026-05-21_138e7b4fbb82,2021-04-30,put_credit_spread,DIA,put_credit_spread_DIA_000025,0.0,0.0,0.0,3594.681582,1175.0,1175.0,18.61000061035156,0.142,0.099
sim_2019-02-09_2026-05-21_138e7b4fbb82,2021-05-03,put_credit_spread,DIA,put_credit_spread_DIA_000025,0.0,0.0,0.0,3594.681582,1175.0,1175.0,18.309999465942383,0.1371,0.0943
sim_2019-02-09_2026-05-21_138e7b4fbb82,2021-05-04,put_credit_spread,DIA,put_credit_spread_DIA_000025,0.0,0.0,0.0,3594.681582,1175.0,1175.0,19.479999542236328,,
sim_2019-02-09_2026-05-21_138e7b4fbb82,2021-05-05,put_credit_spread,DIA,put_credit_spread_DIA_000025,0.0,0.0,0.0,3594.681582,1175.0,1175.0,19.14999961853028,0.1399,0.0879
sim_2019-02-09_2026-05-21_138e7b4fbb82,2021-05-06,put_credit_spread,DIA,put_credit_spread_DIA_000025,0.0,0.0,0.0,3594.681582,1175.0,1175.0,18.38999938964844,,
sim_2019-02-09_2026-05-21_138e7b4fbb82,2021-05-07,put_credit_spread,DIA,put_credit_spread_DIA_000025,167.5,0.0,167.5,3762.181582,1175.0,1175.0,16.690000534057617,0.1253,0.0906
sim_2019-02-09_2026-05-21_138e7b4fbb82,2021-05-07,put_credit_spread,DIA,put_credit_spread_DIA_000026,-2.091,0.0,-2.091,3760.090582,1218.0,1218.0,16.690000534057617,0.1253,0.0906
sim_2019-02-09_2026-05-21_138e7b4fbb82,2021-05-10,put_credit_spread,DIA,put_credit_spread_DIA_000026,0.0,0.0,0.0,3760.090582,1218.0,1218.0,19.65999984741211,,
sim_2019-02-09_2026-05-21_138e7b4fbb82,2021-05-11,put_credit_spread,DIA,put_credit_spread_DIA_000026,0.0,0.0,0.0,3760.090582,1218.0,1218.0,21.84000015258789,,
sim_2019-02-09_2026-05-21_138e7b4fbb82,2021-05-12,put_credit_spread,DIA,put_credit_spread_DIA_000026,0.0,0.0,0.0,3760.090582,1218.0,1218.0,27.59000015258789,,
sim_2019-02-09_2026-05-21_138e7b4fbb82,2021-05-13,put_credit_spread,DIA,put_credit_spread_DIA_000026,0.0,0.0,0.0,3760.090582,1218.0,1218.0,23.1299991607666,,
sim_2019-02-09_2026-05-21_138e7b4fbb82,2021-05-14,put_credit_spread,DIA,put_credit_spread_DIA_000026,0.0,0.0,0.0,3760.090582,1218.0,1218.0,18.809999465942383,0.1432,0.1224
sim_2019-02-09_2026-05-21_138e7b4fbb82,2021-05-17,put_credit_spread,DIA,put_credit_spread_DIA_000026,0.0,0.0,0.0,3760.090582,1218.0,1218.0,19.71999931335449,0.1507,0.119
sim_2019-02-09_2026-05-21_138e7b4fbb82,2021-05-18,put_credit_spread,DIA,put_credit_spread_DIA_000026,0.0,0.0,0.0,3760.090582,1218.0,1218.0,21.34000015258789,,
sim_2019-02-09_2026-05-21_138e7b4fbb82,2021-05-19,put_credit_spread,DIA,put_credit_spread_DIA_000026,0.0,0.0,0.0,3760.090582,1218.0,1218.0,22.18000030517578,0.1706,0.1221
sim_2019-02-09_2026-05-21_138e7b4fbb82,2021-05-20,put_credit_spread,DIA,put_credit_spread_DIA_000026,0.0,0.0,0.0,3760.090582,1218.0,1218.0,20.670000076293945,,
sim_2019-02-09_2026-05-21_138e7b4fbb82,2021-05-21,put_credit_spread,DIA,put_credit_spread_DIA_000026,0.0,0.0,0.0,3760.090582,1218.0,1218.0,20.14999961853028,0.1484,0.1211
sim_2019-02-09_2026-05-21_138e7b4fbb82,2021-05-24,put_credit_spread,DIA,put_credit_spread_DIA_000026,0.0,0.0,0.0,3760.090582,1218.0,1218.0,18.39999961853028,0.1386,0.1219
sim_2019-02-09_2026-05-21_138e7b4fbb82,2021-05-25,put_credit_spread,DIA,put_credit_spread_DIA_000026,0.0,0.0,0.0,3760.090582,1218.0,1218.0,18.84000015258789,,
sim_2019-02-09_2026-05-21_138e7b4fbb82,2021-05-26,put_credit_spread,DIA,put_credit_spread_DIA_000026,0.0,0.0,0.0,3760.090582,1218.0,1218.0,17.360000610351562,0.131,0.1218
sim_2019-02-09_2026-05-21_138e7b4fbb82,2021-05-27,put_credit_spread,DIA,put_credit_spread_DIA_000026,0.0,0.0,0.0,3760.090582,1218.0,1218.0,16.739999771118164,,
sim_2019-02-09_2026-05-21_138e7b4fbb82,2021-05-28,put_credit_spread,DIA,put_credit_spread_DIA_000026,0.0,0.0,0.0,3760.090582,1218.0,1218.0,16.760000228881836,0.1217,0.1196
sim_2019-02-09_2026-05-21_138e7b4fbb82,2021-06-01,put_credit_spread,DIA,put_credit_spread_DIA_000026,0.0,0.0,0.0,3760.090582,1218.0,1218.0,17.899999618530273,,
sim_2019-02-09_2026-05-21_138e7b4fbb82,2021-06-02,put_credit_spread,DIA,put_credit_spread_DIA_000026,0.0,0.0,0.0,3760.090582,1218.0,1218.0,17.479999542236328,0.1288,0.1165
sim_2019-02-09_2026-05-21_138e7b4fbb82,2021-06-03,put_credit_spread,DIA,put_credit_spread_DIA_000026,0.0,0.0,0.0,3760.090582,1218.0,1218.0,18.040000915527344,,
sim_2019-02-09_2026-05-21_138e7b4fbb82,2021-06-04,put_credit_spread,DIA,put_credit_spread_DIA_000026,180.0,0.0,180.0,3940.090582,1218.0,1218.0,16.420000076293945,0.1234,0.1107
sim_2019-02-09_2026-05-21_138e7b4fbb82,2021-06-04,put_credit_spread,DIA,put_credit_spread_DIA_000027,-2.08875,0.0,-2.08875,3938.001832,1222.5,1222.5,16.420000076293945,0.1234,0.1107
sim_2019-02-09_2026-05-21_138e7b4fbb82,2021-06-07,put_credit_spread,DIA,put_credit_spread_DIA_000027,0.0,0.0,0.0,3938.001832,1222.5,1222.5,16.420000076293945,0.1266,0.1101
sim_2019-02-09_2026-05-21_138e7b4fbb82,2021-06-08,put_credit_spread,DIA,put_credit_spread_DIA_000027,0.0,0.0,0.0,3938.001832,1222.5,1222.5,17.06999969482422,,
sim_2019-02-09_2026-05-21_138e7b4fbb82,2021-06-09,put_credit_spread,DIA,put_credit_spread_DIA_000027,0.0,0.0,0.0,3938.001832,1222.5,1222.5,17.889999389648438,0.1305,0.1109
sim_2019-02-09_2026-05-21_138e7b4fbb82,2021-06-10,put_credit_spread,DIA,put_credit_spread_DIA_000027,0.0,0.0,0.0,3938.001832,1222.5,1222.5,16.100000381469727,,
sim_2019-02-09_2026-05-21_138e7b4fbb82,2021-06-11,put_credit_spread,DIA,put_credit_spread_DIA_000027,0.0,0.0,0.0,3938.001832,1222.5,1222.5,15.649999618530272,0.1185,0.1086
sim_2019-02-09_2026-05-21_138e7b4fbb82,2021-06-14,put_credit_spread,DIA,put_credit_spread_DIA_000027,0.0,0.0,0.0,3938.001832,1222.5,1222.5,16.389999389648438,0.1256,0.1078
sim_2019-02-09_2026-05-21_138e7b4fbb82,2021-06-15,put_credit_spread,DIA,put_credit_spread_DIA_000027,0.0,0.0,0.0,3938.001832,1222.5,1222.5,17.020000457763672,,
sim_2019-02-09_2026-05-21_138e7b4fbb82,2021-06-16,put_credit_spread,DIA,put_credit_spread_DIA_000027,0.0,0.0,0.0,3938.001832,1222.5,1222.5,18.14999961853028,0.1321,0.1091
sim_2019-02-09_2026-05-21_138e7b4fbb82,2021-06-17,put_credit_spread,DIA,put_credit_spread_DIA_000027,0.0,0.0,0.0,3938.001832,1222.5,1222.5,17.75,,
sim_2019-02-09_2026-05-21_138e7b4fbb82,2021-06-18,put_credit_spread,DIA,put_credit_spread_DIA_000027,0.0,0.0,0.0,3938.001832,1222.5,1222.5,20.700000762939453,0.1667,0.1163
sim_2019-02-09_2026-05-21_138e7b4fbb82,2021-06-21,put_credit_spread,DIA,put_credit_spread_DIA_000027,0.0,0.0,0.0,3938.001832,1222.5,1222.5,17.889999389648438,0.1411,0.1262
sim_2019-02-09_2026-05-21_138e7b4fbb82,2021-06-22,put_credit_spread,DIA,put_credit_spread_DIA_000027,0.0,0.0,0.0,3938.001832,1222.5,1222.5,16.65999984741211,,
sim_2019-02-09_2026-05-21_138e7b4fbb82,2021-06-23,put_credit_spread,DIA,put_credit_spread_DIA_000027,0.0,0.0,0.0,3938.001832,1222.5,1222.5,16.31999969482422,0.1317,0.1202
sim_2019-02-09_2026-05-21_138e7b4fbb82,2021-06-24,put_credit_spread,DIA,put_credit_spread_DIA_000027,0.0,0.0,0.0,3938.001832,1222.5,1222.5,15.970000267028809,,
sim_2019-02-09_2026-05-21_138e7b4fbb82,2021-06-25,put_credit_spread,DIA,put_credit_spread_DIA_000027,0.0,0.0,0.0,3938.001832,1222.5,1222.5,15.619999885559082,0.1164,0.1028
sim_2019-02-09_2026-05-21_138e7b4fbb82,2021-06-28,put_credit_spread,DIA,put_credit_spread_DIA_000027,0.0,0.0,0.0,3938.001832,1222.5,1222.5,15.760000228881836,0.1237,0.0986
sim_2019-02-09_2026-05-21_138e7b4fbb82,2021-06-29,put_credit_spread,DIA,put_credit_spread_DIA_000027,0.0,0.0,0.0,3938.001832,1222.5,1222.5,16.020000457763672,,
sim_2019-02-09_2026-05-21_138e7b4fbb82,2021-06-30,put_credit_spread,DIA,put_credit_spread_DIA_000027,0.0,0.0,0.0,3938.001832,1222.5,1222.5,15.829999923706056,0.124,0.0975
sim_2019-02-09_2026-05-21_138e7b4fbb82,2021-07-01,put_credit_spread,DIA,put_credit_spread_DIA_000027,0.0,0.0,0.0,3938.001832,1222.5,1222.5,15.479999542236328,,
sim_2019-02-09_2026-05-21_138e7b4fbb82,2021-07-02,put_credit_spread,DIA,put_credit_spread_DIA_000027,175.5,0.0,175.5,4113.501832,1222.5,1222.5,15.06999969482422,0.1131,0.0961
sim_2019-02-09_2026-05-21_138e7b4fbb82,2021-07-02,put_credit_spread,DIA,put_credit_spread_DIA_000028,-2.07525,0.0,-2.07525,4111.426582,1199.5,1199.5,15.06999969482422,0.1131,0.0961
sim_2019-02-09_2026-05-21_138e7b4fbb82,2021-07-06,put_credit_spread,DIA,put_credit_spread_DIA_000028,0.0,0.0,0.0,4111.426582,1199.5,1199.5,16.440000534057617,,
sim_2019-02-09_2026-05-21_138e7b4fbb82,2021-07-07,put_credit_spread,DIA,put_credit_spread_DIA_000028,0.0,0.0,0.0,4111.426582,1199.5,1199.5,16.200000762939453,0.1362,0.0971
sim_2019-02-09_2026-05-21_138e7b4fbb82,2021-07-08,put_credit_spread,DIA,put_credit_spread_DIA_000028,0.0,0.0,0.0,4111.426582,1199.5,1199.5,19.0,,
sim_2019-02-09_2026-05-21_138e7b4fbb82,2021-07-09,put_credit_spread,DIA,put_credit_spread_DIA_000028,0.0,0.0,0.0,4111.426582,1199.5,1199.5,16.18000030517578,0.1295,0.1057
sim_2019-02-09_2026-05-21_138e7b4fbb82,2021-07-12,put_credit_spread,DIA,put_credit_spread_DIA_000028,0.0,0.0,0.0,4111.426582,1199.5,1199.5,16.170000076293945,0.129,0.1057
sim_2019-02-09_2026-05-21_138e7b4fbb82,2021-07-13,put_credit_spread,DIA,put_credit_spread_DIA_000028,0.0,0.0,0.0,4111.426582,1199.5,1199.5,17.1200008392334,,
sim_2019-02-09_2026-05-21_138e7b4fbb82,2021-07-14,put_credit_spread,DIA,put_credit_spread_DIA_000028,0.0,0.0,0.0,4111.426582,1199.5,1199.5,16.329999923706055,0.1286,0.1059
sim_2019-02-09_2026-05-21_138e7b4fbb82,2021-07-15,put_credit_spread,DIA,put_credit_spread_DIA_000028,0.0,0.0,0.0,4111.426582,1199.5,1199.5,17.010000228881836,,
sim_2019-02-09_2026-05-21_138e7b4fbb82,2021-07-16,put_credit_spread,DIA,put_credit_spread_DIA_000028,0.0,0.0,0.0,4111.426582,1199.5,1199.5,18.450000762939453,0.1476,0.1094
sim_2019-02-09_2026-05-21_138e7b4fbb82,2021-07-19,put_credit_spread,DIA,put_credit_spread_DIA_000028,0.0,0.0,0.0,4111.426582,1199.5,1199.5,22.5,0.1909,0.1226
sim_2019-02-09_2026-05-21_138e7b4fbb82,2021-07-20,put_credit_spread,DIA,put_credit_spread_DIA_000028,0.0,0.0,0.0,4111.426582,1199.5,1199.5,19.729999542236328,,
sim_2019-02-09_2026-05-21_138e7b4fbb82,2021-07-21,put_credit_spread,DIA,put_credit_spread_DIA_000028,0.0,0.0,0.0,4111.426582,1199.5,1199.5,17.90999984741211,0.145,0.1329
sim_2019-02-09_2026-05-21_138e7b4fbb82,2021-07-22,put_credit_spread,DIA,put_credit_spread_DIA_000028,0.0,0.0,0.0,4111.426582,1199.5,1199.5,17.690000534057617,,
sim_2019-02-09_2026-05-21_138e7b4fbb82,2021-07-23,put_credit_spread,DIA,put_credit_spread_DIA_000028,0.0,0.0,0.0,4111.426582,1199.5,1199.5,17.200000762939453,0.136,0.1335
sim_2019-02-09_2026-05-21_138e7b4fbb82,2021-07-26,put_credit_spread,DIA,put_credit_spread_DIA_000028,0.0,0.0,0.0,4111.426582,1199.5,1199.5,17.579999923706055,0.1474,0.1336
sim_2019-02-09_2026-05-21_138e7b4fbb82,2021-07-27,put_credit_spread,DIA,put_credit_spread_DIA_000028,0.0,0.0,0.0,4111.426582,1199.5,1199.5,19.36000061035156,,
sim_2019-02-09_2026-05-21_138e7b4fbb82,2021-07-28,put_credit_spread,DIA,put_credit_spread_DIA_000028,0.0,0.0,0.0,4111.426582,1199.5,1199.5,18.309999465942383,0.15,0.1338
sim_2019-02-09_2026-05-21_138e7b4fbb82,2021-07-29,put_credit_spread,DIA,put_credit_spread_DIA_000028,0.0,0.0,0.0,4111.426582,1199.5,1199.5,17.700000762939453,,
sim_2019-02-09_2026-05-21_138e7b4fbb82,2021-07-30,put_credit_spread,DIA,put_credit_spread_DIA_000028,148.5,0.0,148.5,4259.926582,1199.5,1199.5,18.239999771118164,0.1482,0.1308
sim_2019-02-09_2026-05-21_138e7b4fbb82,2021-08-02,put_credit_spread,DIA,put_credit_spread_DIA_000029,-2.1145,0.0,-2.1145,4257.812082,1871.0,1871.0,19.459999084472656,0.1524,0.12
sim_2019-02-09_2026-05-21_138e7b4fbb82,2021-08-03,put_credit_spread,DIA,put_credit_spread_DIA_000029,0.0,0.0,0.0,4257.812082,1871.0,1871.0,18.040000915527344,,
sim_2019-02-09_2026-05-21_138e7b4fbb82,2021-08-04,put_credit_spread,DIA,put_credit_spread_DIA_000029,0.0,0.0,0.0,4257.812082,1871.0,1871.0,17.969999313354492,0.1403,0.1157
sim_2019-02-09_2026-05-21_138e7b4fbb82,2021-08-05,put_credit_spread,DIA,put_credit_spread_DIA_000029,0.0,0.0,0.0,4257.812082,1871.0,1871.0,17.280000686645508,,
sim_2019-02-09_2026-05-21_138e7b4fbb82,2021-08-06,put_credit_spread,DIA,put_credit_spread_DIA_000029,0.0,0.0,0.0,4257.812082,1871.0,1871.0,16.149999618530273,0.1306,0.1148
sim_2019-02-09_2026-05-21_138e7b4fbb82,2021-08-09,put_credit_spread,DIA,put_credit_spread_DIA_000029,0.0,0.0,0.0,4257.812082,1871.0,1871.0,16.719999313354492,0.1347,0.1137
sim_2019-02-09_2026-05-21_138e7b4fbb82,2021-08-10,put_credit_spread,DIA,put_credit_spread_DIA_000029,0.0,0.0,0.0,4257.812082,1871.0,1871.0,16.790000915527344,,
sim_2019-02-09_2026-05-21_138e7b4fbb82,2021-08-11,put_credit_spread,DIA,put_credit_spread_DIA_000029,157.0,0.0,157.0,4414.812082,1871.0,1871.0,16.170000076293945,0.1273,0.114
sim_2019-02-09_2026-05-21_138e7b4fbb82,2021-08-12,put_credit_spread,DIA,put_credit_spread_DIA_000029,0.0,0.0,0.0,4414.812082,1871.0,1871.0,15.59000015258789,,
sim_2019-02-09_2026-05-21_138e7b4fbb82,2021-08-13,put_credit_spread,DIA,put_credit_spread_DIA_000029,27.47875,0.0,27.47875,4442.290832,1871.0,1871.0,15.449999809265137,0.1191,0.1127
sim_2019-02-09_2026-05-21_138e7b4fbb82,2021-08-13,put_credit_spread,DIA,put_credit_spread_DIA_000030,-2.07975,0.0,-2.07975,4440.211082,1240.5,1240.5,15.449999809265137,0.1191,0.1127
sim_2019-02-09_2026-05-21_138e7b4fbb82,2021-08-16,put_credit_spread,DIA,put_credit_spread_DIA_000030,0.0,0.0,0.0,4440.211082,1240.5,1240.5,16.1200008392334,0.1264,0.1124
sim_2019-02-09_2026-05-21_138e7b4fbb82,2021-08-17,put_credit_spread,DIA,put_credit_spread_DIA_000030,0.0,0.0,0.0,4440.211082,1240.5,1240.5,17.90999984741211,,
sim_2019-02-09_2026-05-21_138e7b4fbb82,2021-08-18,put_credit_spread,DIA,put_credit_spread_DIA_000030,0.0,0.0,0.0,4440.211082,1240.5,1240.5,21.56999969482422,0.1723,0.1177
sim_2019-02-09_2026-05-21_138e7b4fbb82,2021-08-19,put_credit_spread,DIA,put_credit_spread_DIA_000030,0.0,0.0,0.0,4440.211082,1240.5,1240.5,21.670000076293945,,
sim_2019-02-09_2026-05-21_138e7b4fbb82,2021-08-20,put_credit_spread,DIA,put_credit_spread_DIA_000030,0.0,0.0,0.0,4440.211082,1240.5,1240.5,18.559999465942383,0.1438,0.1107
sim_2019-02-09_2026-05-21_138e7b4fbb82,2021-08-23,put_credit_spread,DIA,put_credit_spread_DIA_000030,0.0,0.0,0.0,4440.211082,1240.5,1240.5,17.149999618530273,0.1309,0.1117
sim_2019-02-09_2026-05-21_138e7b4fbb82,2021-08-24,put_credit_spread,DIA,put_credit_spread_DIA_000030,0.0,0.0,0.0,4440.211082,1240.5,1240.5,17.219999313354492,,
sim_2019-02-09_2026-05-21_138e7b4fbb82,2021-08-25,put_credit_spread,DIA,put_credit_spread_DIA_000030,0.0,0.0,0.0,4440.211082,1240.5,1240.5,16.790000915527344,0.1228,0.1113
sim_2019-02-09_2026-05-21_138e7b4fbb82,2021-08-26,put_credit_spread,DIA,put_credit_spread_DIA_000030,0.0,0.0,0.0,4440.211082,1240.5,1240.5,18.84000015258789,,
sim_2019-02-09_2026-05-21_138e7b4fbb82,2021-08-27,put_credit_spread,DIA,put_credit_spread_DIA_000030,0.0,0.0,0.0,4440.211082,1240.5,1240.5,16.389999389648438,0.1385,0.1126
sim_2019-02-09_2026-05-21_138e7b4fbb82,2021-08-30,put_credit_spread,DIA,put_credit_spread_DIA_000030,0.0,0.0,0.0,4440.211082,1240.5,1240.5,16.190000534057617,0.1233,0.0918
sim_2019-02-09_2026-05-21_138e7b4fbb82,2021-08-31,put_credit_spread,DIA,put_credit_spread_DIA_000030,0.0,0.0,0.0,4440.211082,1240.5,1240.5,16.479999542236328,,
sim_2019-02-09_2026-05-21_138e7b4fbb82,2021-09-01,put_credit_spread,DIA,put_credit_spread_DIA_000030,0.0,0.0,0.0,4440.211082,1240.5,1240.5,16.110000610351562,0.1189,0.079
sim_2019-02-09_2026-05-21_138e7b4fbb82,2021-09-02,put_credit_spread,DIA,put_credit_spread_DIA_000030,0.0,0.0,0.0,4440.211082,1240.5,1240.5,16.40999984741211,,
sim_2019-02-09_2026-05-21_138e7b4fbb82,2021-09-03,put_credit_spread,DIA,put_credit_spread_DIA_000030,0.0,0.0,0.0,4440.211082,1240.5,1240.5,16.40999984741211,0.1182,0.0778
sim_2019-02-09_2026-05-21_138e7b4fbb82,2021-09-07,put_credit_spread,DIA,put_credit_spread_DIA_000030,0.0,0.0,0.0,4440.211082,1240.5,1240.5,18.13999938964844,,
sim_2019-02-09_2026-05-21_138e7b4fbb82,2021-09-08,put_credit_spread,DIA,put_credit_spread_DIA_000030,0.0,0.0,0.0,4440.211082,1240.5,1240.5,17.959999084472656,0.1347,0.0809
sim_2019-02-09_2026-05-21_138e7b4fbb82,2021-09-09,put_credit_spread,DIA,put_credit_spread_DIA_000030,0.0,0.0,0.0,4440.211082,1240.5,1240.5,18.799999237060547,,
sim_2019-02-09_2026-05-21_138e7b4fbb82,2021-09-10,put_credit_spread,DIA,put_credit_spread_DIA_000030,27.436221,0.0,27.436221,4467.647304,1240.5,1240.5,20.950000762939453,0.151,0.0829
sim_2019-02-09_2026-05-21_138e7b4fbb82,2021-09-10,put_credit_spread,DIA,put_credit_spread_DIA_000031,-2.1315,0.0,-2.1315,4465.515804,1737.0,1737.0,20.950000762939453,0.151,0.0829
sim_2019-02-09_2026-05-21_138e7b4fbb82,2021-09-13,put_credit_spread,DIA,put_credit_spread_DIA_000031,0.0,0.0,0.0,4465.515804,1737.0,1737.0,19.3700008392334,0.1452,0.0852
sim_2019-02-09_2026-05-21_138e7b4fbb82,2021-09-14,put_credit_spread,DIA,put_credit_spread_DIA_000031,0.0,0.0,0.0,4465.515804,1737.0,1737.0,19.459999084472656,,
sim_2019-02-09_2026-05-21_138e7b4fbb82,2021-09-15,put_credit_spread,DIA,put_credit_spread_DIA_000031,0.0,0.0,0.0,4465.515804,1737.0,1737.0,18.18000030517578,0.1401,0.0872
sim_2019-02-09_2026-05-21_138e7b4fbb82,2021-09-16,put_credit_spread,DIA,put_credit_spread_DIA_000031,0.0,0.0,0.0,4465.515804,1737.0,1737.0,18.690000534057617,,
sim_2019-02-09_2026-05-21_138e7b4fbb82,2021-09-17,put_credit_spread,DIA,put_credit_spread_DIA_000031,0.0,0.0,0.0,4465.515804,1737.0,1737.0,20.809999465942383,0.1552,0.0829
sim_2019-02-09_2026-05-21_138e7b4fbb82,2021-09-20,put_credit_spread,DIA,put_credit_spread_DIA_000031,0.0,0.0,0.0,4465.515804,1737.0,1737.0,25.709999084472656,0.1552,0.0963
sim_2019-02-09_2026-05-21_138e7b4fbb82,2021-09-21,put_credit_spread,DIA,put_credit_spread_DIA_000031,0.0,0.0,0.0,4465.515804,1737.0,1737.0,24.36000061035156,,
sim_2019-02-09_2026-05-21_138e7b4fbb82,2021-09-22,put_credit_spread,DIA,put_credit_spread_DIA_000031,0.0,0.0,0.0,4465.515804,1737.0,1737.0,20.8700008392334,0.1674,0.1002
sim_2019-02-09_2026-05-21_138e7b4fbb82,2021-09-23,put_credit_spread,DIA,put_credit_spread_DIA_000031,0.0,0.0,0.0,4465.515804,1737.0,1737.0,18.6299991607666,,
sim_2019-02-09_2026-05-21_138e7b4fbb82,2021-09-24,put_credit_spread,DIA,put_credit_spread_DIA_000031,-90.0,0.0,-90.0,4375.515804,1737.0,1737.0,17.75,0.139,0.1082
sim_2019-02-09_2026-05-21_138e7b4fbb82,2021-09-27,put_credit_spread,DIA,put_credit_spread_DIA_000031,-4.5,0.0,-4.5,4371.015804,1737.0,1737.0,18.76000022888184,0.1449,0.1084
sim_2019-02-09_2026-05-21_138e7b4fbb82,2021-09-28,put_credit_spread,DIA,put_credit_spread_DIA_000031,0.0,0.0,0.0,4371.015804,1737.0,1737.0,23.25,,
sim_2019-02-09_2026-05-21_138e7b4fbb82,2021-09-29,put_credit_spread,DIA,put_credit_spread_DIA_000031,0.0,0.0,0.0,4371.015804,1737.0,1737.0,22.559999465942383,0.175,0.1158
sim_2019-02-09_2026-05-21_138e7b4fbb82,2021-09-30,put_credit_spread,DIA,put_credit_spread_DIA_000031,0.0,0.0,0.0,4371.015804,1737.0,1737.0,23.13999938964844,,
sim_2019-02-09_2026-05-21_138e7b4fbb82,2021-10-01,put_credit_spread,DIA,put_credit_spread_DIA_000031,0.0,0.0,0.0,4371.015804,1737.0,1737.0,21.100000381469727,0.1702,0.1288
sim_2019-02-09_2026-05-21_138e7b4fbb82,2021-10-04,put_credit_spread,DIA,put_credit_spread_DIA_000031,0.0,0.0,0.0,4371.015804,1737.0,1737.0,22.959999084472656,0.1892,0.1302
sim_2019-02-09_2026-05-21_138e7b4fbb82,2021-10-05,put_credit_spread,DIA,put_credit_spread_DIA_000031,0.0,0.0,0.0,4371.015804,1737.0,1737.0,21.299999237060547,,
sim_2019-02-09_2026-05-21_138e7b4fbb82,2021-10-06,put_credit_spread,DIA,put_credit_spread_DIA_000031,0.0,0.0,0.0,4371.015804,1737.0,1737.0,21.0,0.1735,0.1321
sim_2019-02-09_2026-05-21_138e7b4fbb82,2021-10-07,put_credit_spread,DIA,put_credit_spread_DIA_000031,0.0,0.0,0.0,4371.015804,1737.0,1737.0,19.540000915527344,,
sim_2019-02-09_2026-05-21_138e7b4fbb82,2021-10-08,put_credit_spread,DIA,put_credit_spread_DIA_000031,355.5,0.0,355.5,4726.515804,1737.0,1737.0,18.770000457763672,0.1531,0.135
sim_2019-02-09_2026-05-21_138e7b4fbb82,2021-10-08,put_credit_spread,DIA,put_credit_spread_DIA_000032,-2.1365,0.0,-2.1365,4724.379304,1827.0,1827.0,18.770000457763672,0.1531,0.135
sim_2019-02-09_2026-05-21_138e7b4fbb82,2021-10-11,put_credit_spread,DIA,put_credit_spread_DIA_000032,0.0,0.0,0.0,4724.379304,1827.0,1827.0,20.0,0.1687,0.1346
sim_2019-02-09_2026-05-21_138e7b4fbb82,2021-10-12,put_credit_spread,DIA,put_credit_spread_DIA_000032,0.0,0.0,0.0,4724.379304,1827.0,1827.0,19.850000381469727,,
sim_2019-02-09_2026-05-21_138e7b4fbb82,2021-10-13,put_credit_spread,DIA,put_credit_spread_DIA_000032,0.0,0.0,0.0,4724.379304,1827.0,1827.0,18.63999938964844,0.1542,0.1348
sim_2019-02-09_2026-05-21_138e7b4fbb82,2021-10-14,put_credit_spread,DIA,put_credit_spread_DIA_000032,0.0,0.0,0.0,4724.379304,1827.0,1827.0,16.860000610351562,,
sim_2019-02-09_2026-05-21_138e7b4fbb82,2021-10-15,put_credit_spread,DIA,put_credit_spread_DIA_000032,0.0,0.0,0.0,4724.379304,1827.0,1827.0,16.299999237060547,0.1306,0.1458
sim_2019-02-09_2026-05-21_138e7b4fbb82,2021-10-18,put_credit_spread,DIA,put_credit_spread_DIA_000032,0.0,0.0,0.0,4724.379304,1827.0,1827.0,16.309999465942383,0.1356,0.1457
sim_2019-02-09_2026-05-21_138e7b4fbb82,2021-10-19,put_credit_spread,DIA,put_credit_spread_DIA_000032,0.0,0.0,0.0,4724.379304,1827.0,1827.0,15.699999809265137,,
sim_2019-02-09_2026-05-21_138e7b4fbb82,2021-10-20,put_credit_spread,DIA,put_credit_spread_DIA_000032,-101.0,0.0,-101.0,4623.379304,1827.0,1827.0,15.489999771118164,0.1271,0.1451
sim_2019-02-09_2026-05-21_138e7b4fbb82,2021-10-21,put_credit_spread,DIA,put_credit_spread_DIA_000032,0.0,0.0,0.0,4623.379304,1827.0,1827.0,15.010000228881836,,
sim_2019-02-09_2026-05-21_138e7b4fbb82,2021-10-22,put_credit_spread,DIA,put_credit_spread_DIA_000032,-9.5,0.0,-9.5,4613.879304,1827.0,1827.0,15.43000030517578,0.1247,0.1424
sim_2019-02-09_2026-05-21_138e7b4fbb82,2021-10-25,put_credit_spread,DIA,put_credit_spread_DIA_000032,0.0,0.0,0.0,4613.879304,1827.0,1827.0,15.239999771118164,0.1239,0.1412
sim_2019-02-09_2026-05-21_138e7b4fbb82,2021-10-26,put_credit_spread,DIA,put_credit_spread_DIA_000032,0.0,0.0,0.0,4613.879304,1827.0,1827.0,15.979999542236328,,
sim_2019-02-09_2026-05-21_138e7b4fbb82,2021-10-27,put_credit_spread,DIA,put_credit_spread_DIA_000032,0.0,0.0,0.0,4613.879304,1827.0,1827.0,16.979999542236328,0.126,0.1412
sim_2019-02-09_2026-05-21_138e7b4fbb82,2021-10-28,put_credit_spread,DIA,put_credit_spread_DIA_000032,0.0,0.0,0.0,4613.879304,1827.0,1827.0,16.530000686645508,,
sim_2019-02-09_2026-05-21_138e7b4fbb82,2021-10-29,put_credit_spread,DIA,put_credit_spread_DIA_000032,0.0,0.0,0.0,4613.879304,1827.0,1827.0,16.260000228881836,0.1252,0.1382
sim_2019-02-09_2026-05-21_138e7b4fbb82,2021-11-01,put_credit_spread,DIA,put_credit_spread_DIA_000032,0.0,0.0,0.0,4613.879304,1827.0,1827.0,16.40999984741211,0.128,0.1254
sim_2019-02-09_2026-05-21_138e7b4fbb82,2021-11-02,put_credit_spread,DIA,put_credit_spread_DIA_000032,0.0,0.0,0.0,4613.879304,1827.0,1827.0,16.030000686645508,,
sim_2019-02-09_2026-05-21_138e7b4fbb82,2021-11-03,put_credit_spread,DIA,put_credit_spread_DIA_000032,0.0,0.0,0.0,4613.879304,1827.0,1827.0,15.100000381469728,0.1175,0.1231
sim_2019-02-09_2026-05-21_138e7b4fbb82,2021-11-04,put_credit_spread,DIA,put_credit_spread_DIA_000032,0.0,0.0,0.0,4613.879304,1827.0,1827.0,15.4399995803833,,
sim_2019-02-09_2026-05-21_138e7b4fbb82,2021-11-05,put_credit_spread,DIA,put_credit_spread_DIA_000032,381.5,0.0,381.5,4995.379304,1827.0,1827.0,16.479999542236328,0.1145,0.1176
sim_2019-02-09_2026-05-21_138e7b4fbb82,2021-11-05,put_credit_spread,DIA,put_credit_spread_DIA_000033,-2.09275,0.0,-2.09275,4993.286554,1164.5,1164.5,16.479999542236328,0.1145,0.1176
sim_2019-02-09_2026-05-21_138e7b4fbb82,2021-11-08,put_credit_spread,DIA,put_credit_spread_DIA_000033,-18.5,0.0,-18.5,4974.786554,1164.5,1164.5,17.219999313354492,0.1243,0.1176
sim_2019-02-09_2026-05-21_138e7b4fbb82,2021-11-09,put_credit_spread,DIA,put_credit_spread_DIA_000033,0.0,0.0,0.0,4974.786554,1164.5,1164.5,17.780000686645508,,
sim_2019-02-09_2026-05-21_138e7b4fbb82,2021-11-10,put_credit_spread,DIA,put_credit_spread_DIA_000033,0.0,0.0,0.0,4974.786554,1164.5,1164.5,18.729999542236328,0.1435,0.1081
sim_2019-02-09_2026-05-21_138e7b4fbb82,2021-11-11,put_credit_spread,DIA,put_credit_spread_DIA_000033,0.0,0.0,0.0,4974.786554,1164.5,1164.5,17.65999984741211,,
sim_2019-02-09_2026-05-21_138e7b4fbb82,2021-11-12,put_credit_spread,DIA,put_credit_spread_DIA_000033,0.0,0.0,0.0,4974.786554,1164.5,1164.5,16.290000915527344,0.131,0.0894
sim_2019-02-09_2026-05-21_138e7b4fbb82,2021-11-15,put_credit_spread,DIA,put_credit_spread_DIA_000033,0.0,0.0,0.0,4974.786554,1164.5,1164.5,16.489999771118164,0.131,0.0833
sim_2019-02-09_2026-05-21_138e7b4fbb82,2021-11-16,put_credit_spread,DIA,put_credit_spread_DIA_000033,0.0,0.0,0.0,4974.786554,1164.5,1164.5,16.3700008392334,,
sim_2019-02-09_2026-05-21_138e7b4fbb82,2021-11-17,put_credit_spread,DIA,put_credit_spread_DIA_000033,0.0,0.0,0.0,4974.786554,1164.5,1164.5,17.110000610351562,0.1298,0.0833
sim_2019-02-09_2026-05-21_138e7b4fbb82,2021-11-18,put_credit_spread,DIA,put_credit_spread_DIA_000033,0.0,0.0,0.0,4974.786554,1164.5,1164.5,17.59000015258789,,
sim_2019-02-09_2026-05-21_138e7b4fbb82,2021-11-19,put_credit_spread,DIA,put_credit_spread_DIA_000033,-74.5,0.0,-74.5,4900.286554,1164.5,1164.5,17.90999984741211,0.1452,0.0853
sim_2019-02-09_2026-05-21_138e7b4fbb82,2021-11-22,put_credit_spread,DIA,put_credit_spread_DIA_000033,42.5,0.0,42.5,4942.786554,1164.5,1164.5,19.170000076293945,0.1474,0.0818
sim_2019-02-09_2026-05-21_138e7b4fbb82,2021-11-23,put_credit_spread,DIA,put_credit_spread_DIA_000033,0.0,0.0,0.0,4942.786554,1164.5,1164.5,19.3799991607666,,
sim_2019-02-09_2026-05-21_138e7b4fbb82,2021-11-24,put_credit_spread,DIA,put_credit_spread_DIA_000033,0.0,0.0,0.0,4942.786554,1164.5,1164.5,18.57999992370605,0.1393,0.0814
sim_2019-02-09_2026-05-21_138e7b4fbb82,2021-11-26,put_credit_spread,DIA,put_credit_spread_DIA_000033,0.0,0.0,0.0,4942.786554,1164.5,1164.5,28.6200008392334,0.2231,0.1037
sim_2019-02-09_2026-05-21_138e7b4fbb82,2021-11-29,put_credit_spread,DIA,put_credit_spread_DIA_000033,0.0,0.0,0.0,4942.786554,1164.5,1164.5,22.959999084472656,0.1749,0.1006
sim_2019-02-09_2026-05-21_138e7b4fbb82,2021-11-30,put_credit_spread,DIA,put_credit_spread_DIA_000033,0.0,0.0,0.0,4942.786554,1164.5,1164.5,27.190000534057617,,
sim_2019-02-09_2026-05-21_138e7b4fbb82,2021-12-01,put_credit_spread,DIA,put_credit_spread_DIA_000033,-2.118,0.0,-2.118,4940.668554,1164.5,1164.5,31.1200008392334,0.2071,0.1169
sim_2019-02-09_2026-05-21_138e7b4fbb82,2021-12-01,put_credit_spread,DIA,put_credit_spread_DIA_000034,-2.161,0.0,-2.161,4938.507554,2578.0,2578.0,31.1200008392334,0.2071,0.1169
sim_2019-02-09_2026-05-21_138e7b4fbb82,2021-12-02,put_credit_spread,DIA,put_credit_spread_DIA_000034,0.0,0.0,0.0,4938.507554,2578.0,2578.0,27.950000762939453,,
sim_2019-02-09_2026-05-21_138e7b4fbb82,2021-12-03,put_credit_spread,DIA,put_credit_spread_DIA_000034,0.0,0.0,0.0,4938.507554,2578.0,2578.0,30.670000076293945,0.2179,0.1286
sim_2019-02-09_2026-05-21_138e7b4fbb82,2021-12-06,put_credit_spread,DIA,put_credit_spread_DIA_000034,0.0,0.0,0.0,4938.507554,2578.0,2578.0,27.18000030517578,,
sim_2019-02-09_2026-05-21_138e7b4fbb82,2021-12-07,put_credit_spread,DIA,put_credit_spread_DIA_000034,0.0,0.0,0.0,4938.507554,2578.0,2578.0,21.88999938964844,,
sim_2019-02-09_2026-05-21_138e7b4fbb82,2021-12-08,put_credit_spread,DIA,put_credit_spread_DIA_000034,0.0,0.0,0.0,4938.507554,2578.0,2578.0,19.89999961853028,0.1583,0.1464
sim_2019-02-09_2026-05-21_138e7b4fbb82,2021-12-09,put_credit_spread,DIA,put_credit_spread_DIA_000034,0.0,0.0,0.0,4938.507554,2578.0,2578.0,21.57999992370605,,
sim_2019-02-09_2026-05-21_138e7b4fbb82,2021-12-10,put_credit_spread,DIA,put_credit_spread_DIA_000034,0.0,0.0,0.0,4938.507554,2578.0,2578.0,18.690000534057617,0.1523,0.1446
sim_2019-02-09_2026-05-21_138e7b4fbb82,2021-12-13,put_credit_spread,DIA,put_credit_spread_DIA_000034,0.0,0.0,0.0,4938.507554,2578.0,2578.0,20.309999465942383,0.1616,0.1468
sim_2019-02-09_2026-05-21_138e7b4fbb82,2021-12-14,put_credit_spread,DIA,put_credit_spread_DIA_000034,0.0,0.0,0.0,4938.507554,2578.0,2578.0,21.88999938964844,,
sim_2019-02-09_2026-05-21_138e7b4fbb82,2021-12-15,put_credit_spread,DIA,put_credit_spread_DIA_000034,0.0,0.0,0.0,4938.507554,2578.0,2578.0,19.290000915527344,0.1557,0.1494
sim_2019-02-09_2026-05-21_138e7b4fbb82,2021-12-16,put_credit_spread,DIA,put_credit_spread_DIA_000034,0.0,0.0,0.0,4938.507554,2578.0,2578.0,20.56999969482422,,
sim_2019-02-09_2026-05-21_138e7b4fbb82,2021-12-17,put_credit_spread,DIA,put_credit_spread_DIA_000034,0.0,0.0,0.0,4938.507554,2578.0,2578.0,21.56999969482422,0.1875,0.1563
sim_2019-02-09_2026-05-21_138e7b4fbb82,2021-12-20,put_credit_spread,DIA,put_credit_spread_DIA_000034,0.0,0.0,0.0,4938.507554,2578.0,2578.0,22.8700008392334,0.1898,0.1587
sim_2019-02-09_2026-05-21_138e7b4fbb82,2021-12-21,put_credit_spread,DIA,put_credit_spread_DIA_000034,0.0,0.0,0.0,4938.507554,2578.0,2578.0,21.01000022888184,,
sim_2019-02-09_2026-05-21_138e7b4fbb82,2021-12-22,put_credit_spread,DIA,put_credit_spread_DIA_000034,0.0,0.0,0.0,4938.507554,2578.0,2578.0,18.6299991607666,0.15,0.1676
sim_2019-02-09_2026-05-21_138e7b4fbb82,2021-12-23,put_credit_spread,DIA,put_credit_spread_DIA_000034,0.0,0.0,0.0,4938.507554,2578.0,2578.0,17.959999084472656,,
sim_2019-02-09_2026-05-21_138e7b4fbb82,2021-12-27,put_credit_spread,DIA,put_credit_spread_DIA_000034,0.0,0.0,0.0,4938.507554,2578.0,2578.0,17.68000030517578,0.1414,0.1695
sim_2019-02-09_2026-05-21_138e7b4fbb82,2021-12-28,put_credit_spread,DIA,put_credit_spread_DIA_000034,0.0,0.0,0.0,4938.507554,2578.0,2578.0,17.540000915527344,,
sim_2019-02-09_2026-05-21_138e7b4fbb82,2021-12-29,put_credit_spread,DIA,put_credit_spread_DIA_000034,0.0,0.0,0.0,4938.507554,2578.0,2578.0,16.950000762939453,0.1363,0.1692
sim_2019-02-09_2026-05-21_138e7b4fbb82,2021-12-30,put_credit_spread,DIA,put_credit_spread_DIA_000034,0.0,0.0,0.0,4938.507554,2578.0,2578.0,17.329999923706055,,
sim_2019-02-09_2026-05-21_138e7b4fbb82,2021-12-31,put_credit_spread,DIA,put_credit_spread_DIA_000034,320.0,0.0,320.0,5258.507554,2578.0,2578.0,17.219999313354492,0.1416,0.1685
sim_2019-02-09_2026-05-21_138e7b4fbb82,2021-12-31,put_credit_spread,DIA,put_credit_spread_DIA_000035,-2.11525,0.0,-2.11525,5256.392304,1969.5,1969.5,17.219999313354492,0.1416,0.1685
sim_2019-02-09_2026-05-21_138e7b4fbb82,2022-01-03,put_credit_spread,DIA,put_credit_spread_DIA_000035,0.0,0.0,0.0,5256.392304,1969.5,1969.5,16.600000381469727,0.1386,0.1694
sim_2019-02-09_2026-05-21_138e7b4fbb82,2022-01-04,put_credit_spread,DIA,put_credit_spread_DIA_000035,0.0,0.0,0.0,5256.392304,1969.5,1969.5,16.90999984741211,,
sim_2019-02-09_2026-05-21_138e7b4fbb82,2022-01-05,put_credit_spread,DIA,put_credit_spread_DIA_000035,0.0,0.0,0.0,5256.392304,1969.5,1969.5,19.729999542236328,0.1581,0.1705
sim_2019-02-09_2026-05-21_138e7b4fbb82,2022-01-06,put_credit_spread,DIA,put_credit_spread_DIA_000035,0.0,0.0,0.0,5256.392304,1969.5,1969.5,19.61000061035156,,
sim_2019-02-09_2026-05-21_138e7b4fbb82,2022-01-07,put_credit_spread,DIA,put_credit_spread_DIA_000035,0.0,0.0,0.0,5256.392304,1969.5,1969.5,18.76000022888184,0.1545,0.1707
sim_2019-02-09_2026-05-21_138e7b4fbb82,2022-01-10,put_credit_spread,DIA,put_credit_spread_DIA_000035,0.0,0.0,0.0,5256.392304,1969.5,1969.5,19.39999961853028,0.154,0.1528
sim_2019-02-09_2026-05-21_138e7b4fbb82,2022-01-11,put_credit_spread,DIA,put_credit_spread_DIA_000035,0.0,0.0,0.0,5256.392304,1969.5,1969.5,18.40999984741211,,
sim_2019-02-09_2026-05-21_138e7b4fbb82,2022-01-12,put_credit_spread,DIA,put_credit_spread_DIA_000035,65.5,0.0,65.5,5321.892304,1969.5,1969.5,17.6200008392334,0.1339,0.1413
sim_2019-02-09_2026-05-21_138e7b4fbb82,2022-01-13,put_credit_spread,DIA,put_credit_spread_DIA_000035,0.0,0.0,0.0,5321.892304,1969.5,1969.5,20.309999465942383,,
sim_2019-02-09_2026-05-21_138e7b4fbb82,2022-01-14,put_credit_spread,DIA,put_credit_spread_DIA_000035,0.0,0.0,0.0,5321.892304,1969.5,1969.5,19.190000534057617,0.1529,0.1288
sim_2019-02-09_2026-05-21_138e7b4fbb82,2022-01-18,put_credit_spread,DIA,put_credit_spread_DIA_000035,0.0,0.0,0.0,5321.892304,1969.5,1969.5,22.790000915527344,,
sim_2019-02-09_2026-05-21_138e7b4fbb82,2022-01-19,put_credit_spread,DIA,put_credit_spread_DIA_000035,0.0,0.0,0.0,5321.892304,1969.5,1969.5,23.850000381469727,0.1837,0.1289
sim_2019-02-09_2026-05-21_138e7b4fbb82,2022-01-20,put_credit_spread,DIA,put_credit_spread_DIA_000035,0.0,0.0,0.0,5321.892304,1969.5,1969.5,25.59000015258789,,
sim_2019-02-09_2026-05-21_138e7b4fbb82,2022-01-21,put_credit_spread,DIA,put_credit_spread_DIA_000035,0.0,0.0,0.0,5321.892304,1969.5,1969.5,28.850000381469727,0.2186,0.1298
sim_2019-02-09_2026-05-21_138e7b4fbb82,2022-01-24,put_credit_spread,DIA,put_credit_spread_DIA_000035,0.0,0.0,0.0,5321.892304,1969.5,1969.5,29.89999961853028,0.2186,0.1308
sim_2019-02-09_2026-05-21_138e7b4fbb82,2022-01-25,put_credit_spread,DIA,put_credit_spread_DIA_000035,0.0,0.0,0.0,5321.892304,1969.5,1969.5,31.15999984741211,,
sim_2019-02-09_2026-05-21_138e7b4fbb82,2022-01-26,put_credit_spread,DIA,put_credit_spread_DIA_000035,-2.0825,0.0,-2.0825,5319.809804,1969.5,1969.5,31.959999084472656,0.2351,0.1275
sim_2019-02-09_2026-05-21_138e7b4fbb82,2022-01-26,put_credit_spread,DIA,put_credit_spread_DIA_000036,-2.20425,0.0,-2.20425,5317.605554,2591.5,2591.5,31.959999084472656,0.2351,0.1275
sim_2019-02-09_2026-05-21_138e7b4fbb82,2022-01-27,put_credit_spread,DIA,put_credit_spread_DIA_000036,0.0,0.0,0.0,5317.605554,2591.5,2591.5,30.489999771118164,,
sim_2019-02-09_2026-05-21_138e7b4fbb82,2022-01-28,put_credit_spread,DIA,put_credit_spread_DIA_000036,0.0,0.0,0.0,5317.605554,2591.5,2591.5,27.65999984741211,0.2055,0.1333
sim_2019-02-09_2026-05-21_138e7b4fbb82,2022-01-31,put_credit_spread,DIA,put_credit_spread_DIA_000036,232.5,0.0,232.5,5550.105554,2591.5,2591.5,24.82999992370605,0.1863,0.1382
sim_2019-02-09_2026-05-21_138e7b4fbb82,2022-02-01,put_credit_spread,DIA,put_credit_spread_DIA_000036,0.0,0.0,0.0,5550.105554,2591.5,2591.5,21.959999084472656,,
sim_2019-02-09_2026-05-21_138e7b4fbb82,2022-02-02,put_credit_spread,DIA,put_credit_spread_DIA_000036,0.0,0.0,0.0,5550.105554,2591.5,2591.5,22.09000015258789,0.1582,0.128
sim_2019-02-09_2026-05-21_138e7b4fbb82,2022-02-03,put_credit_spread,DIA,put_credit_spread_DIA_000036,0.0,0.0,0.0,5550.105554,2591.5,2591.5,24.350000381469727,,
sim_2019-02-09_2026-05-21_138e7b4fbb82,2022-02-04,put_credit_spread,DIA,put_credit_spread_DIA_000036,0.0,0.0,0.0,5550.105554,2591.5,2591.5,23.21999931335449,0.1762,0.1245
sim_2019-02-09_2026-05-21_138e7b4fbb82,2022-02-07,put_credit_spread,DIA,put_credit_spread_DIA_000036,0.0,0.0,0.0,5550.105554,2591.5,2591.5,22.86000061035156,0.1762,0.1232
sim_2019-02-09_2026-05-21_138e7b4fbb82,2022-02-08,put_credit_spread,DIA,put_credit_spread_DIA_000036,0.0,0.0,0.0,5550.105554,2591.5,2591.5,21.440000534057617,,
sim_2019-02-09_2026-05-21_138e7b4fbb82,2022-02-09,put_credit_spread,DIA,put_credit_spread_DIA_000036,0.0,0.0,0.0,5550.105554,2591.5,2591.5,19.959999084472656,0.1622,0.1262
sim_2019-02-09_2026-05-21_138e7b4fbb82,2022-02-10,put_credit_spread,DIA,put_credit_spread_DIA_000036,0.0,0.0,0.0,5550.105554,2591.5,2591.5,23.90999984741211,,
sim_2019-02-09_2026-05-21_138e7b4fbb82,2022-02-11,put_credit_spread,DIA,put_credit_spread_DIA_000036,0.0,0.0,0.0,5550.105554,2591.5,2591.5,27.36000061035156,0.2143,0.138
sim_2019-02-09_2026-05-21_138e7b4fbb82,2022-02-14,put_credit_spread,DIA,put_credit_spread_DIA_000036,0.0,0.0,0.0,5550.105554,2591.5,2591.5,28.32999992370605,0.2143,0.1382
sim_2019-02-09_2026-05-21_138e7b4fbb82,2022-02-15,put_credit_spread,DIA,put_credit_spread_DIA_000036,0.0,0.0,0.0,5550.105554,2591.5,2591.5,25.700000762939453,,
sim_2019-02-09_2026-05-21_138e7b4fbb82,2022-02-16,put_credit_spread,DIA,put_credit_spread_DIA_000036,0.0,0.0,0.0,5550.105554,2591.5,2591.5,24.290000915527344,0.1913,0.1405
sim_2019-02-09_2026-05-21_138e7b4fbb82,2022-02-17,put_credit_spread,DIA,put_credit_spread_DIA_000036,0.0,0.0,0.0,5550.105554,2591.5,2591.5,28.11000061035156,,
sim_2019-02-09_2026-05-21_138e7b4fbb82,2022-02-18,put_credit_spread,DIA,put_credit_spread_DIA_000036,0.0,0.0,0.0,5550.105554,2591.5,2591.5,27.75,,
sim_2019-02-09_2026-05-21_138e7b4fbb82,2022-02-22,put_credit_spread,DIA,put_credit_spread_DIA_000036,0.0,0.0,0.0,5550.105554,2591.5,2591.5,28.809999465942383,,
sim_2019-02-09_2026-05-21_138e7b4fbb82,2022-02-23,put_credit_spread,DIA,put_credit_spread_DIA_000036,0.0,0.0,0.0,5550.105554,2591.5,2591.5,31.020000457763672,0.2467,0.1541
sim_2019-02-09_2026-05-21_138e7b4fbb82,2022-02-24,put_credit_spread,DIA,put_credit_spread_DIA_000036,0.0,0.0,0.0,5550.105554,2591.5,2591.5,30.31999969482422,,
sim_2019-02-09_2026-05-21_138e7b4fbb82,2022-02-25,put_credit_spread,DIA,put_credit_spread_DIA_000036,174.0,0.0,174.0,5724.105554,2591.5,2591.5,27.59000015258789,0.2355,0.1721
sim_2019-02-09_2026-05-21_138e7b4fbb82,2022-02-25,put_credit_spread,DIA,put_credit_spread_DIA_000037,-2.1365,0.0,-2.1365,5721.969054,1927.0,1927.0,27.59000015258789,0.2355,0.1721
sim_2019-02-09_2026-05-21_138e7b4fbb82,2022-02-28,put_credit_spread,DIA,put_credit_spread_DIA_000037,25.5,0.0,25.5,5747.469054,1927.0,1927.0,30.14999961853028,0.2257,0.172
sim_2019-02-09_2026-05-21_138e7b4fbb82,2022-03-01,put_credit_spread,DIA,put_credit_spread_DIA_000037,0.0,0.0,0.0,5747.469054,1927.0,1927.0,33.31999969482422,,
sim_2019-02-09_2026-05-21_138e7b4fbb82,2022-03-02,put_credit_spread,DIA,put_credit_spread_DIA_000037,0.0,0.0,0.0,5747.469054,1927.0,1927.0,30.739999771118164,0.2282,0.1832
sim_2019-02-09_2026-05-21_138e7b4fbb82,2022-03-03,put_credit_spread,DIA,put_credit_spread_DIA_000037,0.0,0.0,0.0,5747.469054,1927.0,1927.0,30.479999542236328,,
sim_2019-02-09_2026-05-21_138e7b4fbb82,2022-03-04,put_credit_spread,DIA,put_credit_spread_DIA_000037,0.0,0.0,0.0,5747.469054,1927.0,1927.0,31.979999542236328,0.2419,0.1804
sim_2019-02-09_2026-05-21_138e7b4fbb82,2022-03-07,put_credit_spread,DIA,put_credit_spread_DIA_000037,0.0,0.0,0.0,5747.469054,1927.0,1927.0,36.45000076293945,0.2419,0.1886
sim_2019-02-09_2026-05-21_138e7b4fbb82,2022-03-08,put_credit_spread,DIA,put_credit_spread_DIA_000037,0.0,0.0,0.0,5747.469054,1927.0,1927.0,35.130001068115234,,
sim_2019-02-09_2026-05-21_138e7b4fbb82,2022-03-09,put_credit_spread,DIA,put_credit_spread_DIA_000037,-120.0,0.0,-120.0,5627.469054,1927.0,1927.0,32.45000076293945,0.2514,0.1992
sim_2019-02-09_2026-05-21_138e7b4fbb82,2022-03-10,put_credit_spread,DIA,put_credit_spread_DIA_000037,0.0,0.0,0.0,5627.469054,1927.0,1927.0,30.229999542236328,,
sim_2019-02-09_2026-05-21_138e7b4fbb82,2022-03-11,put_credit_spread,DIA,put_credit_spread_DIA_000037,0.0,0.0,0.0,5627.469054,1927.0,1927.0,30.75,0.2382,0.1997
sim_2019-02-09_2026-05-21_138e7b4fbb82,2022-03-14,put_credit_spread,DIA,put_credit_spread_DIA_000037,0.0,0.0,0.0,5627.469054,1927.0,1927.0,31.770000457763672,0.2494,0.1929
sim_2019-02-09_2026-05-21_138e7b4fbb82,2022-03-15,put_credit_spread,DIA,put_credit_spread_DIA_000037,0.0,0.0,0.0,5627.469054,1927.0,1927.0,29.82999992370605,,
sim_2019-02-09_2026-05-21_138e7b4fbb82,2022-03-16,put_credit_spread,DIA,put_credit_spread_DIA_000037,0.0,0.0,0.0,5627.469054,1927.0,1927.0,26.670000076293945,0.1988,0.2021
sim_2019-02-09_2026-05-21_138e7b4fbb82,2022-03-17,put_credit_spread,DIA,put_credit_spread_DIA_000037,0.0,0.0,0.0,5627.469054,1927.0,1927.0,25.670000076293945,,
sim_2019-02-09_2026-05-21_138e7b4fbb82,2022-03-18,put_credit_spread,DIA,put_credit_spread_DIA_000037,0.0,0.0,0.0,5627.469054,1927.0,1927.0,23.8700008392334,0.1773,0.2014
sim_2019-02-09_2026-05-21_138e7b4fbb82,2022-03-21,put_credit_spread,DIA,put_credit_spread_DIA_000037,0.0,0.0,0.0,5627.469054,1927.0,1927.0,23.530000686645508,0.1746,0.2019
sim_2019-02-09_2026-05-21_138e7b4fbb82,2022-03-22,put_credit_spread,DIA,put_credit_spread_DIA_000037,0.0,0.0,0.0,5627.469054,1927.0,1927.0,22.940000534057617,,
sim_2019-02-09_2026-05-21_138e7b4fbb82,2022-03-23,put_credit_spread,DIA,put_credit_spread_DIA_000037,0.0,0.0,0.0,5627.469054,1927.0,1927.0,23.56999969482422,0.17,0.2043
sim_2019-02-09_2026-05-21_138e7b4fbb82,2022-03-24,put_credit_spread,DIA,put_credit_spread_DIA_000037,0.0,0.0,0.0,5627.469054,1927.0,1927.0,21.670000076293945,,
sim_2019-02-09_2026-05-21_138e7b4fbb82,2022-03-25,put_credit_spread,DIA,put_credit_spread_DIA_000037,365.5,0.0,365.5,5992.969054,1927.0,1927.0,20.809999465942383,0.1479,0.2016
sim_2019-02-09_2026-05-21_138e7b4fbb82,2022-03-28,put_credit_spread,DIA,put_credit_spread_DIA_000038,-2.1145,0.0,-2.1145,5990.854554,1871.0,1871.0,19.6299991607666,0.1385,0.1969
sim_2019-02-09_2026-05-21_138e7b4fbb82,2022-03-29,put_credit_spread,DIA,put_credit_spread_DIA_000038,0.0,0.0,0.0,5990.854554,1871.0,1871.0,18.89999961853028,,
sim_2019-02-09_2026-05-21_138e7b4fbb82,2022-03-30,put_credit_spread,DIA,put_credit_spread_DIA_000038,0.0,0.0,0.0,5990.854554,1871.0,1871.0,19.32999992370605,0.1406,0.1955
sim_2019-02-09_2026-05-21_138e7b4fbb82,2022-03-31,put_credit_spread,DIA,put_credit_spread_DIA_000038,0.0,0.0,0.0,5990.854554,1871.0,1871.0,20.559999465942383,,
sim_2019-02-09_2026-05-21_138e7b4fbb82,2022-04-01,put_credit_spread,DIA,put_credit_spread_DIA_000038,0.0,0.0,0.0,5990.854554,1871.0,1871.0,19.6299991607666,0.1464,0.194
sim_2019-02-09_2026-05-21_138e7b4fbb82,2022-04-04,put_credit_spread,DIA,put_credit_spread_DIA_000038,0.0,0.0,0.0,5990.854554,1871.0,1871.0,18.56999969482422,0.1332,0.1926
sim_2019-02-09_2026-05-21_138e7b4fbb82,2022-04-05,put_credit_spread,DIA,put_credit_spread_DIA_000038,0.0,0.0,0.0,5990.854554,1871.0,1871.0,21.030000686645508,,
sim_2019-02-09_2026-05-21_138e7b4fbb82,2022-04-06,put_credit_spread,DIA,put_credit_spread_DIA_000038,0.0,0.0,0.0,5990.854554,1871.0,1871.0,22.100000381469727,0.1615,0.1848
sim_2019-02-09_2026-05-21_138e7b4fbb82,2022-04-07,put_credit_spread,DIA,put_credit_spread_DIA_000038,0.0,0.0,0.0,5990.854554,1871.0,1871.0,21.549999237060547,,
sim_2019-02-09_2026-05-21_138e7b4fbb82,2022-04-08,put_credit_spread,DIA,put_credit_spread_DIA_000038,0.0,0.0,0.0,5990.854554,1871.0,1871.0,21.15999984741211,0.1594,0.1718
sim_2019-02-09_2026-05-21_138e7b4fbb82,2022-04-11,put_credit_spread,DIA,put_credit_spread_DIA_000038,-129.0,0.0,-129.0,5861.854554,1871.0,1871.0,24.3700008392334,0.1884,0.1754
sim_2019-02-09_2026-05-21_138e7b4fbb82,2022-04-12,put_credit_spread,DIA,put_credit_spread_DIA_000038,0.0,0.0,0.0,5861.854554,1871.0,1871.0,24.26000022888184,,
sim_2019-02-09_2026-05-21_138e7b4fbb82,2022-04-13,put_credit_spread,DIA,put_credit_spread_DIA_000038,0.0,0.0,0.0,5861.854554,1871.0,1871.0,21.81999969482422,0.1643,0.1616
sim_2019-02-09_2026-05-21_138e7b4fbb82,2022-04-14,put_credit_spread,DIA,put_credit_spread_DIA_000038,0.0,0.0,0.0,5861.854554,1871.0,1871.0,22.700000762939453,,
sim_2019-02-09_2026-05-21_138e7b4fbb82,2022-04-18,put_credit_spread,DIA,put_credit_spread_DIA_000038,0.0,0.0,0.0,5861.854554,1871.0,1871.0,22.170000076293945,0.1773,0.1612
sim_2019-02-09_2026-05-21_138e7b4fbb82,2022-04-19,put_credit_spread,DIA,put_credit_spread_DIA_000038,0.0,0.0,0.0,5861.854554,1871.0,1871.0,21.3700008392334,,
sim_2019-02-09_2026-05-21_138e7b4fbb82,2022-04-20,put_credit_spread,DIA,put_credit_spread_DIA_000038,0.0,0.0,0.0,5861.854554,1871.0,1871.0,20.31999969482422,0.1609,0.1464
sim_2019-02-09_2026-05-21_138e7b4fbb82,2022-04-21,put_credit_spread,DIA,put_credit_spread_DIA_000038,0.0,0.0,0.0,5861.854554,1871.0,1871.0,22.68000030517578,,
sim_2019-02-09_2026-05-21_138e7b4fbb82,2022-04-22,put_credit_spread,DIA,put_credit_spread_DIA_000038,-117.237599,0.0,-117.237599,5744.616954,1871.0,1871.0,28.209999084472656,0.2221,0.1632
sim_2019-02-09_2026-05-21_138e7b4fbb82,2022-04-22,put_credit_spread,DIA,put_credit_spread_DIA_000039,-2.15125,0.0,-2.15125,5742.465704,1697.5,1697.5,28.209999084472656,0.2221,0.1632
sim_2019-02-09_2026-05-21_138e7b4fbb82,2022-04-25,put_credit_spread,DIA,put_credit_spread_DIA_000039,-40.0,0.0,-40.0,5702.465704,1697.5,1697.5,27.020000457763672,0.2142,0.1628
sim_2019-02-09_2026-05-21_138e7b4fbb82,2022-04-26,put_credit_spread,DIA,put_credit_spread_DIA_000039,0.0,0.0,0.0,5702.465704,1697.5,1697.5,33.52000045776367,,
sim_2019-02-09_2026-05-21_138e7b4fbb82,2022-04-27,put_credit_spread,DIA,put_credit_spread_DIA_000039,0.0,0.0,0.0,5702.465704,1697.5,1697.5,31.600000381469727,0.2588,0.17
sim_2019-02-09_2026-05-21_138e7b4fbb82,2022-04-28,put_credit_spread,DIA,put_credit_spread_DIA_000039,0.0,0.0,0.0,5702.465704,1697.5,1697.5,29.989999771118164,,
sim_2019-02-09_2026-05-21_138e7b4fbb82,2022-04-29,put_credit_spread,DIA,put_credit_spread_DIA_000039,0.0,0.0,0.0,5702.465704,1697.5,1697.5,33.400001525878906,,
sim_2019-02-09_2026-05-21_138e7b4fbb82,2022-05-02,put_credit_spread,DIA,put_credit_spread_DIA_000039,0.0,0.0,0.0,5702.465704,1697.5,1697.5,32.34000015258789,0.2483,0.1872
sim_2019-02-09_2026-05-21_138e7b4fbb82,2022-05-03,put_credit_spread,DIA,put_credit_spread_DIA_000039,0.0,0.0,0.0,5702.465704,1697.5,1697.5,29.25,,
sim_2019-02-09_2026-05-21_138e7b4fbb82,2022-05-04,put_credit_spread,DIA,put_credit_spread_DIA_000039,0.0,0.0,0.0,5702.465704,1697.5,1697.5,25.420000076293945,0.1921,0.2039
sim_2019-02-09_2026-05-21_138e7b4fbb82,2022-05-05,put_credit_spread,DIA,put_credit_spread_DIA_000039,0.0,0.0,0.0,5702.465704,1697.5,1697.5,31.200000762939453,,
sim_2019-02-09_2026-05-21_138e7b4fbb82,2022-05-06,put_credit_spread,DIA,put_credit_spread_DIA_000039,8.5,0.0,8.5,5710.965704,1697.5,1697.5,30.190000534057617,0.2271,0.216
sim_2019-02-09_2026-05-21_138e7b4fbb82,2022-05-09,put_credit_spread,DIA,put_credit_spread_DIA_000039,61.0,0.0,61.0,5771.965704,1697.5,1697.5,34.75,0.2712,0.2214
sim_2019-02-09_2026-05-21_138e7b4fbb82,2022-05-10,put_credit_spread,DIA,put_credit_spread_DIA_000039,0.0,0.0,0.0,5771.965704,1697.5,1697.5,32.9900016784668,,
sim_2019-02-09_2026-05-21_138e7b4fbb82,2022-05-11,put_credit_spread,DIA,put_credit_spread_DIA_000039,0.0,0.0,0.0,5771.965704,1697.5,1697.5,32.560001373291016,0.2589,0.2186
sim_2019-02-09_2026-05-21_138e7b4fbb82,2022-05-12,put_credit_spread,DIA,put_credit_spread_DIA_000039,0.0,0.0,0.0,5771.965704,1697.5,1697.5,31.770000457763672,,
sim_2019-02-09_2026-05-21_138e7b4fbb82,2022-05-13,put_credit_spread,DIA,put_credit_spread_DIA_000039,0.0,0.0,0.0,5771.965704,1697.5,1697.5,28.8700008392334,0.2331,0.2216
sim_2019-02-09_2026-05-21_138e7b4fbb82,2022-05-16,put_credit_spread,DIA,put_credit_spread_DIA_000039,0.0,0.0,0.0,5771.965704,1697.5,1697.5,27.46999931335449,0.2297,0.2212
sim_2019-02-09_2026-05-21_138e7b4fbb82,2022-05-17,put_credit_spread,DIA,put_credit_spread_DIA_000039,0.0,0.0,0.0,5771.965704,1697.5,1697.5,26.100000381469727,,
sim_2019-02-09_2026-05-21_138e7b4fbb82,2022-05-18,put_credit_spread,DIA,put_credit_spread_DIA_000039,-2.1365,0.0,-2.1365,5769.829204,1697.5,1697.5,30.959999084472656,0.2489,0.2452
sim_2019-02-09_2026-05-21_138e7b4fbb82,2022-05-23,put_credit_spread,DIA,put_credit_spread_DIA_000040,-2.1225,0.0,-2.1225,5767.706704,1655.0,1655.0,28.479999542236328,0.2213,0.2534
sim_2019-02-09_2026-05-21_138e7b4fbb82,2022-05-24,put_credit_spread,DIA,put_credit_spread_DIA_000040,0.0,0.0,0.0,5767.706704,1655.0,1655.0,29.450000762939453,,
sim_2019-02-09_2026-05-21_138e7b4fbb82,2022-05-25,put_credit_spread,DIA,put_credit_spread_DIA_000040,0.0,0.0,0.0,5767.706704,1655.0,1655.0,28.3700008392334,0.2164,0.2533
sim_2019-02-09_2026-05-21_138e7b4fbb82,2022-05-26,put_credit_spread,DIA,put_credit_spread_DIA_000040,0.0,0.0,0.0,5767.706704,1655.0,1655.0,27.5,,
sim_2019-02-09_2026-05-21_138e7b4fbb82,2022-05-27,put_credit_spread,DIA,put_credit_spread_DIA_000040,0.0,0.0,0.0,5767.706704,1655.0,1655.0,25.71999931335449,0.1889,0.262
sim_2019-02-09_2026-05-21_138e7b4fbb82,2022-05-31,put_credit_spread,DIA,put_credit_spread_DIA_000040,0.0,0.0,0.0,5767.706704,1655.0,1655.0,26.190000534057617,,
sim_2019-02-09_2026-05-21_138e7b4fbb82,2022-06-01,put_credit_spread,DIA,put_credit_spread_DIA_000040,-87.0,0.0,-87.0,5680.706704,1655.0,1655.0,25.690000534057617,0.1943,0.2581
sim_2019-02-09_2026-05-21_138e7b4fbb82,2022-06-02,put_credit_spread,DIA,put_credit_spread_DIA_000040,0.0,0.0,0.0,5680.706704,1655.0,1655.0,24.71999931335449,,
sim_2019-02-09_2026-05-21_138e7b4fbb82,2022-06-03,put_credit_spread,DIA,put_credit_spread_DIA_000040,0.0,0.0,0.0,5680.706704,1655.0,1655.0,24.790000915527344,0.18,0.2606
sim_2019-02-09_2026-05-21_138e7b4fbb82,2022-06-06,put_credit_spread,DIA,put_credit_spread_DIA_000040,0.0,0.0,0.0,5680.706704,1655.0,1655.0,25.06999969482422,0.1914,0.2489
sim_2019-02-09_2026-05-21_138e7b4fbb82,2022-06-07,put_credit_spread,DIA,put_credit_spread_DIA_000040,0.0,0.0,0.0,5680.706704,1655.0,1655.0,24.020000457763672,,
sim_2019-02-09_2026-05-21_138e7b4fbb82,2022-06-08,put_credit_spread,DIA,put_credit_spread_DIA_000040,0.0,0.0,0.0,5680.706704,1655.0,1655.0,23.959999084472656,0.1838,0.2406
sim_2019-02-09_2026-05-21_138e7b4fbb82,2022-06-09,put_credit_spread,DIA,put_credit_spread_DIA_000040,0.0,0.0,0.0,5680.706704,1655.0,1655.0,26.09000015258789,,
sim_2019-02-09_2026-05-21_138e7b4fbb82,2022-06-10,put_credit_spread,DIA,put_credit_spread_DIA_000040,0.0,0.0,0.0,5680.706704,1655.0,1655.0,27.75,0.2195,0.2508
sim_2019-02-09_2026-05-21_138e7b4fbb82,2022-06-13,put_credit_spread,DIA,put_credit_spread_DIA_000040,0.0,0.0,0.0,5680.706704,1655.0,1655.0,34.02000045776367,0.2587,0.2505
sim_2019-02-09_2026-05-21_138e7b4fbb82,2022-06-14,put_credit_spread,DIA,put_credit_spread_DIA_000040,0.0,0.0,0.0,5680.706704,1655.0,1655.0,32.689998626708984,,
sim_2019-02-09_2026-05-21_138e7b4fbb82,2022-06-15,put_credit_spread,DIA,put_credit_spread_DIA_000040,0.0,0.0,0.0,5680.706704,1655.0,1655.0,29.6200008392334,0.2337,0.2522
sim_2019-02-09_2026-05-21_138e7b4fbb82,2022-06-16,put_credit_spread,DIA,put_credit_spread_DIA_000040,-2.166,0.0,-2.166,5678.540704,1655.0,1655.0,32.95000076293945,,
sim_2019-02-09_2026-05-21_138e7b4fbb82,2022-06-17,put_credit_spread,DIA,put_credit_spread_DIA_000041,-2.099,0.0,-2.099,5676.441704,1302.0,1302.0,31.1299991607666,0.2394,0.2292
sim_2019-02-09_2026-05-21_138e7b4fbb82,2022-06-21,put_credit_spread,DIA,put_credit_spread_DIA_000041,0.0,0.0,0.0,5676.441704,1302.0,1302.0,30.190000534057617,,
sim_2019-02-09_2026-05-21_138e7b4fbb82,2022-06-22,put_credit_spread,DIA,put_credit_spread_DIA_000041,0.0,0.0,0.0,5676.441704,1302.0,1302.0,28.950000762939453,0.2262,0.2348
sim_2019-02-09_2026-05-21_138e7b4fbb82,2022-06-23,put_credit_spread,DIA,put_credit_spread_DIA_000041,0.0,0.0,0.0,5676.441704,1302.0,1302.0,29.049999237060547,,
sim_2019-02-09_2026-05-21_138e7b4fbb82,2022-06-24,put_credit_spread,DIA,put_credit_spread_DIA_000041,0.0,0.0,0.0,5676.441704,1302.0,1302.0,27.229999542236328,,
sim_2019-02-09_2026-05-21_138e7b4fbb82,2022-06-27,put_credit_spread,DIA,put_credit_spread_DIA_000041,0.0,0.0,0.0,5676.441704,1302.0,1302.0,26.950000762939453,0.2132,0.2482
sim_2019-02-09_2026-05-21_138e7b4fbb82,2022-06-28,put_credit_spread,DIA,put_credit_spread_DIA_000041,0.0,0.0,0.0,5676.441704,1302.0,1302.0,28.36000061035156,,
sim_2019-02-09_2026-05-21_138e7b4fbb82,2022-06-29,put_credit_spread,DIA,put_credit_spread_DIA_000041,156.9805,0.0,156.9805,5833.422204,1302.0,1302.0,28.15999984741211,0.2231,0.2483
sim_2019-02-09_2026-05-21_138e7b4fbb82,2022-06-29,put_credit_spread,DIA,put_credit_spread_DIA_000042,-2.12725,0.0,-2.12725,5831.294954,1545.5,1545.5,28.15999984741211,0.2231,0.2483
sim_2019-02-09_2026-05-21_138e7b4fbb82,2022-06-30,put_credit_spread,DIA,put_credit_spread_DIA_000042,0.0,0.0,0.0,5831.294954,1545.5,1545.5,28.709999084472656,,
sim_2019-02-09_2026-05-21_138e7b4fbb82,2022-07-01,put_credit_spread,DIA,put_credit_spread_DIA_000042,18.0,0.0,18.0,5849.294954,1545.5,1545.5,26.700000762939453,0.2182,0.2249
sim_2019-02-09_2026-05-21_138e7b4fbb82,2022-07-05,put_credit_spread,DIA,put_credit_spread_DIA_000042,0.0,0.0,0.0,5849.294954,1545.5,1545.5,27.540000915527344,,
sim_2019-02-09_2026-05-21_138e7b4fbb82,2022-07-06,put_credit_spread,DIA,put_credit_spread_DIA_000042,0.0,0.0,0.0,5849.294954,1545.5,1545.5,26.729999542236328,0.218,0.2242
sim_2019-02-09_2026-05-21_138e7b4fbb82,2022-07-07,put_credit_spread,DIA,put_credit_spread_DIA_000042,0.0,0.0,0.0,5849.294954,1545.5,1545.5,26.07999992370605,,
sim_2019-02-09_2026-05-21_138e7b4fbb82,2022-07-08,put_credit_spread,DIA,put_credit_spread_DIA_000042,0.0,0.0,0.0,5849.294954,1545.5,1545.5,24.63999938964844,0.1965,0.2184
sim_2019-02-09_2026-05-21_138e7b4fbb82,2022-07-11,put_credit_spread,DIA,put_credit_spread_DIA_000042,0.0,0.0,0.0,5849.294954,1545.5,1545.5,26.170000076293945,0.2089,0.2179
sim_2019-02-09_2026-05-21_138e7b4fbb82,2022-07-12,put_credit_spread,DIA,put_credit_spread_DIA_000042,0.0,0.0,0.0,5849.294954,1545.5,1545.5,27.290000915527344,,
sim_2019-02-09_2026-05-21_138e7b4fbb82,2022-07-13,put_credit_spread,DIA,put_credit_spread_DIA_000042,0.0,0.0,0.0,5849.294954,1545.5,1545.5,26.81999969482422,0.2192,0.2051
sim_2019-02-09_2026-05-21_138e7b4fbb82,2022-07-14,put_credit_spread,DIA,put_credit_spread_DIA_000042,0.0,0.0,0.0,5849.294954,1545.5,1545.5,26.39999961853028,,
sim_2019-02-09_2026-05-21_138e7b4fbb82,2022-07-15,put_credit_spread,DIA,put_credit_spread_DIA_000042,-75.5,0.0,-75.5,5773.794954,1545.5,1545.5,24.229999542236328,0.1961,0.215
sim_2019-02-09_2026-05-21_138e7b4fbb82,2022-07-18,put_credit_spread,DIA,put_credit_spread_DIA_000042,214.5,0.0,214.5,5988.294954,1545.5,1545.5,25.299999237060547,0.2045,0.2106
sim_2019-02-09_2026-05-21_138e7b4fbb82,2022-07-19,put_credit_spread,DIA,put_credit_spread_DIA_000042,0.0,0.0,0.0,5988.294954,1545.5,1545.5,24.5,,
sim_2019-02-09_2026-05-21_138e7b4fbb82,2022-07-20,put_credit_spread,DIA,put_credit_spread_DIA_000042,0.0,0.0,0.0,5988.294954,1545.5,1545.5,23.8799991607666,0.1947,0.2223
sim_2019-02-09_2026-05-21_138e7b4fbb82,2022-07-21,put_credit_spread,DIA,put_credit_spread_DIA_000042,0.0,0.0,0.0,5988.294954,1545.5,1545.5,23.11000061035156,,
sim_2019-02-09_2026-05-21_138e7b4fbb82,2022-07-22,put_credit_spread,DIA,put_credit_spread_DIA_000042,0.0,0.0,0.0,5988.294954,1545.5,1545.5,23.030000686645508,0.1827,0.2205
sim_2019-02-09_2026-05-21_138e7b4fbb82,2022-07-25,put_credit_spread,DIA,put_credit_spread_DIA_000042,0.0,0.0,0.0,5988.294954,1545.5,1545.5,23.36000061035156,0.1832,0.2136
sim_2019-02-09_2026-05-21_138e7b4fbb82,2022-07-26,put_credit_spread,DIA,put_credit_spread_DIA_000042,0.0,0.0,0.0,5988.294954,1545.5,1545.5,24.690000534057617,,
sim_2019-02-09_2026-05-21_138e7b4fbb82,2022-07-27,put_credit_spread,DIA,put_credit_spread_DIA_000042,0.0,0.0,0.0,5988.294954,1545.5,1545.5,23.239999771118164,0.18,0.1835
sim_2019-02-09_2026-05-21_138e7b4fbb82,2022-07-28,put_credit_spread,DIA,put_credit_spread_DIA_000042,0.0,0.0,0.0,5988.294954,1545.5,1545.5,22.32999992370605,,
sim_2019-02-09_2026-05-21_138e7b4fbb82,2022-07-29,put_credit_spread,DIA,put_credit_spread_DIA_000042,95.5,0.0,95.5,6083.794954,1545.5,1545.5,21.32999992370605,0.1625,0.1845
sim_2019-02-09_2026-05-21_138e7b4fbb82,2022-07-29,put_credit_spread,DIA,put_credit_spread_DIA_000043,-2.14175,0.0,-2.14175,6081.653204,1666.5,1666.5,21.32999992370605,0.1625,0.1845
sim_2019-02-09_2026-05-21_138e7b4fbb82,2022-08-01,put_credit_spread,DIA,put_credit_spread_DIA_000043,0.0,0.0,0.0,6081.653204,1666.5,1666.5,22.84000015258789,0.1728,0.1673
sim_2019-02-09_2026-05-21_138e7b4fbb82,2022-08-02,put_credit_spread,DIA,put_credit_spread_DIA_000043,0.0,0.0,0.0,6081.653204,1666.5,1666.5,23.93000030517578,,
sim_2019-02-09_2026-05-21_138e7b4fbb82,2022-08-03,put_credit_spread,DIA,put_credit_spread_DIA_000043,0.0,0.0,0.0,6081.653204,1666.5,1666.5,21.950000762939453,0.1641,0.1651
sim_2019-02-09_2026-05-21_138e7b4fbb82,2022-08-04,put_credit_spread,DIA,put_credit_spread_DIA_000043,0.0,0.0,0.0,6081.653204,1666.5,1666.5,21.440000534057617,,
sim_2019-02-09_2026-05-21_138e7b4fbb82,2022-08-05,put_credit_spread,DIA,put_credit_spread_DIA_000043,0.0,0.0,0.0,6081.653204,1666.5,1666.5,21.14999961853028,0.156,0.1646
sim_2019-02-09_2026-05-21_138e7b4fbb82,2022-08-08,put_credit_spread,DIA,put_credit_spread_DIA_000043,0.0,0.0,0.0,6081.653204,1666.5,1666.5,21.290000915527344,0.1601,0.1474
sim_2019-02-09_2026-05-21_138e7b4fbb82,2022-08-09,put_credit_spread,DIA,put_credit_spread_DIA_000043,0.0,0.0,0.0,6081.653204,1666.5,1666.5,21.770000457763672,,
sim_2019-02-09_2026-05-21_138e7b4fbb82,2022-08-10,put_credit_spread,DIA,put_credit_spread_DIA_000043,0.0,0.0,0.0,6081.653204,1666.5,1666.5,19.739999771118164,0.1463,0.1435
sim_2019-02-09_2026-05-21_138e7b4fbb82,2022-08-11,put_credit_spread,DIA,put_credit_spread_DIA_000043,0.0,0.0,0.0,6081.653204,1666.5,1666.5,20.200000762939453,,
sim_2019-02-09_2026-05-21_138e7b4fbb82,2022-08-12,put_credit_spread,DIA,put_credit_spread_DIA_000043,0.0,0.0,0.0,6081.653204,1666.5,1666.5,19.530000686645508,0.1478,0.1432
sim_2019-02-09_2026-05-21_138e7b4fbb82,2022-08-15,put_credit_spread,DIA,put_credit_spread_DIA_000043,0.0,0.0,0.0,6081.653204,1666.5,1666.5,19.950000762939453,0.1532,0.1419
sim_2019-02-09_2026-05-21_138e7b4fbb82,2022-08-16,put_credit_spread,DIA,put_credit_spread_DIA_000043,0.0,0.0,0.0,6081.653204,1666.5,1666.5,19.690000534057617,,
sim_2019-02-09_2026-05-21_138e7b4fbb82,2022-08-17,put_credit_spread,DIA,put_credit_spread_DIA_000043,0.0,0.0,0.0,6081.653204,1666.5,1666.5,19.89999961853028,0.1574,0.1427
sim_2019-02-09_2026-05-21_138e7b4fbb82,2022-08-18,put_credit_spread,DIA,put_credit_spread_DIA_000043,0.0,0.0,0.0,6081.653204,1666.5,1666.5,19.559999465942383,,
sim_2019-02-09_2026-05-21_138e7b4fbb82,2022-08-19,put_credit_spread,DIA,put_credit_spread_DIA_000043,0.0,0.0,0.0,6081.653204,1666.5,1666.5,20.600000381469727,0.1623,0.1452
sim_2019-02-09_2026-05-21_138e7b4fbb82,2022-08-22,put_credit_spread,DIA,put_credit_spread_DIA_000043,0.0,0.0,0.0,6081.653204,1666.5,1666.5,23.799999237060547,0.187,0.1562
sim_2019-02-09_2026-05-21_138e7b4fbb82,2022-08-23,put_credit_spread,DIA,put_credit_spread_DIA_000043,0.0,0.0,0.0,6081.653204,1666.5,1666.5,24.11000061035156,,
sim_2019-02-09_2026-05-21_138e7b4fbb82,2022-08-24,put_credit_spread,DIA,put_credit_spread_DIA_000043,0.0,0.0,0.0,6081.653204,1666.5,1666.5,22.81999969482422,0.1808,0.1535
sim_2019-02-09_2026-05-21_138e7b4fbb82,2022-08-25,put_credit_spread,DIA,put_credit_spread_DIA_000043,0.0,0.0,0.0,6081.653204,1666.5,1666.5,21.780000686645508,,
sim_2019-02-09_2026-05-21_138e7b4fbb82,2022-08-26,put_credit_spread,DIA,put_credit_spread_DIA_000043,281.5,0.0,281.5,6363.153204,1666.5,1666.5,25.559999465942383,0.2026,0.1739
sim_2019-02-09_2026-05-21_138e7b4fbb82,2022-08-26,put_credit_spread,DIA,put_credit_spread_DIA_000044,-2.10125,0.0,-2.10125,6361.051954,1297.5,1297.5,25.559999465942383,0.2026,0.1739
sim_2019-02-09_2026-05-21_138e7b4fbb82,2022-08-29,put_credit_spread,DIA,put_credit_spread_DIA_000044,11.0,0.0,11.0,6372.051954,1297.5,1297.5,26.209999084472656,0.2081,0.1736
sim_2019-02-09_2026-05-21_138e7b4fbb82,2022-08-30,put_credit_spread,DIA,put_credit_spread_DIA_000044,0.0,0.0,0.0,6372.051954,1297.5,1297.5,26.209999084472656,,
sim_2019-02-09_2026-05-21_138e7b4fbb82,2022-08-31,put_credit_spread,DIA,put_credit_spread_DIA_000044,0.0,0.0,0.0,6372.051954,1297.5,1297.5,25.8700008392334,0.2075,0.1637
sim_2019-02-09_2026-05-21_138e7b4fbb82,2022-09-01,put_credit_spread,DIA,put_credit_spread_DIA_000044,0.0,0.0,0.0,6372.051954,1297.5,1297.5,25.559999465942383,,
sim_2019-02-09_2026-05-21_138e7b4fbb82,2022-09-02,put_credit_spread,DIA,put_credit_spread_DIA_000044,0.0,0.0,0.0,6372.051954,1297.5,1297.5,25.46999931335449,0.2042,0.1657
sim_2019-02-09_2026-05-21_138e7b4fbb82,2022-09-06,put_credit_spread,DIA,put_credit_spread_DIA_000044,0.0,0.0,0.0,6372.051954,1297.5,1297.5,26.90999984741211,,
sim_2019-02-09_2026-05-21_138e7b4fbb82,2022-09-07,put_credit_spread,DIA,put_credit_spread_DIA_000044,5.0,0.0,5.0,6377.051954,1297.5,1297.5,24.63999938964844,0.1964,0.1694
sim_2019-02-09_2026-05-21_138e7b4fbb82,2022-09-08,put_credit_spread,DIA,put_credit_spread_DIA_000044,0.0,0.0,0.0,6377.051954,1297.5,1297.5,23.61000061035156,,
sim_2019-02-09_2026-05-21_138e7b4fbb82,2022-09-09,put_credit_spread,DIA,put_credit_spread_DIA_000044,0.0,0.0,0.0,6377.051954,1297.5,1297.5,22.790000915527344,0.1792,0.1668
sim_2019-02-09_2026-05-21_138e7b4fbb82,2022-09-12,put_credit_spread,DIA,put_credit_spread_DIA_000044,0.0,0.0,0.0,6377.051954,1297.5,1297.5,23.8700008392334,0.1896,0.1651
sim_2019-02-09_2026-05-21_138e7b4fbb82,2022-09-13,put_credit_spread,DIA,put_credit_spread_DIA_000044,0.0,0.0,0.0,6377.051954,1297.5,1297.5,27.270000457763672,,
sim_2019-02-09_2026-05-21_138e7b4fbb82,2022-09-14,put_credit_spread,DIA,put_credit_spread_DIA_000044,0.0,0.0,0.0,6377.051954,1297.5,1297.5,26.15999984741211,0.2106,0.1993
sim_2019-02-09_2026-05-21_138e7b4fbb82,2022-09-15,put_credit_spread,DIA,put_credit_spread_DIA_000044,0.0,0.0,0.0,6377.051954,1297.5,1297.5,26.270000457763672,,
sim_2019-02-09_2026-05-21_138e7b4fbb82,2022-09-16,put_credit_spread,DIA,put_credit_spread_DIA_000044,0.0,0.0,0.0,6377.051954,1297.5,1297.5,26.299999237060547,0.2189,0.1959
sim_2019-02-09_2026-05-21_138e7b4fbb82,2022-09-19,put_credit_spread,DIA,put_credit_spread_DIA_000044,0.0,0.0,0.0,6377.051954,1297.5,1297.5,25.76000022888184,0.2121,0.1973
sim_2019-02-09_2026-05-21_138e7b4fbb82,2022-09-20,put_credit_spread,DIA,put_credit_spread_DIA_000044,0.0,0.0,0.0,6377.051954,1297.5,1297.5,27.15999984741211,,
sim_2019-02-09_2026-05-21_138e7b4fbb82,2022-09-21,put_credit_spread,DIA,put_credit_spread_DIA_000044,-2.09325,0.0,-2.09325,6374.958704,1297.5,1297.5,27.989999771118164,0.2336,0.203
sim_2019-02-09_2026-05-21_138e7b4fbb82,2022-09-21,put_credit_spread,DIA,put_credit_spread_DIA_000045,-2.135,0.0,-2.135,6372.823704,1730.0,1730.0,27.989999771118164,0.2336,0.203
sim_2019-02-09_2026-05-21_138e7b4fbb82,2022-09-22,put_credit_spread,DIA,put_credit_spread_DIA_000045,0.0,0.0,0.0,6372.823704,1730.0,1730.0,27.350000381469727,,
sim_2019-02-09_2026-05-21_138e7b4fbb82,2022-09-23,put_credit_spread,DIA,put_credit_spread_DIA_000045,-131.5,0.0,-131.5,6241.323704,1730.0,1730.0,29.920000076293945,0.2393,0.1976
sim_2019-02-09_2026-05-21_138e7b4fbb82,2022-09-26,put_credit_spread,DIA,put_credit_spread_DIA_000045,47.0,0.0,47.0,6288.323704,1730.0,1730.0,32.2599983215332,0.2548,0.1923
sim_2019-02-09_2026-05-21_138e7b4fbb82,2022-09-27,put_credit_spread,DIA,put_credit_spread_DIA_000045,0.0,0.0,0.0,6288.323704,1730.0,1730.0,32.599998474121094,,
sim_2019-02-09_2026-05-21_138e7b4fbb82,2022-09-28,put_credit_spread,DIA,put_credit_spread_DIA_000045,0.0,0.0,0.0,6288.323704,1730.0,1730.0,30.18000030517578,0.2432,0.1993
sim_2019-02-09_2026-05-21_138e7b4fbb82,2022-09-29,put_credit_spread,DIA,put_credit_spread_DIA_000045,0.0,0.0,0.0,6288.323704,1730.0,1730.0,31.84000015258789,,
sim_2019-02-09_2026-05-21_138e7b4fbb82,2022-09-30,put_credit_spread,DIA,put_credit_spread_DIA_000045,0.0,0.0,0.0,6288.323704,1730.0,1730.0,31.6200008392334,0.2474,0.2037
sim_2019-02-09_2026-05-21_138e7b4fbb82,2022-10-03,put_credit_spread,DIA,put_credit_spread_DIA_000045,0.0,0.0,0.0,6288.323704,1730.0,1730.0,30.100000381469727,0.2365,0.2224
sim_2019-02-09_2026-05-21_138e7b4fbb82,2022-10-04,put_credit_spread,DIA,put_credit_spread_DIA_000045,0.0,0.0,0.0,6288.323704,1730.0,1730.0,29.06999969482422,,
sim_2019-02-09_2026-05-21_138e7b4fbb82,2022-10-05,put_credit_spread,DIA,put_credit_spread_DIA_000045,0.0,0.0,0.0,6288.323704,1730.0,1730.0,28.549999237060547,0.2335,0.237
sim_2019-02-09_2026-05-21_138e7b4fbb82,2022-10-06,put_credit_spread,DIA,put_credit_spread_DIA_000045,0.0,0.0,0.0,6288.323704,1730.0,1730.0,30.520000457763672,,
sim_2019-02-09_2026-05-21_138e7b4fbb82,2022-10-07,put_credit_spread,DIA,put_credit_spread_DIA_000045,-116.0,0.0,-116.0,6172.323704,1730.0,1730.0,31.36000061035156,0.2574,0.24
sim_2019-02-09_2026-05-21_138e7b4fbb82,2022-10-10,put_credit_spread,DIA,put_credit_spread_DIA_000045,-13.5,0.0,-13.5,6158.823704,1730.0,1730.0,32.45000076293945,0.2656,0.226
sim_2019-02-09_2026-05-21_138e7b4fbb82,2022-10-11,put_credit_spread,DIA,put_credit_spread_DIA_000045,0.0,0.0,0.0,6158.823704,1730.0,1730.0,33.630001068115234,,
sim_2019-02-09_2026-05-21_138e7b4fbb82,2022-10-12,put_credit_spread,DIA,put_credit_spread_DIA_000045,0.0,0.0,0.0,6158.823704,1730.0,1730.0,33.56999969482422,0.2733,0.2256
sim_2019-02-09_2026-05-21_138e7b4fbb82,2022-10-13,put_credit_spread,DIA,put_credit_spread_DIA_000045,0.0,0.0,0.0,6158.823704,1730.0,1730.0,31.940000534057617,,
sim_2019-02-09_2026-05-21_138e7b4fbb82,2022-10-14,put_credit_spread,DIA,put_credit_spread_DIA_000045,0.0,0.0,0.0,6158.823704,1730.0,1730.0,32.02000045776367,0.2667,0.2437
sim_2019-02-09_2026-05-21_138e7b4fbb82,2022-10-17,put_credit_spread,DIA,put_credit_spread_DIA_000045,0.0,0.0,0.0,6158.823704,1730.0,1730.0,31.3700008392334,0.2631,0.2489
sim_2019-02-09_2026-05-21_138e7b4fbb82,2022-10-18,put_credit_spread,DIA,put_credit_spread_DIA_000045,0.0,0.0,0.0,6158.823704,1730.0,1730.0,30.5,,
sim_2019-02-09_2026-05-21_138e7b4fbb82,2022-10-19,put_credit_spread,DIA,put_credit_spread_DIA_000045,0.0,0.0,0.0,6158.823704,1730.0,1730.0,30.76000022888184,0.2573,0.2478
sim_2019-02-09_2026-05-21_138e7b4fbb82,2022-10-20,put_credit_spread,DIA,put_credit_spread_DIA_000045,0.0,0.0,0.0,6158.823704,1730.0,1730.0,29.979999542236328,,
sim_2019-02-09_2026-05-21_138e7b4fbb82,2022-10-21,put_credit_spread,DIA,put_credit_spread_DIA_000045,482.0,0.0,482.0,6640.823704,1730.0,1730.0,29.690000534057617,,
sim_2019-02-09_2026-05-21_138e7b4fbb82,2022-10-24,put_credit_spread,DIA,put_credit_spread_DIA_000046,-2.135,0.0,-2.135,6638.688704,1530.0,1530.0,29.850000381469727,0.2502,0.2577
sim_2019-02-09_2026-05-21_138e7b4fbb82,2022-10-25,put_credit_spread,DIA,put_credit_spread_DIA_000046,0.0,0.0,0.0,6638.688704,1530.0,1530.0,28.459999084472656,,
sim_2019-02-09_2026-05-21_138e7b4fbb82,2022-10-26,put_credit_spread,DIA,put_credit_spread_DIA_000046,0.0,0.0,0.0,6638.688704,1530.0,1530.0,27.280000686645508,0.2274,0.231
sim_2019-02-09_2026-05-21_138e7b4fbb82,2022-10-27,put_credit_spread,DIA,put_credit_spread_DIA_000046,0.0,0.0,0.0,6638.688704,1530.0,1530.0,27.38999938964844,,
sim_2019-02-09_2026-05-21_138e7b4fbb82,2022-10-28,put_credit_spread,DIA,put_credit_spread_DIA_000046,0.0,0.0,0.0,6638.688704,1530.0,1530.0,25.75,0.2187,0.2395
sim_2019-02-09_2026-05-21_138e7b4fbb82,2022-10-31,put_credit_spread,DIA,put_credit_spread_DIA_000046,0.0,0.0,0.0,6638.688704,1530.0,1530.0,25.8799991607666,0.2175,0.2396
sim_2019-02-09_2026-05-21_138e7b4fbb82,2022-11-01,put_credit_spread,DIA,put_credit_spread_DIA_000046,0.0,0.0,0.0,6638.688704,1530.0,1530.0,25.809999465942383,,
sim_2019-02-09_2026-05-21_138e7b4fbb82,2022-11-02,put_credit_spread,DIA,put_credit_spread_DIA_000046,264.49825,0.0,264.49825,6903.186954,1530.0,1530.0,25.86000061035156,0.2214,0.2364
sim_2019-02-09_2026-05-21_138e7b4fbb82,2022-11-02,put_credit_spread,DIA,put_credit_spread_DIA_000047,-2.1095,0.0,-2.1095,6901.077454,1081.0,1081.0,25.86000061035156,0.2214,0.2364
sim_2019-02-09_2026-05-21_138e7b4fbb82,2022-11-03,put_credit_spread,DIA,put_credit_spread_DIA_000047,0.0,0.0,0.0,6901.077454,1081.0,1081.0,25.299999237060547,,
sim_2019-02-09_2026-05-21_138e7b4fbb82,2022-11-04,put_credit_spread,DIA,put_credit_spread_DIA_000047,0.0,0.0,0.0,6901.077454,1081.0,1081.0,24.549999237060547,0.2079,0.2325
sim_2019-02-09_2026-05-21_138e7b4fbb82,2022-11-07,put_credit_spread,DIA,put_credit_spread_DIA_000047,117.5,0.0,117.5,7018.577454,1081.0,1081.0,24.350000381469727,0.2066,0.2305
sim_2019-02-09_2026-05-21_138e7b4fbb82,2022-11-08,put_credit_spread,DIA,put_credit_spread_DIA_000047,0.0,0.0,0.0,7018.577454,1081.0,1081.0,25.540000915527344,,
sim_2019-02-09_2026-05-21_138e7b4fbb82,2022-11-09,put_credit_spread,DIA,put_credit_spread_DIA_000047,0.0,0.0,0.0,7018.577454,1081.0,1081.0,26.09000015258789,0.2207,0.2355
sim_2019-02-09_2026-05-21_138e7b4fbb82,2022-11-10,put_credit_spread,DIA,put_credit_spread_DIA_000047,0.0,0.0,0.0,7018.577454,1081.0,1081.0,23.530000686645508,,
sim_2019-02-09_2026-05-21_138e7b4fbb82,2022-11-11,put_credit_spread,DIA,put_credit_spread_DIA_000047,0.0,0.0,0.0,7018.577454,1081.0,1081.0,22.520000457763672,0.1922,0.2389
sim_2019-02-09_2026-05-21_138e7b4fbb82,2022-11-14,put_credit_spread,DIA,put_credit_spread_DIA_000047,0.0,0.0,0.0,7018.577454,1081.0,1081.0,23.729999542236328,0.1987,0.233
sim_2019-02-09_2026-05-21_138e7b4fbb82,2022-11-15,put_credit_spread,DIA,put_credit_spread_DIA_000047,0.0,0.0,0.0,7018.577454,1081.0,1081.0,24.540000915527344,,
sim_2019-02-09_2026-05-21_138e7b4fbb82,2022-11-16,put_credit_spread,DIA,put_credit_spread_DIA_000047,110.4945,0.0,110.4945,7129.071954,1081.0,1081.0,24.11000061035156,0.2005,0.222
sim_2019-02-09_2026-05-21_138e7b4fbb82,2022-11-16,put_credit_spread,DIA,put_credit_spread_DIA_000048,-2.11575,0.0,-2.11575,7126.956204,1268.5,1268.5,24.11000061035156,0.2005,0.222
sim_2019-02-09_2026-05-21_138e7b4fbb82,2022-11-17,put_credit_spread,DIA,put_credit_spread_DIA_000048,0.0,0.0,0.0,7126.956204,1268.5,1268.5,23.93000030517578,,
sim_2019-02-09_2026-05-21_138e7b4fbb82,2022-11-18,put_credit_spread,DIA,put_credit_spread_DIA_000048,32.0,0.0,32.0,7158.956204,1268.5,1268.5,23.1200008392334,0.1939,0.2042
sim_2019-02-09_2026-05-21_138e7b4fbb82,2022-11-21,put_credit_spread,DIA,put_credit_spread_DIA_000048,-24.0,0.0,-24.0,7134.956204,1268.5,1268.5,22.36000061035156,0.188,0.2035
sim_2019-02-09_2026-05-21_138e7b4fbb82,2022-11-22,put_credit_spread,DIA,put_credit_spread_DIA_000048,0.0,0.0,0.0,7134.956204,1268.5,1268.5,21.290000915527344,,
sim_2019-02-09_2026-05-21_138e7b4fbb82,2022-11-23,put_credit_spread,DIA,put_credit_spread_DIA_000048,0.0,0.0,0.0,7134.956204,1268.5,1268.5,20.350000381469727,0.167,0.2035
sim_2019-02-09_2026-05-21_138e7b4fbb82,2022-11-25,put_credit_spread,DIA,put_credit_spread_DIA_000048,0.0,0.0,0.0,7134.956204,1268.5,1268.5,20.5,0.1749,0.1914
sim_2019-02-09_2026-05-21_138e7b4fbb82,2022-11-28,put_credit_spread,DIA,put_credit_spread_DIA_000048,0.0,0.0,0.0,7134.956204,1268.5,1268.5,22.209999084472656,0.1828,0.1932
sim_2019-02-09_2026-05-21_138e7b4fbb82,2022-11-29,put_credit_spread,DIA,put_credit_spread_DIA_000048,0.0,0.0,0.0,7134.956204,1268.5,1268.5,21.88999938964844,,
sim_2019-02-09_2026-05-21_138e7b4fbb82,2022-11-30,put_credit_spread,DIA,put_credit_spread_DIA_000048,167.97325,0.0,167.97325,7302.929454,1268.5,1268.5,20.57999992370605,0.1658,0.1959
sim_2019-02-09_2026-05-21_138e7b4fbb82,2022-11-30,put_credit_spread,DIA,put_credit_spread_DIA_000049,-2.1405,0.0,-2.1405,7300.788954,1819.0,1819.0,20.57999992370605,0.1658,0.1959
sim_2019-02-09_2026-05-21_138e7b4fbb82,2022-12-01,put_credit_spread,DIA,put_credit_spread_DIA_000049,0.0,0.0,0.0,7300.788954,1819.0,1819.0,19.84000015258789,,
sim_2019-02-09_2026-05-21_138e7b4fbb82,2022-12-02,put_credit_spread,DIA,put_credit_spread_DIA_000049,0.0,0.0,0.0,7300.788954,1819.0,1819.0,19.059999465942383,0.1584,0.1954
sim_2019-02-09_2026-05-21_138e7b4fbb82,2022-12-05,put_credit_spread,DIA,put_credit_spread_DIA_000049,0.0,0.0,0.0,7300.788954,1819.0,1819.0,20.75,0.1721,0.1923
sim_2019-02-09_2026-05-21_138e7b4fbb82,2022-12-06,put_credit_spread,DIA,put_credit_spread_DIA_000049,0.0,0.0,0.0,7300.788954,1819.0,1819.0,22.170000076293945,,
sim_2019-02-09_2026-05-21_138e7b4fbb82,2022-12-07,put_credit_spread,DIA,put_credit_spread_DIA_000049,0.0,0.0,0.0,7300.788954,1819.0,1819.0,22.68000030517578,0.1852,0.1919
sim_2019-02-09_2026-05-21_138e7b4fbb82,2022-12-08,put_credit_spread,DIA,put_credit_spread_DIA_000049,0.0,0.0,0.0,7300.788954,1819.0,1819.0,22.290000915527344,,
sim_2019-02-09_2026-05-21_138e7b4fbb82,2022-12-09,put_credit_spread,DIA,put_credit_spread_DIA_000049,0.0,0.0,0.0,7300.788954,1819.0,1819.0,22.82999992370605,0.1846,0.1943
sim_2019-02-09_2026-05-21_138e7b4fbb82,2022-12-12,put_credit_spread,DIA,put_credit_spread_DIA_000049,0.0,0.0,0.0,7300.788954,1819.0,1819.0,25.0,0.1987,0.1861
sim_2019-02-09_2026-05-21_138e7b4fbb82,2022-12-13,put_credit_spread,DIA,put_credit_spread_DIA_000049,0.0,0.0,0.0,7300.788954,1819.0,1819.0,22.549999237060547,,
sim_2019-02-09_2026-05-21_138e7b4fbb82,2022-12-14,put_credit_spread,DIA,put_credit_spread_DIA_000049,0.0,0.0,0.0,7300.788954,1819.0,1819.0,21.13999938964844,0.1697,0.1861
sim_2019-02-09_2026-05-21_138e7b4fbb82,2022-12-15,put_credit_spread,DIA,put_credit_spread_DIA_000049,0.0,0.0,0.0,7300.788954,1819.0,1819.0,22.82999992370605,,
sim_2019-02-09_2026-05-21_138e7b4fbb82,2022-12-16,put_credit_spread,DIA,put_credit_spread_DIA_000049,0.0,0.0,0.0,7300.788954,1819.0,1819.0,22.6200008392334,0.1847,0.1949
sim_2019-02-09_2026-05-21_138e7b4fbb82,2022-12-19,put_credit_spread,DIA,put_credit_spread_DIA_000049,0.0,0.0,0.0,7300.788954,1819.0,1819.0,22.420000076293945,0.1822,0.192
sim_2019-02-09_2026-05-21_138e7b4fbb82,2022-12-20,put_credit_spread,DIA,put_credit_spread_DIA_000049,0.0,0.0,0.0,7300.788954,1819.0,1819.0,21.479999542236328,,
sim_2019-02-09_2026-05-21_138e7b4fbb82,2022-12-21,put_credit_spread,DIA,put_credit_spread_DIA_000049,0.0,0.0,0.0,7300.788954,1819.0,1819.0,20.06999969482422,0.1662,0.1917
sim_2019-02-09_2026-05-21_138e7b4fbb82,2022-12-22,put_credit_spread,DIA,put_credit_spread_DIA_000049,0.0,0.0,0.0,7300.788954,1819.0,1819.0,21.96999931335449,,
sim_2019-02-09_2026-05-21_138e7b4fbb82,2022-12-23,put_credit_spread,DIA,put_credit_spread_DIA_000049,0.0,0.0,0.0,7300.788954,1819.0,1819.0,20.8700008392334,0.1695,0.1526
sim_2019-02-09_2026-05-21_138e7b4fbb82,2022-12-27,put_credit_spread,DIA,put_credit_spread_DIA_000049,0.0,0.0,0.0,7300.788954,1819.0,1819.0,21.64999961853028,,
sim_2019-02-09_2026-05-21_138e7b4fbb82,2022-12-28,put_credit_spread,DIA,put_credit_spread_DIA_000049,-2.1405,0.0,-2.1405,7298.648454,1819.0,1819.0,22.13999938964844,0.1823,0.1551
sim_2019-02-09_2026-05-21_138e7b4fbb82,2022-12-28,put_credit_spread,DIA,put_credit_spread_DIA_000050,-2.16075,0.0,-2.16075,7296.487704,1878.5,1878.5,22.13999938964844,0.1823,0.1551
sim_2019-02-09_2026-05-21_138e7b4fbb82,2022-12-29,put_credit_spread,DIA,put_credit_spread_DIA_000050,0.0,0.0,0.0,7296.487704,1878.5,1878.5,21.440000534057617,,
sim_2019-02-09_2026-05-21_138e7b4fbb82,2022-12-30,put_credit_spread,DIA,put_credit_spread_DIA_000050,-25.5,0.0,-25.5,7270.987704,1878.5,1878.5,21.670000076293945,0.1784,0.1585
sim_2019-02-09_2026-05-21_138e7b4fbb82,2023-01-03,put_credit_spread,DIA,put_credit_spread_DIA_000050,0.0,0.0,0.0,7270.987704,1878.5,1878.5,22.89999961853028,,
sim_2019-02-09_2026-05-21_138e7b4fbb82,2023-01-04,put_credit_spread,DIA,put_credit_spread_DIA_000050,0.0,0.0,0.0,7270.987704,1878.5,1878.5,22.01000022888184,0.1831,0.1586
sim_2019-02-09_2026-05-21_138e7b4fbb82,2023-01-05,put_credit_spread,DIA,put_credit_spread_DIA_000050,0.0,0.0,0.0,7270.987704,1878.5,1878.5,22.459999084472656,,
sim_2019-02-09_2026-05-21_138e7b4fbb82,2023-01-06,put_credit_spread,DIA,put_credit_spread_DIA_000050,0.0,0.0,0.0,7270.987704,1878.5,1878.5,21.1299991607666,0.1732,0.1697
sim_2019-02-09_2026-05-21_138e7b4fbb82,2023-01-09,put_credit_spread,DIA,put_credit_spread_DIA_000050,0.0,0.0,0.0,7270.987704,1878.5,1878.5,21.96999931335449,0.1792,0.1695
sim_2019-02-09_2026-05-21_138e7b4fbb82,2023-01-10,put_credit_spread,DIA,put_credit_spread_DIA_000050,0.0,0.0,0.0,7270.987704,1878.5,1878.5,20.57999992370605,,
sim_2019-02-09_2026-05-21_138e7b4fbb82,2023-01-11,put_credit_spread,DIA,put_credit_spread_DIA_000050,0.0,0.0,0.0,7270.987704,1878.5,1878.5,21.09000015258789,0.1721,0.1659
sim_2019-02-09_2026-05-21_138e7b4fbb82,2023-01-12,put_credit_spread,DIA,put_credit_spread_DIA_000050,0.0,0.0,0.0,7270.987704,1878.5,1878.5,18.82999992370605,,
sim_2019-02-09_2026-05-21_138e7b4fbb82,2023-01-13,put_credit_spread,DIA,put_credit_spread_DIA_000050,330.49275,0.0,330.49275,7601.480454,1878.5,1878.5,18.350000381469727,0.1462,0.1537
sim_2019-02-09_2026-05-21_138e7b4fbb82,2023-01-13,put_credit_spread,DIA,put_credit_spread_DIA_000051,-2.1005,0.0,-2.1005,7599.379954,1199.0,1199.0,18.350000381469727,0.1462,0.1537
sim_2019-02-09_2026-05-21_138e7b4fbb82,2023-01-17,put_credit_spread,DIA,put_credit_spread_DIA_000051,0.0,0.0,0.0,7599.379954,1199.0,1199.0,19.36000061035156,,
sim_2019-02-09_2026-05-21_138e7b4fbb82,2023-01-18,put_credit_spread,DIA,put_credit_spread_DIA_000051,0.0,0.0,0.0,7599.379954,1199.0,1199.0,20.34000015258789,,
sim_2019-02-09_2026-05-21_138e7b4fbb82,2023-01-19,put_credit_spread,DIA,put_credit_spread_DIA_000051,0.0,0.0,0.0,7599.379954,1199.0,1199.0,20.520000457763672,,
sim_2019-02-09_2026-05-21_138e7b4fbb82,2023-01-20,put_credit_spread,DIA,put_credit_spread_DIA_000051,0.0,0.0,0.0,7599.379954,1199.0,1199.0,19.850000381469727,0.1641,0.1613
sim_2019-02-09_2026-05-21_138e7b4fbb82,2023-01-23,put_credit_spread,DIA,put_credit_spread_DIA_000051,0.0,0.0,0.0,7599.379954,1199.0,1199.0,19.809999465942383,0.16,0.1628
sim_2019-02-09_2026-05-21_138e7b4fbb82,2023-01-24,put_credit_spread,DIA,put_credit_spread_DIA_000051,0.0,0.0,0.0,7599.379954,1199.0,1199.0,19.200000762939453,,
sim_2019-02-09_2026-05-21_138e7b4fbb82,2023-01-25,put_credit_spread,DIA,put_credit_spread_DIA_000051,0.0,0.0,0.0,7599.379954,1199.0,1199.0,19.07999992370605,0.1531,0.1598
sim_2019-02-09_2026-05-21_138e7b4fbb82,2023-01-26,put_credit_spread,DIA,put_credit_spread_DIA_000051,0.0,0.0,0.0,7599.379954,1199.0,1199.0,18.729999542236328,,
sim_2019-02-09_2026-05-21_138e7b4fbb82,2023-01-27,put_credit_spread,DIA,put_credit_spread_DIA_000051,0.0,0.0,0.0,7599.379954,1199.0,1199.0,18.51000022888184,0.1499,0.1538
sim_2019-02-09_2026-05-21_138e7b4fbb82,2023-01-30,put_credit_spread,DIA,put_credit_spread_DIA_000051,0.0,0.0,0.0,7599.379954,1199.0,1199.0,19.940000534057617,0.161,0.1547
sim_2019-02-09_2026-05-21_138e7b4fbb82,2023-01-31,put_credit_spread,DIA,put_credit_spread_DIA_000051,0.0,0.0,0.0,7599.379954,1199.0,1199.0,19.39999961853028,,
sim_2019-02-09_2026-05-21_138e7b4fbb82,2023-02-01,put_credit_spread,DIA,put_credit_spread_DIA_000051,0.0,0.0,0.0,7599.379954,1199.0,1199.0,17.8700008392334,0.144,0.1389
sim_2019-02-09_2026-05-21_138e7b4fbb82,2023-02-02,put_credit_spread,DIA,put_credit_spread_DIA_000051,0.0,0.0,0.0,7599.379954,1199.0,1199.0,18.729999542236328,,
sim_2019-02-09_2026-05-21_138e7b4fbb82,2023-02-03,put_credit_spread,DIA,put_credit_spread_DIA_000051,0.0,0.0,0.0,7599.379954,1199.0,1199.0,18.32999992370605,0.1462,0.1387
sim_2019-02-09_2026-05-21_138e7b4fbb82,2023-02-06,put_credit_spread,DIA,put_credit_spread_DIA_000051,0.0,0.0,0.0,7599.379954,1199.0,1199.0,19.43000030517578,0.151,0.1316
sim_2019-02-09_2026-05-21_138e7b4fbb82,2023-02-07,put_credit_spread,DIA,put_credit_spread_DIA_000051,0.0,0.0,0.0,7599.379954,1199.0,1199.0,18.65999984741211,,
sim_2019-02-09_2026-05-21_138e7b4fbb82,2023-02-08,put_credit_spread,DIA,put_credit_spread_DIA_000051,0.0,0.0,0.0,7599.379954,1199.0,1199.0,19.6299991607666,0.1519,0.131
sim_2019-02-09_2026-05-21_138e7b4fbb82,2023-02-09,put_credit_spread,DIA,put_credit_spread_DIA_000051,0.0,0.0,0.0,7599.379954,1199.0,1199.0,20.709999084472656,,
sim_2019-02-09_2026-05-21_138e7b4fbb82,2023-02-10,put_credit_spread,DIA,put_credit_spread_DIA_000051,199.0,0.0,199.0,7798.379954,1199.0,1199.0,20.530000686645508,0.1662,0.1285
sim_2019-02-09_2026-05-21_138e7b4fbb82,2023-02-10,put_credit_spread,DIA,put_credit_spread_DIA_000052,-2.14275,0.0,-2.14275,7796.237204,1914.5,1914.5,20.530000686645508,0.1662,0.1285
sim_2019-02-09_2026-05-21_138e7b4fbb82,2023-02-13,put_credit_spread,DIA,put_credit_spread_DIA_000052,-24.0,0.0,-24.0,7772.237204,1914.5,1914.5,20.34000015258789,0.1624,0.1289
sim_2019-02-09_2026-05-21_138e7b4fbb82,2023-02-14,put_credit_spread,DIA,put_credit_spread_DIA_000052,0.0,0.0,0.0,7772.237204,1914.5,1914.5,18.90999984741211,,
sim_2019-02-09_2026-05-21_138e7b4fbb82,2023-02-15,put_credit_spread,DIA,put_credit_spread_DIA_000052,0.0,0.0,0.0,7772.237204,1914.5,1914.5,18.229999542236328,0.1466,0.1294
sim_2019-02-09_2026-05-21_138e7b4fbb82,2023-02-16,put_credit_spread,DIA,put_credit_spread_DIA_000052,0.0,0.0,0.0,7772.237204,1914.5,1914.5,20.170000076293945,,
sim_2019-02-09_2026-05-21_138e7b4fbb82,2023-02-17,put_credit_spread,DIA,put_credit_spread_DIA_000052,0.0,0.0,0.0,7772.237204,1914.5,1914.5,20.020000457763672,0.1608,0.1312
sim_2019-02-09_2026-05-21_138e7b4fbb82,2023-02-21,put_credit_spread,DIA,put_credit_spread_DIA_000052,0.0,0.0,0.0,7772.237204,1914.5,1914.5,22.8700008392334,,
sim_2019-02-09_2026-05-21_138e7b4fbb82,2023-02-22,put_credit_spread,DIA,put_credit_spread_DIA_000052,12.0,0.0,12.0,7784.237204,1914.5,1914.5,22.290000915527344,0.1806,0.1314
sim_2019-02-09_2026-05-21_138e7b4fbb82,2023-02-23,put_credit_spread,DIA,put_credit_spread_DIA_000052,0.0,0.0,0.0,7784.237204,1914.5,1914.5,21.13999938964844,,
sim_2019-02-09_2026-05-21_138e7b4fbb82,2023-02-24,put_credit_spread,DIA,put_credit_spread_DIA_000052,-18.5,0.0,-18.5,7765.737204,1914.5,1914.5,21.670000076293945,0.1746,0.1316
sim_2019-02-09_2026-05-21_138e7b4fbb82,2023-02-27,put_credit_spread,DIA,put_credit_spread_DIA_000052,0.0,0.0,0.0,7765.737204,1914.5,1914.5,20.950000762939453,0.1679,0.1301
sim_2019-02-09_2026-05-21_138e7b4fbb82,2023-02-28,put_credit_spread,DIA,put_credit_spread_DIA_000052,0.0,0.0,0.0,7765.737204,1914.5,1914.5,20.700000762939453,,
sim_2019-02-09_2026-05-21_138e7b4fbb82,2023-03-01,put_credit_spread,DIA,put_credit_spread_DIA_000052,0.0,0.0,0.0,7765.737204,1914.5,1914.5,20.57999992370605,0.1704,0.1276
sim_2019-02-09_2026-05-21_138e7b4fbb82,2023-03-02,put_credit_spread,DIA,put_credit_spread_DIA_000052,0.0,0.0,0.0,7765.737204,1914.5,1914.5,19.59000015258789,,
sim_2019-02-09_2026-05-21_138e7b4fbb82,2023-03-03,put_credit_spread,DIA,put_credit_spread_DIA_000052,0.0,0.0,0.0,7765.737204,1914.5,1914.5,18.489999771118164,0.1514,0.1238
sim_2019-02-09_2026-05-21_138e7b4fbb82,2023-03-06,put_credit_spread,DIA,put_credit_spread_DIA_000052,0.0,0.0,0.0,7765.737204,1914.5,1914.5,18.61000061035156,0.1527,0.121
sim_2019-02-09_2026-05-21_138e7b4fbb82,2023-03-07,put_credit_spread,DIA,put_credit_spread_DIA_000052,0.0,0.0,0.0,7765.737204,1914.5,1914.5,19.59000015258789,,
sim_2019-02-09_2026-05-21_138e7b4fbb82,2023-03-08,put_credit_spread,DIA,put_credit_spread_DIA_000052,-2.158,0.0,-2.158,7763.579204,1914.5,1914.5,19.11000061035156,0.1595,0.1288
sim_2019-02-09_2026-05-21_138e7b4fbb82,2023-03-08,put_credit_spread,DIA,put_credit_spread_DIA_000053,-2.1325,0.0,-2.1325,7761.446704,1635.0,1635.0,19.11000061035156,0.1595,0.1288
sim_2019-02-09_2026-05-21_138e7b4fbb82,2023-03-09,put_credit_spread,DIA,put_credit_spread_DIA_000053,0.0,0.0,0.0,7761.446704,1635.0,1635.0,22.61000061035156,,
sim_2019-02-09_2026-05-21_138e7b4fbb82,2023-03-10,put_credit_spread,DIA,put_credit_spread_DIA_000053,0.0,0.0,0.0,7761.446704,1635.0,1635.0,24.799999237060547,0.1981,0.137
sim_2019-02-09_2026-05-21_138e7b4fbb82,2023-03-13,put_credit_spread,DIA,put_credit_spread_DIA_000053,0.0,0.0,0.0,7761.446704,1635.0,1635.0,26.520000457763672,0.2097,0.1368
sim_2019-02-09_2026-05-21_138e7b4fbb82,2023-03-14,put_credit_spread,DIA,put_credit_spread_DIA_000053,0.0,0.0,0.0,7761.446704,1635.0,1635.0,23.729999542236328,,
sim_2019-02-09_2026-05-21_138e7b4fbb82,2023-03-15,put_credit_spread,DIA,put_credit_spread_DIA_000053,0.0,0.0,0.0,7761.446704,1635.0,1635.0,26.13999938964844,0.2051,0.1365
sim_2019-02-09_2026-05-21_138e7b4fbb82,2023-03-16,put_credit_spread,DIA,put_credit_spread_DIA_000053,0.0,0.0,0.0,7761.446704,1635.0,1635.0,22.989999771118164,,
sim_2019-02-09_2026-05-21_138e7b4fbb82,2023-03-17,put_credit_spread,DIA,put_credit_spread_DIA_000053,0.0,0.0,0.0,7761.446704,1635.0,1635.0,25.51000022888184,0.2063,0.147
sim_2019-02-09_2026-05-21_138e7b4fbb82,2023-03-20,put_credit_spread,DIA,put_credit_spread_DIA_000053,0.0,0.0,0.0,7761.446704,1635.0,1635.0,24.14999961853028,0.1895,0.1524
sim_2019-02-09_2026-05-21_138e7b4fbb82,2023-03-21,put_credit_spread,DIA,put_credit_spread_DIA_000053,0.0,0.0,0.0,7761.446704,1635.0,1635.0,21.3799991607666,,
sim_2019-02-09_2026-05-21_138e7b4fbb82,2023-03-22,put_credit_spread,DIA,put_credit_spread_DIA_000053,0.0,0.0,0.0,7761.446704,1635.0,1635.0,22.26000022888184,0.1846,0.1594
sim_2019-02-09_2026-05-21_138e7b4fbb82,2023-03-23,put_credit_spread,DIA,put_credit_spread_DIA_000053,0.0,0.0,0.0,7761.446704,1635.0,1635.0,22.61000061035156,,
sim_2019-02-09_2026-05-21_138e7b4fbb82,2023-03-24,put_credit_spread,DIA,put_credit_spread_DIA_000053,-17.5,0.0,-17.5,7743.946704,1635.0,1635.0,21.739999771118164,0.1831,0.1598
sim_2019-02-09_2026-05-21_138e7b4fbb82,2023-03-27,put_credit_spread,DIA,put_credit_spread_DIA_000053,0.0,0.0,0.0,7743.946704,1635.0,1635.0,20.600000381469727,0.1711,0.1602
sim_2019-02-09_2026-05-21_138e7b4fbb82,2023-03-28,put_credit_spread,DIA,put_credit_spread_DIA_000053,0.0,0.0,0.0,7743.946704,1635.0,1635.0,19.96999931335449,,
sim_2019-02-09_2026-05-21_138e7b4fbb82,2023-03-29,put_credit_spread,DIA,put_credit_spread_DIA_000053,0.0,0.0,0.0,7743.946704,1635.0,1635.0,19.1200008392334,0.1597,0.1593
sim_2019-02-09_2026-05-21_138e7b4fbb82,2023-03-30,put_credit_spread,DIA,put_credit_spread_DIA_000053,0.0,0.0,0.0,7743.946704,1635.0,1635.0,19.020000457763672,,
sim_2019-02-09_2026-05-21_138e7b4fbb82,2023-03-31,put_credit_spread,DIA,put_credit_spread_DIA_000053,0.0,0.0,0.0,7743.946704,1635.0,1635.0,18.700000762939453,0.1528,0.1611
sim_2019-02-09_2026-05-21_138e7b4fbb82,2023-04-03,put_credit_spread,DIA,put_credit_spread_DIA_000053,0.0,0.0,0.0,7743.946704,1635.0,1635.0,18.549999237060547,0.1475,0.1636
sim_2019-02-09_2026-05-21_138e7b4fbb82,2023-04-04,put_credit_spread,DIA,put_credit_spread_DIA_000053,0.0,0.0,0.0,7743.946704,1635.0,1635.0,19.0,,
sim_2019-02-09_2026-05-21_138e7b4fbb82,2023-04-05,put_credit_spread,DIA,put_credit_spread_DIA_000053,0.0,0.0,0.0,7743.946704,1635.0,1635.0,19.07999992370605,0.1514,0.1524
sim_2019-02-09_2026-05-21_138e7b4fbb82,2023-04-06,put_credit_spread,DIA,put_credit_spread_DIA_000053,280.5,0.0,280.5,8024.446704,1635.0,1635.0,18.39999961853028,,
sim_2019-02-09_2026-05-21_138e7b4fbb82,2023-04-10,put_credit_spread,DIA,put_credit_spread_DIA_000054,-2.0845,0.0,-2.0845,8022.362204,1131.0,1131.0,18.96999931335449,0.1485,0.1486
sim_2019-02-09_2026-05-21_138e7b4fbb82,2023-04-11,put_credit_spread,DIA,put_credit_spread_DIA_000054,0.0,0.0,0.0,8022.362204,1131.0,1131.0,19.100000381469727,,
sim_2019-02-09_2026-05-21_138e7b4fbb82,2023-04-12,put_credit_spread,DIA,put_credit_spread_DIA_000054,0.0,0.0,0.0,8022.362204,1131.0,1131.0,19.09000015258789,0.1495,0.1465
sim_2019-02-09_2026-05-21_138e7b4fbb82,2023-04-13,put_credit_spread,DIA,put_credit_spread_DIA_000054,0.0,0.0,0.0,8022.362204,1131.0,1131.0,17.799999237060547,,
sim_2019-02-09_2026-05-21_138e7b4fbb82,2023-04-14,put_credit_spread,DIA,put_credit_spread_DIA_000054,0.0,0.0,0.0,8022.362204,1131.0,1131.0,17.06999969482422,0.1363,0.1478
sim_2019-02-09_2026-05-21_138e7b4fbb82,2023-04-17,put_credit_spread,DIA,put_credit_spread_DIA_000054,0.0,0.0,0.0,8022.362204,1131.0,1131.0,16.950000762939453,0.1376,0.1446
sim_2019-02-09_2026-05-21_138e7b4fbb82,2023-04-18,put_credit_spread,DIA,put_credit_spread_DIA_000054,0.0,0.0,0.0,8022.362204,1131.0,1131.0,16.829999923706055,,
sim_2019-02-09_2026-05-21_138e7b4fbb82,2023-04-19,put_credit_spread,DIA,put_credit_spread_DIA_000054,0.0,0.0,0.0,8022.362204,1131.0,1131.0,16.459999084472656,0.1356,0.1345
sim_2019-02-09_2026-05-21_138e7b4fbb82,2023-04-20,put_credit_spread,DIA,put_credit_spread_DIA_000054,0.0,0.0,0.0,8022.362204,1131.0,1131.0,17.170000076293945,,
sim_2019-02-09_2026-05-21_138e7b4fbb82,2023-04-21,put_credit_spread,DIA,put_credit_spread_DIA_000054,0.0,0.0,0.0,8022.362204,1131.0,1131.0,16.770000457763672,0.1323,0.1243
sim_2019-02-09_2026-05-21_138e7b4fbb82,2023-04-24,put_credit_spread,DIA,put_credit_spread_DIA_000054,0.0,0.0,0.0,8022.362204,1131.0,1131.0,16.889999389648438,0.1293,0.119
sim_2019-02-09_2026-05-21_138e7b4fbb82,2023-04-25,put_credit_spread,DIA,put_credit_spread_DIA_000054,0.0,0.0,0.0,8022.362204,1131.0,1131.0,18.76000022888184,,
sim_2019-02-09_2026-05-21_138e7b4fbb82,2023-04-26,put_credit_spread,DIA,put_credit_spread_DIA_000054,0.0,0.0,0.0,8022.362204,1131.0,1131.0,18.84000015258789,0.1526,0.1229
sim_2019-02-09_2026-05-21_138e7b4fbb82,2023-04-27,put_credit_spread,DIA,put_credit_spread_DIA_000054,0.0,0.0,0.0,8022.362204,1131.0,1131.0,17.030000686645508,,
sim_2019-02-09_2026-05-21_138e7b4fbb82,2023-04-28,put_credit_spread,DIA,put_credit_spread_DIA_000054,0.0,0.0,0.0,8022.362204,1131.0,1131.0,15.779999732971191,0.1235,0.1248
sim_2019-02-09_2026-05-21_138e7b4fbb82,2023-05-01,put_credit_spread,DIA,put_credit_spread_DIA_000054,0.0,0.0,0.0,8022.362204,1131.0,1131.0,16.079999923706055,0.1269,0.1152
sim_2019-02-09_2026-05-21_138e7b4fbb82,2023-05-02,put_credit_spread,DIA,put_credit_spread_DIA_000054,0.0,0.0,0.0,8022.362204,1131.0,1131.0,17.780000686645508,,
sim_2019-02-09_2026-05-21_138e7b4fbb82,2023-05-03,put_credit_spread,DIA,put_credit_spread_DIA_000054,0.0,0.0,0.0,8022.362204,1131.0,1131.0,18.34000015258789,0.1483,0.1171
sim_2019-02-09_2026-05-21_138e7b4fbb82,2023-05-04,put_credit_spread,DIA,put_credit_spread_DIA_000054,0.0,0.0,0.0,8022.362204,1131.0,1131.0,20.09000015258789,,
sim_2019-02-09_2026-05-21_138e7b4fbb82,2023-05-05,put_credit_spread,DIA,put_credit_spread_DIA_000054,167.0,0.0,167.0,8189.362204,1131.0,1131.0,17.190000534057617,0.1347,0.1167
sim_2019-02-09_2026-05-21_138e7b4fbb82,2023-05-05,put_credit_spread,DIA,put_credit_spread_DIA_000055,-2.088,0.0,-2.088,8187.274204,1124.0,1124.0,17.190000534057617,0.1347,0.1167
sim_2019-02-09_2026-05-21_138e7b4fbb82,2023-05-08,put_credit_spread,DIA,put_credit_spread_DIA_000055,0.0,0.0,0.0,8187.274204,1124.0,1124.0,16.979999542236328,0.136,0.1167
sim_2019-02-09_2026-05-21_138e7b4fbb82,2023-05-09,put_credit_spread,DIA,put_credit_spread_DIA_000055,0.0,0.0,0.0,8187.274204,1124.0,1124.0,17.709999084472656,,
sim_2019-02-09_2026-05-21_138e7b4fbb82,2023-05-10,put_credit_spread,DIA,put_credit_spread_DIA_000055,0.0,0.0,0.0,8187.274204,1124.0,1124.0,16.940000534057617,0.1382,0.1159
sim_2019-02-09_2026-05-21_138e7b4fbb82,2023-05-11,put_credit_spread,DIA,put_credit_spread_DIA_000055,0.0,0.0,0.0,8187.274204,1124.0,1124.0,16.93000030517578,,
sim_2019-02-09_2026-05-21_138e7b4fbb82,2023-05-12,put_credit_spread,DIA,put_credit_spread_DIA_000055,0.0,0.0,0.0,8187.274204,1124.0,1124.0,17.030000686645508,0.137,0.1143
sim_2019-02-09_2026-05-21_138e7b4fbb82,2023-05-15,put_credit_spread,DIA,put_credit_spread_DIA_000055,0.0,0.0,0.0,8187.274204,1124.0,1124.0,17.1200008392334,0.1366,0.1085
sim_2019-02-09_2026-05-21_138e7b4fbb82,2023-05-16,put_credit_spread,DIA,put_credit_spread_DIA_000055,0.0,0.0,0.0,8187.274204,1124.0,1124.0,17.989999771118164,,
sim_2019-02-09_2026-05-21_138e7b4fbb82,2023-05-17,put_credit_spread,DIA,put_credit_spread_DIA_000055,0.0,0.0,0.0,8187.274204,1124.0,1124.0,16.8700008392334,0.1321,0.114
sim_2019-02-09_2026-05-21_138e7b4fbb82,2023-05-18,put_credit_spread,DIA,put_credit_spread_DIA_000055,0.0,0.0,0.0,8187.274204,1124.0,1124.0,16.049999237060547,,
sim_2019-02-09_2026-05-21_138e7b4fbb82,2023-05-19,put_credit_spread,DIA,put_credit_spread_DIA_000055,0.0,0.0,0.0,8187.274204,1124.0,1124.0,16.809999465942383,0.1326,0.1156
sim_2019-02-09_2026-05-21_138e7b4fbb82,2023-05-22,put_credit_spread,DIA,put_credit_spread_DIA_000055,0.0,0.0,0.0,8187.274204,1124.0,1124.0,17.209999084472656,0.1339,0.1157
sim_2019-02-09_2026-05-21_138e7b4fbb82,2023-05-23,put_credit_spread,DIA,put_credit_spread_DIA_000055,0.0,0.0,0.0,8187.274204,1124.0,1124.0,18.530000686645508,,
sim_2019-02-09_2026-05-21_138e7b4fbb82,2023-05-24,put_credit_spread,DIA,put_credit_spread_DIA_000055,0.0,0.0,0.0,8187.274204,1124.0,1124.0,20.030000686645508,0.1561,0.1187
sim_2019-02-09_2026-05-21_138e7b4fbb82,2023-05-25,put_credit_spread,DIA,put_credit_spread_DIA_000055,0.0,0.0,0.0,8187.274204,1124.0,1124.0,19.13999938964844,,
sim_2019-02-09_2026-05-21_138e7b4fbb82,2023-05-26,put_credit_spread,DIA,put_credit_spread_DIA_000055,0.0,0.0,0.0,8187.274204,1124.0,1124.0,17.950000762939453,0.1332,0.1168
sim_2019-02-09_2026-05-21_138e7b4fbb82,2023-05-30,put_credit_spread,DIA,put_credit_spread_DIA_000055,0.0,0.0,0.0,8187.274204,1124.0,1124.0,17.459999084472656,,
sim_2019-02-09_2026-05-21_138e7b4fbb82,2023-05-31,put_credit_spread,DIA,put_credit_spread_DIA_000055,-2.088,0.0,-2.088,8185.186204,1124.0,1124.0,17.940000534057617,0.1404,0.1163
sim_2019-02-09_2026-05-21_138e7b4fbb82,2023-05-31,put_credit_spread,DIA,put_credit_spread_DIA_000056,-2.112,0.0,-2.112,8183.074204,1776.0,1776.0,17.940000534057617,0.1404,0.1163
sim_2019-02-09_2026-05-21_138e7b4fbb82,2023-06-01,put_credit_spread,DIA,put_credit_spread_DIA_000056,0.0,0.0,0.0,8183.074204,1776.0,1776.0,15.649999618530272,,
sim_2019-02-09_2026-05-21_138e7b4fbb82,2023-06-02,put_credit_spread,DIA,put_credit_spread_DIA_000056,0.0,0.0,0.0,8183.074204,1776.0,1776.0,14.600000381469728,0.1171,0.1334
sim_2019-02-09_2026-05-21_138e7b4fbb82,2023-06-05,put_credit_spread,DIA,put_credit_spread_DIA_000056,0.0,0.0,0.0,8183.074204,1776.0,1776.0,14.729999542236328,,
sim_2019-02-09_2026-05-21_138e7b4fbb82,2023-06-06,put_credit_spread,DIA,put_credit_spread_DIA_000056,0.0,0.0,0.0,8183.074204,1776.0,1776.0,13.960000038146973,,
sim_2019-02-09_2026-05-21_138e7b4fbb82,2023-06-07,put_credit_spread,DIA,put_credit_spread_DIA_000056,0.0,0.0,0.0,8183.074204,1776.0,1776.0,13.9399995803833,0.1105,0.1312
sim_2019-02-09_2026-05-21_138e7b4fbb82,2023-06-08,put_credit_spread,DIA,put_credit_spread_DIA_000056,0.0,0.0,0.0,8183.074204,1776.0,1776.0,13.649999618530272,,
sim_2019-02-09_2026-05-21_138e7b4fbb82,2023-06-09,put_credit_spread,DIA,put_credit_spread_DIA_000056,0.0,0.0,0.0,8183.074204,1776.0,1776.0,13.829999923706056,0.1068,0.122
sim_2019-02-09_2026-05-21_138e7b4fbb82,2023-06-12,put_credit_spread,DIA,put_credit_spread_DIA_000056,0.0,0.0,0.0,8183.074204,1776.0,1776.0,15.010000228881836,0.1152,0.1206
sim_2019-02-09_2026-05-21_138e7b4fbb82,2023-06-13,put_credit_spread,DIA,put_credit_spread_DIA_000056,0.0,0.0,0.0,8183.074204,1776.0,1776.0,14.609999656677246,,
sim_2019-02-09_2026-05-21_138e7b4fbb82,2023-06-14,put_credit_spread,DIA,put_credit_spread_DIA_000056,0.0,0.0,0.0,8183.074204,1776.0,1776.0,13.880000114440918,0.11,0.1186
sim_2019-02-09_2026-05-21_138e7b4fbb82,2023-06-15,put_credit_spread,DIA,put_credit_spread_DIA_000056,0.0,0.0,0.0,8183.074204,1776.0,1776.0,14.5,,
sim_2019-02-09_2026-05-21_138e7b4fbb82,2023-06-16,put_credit_spread,DIA,put_credit_spread_DIA_000056,0.0,0.0,0.0,8183.074204,1776.0,1776.0,13.539999961853027,0.1049,0.1192
sim_2019-02-09_2026-05-21_138e7b4fbb82,2023-06-20,put_credit_spread,DIA,put_credit_spread_DIA_000056,0.0,0.0,0.0,8183.074204,1776.0,1776.0,13.880000114440918,,
sim_2019-02-09_2026-05-21_138e7b4fbb82,2023-06-21,put_credit_spread,DIA,put_credit_spread_DIA_000056,0.0,0.0,0.0,8183.074204,1776.0,1776.0,13.199999809265137,0.108,0.113
sim_2019-02-09_2026-05-21_138e7b4fbb82,2023-06-22,put_credit_spread,DIA,put_credit_spread_DIA_000056,0.0,0.0,0.0,8183.074204,1776.0,1776.0,12.90999984741211,,
sim_2019-02-09_2026-05-21_138e7b4fbb82,2023-06-23,put_credit_spread,DIA,put_credit_spread_DIA_000056,0.0,0.0,0.0,8183.074204,1776.0,1776.0,13.4399995803833,0.1084,0.1146
sim_2019-02-09_2026-05-21_138e7b4fbb82,2023-06-26,put_credit_spread,DIA,put_credit_spread_DIA_000056,0.0,0.0,0.0,8183.074204,1776.0,1776.0,14.25,0.1097,0.1129
sim_2019-02-09_2026-05-21_138e7b4fbb82,2023-06-27,put_credit_spread,DIA,put_credit_spread_DIA_000056,0.0,0.0,0.0,8183.074204,1776.0,1776.0,13.739999771118164,,
sim_2019-02-09_2026-05-21_138e7b4fbb82,2023-06-28,put_credit_spread,DIA,put_credit_spread_DIA_000056,0.0,0.0,0.0,8183.074204,1776.0,1776.0,13.43000030517578,0.1077,0.1143
sim_2019-02-09_2026-05-21_138e7b4fbb82,2023-06-29,put_credit_spread,DIA,put_credit_spread_DIA_000056,0.0,0.0,0.0,8183.074204,1776.0,1776.0,13.539999961853027,,
sim_2019-02-09_2026-05-21_138e7b4fbb82,2023-06-30,put_credit_spread,DIA,put_credit_spread_DIA_000056,222.0,0.0,222.0,8405.074204,1776.0,1776.0,13.59000015258789,0.1018,0.1076
sim_2019-02-09_2026-05-21_138e7b4fbb82,2023-06-30,put_credit_spread,DIA,put_credit_spread_DIA_000057,-2.0385,0.0,-2.0385,8403.035704,623.0,623.0,13.59000015258789,0.1018,0.1076
sim_2019-02-09_2026-05-21_138e7b4fbb82,2023-07-03,put_credit_spread,DIA,put_credit_spread_DIA_000057,0.0,0.0,0.0,8403.035704,623.0,623.0,13.56999969482422,,
sim_2019-02-09_2026-05-21_138e7b4fbb82,2023-07-05,put_credit_spread,DIA,put_credit_spread_DIA_000057,0.0,0.0,0.0,8403.035704,623.0,623.0,14.18000030517578,0.1097,0.1062
sim_2019-02-09_2026-05-21_138e7b4fbb82,2023-07-06,put_credit_spread,DIA,put_credit_spread_DIA_000057,0.0,0.0,0.0,8403.035704,623.0,623.0,15.4399995803833,,
sim_2019-02-09_2026-05-21_138e7b4fbb82,2023-07-07,put_credit_spread,DIA,put_credit_spread_DIA_000057,0.0,0.0,0.0,8403.035704,623.0,623.0,14.829999923706056,0.1168,0.1096
sim_2019-02-09_2026-05-21_138e7b4fbb82,2023-07-10,put_credit_spread,DIA,put_credit_spread_DIA_000057,0.0,0.0,0.0,8403.035704,623.0,623.0,15.06999969482422,0.1171,0.1077
sim_2019-02-09_2026-05-21_138e7b4fbb82,2023-07-11,put_credit_spread,DIA,put_credit_spread_DIA_000057,0.0,0.0,0.0,8403.035704,623.0,623.0,14.84000015258789,,
sim_2019-02-09_2026-05-21_138e7b4fbb82,2023-07-12,put_credit_spread,DIA,put_credit_spread_DIA_000057,12.5,0.0,12.5,8415.535704,623.0,623.0,13.539999961853027,0.1089,0.1073
sim_2019-02-09_2026-05-21_138e7b4fbb82,2023-07-13,put_credit_spread,DIA,put_credit_spread_DIA_000057,0.0,0.0,0.0,8415.535704,623.0,623.0,13.609999656677246,,
sim_2019-02-09_2026-05-21_138e7b4fbb82,2023-07-14,put_credit_spread,DIA,put_credit_spread_DIA_000057,0.0,0.0,0.0,8415.535704,623.0,623.0,13.34000015258789,0.1047,0.1065
sim_2019-02-09_2026-05-21_138e7b4fbb82,2023-07-17,put_credit_spread,DIA,put_credit_spread_DIA_000057,0.0,0.0,0.0,8415.535704,623.0,623.0,13.479999542236328,0.1078,0.1062
sim_2019-02-09_2026-05-21_138e7b4fbb82,2023-07-18,put_credit_spread,DIA,put_credit_spread_DIA_000057,0.0,0.0,0.0,8415.535704,623.0,623.0,13.300000190734863,,
sim_2019-02-09_2026-05-21_138e7b4fbb82,2023-07-19,put_credit_spread,DIA,put_credit_spread_DIA_000057,0.0,0.0,0.0,8415.535704,623.0,623.0,13.760000228881836,0.1104,0.0904
sim_2019-02-09_2026-05-21_138e7b4fbb82,2023-07-20,put_credit_spread,DIA,put_credit_spread_DIA_000057,0.0,0.0,0.0,8415.535704,623.0,623.0,13.989999771118164,,
sim_2019-02-09_2026-05-21_138e7b4fbb82,2023-07-21,put_credit_spread,DIA,put_credit_spread_DIA_000057,0.0,0.0,0.0,8415.535704,623.0,623.0,13.600000381469728,0.1061,0.0911
sim_2019-02-09_2026-05-21_138e7b4fbb82,2023-07-24,put_credit_spread,DIA,put_credit_spread_DIA_000057,0.0,0.0,0.0,8415.535704,623.0,623.0,13.90999984741211,0.1108,0.0913
sim_2019-02-09_2026-05-21_138e7b4fbb82,2023-07-25,put_credit_spread,DIA,put_credit_spread_DIA_000057,0.0,0.0,0.0,8415.535704,623.0,623.0,13.859999656677246,,
sim_2019-02-09_2026-05-21_138e7b4fbb82,2023-07-26,put_credit_spread,DIA,put_credit_spread_DIA_000057,0.0,0.0,0.0,8415.535704,623.0,623.0,13.1899995803833,0.1037,0.0905
sim_2019-02-09_2026-05-21_138e7b4fbb82,2023-07-27,put_credit_spread,DIA,put_credit_spread_DIA_000057,0.0,0.0,0.0,8415.535704,623.0,623.0,14.40999984741211,,
sim_2019-02-09_2026-05-21_138e7b4fbb82,2023-07-28,put_credit_spread,DIA,put_credit_spread_DIA_000057,62.5,0.0,62.5,8478.035704,623.0,623.0,13.329999923706056,0.1044,0.0912
sim_2019-02-09_2026-05-21_138e7b4fbb82,2023-07-28,put_credit_spread,DIA,put_credit_spread_DIA_000058,-2.04025,0.0,-2.04025,8475.995454,619.5,619.5,13.329999923706056,0.1044,0.0912
sim_2019-02-09_2026-05-21_138e7b4fbb82,2023-07-31,put_credit_spread,DIA,put_credit_spread_DIA_000058,0.0,0.0,0.0,8475.995454,619.5,619.5,13.630000114440918,0.1057,0.0848
sim_2019-02-09_2026-05-21_138e7b4fbb82,2023-08-01,put_credit_spread,DIA,put_credit_spread_DIA_000058,0.0,0.0,0.0,8475.995454,619.5,619.5,13.93000030517578,,
sim_2019-02-09_2026-05-21_138e7b4fbb82,2023-08-02,put_credit_spread,DIA,put_credit_spread_DIA_000058,0.0,0.0,0.0,8475.995454,619.5,619.5,16.09000015258789,0.118,0.0852
sim_2019-02-09_2026-05-21_138e7b4fbb82,2023-08-03,put_credit_spread,DIA,put_credit_spread_DIA_000058,0.0,0.0,0.0,8475.995454,619.5,619.5,15.920000076293944,,
sim_2019-02-09_2026-05-21_138e7b4fbb82,2023-08-04,put_credit_spread,DIA,put_credit_spread_DIA_000058,0.0,0.0,0.0,8475.995454,619.5,619.5,17.100000381469727,0.1245,0.086
sim_2019-02-09_2026-05-21_138e7b4fbb82,2023-08-07,put_credit_spread,DIA,put_credit_spread_DIA_000058,0.0,0.0,0.0,8475.995454,619.5,619.5,15.770000457763672,0.1173,0.0878
sim_2019-02-09_2026-05-21_138e7b4fbb82,2023-08-08,put_credit_spread,DIA,put_credit_spread_DIA_000058,0.0,0.0,0.0,8475.995454,619.5,619.5,15.989999771118164,,
sim_2019-02-09_2026-05-21_138e7b4fbb82,2023-08-09,put_credit_spread,DIA,put_credit_spread_DIA_000058,0.0,0.0,0.0,8475.995454,619.5,619.5,15.960000038146973,0.1211,0.0903
sim_2019-02-09_2026-05-21_138e7b4fbb82,2023-08-10,put_credit_spread,DIA,put_credit_spread_DIA_000058,0.0,0.0,0.0,8475.995454,619.5,619.5,15.850000381469728,,
sim_2019-02-09_2026-05-21_138e7b4fbb82,2023-08-11,put_credit_spread,DIA,put_credit_spread_DIA_000058,0.0,0.0,0.0,8475.995454,619.5,619.5,14.84000015258789,0.1184,0.0881
sim_2019-02-09_2026-05-21_138e7b4fbb82,2023-08-14,put_credit_spread,DIA,put_credit_spread_DIA_000058,0.0,0.0,0.0,8475.995454,619.5,619.5,14.81999969482422,0.1161,0.0858
sim_2019-02-09_2026-05-21_138e7b4fbb82,2023-08-15,put_credit_spread,DIA,put_credit_spread_DIA_000058,0.0,0.0,0.0,8475.995454,619.5,619.5,16.459999084472656,,
sim_2019-02-09_2026-05-21_138e7b4fbb82,2023-08-16,put_credit_spread,DIA,put_credit_spread_DIA_000058,0.0,0.0,0.0,8475.995454,619.5,619.5,16.780000686645508,0.1298,0.0924
sim_2019-02-09_2026-05-21_138e7b4fbb82,2023-08-17,put_credit_spread,DIA,put_credit_spread_DIA_000058,0.0,0.0,0.0,8475.995454,619.5,619.5,17.889999389648438,,
sim_2019-02-09_2026-05-21_138e7b4fbb82,2023-08-18,put_credit_spread,DIA,put_credit_spread_DIA_000058,0.0,0.0,0.0,8475.995454,619.5,619.5,17.299999237060547,0.1314,0.0882
sim_2019-02-09_2026-05-21_138e7b4fbb82,2023-08-21,put_credit_spread,DIA,put_credit_spread_DIA_000058,0.0,0.0,0.0,8475.995454,619.5,619.5,17.1299991607666,0.1318,0.0868
sim_2019-02-09_2026-05-21_138e7b4fbb82,2023-08-22,put_credit_spread,DIA,put_credit_spread_DIA_000058,0.0,0.0,0.0,8475.995454,619.5,619.5,16.969999313354492,,
sim_2019-02-09_2026-05-21_138e7b4fbb82,2023-08-23,put_credit_spread,DIA,put_credit_spread_DIA_000058,-2.04025,0.0,-2.04025,8473.955204,619.5,619.5,15.979999542236328,0.124,0.0854
sim_2019-02-09_2026-05-21_138e7b4fbb82,2023-08-23,put_credit_spread,DIA,put_credit_spread_DIA_000059,-2.08175,0.0,-2.08175,8471.873454,1136.5,1136.5,15.979999542236328,0.124,0.0854
sim_2019-02-09_2026-05-21_138e7b4fbb82,2023-08-24,put_credit_spread,DIA,put_credit_spread_DIA_000059,0.0,0.0,0.0,8471.873454,1136.5,1136.5,17.200000762939453,,
sim_2019-02-09_2026-05-21_138e7b4fbb82,2023-08-25,put_credit_spread,DIA,put_credit_spread_DIA_000059,-6.5,0.0,-6.5,8465.373454,1136.5,1136.5,15.68000030517578,0.1222,0.0932
sim_2019-02-09_2026-05-21_138e7b4fbb82,2023-08-28,put_credit_spread,DIA,put_credit_spread_DIA_000059,-27.0,0.0,-27.0,8438.373454,1136.5,1136.5,15.079999923706056,0.1168,0.095
sim_2019-02-09_2026-05-21_138e7b4fbb82,2023-08-29,put_credit_spread,DIA,put_credit_spread_DIA_000059,0.0,0.0,0.0,8438.373454,1136.5,1136.5,14.449999809265137,,
sim_2019-02-09_2026-05-21_138e7b4fbb82,2023-08-30,put_credit_spread,DIA,put_credit_spread_DIA_000059,0.0,0.0,0.0,8438.373454,1136.5,1136.5,13.880000114440918,0.1028,0.0926
sim_2019-02-09_2026-05-21_138e7b4fbb82,2023-08-31,put_credit_spread,DIA,put_credit_spread_DIA_000059,0.0,0.0,0.0,8438.373454,1136.5,1136.5,13.56999969482422,,
sim_2019-02-09_2026-05-21_138e7b4fbb82,2023-09-01,put_credit_spread,DIA,put_credit_spread_DIA_000059,0.0,0.0,0.0,8438.373454,1136.5,1136.5,13.09000015258789,0.1017,0.0929
sim_2019-02-09_2026-05-21_138e7b4fbb82,2023-09-05,put_credit_spread,DIA,put_credit_spread_DIA_000059,0.0,0.0,0.0,8438.373454,1136.5,1136.5,14.010000228881836,,
sim_2019-02-09_2026-05-21_138e7b4fbb82,2023-09-06,put_credit_spread,DIA,put_credit_spread_DIA_000059,126.0,0.0,126.0,8564.373454,1136.5,1136.5,14.449999809265137,0.1131,0.0935
sim_2019-02-09_2026-05-21_138e7b4fbb82,2023-09-07,put_credit_spread,DIA,put_credit_spread_DIA_000059,0.0,0.0,0.0,8564.373454,1136.5,1136.5,14.399999618530272,,
sim_2019-02-09_2026-05-21_138e7b4fbb82,2023-09-08,put_credit_spread,DIA,put_credit_spread_DIA_000059,0.0,0.0,0.0,8564.373454,1136.5,1136.5,13.84000015258789,0.1051,0.092
sim_2019-02-09_2026-05-21_138e7b4fbb82,2023-09-11,put_credit_spread,DIA,put_credit_spread_DIA_000059,0.0,0.0,0.0,8564.373454,1136.5,1136.5,13.800000190734863,0.1061,0.091
sim_2019-02-09_2026-05-21_138e7b4fbb82,2023-09-12,put_credit_spread,DIA,put_credit_spread_DIA_000059,0.0,0.0,0.0,8564.373454,1136.5,1136.5,14.229999542236328,,
sim_2019-02-09_2026-05-21_138e7b4fbb82,2023-09-13,put_credit_spread,DIA,put_credit_spread_DIA_000059,0.0,0.0,0.0,8564.373454,1136.5,1136.5,13.479999542236328,0.1025,0.09
sim_2019-02-09_2026-05-21_138e7b4fbb82,2023-09-14,put_credit_spread,DIA,put_credit_spread_DIA_000059,0.0,0.0,0.0,8564.373454,1136.5,1136.5,12.81999969482422,,
sim_2019-02-09_2026-05-21_138e7b4fbb82,2023-09-15,put_credit_spread,DIA,put_credit_spread_DIA_000059,0.0,0.0,0.0,8564.373454,1136.5,1136.5,13.789999961853027,0.1016,0.0961
sim_2019-02-09_2026-05-21_138e7b4fbb82,2023-09-18,put_credit_spread,DIA,put_credit_spread_DIA_000059,0.0,0.0,0.0,8564.373454,1136.5,1136.5,14.0,0.1053,0.0956
sim_2019-02-09_2026-05-21_138e7b4fbb82,2023-09-19,put_credit_spread,DIA,put_credit_spread_DIA_000059,0.0,0.0,0.0,8564.373454,1136.5,1136.5,14.109999656677246,,
sim_2019-02-09_2026-05-21_138e7b4fbb82,2023-09-20,put_credit_spread,DIA,put_credit_spread_DIA_000059,0.0,0.0,0.0,8564.373454,1136.5,1136.5,15.140000343322754,0.1164,0.0886
sim_2019-02-09_2026-05-21_138e7b4fbb82,2023-09-21,put_credit_spread,DIA,put_credit_spread_DIA_000059,0.0,0.0,0.0,8564.373454,1136.5,1136.5,17.540000915527344,,
sim_2019-02-09_2026-05-21_138e7b4fbb82,2023-09-22,put_credit_spread,DIA,put_credit_spread_DIA_000059,69.0,0.0,69.0,8633.373454,1136.5,1136.5,17.200000762939453,0.1284,0.0924
sim_2019-02-09_2026-05-21_138e7b4fbb82,2023-09-22,put_credit_spread,DIA,put_credit_spread_DIA_000060,-2.07625,0.0,-2.07625,8631.297204,1147.5,1147.5,17.200000762939453,0.1284,0.0924
sim_2019-02-09_2026-05-21_138e7b4fbb82,2023-09-25,put_credit_spread,DIA,put_credit_spread_DIA_000060,16.0,0.0,16.0,8647.297204,1147.5,1147.5,16.899999618530273,0.1255,0.0918
sim_2019-02-09_2026-05-21_138e7b4fbb82,2023-09-26,put_credit_spread,DIA,put_credit_spread_DIA_000060,0.0,0.0,0.0,8647.297204,1147.5,1147.5,18.940000534057617,,
sim_2019-02-09_2026-05-21_138e7b4fbb82,2023-09-27,put_credit_spread,DIA,put_credit_spread_DIA_000060,0.0,0.0,0.0,8647.297204,1147.5,1147.5,18.21999931335449,0.1358,0.0929
sim_2019-02-09_2026-05-21_138e7b4fbb82,2023-09-28,put_credit_spread,DIA,put_credit_spread_DIA_000060,0.0,0.0,0.0,8647.297204,1147.5,1147.5,17.34000015258789,,
sim_2019-02-09_2026-05-21_138e7b4fbb82,2023-09-29,put_credit_spread,DIA,put_credit_spread_DIA_000060,0.0,0.0,0.0,8647.297204,1147.5,1147.5,17.520000457763672,0.1326,0.0918
sim_2019-02-09_2026-05-21_138e7b4fbb82,2023-10-02,put_credit_spread,DIA,put_credit_spread_DIA_000060,0.0,0.0,0.0,8647.297204,1147.5,1147.5,17.610000610351562,0.1367,0.0918
sim_2019-02-09_2026-05-21_138e7b4fbb82,2023-10-03,put_credit_spread,DIA,put_credit_spread_DIA_000060,0.0,0.0,0.0,8647.297204,1147.5,1147.5,19.780000686645508,,
sim_2019-02-09_2026-05-21_138e7b4fbb82,2023-10-04,put_credit_spread,DIA,put_credit_spread_DIA_000060,37.0,0.0,37.0,8684.297204,1147.5,1147.5,18.57999992370605,0.1472,0.0978
sim_2019-02-09_2026-05-21_138e7b4fbb82,2023-10-05,put_credit_spread,DIA,put_credit_spread_DIA_000060,0.0,0.0,0.0,8684.297204,1147.5,1147.5,18.489999771118164,,
sim_2019-02-09_2026-05-21_138e7b4fbb82,2023-10-06,put_credit_spread,DIA,put_credit_spread_DIA_000060,-56.5,0.0,-56.5,8627.797204,1147.5,1147.5,17.450000762939453,0.1354,0.0957
sim_2019-02-09_2026-05-21_138e7b4fbb82,2023-10-09,put_credit_spread,DIA,put_credit_spread_DIA_000060,0.0,0.0,0.0,8627.797204,1147.5,1147.5,17.700000762939453,0.1351,0.0948
sim_2019-02-09_2026-05-21_138e7b4fbb82,2023-10-10,put_credit_spread,DIA,put_credit_spread_DIA_000060,0.0,0.0,0.0,8627.797204,1147.5,1147.5,17.030000686645508,,
sim_2019-02-09_2026-05-21_138e7b4fbb82,2023-10-11,put_credit_spread,DIA,put_credit_spread_DIA_000060,0.0,0.0,0.0,8627.797204,1147.5,1147.5,16.09000015258789,0.1221,0.0897
sim_2019-02-09_2026-05-21_138e7b4fbb82,2023-10-12,put_credit_spread,DIA,put_credit_spread_DIA_000060,0.0,0.0,0.0,8627.797204,1147.5,1147.5,16.690000534057617,,
sim_2019-02-09_2026-05-21_138e7b4fbb82,2023-10-13,put_credit_spread,DIA,put_credit_spread_DIA_000060,0.0,0.0,0.0,8627.797204,1147.5,1147.5,19.31999969482422,0.1416,0.0897
sim_2019-02-09_2026-05-21_138e7b4fbb82,2023-10-16,put_credit_spread,DIA,put_credit_spread_DIA_000060,0.0,0.0,0.0,8627.797204,1147.5,1147.5,17.209999084472656,0.1298,0.094
sim_2019-02-09_2026-05-21_138e7b4fbb82,2023-10-17,put_credit_spread,DIA,put_credit_spread_DIA_000060,0.0,0.0,0.0,8627.797204,1147.5,1147.5,17.8799991607666,,
sim_2019-02-09_2026-05-21_138e7b4fbb82,2023-10-18,put_credit_spread,DIA,put_credit_spread_DIA_000060,0.0,0.0,0.0,8627.797204,1147.5,1147.5,19.21999931335449,0.1442,0.0956
sim_2019-02-09_2026-05-21_138e7b4fbb82,2023-10-19,put_credit_spread,DIA,put_credit_spread_DIA_000060,0.0,0.0,0.0,8627.797204,1147.5,1147.5,21.39999961853028,,
sim_2019-02-09_2026-05-21_138e7b4fbb82,2023-10-20,put_credit_spread,DIA,put_credit_spread_DIA_000060,-27.090256,0.0,-27.090256,8600.706949,1147.5,1147.5,21.709999084472656,0.1562,0.099
sim_2019-02-09_2026-05-21_138e7b4fbb82,2023-10-20,put_credit_spread,DIA,put_credit_spread_DIA_000061,-2.112,0.0,-2.112,8598.594949,1276.0,1276.0,21.709999084472656,0.1562,0.099
sim_2019-02-09_2026-05-21_138e7b4fbb82,2023-10-23,put_credit_spread,DIA,put_credit_spread_DIA_000061,-17.0,0.0,-17.0,8581.594949,1276.0,1276.0,20.3700008392334,0.1513,0.099
sim_2019-02-09_2026-05-21_138e7b4fbb82,2023-10-24,put_credit_spread,DIA,put_credit_spread_DIA_000061,0.0,0.0,0.0,8581.594949,1276.0,1276.0,18.96999931335449,,
sim_2019-02-09_2026-05-21_138e7b4fbb82,2023-10-25,put_credit_spread,DIA,put_credit_spread_DIA_000061,0.0,0.0,0.0,8581.594949,1276.0,1276.0,20.190000534057617,0.1475,0.1019
sim_2019-02-09_2026-05-21_138e7b4fbb82,2023-10-26,put_credit_spread,DIA,put_credit_spread_DIA_000061,0.0,0.0,0.0,8581.594949,1276.0,1276.0,20.68000030517578,,
sim_2019-02-09_2026-05-21_138e7b4fbb82,2023-10-27,put_credit_spread,DIA,put_credit_spread_DIA_000061,0.0,0.0,0.0,8581.594949,1276.0,1276.0,21.270000457763672,0.1608,0.0976
sim_2019-02-09_2026-05-21_138e7b4fbb82,2023-10-30,put_credit_spread,DIA,put_credit_spread_DIA_000061,0.0,0.0,0.0,8581.594949,1276.0,1276.0,19.75,0.1484,0.1101
sim_2019-02-09_2026-05-21_138e7b4fbb82,2023-10-31,put_credit_spread,DIA,put_credit_spread_DIA_000061,0.0,0.0,0.0,8581.594949,1276.0,1276.0,18.13999938964844,,
sim_2019-02-09_2026-05-21_138e7b4fbb82,2023-11-01,put_credit_spread,DIA,put_credit_spread_DIA_000061,0.0,0.0,0.0,8581.594949,1276.0,1276.0,16.8700008392334,,
sim_2019-02-09_2026-05-21_138e7b4fbb82,2023-11-02,put_credit_spread,DIA,put_credit_spread_DIA_000061,0.0,0.0,0.0,8581.594949,1276.0,1276.0,15.65999984741211,,
sim_2019-02-09_2026-05-21_138e7b4fbb82,2023-11-03,put_credit_spread,DIA,put_credit_spread_DIA_000061,0.0,0.0,0.0,8581.594949,1276.0,1276.0,14.90999984741211,0.1123,0.1225
sim_2019-02-09_2026-05-21_138e7b4fbb82,2023-11-06,put_credit_spread,DIA,put_credit_spread_DIA_000061,0.0,0.0,0.0,8581.594949,1276.0,1276.0,14.890000343322754,0.1125,0.1225
sim_2019-02-09_2026-05-21_138e7b4fbb82,2023-11-07,put_credit_spread,DIA,put_credit_spread_DIA_000061,0.0,0.0,0.0,8581.594949,1276.0,1276.0,14.8100004196167,,
sim_2019-02-09_2026-05-21_138e7b4fbb82,2023-11-08,put_credit_spread,DIA,put_credit_spread_DIA_000061,0.0,0.0,0.0,8581.594949,1276.0,1276.0,14.449999809265137,0.1086,0.1172
sim_2019-02-09_2026-05-21_138e7b4fbb82,2023-11-09,put_credit_spread,DIA,put_credit_spread_DIA_000061,0.0,0.0,0.0,8581.594949,1276.0,1276.0,15.289999961853027,0.1164,0.1183
sim_2019-02-09_2026-05-21_138e7b4fbb82,2023-11-10,put_credit_spread,DIA,put_credit_spread_DIA_000061,0.0,0.0,0.0,8581.594949,1276.0,1276.0,14.170000076293944,0.105,0.1216
sim_2019-02-09_2026-05-21_138e7b4fbb82,2023-11-13,put_credit_spread,DIA,put_credit_spread_DIA_000061,0.0,0.0,0.0,8581.594949,1276.0,1276.0,14.760000228881836,0.1128,0.1212
sim_2019-02-09_2026-05-21_138e7b4fbb82,2023-11-14,put_credit_spread,DIA,put_credit_spread_DIA_000061,0.0,0.0,0.0,8581.594949,1276.0,1276.0,14.15999984741211,,
sim_2019-02-09_2026-05-21_138e7b4fbb82,2023-11-15,put_credit_spread,DIA,put_credit_spread_DIA_000061,0.0,0.0,0.0,8581.594949,1276.0,1276.0,14.18000030517578,,
sim_2019-02-09_2026-05-21_138e7b4fbb82,2023-11-16,put_credit_spread,DIA,put_credit_spread_DIA_000061,0.0,0.0,0.0,8581.594949,1276.0,1276.0,14.31999969482422,,
sim_2019-02-09_2026-05-21_138e7b4fbb82,2023-11-17,put_credit_spread,DIA,put_credit_spread_DIA_000061,239.0,0.0,239.0,8820.594949,1276.0,1276.0,13.800000190734863,,
sim_2019-02-09_2026-05-21_138e7b4fbb82,2023-11-17,put_credit_spread,DIA,put_credit_spread_DIA_000062,-2.03775,0.0,-2.03775,8818.557199,624.5,624.5,13.800000190734863,,
sim_2019-02-09_2026-05-21_138e7b4fbb82,2023-11-20,put_credit_spread,DIA,put_credit_spread_DIA_000062,0.0,0.0,0.0,8818.557199,624.5,624.5,13.40999984741211,,
sim_2019-02-09_2026-05-21_138e7b4fbb82,2023-11-21,put_credit_spread,DIA,put_credit_spread_DIA_000062,0.0,0.0,0.0,8818.557199,624.5,624.5,13.350000381469728,,
sim_2019-02-09_2026-05-21_138e7b4fbb82,2023-11-22,put_credit_spread,DIA,put_credit_spread_DIA_000062,0.0,0.0,0.0,8818.557199,624.5,624.5,12.850000381469728,,
sim_2019-02-09_2026-05-21_138e7b4fbb82,2023-11-24,put_credit_spread,DIA,put_credit_spread_DIA_000062,0.0,0.0,0.0,8818.557199,624.5,624.5,12.460000038146973,,
sim_2019-02-09_2026-05-21_138e7b4fbb82,2023-11-27,put_credit_spread,DIA,put_credit_spread_DIA_000062,0.0,0.0,0.0,8818.557199,624.5,624.5,12.6899995803833,,
sim_2019-02-09_2026-05-21_138e7b4fbb82,2023-11-28,put_credit_spread,DIA,put_credit_spread_DIA_000062,0.0,0.0,0.0,8818.557199,624.5,624.5,12.6899995803833,,
sim_2019-02-09_2026-05-21_138e7b4fbb82,2023-11-29,put_credit_spread,DIA,put_credit_spread_DIA_000062,0.0,0.0,0.0,8818.557199,624.5,624.5,12.979999542236328,0.099,0.1163
sim_2019-02-09_2026-05-21_138e7b4fbb82,2023-11-30,put_credit_spread,DIA,put_credit_spread_DIA_000062,0.0,0.0,0.0,8818.557199,624.5,624.5,12.920000076293944,,
sim_2019-02-09_2026-05-21_138e7b4fbb82,2023-12-01,put_credit_spread,DIA,put_credit_spread_DIA_000062,0.0,0.0,0.0,8818.557199,624.5,624.5,12.630000114440918,0.1014,0.1152
sim_2019-02-09_2026-05-21_138e7b4fbb82,2023-12-04,put_credit_spread,DIA,put_credit_spread_DIA_000062,0.0,0.0,0.0,8818.557199,624.5,624.5,13.079999923706056,0.1022,0.1105
sim_2019-02-09_2026-05-21_138e7b4fbb82,2023-12-05,put_credit_spread,DIA,put_credit_spread_DIA_000062,0.0,0.0,0.0,8818.557199,624.5,624.5,12.850000381469728,,
sim_2019-02-09_2026-05-21_138e7b4fbb82,2023-12-06,put_credit_spread,DIA,put_credit_spread_DIA_000062,0.0,0.0,0.0,8818.557199,624.5,624.5,12.970000267028809,0.1009,0.109
sim_2019-02-09_2026-05-21_138e7b4fbb82,2023-12-07,put_credit_spread,DIA,put_credit_spread_DIA_000062,0.0,0.0,0.0,8818.557199,624.5,624.5,13.0600004196167,,
sim_2019-02-09_2026-05-21_138e7b4fbb82,2023-12-08,put_credit_spread,DIA,put_credit_spread_DIA_000062,0.0,0.0,0.0,8818.557199,624.5,624.5,12.350000381469728,0.0972,0.1026
sim_2019-02-09_2026-05-21_138e7b4fbb82,2023-12-11,put_credit_spread,DIA,put_credit_spread_DIA_000062,0.0,0.0,0.0,8818.557199,624.5,624.5,12.630000114440918,0.0999,0.0929
sim_2019-02-09_2026-05-21_138e7b4fbb82,2023-12-12,put_credit_spread,DIA,put_credit_spread_DIA_000062,0.0,0.0,0.0,8818.557199,624.5,624.5,12.06999969482422,,
sim_2019-02-09_2026-05-21_138e7b4fbb82,2023-12-13,put_credit_spread,DIA,put_credit_spread_DIA_000062,0.0,0.0,0.0,8818.557199,624.5,624.5,12.1899995803833,0.0932,0.0919
sim_2019-02-09_2026-05-21_138e7b4fbb82,2023-12-14,put_credit_spread,DIA,put_credit_spread_DIA_000062,0.0,0.0,0.0,8818.557199,624.5,624.5,12.479999542236328,,
sim_2019-02-09_2026-05-21_138e7b4fbb82,2023-12-15,put_credit_spread,DIA,put_credit_spread_DIA_000062,73.5,0.0,73.5,8892.057199,624.5,624.5,12.279999732971191,0.0939,0.0839
sim_2019-02-09_2026-05-21_138e7b4fbb82,2023-12-15,put_credit_spread,DIA,put_credit_spread_DIA_000063,-2.031,0.0,-2.031,8890.026199,688.0,688.0,12.279999732971191,0.0939,0.0839
sim_2019-02-09_2026-05-21_138e7b4fbb82,2023-12-18,put_credit_spread,DIA,put_credit_spread_DIA_000063,0.0,0.0,0.0,8890.026199,688.0,688.0,12.5600004196167,0.0973,0.0836
sim_2019-02-09_2026-05-21_138e7b4fbb82,2023-12-19,put_credit_spread,DIA,put_credit_spread_DIA_000063,0.0,0.0,0.0,8890.026199,688.0,688.0,12.529999732971191,,
sim_2019-02-09_2026-05-21_138e7b4fbb82,2023-12-20,put_credit_spread,DIA,put_credit_spread_DIA_000063,0.0,0.0,0.0,8890.026199,688.0,688.0,13.670000076293944,0.1047,0.0957
sim_2019-02-09_2026-05-21_138e7b4fbb82,2023-12-21,put_credit_spread,DIA,put_credit_spread_DIA_000063,0.0,0.0,0.0,8890.026199,688.0,688.0,13.649999618530272,,
sim_2019-02-09_2026-05-21_138e7b4fbb82,2023-12-22,put_credit_spread,DIA,put_credit_spread_DIA_000063,0.0,0.0,0.0,8890.026199,688.0,688.0,13.029999732971191,0.1046,0.093
sim_2019-02-09_2026-05-21_138e7b4fbb82,2023-12-26,put_credit_spread,DIA,put_credit_spread_DIA_000063,0.0,0.0,0.0,8890.026199,688.0,688.0,12.989999771118164,,
sim_2019-02-09_2026-05-21_138e7b4fbb82,2023-12-27,put_credit_spread,DIA,put_credit_spread_DIA_000063,0.0,0.0,0.0,8890.026199,688.0,688.0,12.43000030517578,0.1043,0.0896
sim_2019-02-09_2026-05-21_138e7b4fbb82,2023-12-28,put_credit_spread,DIA,put_credit_spread_DIA_000063,0.0,0.0,0.0,8890.026199,688.0,688.0,12.470000267028809,,
sim_2019-02-09_2026-05-21_138e7b4fbb82,2023-12-29,put_credit_spread,DIA,put_credit_spread_DIA_000063,0.0,0.0,0.0,8890.026199,688.0,688.0,12.449999809265137,0.1032,0.0836
sim_2019-02-09_2026-05-21_138e7b4fbb82,2024-01-02,put_credit_spread,DIA,put_credit_spread_DIA_000063,0.0,0.0,0.0,8890.026199,688.0,688.0,13.199999809265137,,
sim_2019-02-09_2026-05-21_138e7b4fbb82,2024-01-03,put_credit_spread,DIA,put_credit_spread_DIA_000063,0.0,0.0,0.0,8890.026199,688.0,688.0,14.039999961853027,0.1162,0.0875
sim_2019-02-09_2026-05-21_138e7b4fbb82,2024-01-04,put_credit_spread,DIA,put_credit_spread_DIA_000063,0.0,0.0,0.0,8890.026199,688.0,688.0,14.130000114440918,,
sim_2019-02-09_2026-05-21_138e7b4fbb82,2024-01-05,put_credit_spread,DIA,put_credit_spread_DIA_000063,0.0,0.0,0.0,8890.026199,688.0,688.0,13.350000381469728,0.1108,0.0862
sim_2019-02-09_2026-05-21_138e7b4fbb82,2024-01-08,put_credit_spread,DIA,put_credit_spread_DIA_000063,0.0,0.0,0.0,8890.026199,688.0,688.0,13.079999923706056,0.1086,0.0865
sim_2019-02-09_2026-05-21_138e7b4fbb82,2024-01-09,put_credit_spread,DIA,put_credit_spread_DIA_000063,0.0,0.0,0.0,8890.026199,688.0,688.0,12.760000228881836,,
sim_2019-02-09_2026-05-21_138e7b4fbb82,2024-01-10,put_credit_spread,DIA,put_credit_spread_DIA_000063,0.0,0.0,0.0,8890.026199,688.0,688.0,12.6899995803833,0.1058,0.0883
sim_2019-02-09_2026-05-21_138e7b4fbb82,2024-01-11,put_credit_spread,DIA,put_credit_spread_DIA_000063,0.0,0.0,0.0,8890.026199,688.0,688.0,12.4399995803833,,
sim_2019-02-09_2026-05-21_138e7b4fbb82,2024-01-12,put_credit_spread,DIA,put_credit_spread_DIA_000063,60.0,0.0,60.0,8950.026199,688.0,688.0,12.699999809265137,0.1023,0.0898
sim_2019-02-09_2026-05-21_138e7b4fbb82,2024-01-12,put_credit_spread,DIA,put_credit_spread_DIA_000064,-2.0395,0.0,-2.0395,8947.986699,621.0,621.0,12.699999809265137,0.1023,0.0898
sim_2019-02-09_2026-05-21_138e7b4fbb82,2024-01-16,put_credit_spread,DIA,put_credit_spread_DIA_000064,0.0,0.0,0.0,8947.986699,621.0,621.0,13.84000015258789,,
sim_2019-02-09_2026-05-21_138e7b4fbb82,2024-01-17,put_credit_spread,DIA,put_credit_spread_DIA_000064,0.0,0.0,0.0,8947.986699,621.0,621.0,14.789999961853027,0.1165,0.0815
sim_2019-02-09_2026-05-21_138e7b4fbb82,2024-01-18,put_credit_spread,DIA,put_credit_spread_DIA_000064,0.0,0.0,0.0,8947.986699,621.0,621.0,14.130000114440918,,
sim_2019-02-09_2026-05-21_138e7b4fbb82,2024-01-19,put_credit_spread,DIA,put_credit_spread_DIA_000064,0.0,0.0,0.0,8947.986699,621.0,621.0,13.300000190734863,0.1052,0.0858
sim_2019-02-09_2026-05-21_138e7b4fbb82,2024-01-22,put_credit_spread,DIA,put_credit_spread_DIA_000064,0.0,0.0,0.0,8947.986699,621.0,621.0,13.1899995803833,0.1043,0.0854
sim_2019-02-09_2026-05-21_138e7b4fbb82,2024-01-23,put_credit_spread,DIA,put_credit_spread_DIA_000064,0.0,0.0,0.0,8947.986699,621.0,621.0,12.550000190734863,,
sim_2019-02-09_2026-05-21_138e7b4fbb82,2024-01-24,put_credit_spread,DIA,put_credit_spread_DIA_000064,0.0,0.0,0.0,8947.986699,621.0,621.0,13.140000343322754,0.1018,0.087
sim_2019-02-09_2026-05-21_138e7b4fbb82,2024-01-25,put_credit_spread,DIA,put_credit_spread_DIA_000064,0.0,0.0,0.0,8947.986699,621.0,621.0,13.449999809265137,,
sim_2019-02-09_2026-05-21_138e7b4fbb82,2024-01-26,put_credit_spread,DIA,put_credit_spread_DIA_000064,0.0,0.0,0.0,8947.986699,621.0,621.0,13.260000228881836,0.1021,0.0872
sim_2019-02-09_2026-05-21_138e7b4fbb82,2024-01-29,put_credit_spread,DIA,put_credit_spread_DIA_000064,126.47525,0.0,126.47525,9074.461949,621.0,621.0,13.600000381469728,0.1056,0.0791
sim_2019-02-09_2026-05-21_138e7b4fbb82,2024-01-29,put_credit_spread,DIA,put_credit_spread_DIA_000065,-2.04775,0.0,-2.04775,9072.414199,704.5,704.5,13.600000381469728,0.1056,0.0791
sim_2019-02-09_2026-05-21_138e7b4fbb82,2024-01-30,put_credit_spread,DIA,put_credit_spread_DIA_000065,0.0,0.0,0.0,9072.414199,704.5,704.5,13.3100004196167,,
sim_2019-02-09_2026-05-21_138e7b4fbb82,2024-01-31,put_credit_spread,DIA,put_credit_spread_DIA_000065,0.0,0.0,0.0,9072.414199,704.5,704.5,14.350000381469728,0.1108,0.0827
sim_2019-02-09_2026-05-21_138e7b4fbb82,2024-02-01,put_credit_spread,DIA,put_credit_spread_DIA_000065,0.0,0.0,0.0,9072.414199,704.5,704.5,13.880000114440918,,
sim_2019-02-09_2026-05-21_138e7b4fbb82,2024-02-02,put_credit_spread,DIA,put_credit_spread_DIA_000065,0.0,0.0,0.0,9072.414199,704.5,704.5,13.850000381469728,0.1039,0.0853
sim_2019-02-09_2026-05-21_138e7b4fbb82,2024-02-05,put_credit_spread,DIA,put_credit_spread_DIA_000065,0.0,0.0,0.0,9072.414199,704.5,704.5,13.670000076293944,0.1041,0.0793
sim_2019-02-09_2026-05-21_138e7b4fbb82,2024-02-06,put_credit_spread,DIA,put_credit_spread_DIA_000065,0.0,0.0,0.0,9072.414199,704.5,704.5,13.0600004196167,,
sim_2019-02-09_2026-05-21_138e7b4fbb82,2024-02-07,put_credit_spread,DIA,put_credit_spread_DIA_000065,0.0,0.0,0.0,9072.414199,704.5,704.5,12.829999923706056,0.1004,0.0773
sim_2019-02-09_2026-05-21_138e7b4fbb82,2024-02-08,put_credit_spread,DIA,put_credit_spread_DIA_000065,0.0,0.0,0.0,9072.414199,704.5,704.5,12.789999961853027,,
sim_2019-02-09_2026-05-21_138e7b4fbb82,2024-02-09,put_credit_spread,DIA,put_credit_spread_DIA_000065,0.0,0.0,0.0,9072.414199,704.5,704.5,12.93000030517578,0.1,0.0769
sim_2019-02-09_2026-05-21_138e7b4fbb82,2024-02-12,put_credit_spread,DIA,put_credit_spread_DIA_000065,0.0,0.0,0.0,9072.414199,704.5,704.5,13.93000030517578,0.1061,0.0772
sim_2019-02-09_2026-05-21_138e7b4fbb82,2024-02-13,put_credit_spread,DIA,put_credit_spread_DIA_000065,0.0,0.0,0.0,9072.414199,704.5,704.5,15.850000381469728,,
sim_2019-02-09_2026-05-21_138e7b4fbb82,2024-02-14,put_credit_spread,DIA,put_credit_spread_DIA_000065,0.0,0.0,0.0,9072.414199,704.5,704.5,14.380000114440918,0.1095,0.0887
sim_2019-02-09_2026-05-21_138e7b4fbb82,2024-02-15,put_credit_spread,DIA,put_credit_spread_DIA_000065,0.0,0.0,0.0,9072.414199,704.5,704.5,14.010000228881836,,
sim_2019-02-09_2026-05-21_138e7b4fbb82,2024-02-16,put_credit_spread,DIA,put_credit_spread_DIA_000065,0.0,0.0,0.0,9072.414199,704.5,704.5,14.239999771118164,0.11,0.0913
sim_2019-02-09_2026-05-21_138e7b4fbb82,2024-02-20,put_credit_spread,DIA,put_credit_spread_DIA_000065,0.0,0.0,0.0,9072.414199,704.5,704.5,15.420000076293944,,
sim_2019-02-09_2026-05-21_138e7b4fbb82,2024-02-21,put_credit_spread,DIA,put_credit_spread_DIA_000065,0.0,0.0,0.0,9072.414199,704.5,704.5,15.34000015258789,0.114,0.0904
sim_2019-02-09_2026-05-21_138e7b4fbb82,2024-02-22,put_credit_spread,DIA,put_credit_spread_DIA_000065,0.0,0.0,0.0,9072.414199,704.5,704.5,14.539999961853027,,
sim_2019-02-09_2026-05-21_138e7b4fbb82,2024-02-23,put_credit_spread,DIA,put_credit_spread_DIA_000065,93.5,0.0,93.5,9165.914199,704.5,704.5,13.75,0.1057,0.0936
sim_2019-02-09_2026-05-21_138e7b4fbb82,2024-02-23,put_credit_spread,DIA,put_credit_spread_DIA_000066,-2.06325,0.0,-2.06325,9163.850949,1373.5,1373.5,13.75,0.1057,0.0936
sim_2019-02-09_2026-05-21_138e7b4fbb82,2024-02-26,put_credit_spread,DIA,put_credit_spread_DIA_000066,0.0,0.0,0.0,9163.850949,1373.5,1373.5,13.739999771118164,0.1024,0.0939
sim_2019-02-09_2026-05-21_138e7b4fbb82,2024-02-27,put_credit_spread,DIA,put_credit_spread_DIA_000066,0.0,0.0,0.0,9163.850949,1373.5,1373.5,13.43000030517578,,
sim_2019-02-09_2026-05-21_138e7b4fbb82,2024-02-28,put_credit_spread,DIA,put_credit_spread_DIA_000066,0.0,0.0,0.0,9163.850949,1373.5,1373.5,13.84000015258789,0.1021,0.0913
sim_2019-02-09_2026-05-21_138e7b4fbb82,2024-02-29,put_credit_spread,DIA,put_credit_spread_DIA_000066,0.0,0.0,0.0,9163.850949,1373.5,1373.5,13.399999618530272,,
sim_2019-02-09_2026-05-21_138e7b4fbb82,2024-03-01,put_credit_spread,DIA,put_credit_spread_DIA_000066,0.0,0.0,0.0,9163.850949,1373.5,1373.5,13.109999656677246,0.1001,0.0899
sim_2019-02-09_2026-05-21_138e7b4fbb82,2024-03-04,put_credit_spread,DIA,put_credit_spread_DIA_000066,0.0,0.0,0.0,9163.850949,1373.5,1373.5,13.489999771118164,0.0983,0.0868
sim_2019-02-09_2026-05-21_138e7b4fbb82,2024-03-05,put_credit_spread,DIA,put_credit_spread_DIA_000066,0.0,0.0,0.0,9163.850949,1373.5,1373.5,14.460000038146973,,
sim_2019-02-09_2026-05-21_138e7b4fbb82,2024-03-06,put_credit_spread,DIA,put_credit_spread_DIA_000066,0.0,0.0,0.0,9163.850949,1373.5,1373.5,14.5,0.1074,0.0921
sim_2019-02-09_2026-05-21_138e7b4fbb82,2024-03-07,put_credit_spread,DIA,put_credit_spread_DIA_000066,0.0,0.0,0.0,9163.850949,1373.5,1373.5,14.4399995803833,,
sim_2019-02-09_2026-05-21_138e7b4fbb82,2024-03-08,put_credit_spread,DIA,put_credit_spread_DIA_000066,0.0,0.0,0.0,9163.850949,1373.5,1373.5,14.739999771118164,0.1163,0.0906
sim_2019-02-09_2026-05-21_138e7b4fbb82,2024-03-11,put_credit_spread,DIA,put_credit_spread_DIA_000066,0.0,0.0,0.0,9163.850949,1373.5,1373.5,15.220000267028809,0.1086,0.0906
sim_2019-02-09_2026-05-21_138e7b4fbb82,2024-03-12,put_credit_spread,DIA,put_credit_spread_DIA_000066,0.0,0.0,0.0,9163.850949,1373.5,1373.5,13.84000015258789,,
sim_2019-02-09_2026-05-21_138e7b4fbb82,2024-03-13,put_credit_spread,DIA,put_credit_spread_DIA_000066,0.0,0.0,0.0,9163.850949,1373.5,1373.5,13.75,0.1038,0.0904
sim_2019-02-09_2026-05-21_138e7b4fbb82,2024-03-14,put_credit_spread,DIA,put_credit_spread_DIA_000066,0.0,0.0,0.0,9163.850949,1373.5,1373.5,14.399999618530272,,
sim_2019-02-09_2026-05-21_138e7b4fbb82,2024-03-15,put_credit_spread,DIA,put_credit_spread_DIA_000066,0.0,0.0,0.0,9163.850949,1373.5,1373.5,14.40999984741211,0.1063,0.0864
sim_2019-02-09_2026-05-21_138e7b4fbb82,2024-03-18,put_credit_spread,DIA,put_credit_spread_DIA_000066,0.0,0.0,0.0,9163.850949,1373.5,1373.5,14.329999923706056,0.1108,0.0861
sim_2019-02-09_2026-05-21_138e7b4fbb82,2024-03-19,put_credit_spread,DIA,put_credit_spread_DIA_000066,0.0,0.0,0.0,9163.850949,1373.5,1373.5,13.81999969482422,,
sim_2019-02-09_2026-05-21_138e7b4fbb82,2024-03-20,put_credit_spread,DIA,put_credit_spread_DIA_000066,0.0,0.0,0.0,9163.850949,1373.5,1373.5,13.039999961853027,0.0995,0.0902
sim_2019-02-09_2026-05-21_138e7b4fbb82,2024-03-21,put_credit_spread,DIA,put_credit_spread_DIA_000066,0.0,0.0,0.0,9163.850949,1373.5,1373.5,12.920000076293944,,
sim_2019-02-09_2026-05-21_138e7b4fbb82,2024-03-22,put_credit_spread,DIA,put_credit_spread_DIA_000066,124.5,0.0,124.5,9288.350949,1373.5,1373.5,13.0600004196167,0.0972,0.0951
sim_2019-02-09_2026-05-21_138e7b4fbb82,2024-03-25,put_credit_spread,DIA,put_credit_spread_DIA_000067,-2.03875,0.0,-2.03875,9286.312199,722.5,722.5,13.1899995803833,0.1021,0.0958
sim_2019-02-09_2026-05-21_138e7b4fbb82,2024-03-26,put_credit_spread,DIA,put_credit_spread_DIA_000067,0.0,0.0,0.0,9286.312199,722.5,722.5,13.239999771118164,,
sim_2019-02-09_2026-05-21_138e7b4fbb82,2024-03-27,put_credit_spread,DIA,put_credit_spread_DIA_000067,0.0,0.0,0.0,9286.312199,722.5,722.5,12.779999732971191,0.0974,0.0913
sim_2019-02-09_2026-05-21_138e7b4fbb82,2024-03-28,put_credit_spread,DIA,put_credit_spread_DIA_000067,0.0,0.0,0.0,9286.312199,722.5,722.5,13.010000228881836,,
sim_2019-02-09_2026-05-21_138e7b4fbb82,2024-04-01,put_credit_spread,DIA,put_credit_spread_DIA_000067,0.0,0.0,0.0,9286.312199,722.5,722.5,13.649999618530272,0.1076,0.0891
sim_2019-02-09_2026-05-21_138e7b4fbb82,2024-04-02,put_credit_spread,DIA,put_credit_spread_DIA_000067,0.0,0.0,0.0,9286.312199,722.5,722.5,14.609999656677246,,
sim_2019-02-09_2026-05-21_138e7b4fbb82,2024-04-03,put_credit_spread,DIA,put_credit_spread_DIA_000067,0.0,0.0,0.0,9286.312199,722.5,722.5,14.329999923706056,0.1151,0.0921
sim_2019-02-09_2026-05-21_138e7b4fbb82,2024-04-04,put_credit_spread,DIA,put_credit_spread_DIA_000067,0.0,0.0,0.0,9286.312199,722.5,722.5,16.350000381469727,,
sim_2019-02-09_2026-05-21_138e7b4fbb82,2024-04-05,put_credit_spread,DIA,put_credit_spread_DIA_000067,0.0,0.0,0.0,9286.312199,722.5,722.5,16.030000686645508,0.1315,0.0971
sim_2019-02-09_2026-05-21_138e7b4fbb82,2024-04-08,put_credit_spread,DIA,put_credit_spread_DIA_000067,0.0,0.0,0.0,9286.312199,722.5,722.5,15.1899995803833,0.124,0.0969
sim_2019-02-09_2026-05-21_138e7b4fbb82,2024-04-09,put_credit_spread,DIA,put_credit_spread_DIA_000067,0.0,0.0,0.0,9286.312199,722.5,722.5,14.979999542236328,,
sim_2019-02-09_2026-05-21_138e7b4fbb82,2024-04-10,put_credit_spread,DIA,put_credit_spread_DIA_000067,0.0,0.0,0.0,9286.312199,722.5,722.5,15.800000190734863,0.1278,0.1018
sim_2019-02-09_2026-05-21_138e7b4fbb82,2024-04-11,put_credit_spread,DIA,put_credit_spread_DIA_000067,0.0,0.0,0.0,9286.312199,722.5,722.5,14.90999984741211,,
sim_2019-02-09_2026-05-21_138e7b4fbb82,2024-04-12,put_credit_spread,DIA,put_credit_spread_DIA_000067,0.0,0.0,0.0,9286.312199,722.5,722.5,17.309999465942383,0.1444,0.1072
sim_2019-02-09_2026-05-21_138e7b4fbb82,2024-04-15,put_credit_spread,DIA,put_credit_spread_DIA_000067,0.0,0.0,0.0,9286.312199,722.5,722.5,19.229999542236328,0.1525,0.1077
sim_2019-02-09_2026-05-21_138e7b4fbb82,2024-04-16,put_credit_spread,DIA,put_credit_spread_DIA_000067,0.0,0.0,0.0,9286.312199,722.5,722.5,18.39999961853028,,
sim_2019-02-09_2026-05-21_138e7b4fbb82,2024-04-17,put_credit_spread,DIA,put_credit_spread_DIA_000067,-2.03875,0.0,-2.03875,9284.273449,722.5,722.5,18.209999084472656,0.1463,0.1043
sim_2019-02-09_2026-05-21_138e7b4fbb82,2024-04-17,put_credit_spread,DIA,put_credit_spread_DIA_000068,-2.1075,0.0,-2.1075,9282.165949,1285.0,1285.0,18.209999084472656,0.1463,0.1043
sim_2019-02-09_2026-05-21_138e7b4fbb82,2024-04-18,put_credit_spread,DIA,put_credit_spread_DIA_000068,0.0,0.0,0.0,9282.165949,1285.0,1285.0,18.0,,
sim_2019-02-09_2026-05-21_138e7b4fbb82,2024-04-19,put_credit_spread,DIA,put_credit_spread_DIA_000068,44.5,0.0,44.5,9326.665949,1285.0,1285.0,18.709999084472656,0.1524,0.1048
sim_2019-02-09_2026-05-21_138e7b4fbb82,2024-04-22,put_credit_spread,DIA,put_credit_spread_DIA_000068,0.0,0.0,0.0,9326.665949,1285.0,1285.0,16.940000534057617,0.1313,0.107
sim_2019-02-09_2026-05-21_138e7b4fbb82,2024-04-23,put_credit_spread,DIA,put_credit_spread_DIA_000068,0.0,0.0,0.0,9326.665949,1285.0,1285.0,15.6899995803833,,
sim_2019-02-09_2026-05-21_138e7b4fbb82,2024-04-24,put_credit_spread,DIA,put_credit_spread_DIA_000068,0.0,0.0,0.0,9326.665949,1285.0,1285.0,15.970000267028809,0.1221,0.1074
sim_2019-02-09_2026-05-21_138e7b4fbb82,2024-04-25,put_credit_spread,DIA,put_credit_spread_DIA_000068,0.0,0.0,0.0,9326.665949,1285.0,1285.0,15.369999885559082,,
sim_2019-02-09_2026-05-21_138e7b4fbb82,2024-04-26,put_credit_spread,DIA,put_credit_spread_DIA_000068,0.0,0.0,0.0,9326.665949,1285.0,1285.0,15.029999732971191,0.118,0.1107
sim_2019-02-09_2026-05-21_138e7b4fbb82,2024-04-29,put_credit_spread,DIA,put_credit_spread_DIA_000068,0.0,0.0,0.0,9326.665949,1285.0,1285.0,14.670000076293944,0.1164,0.1093
sim_2019-02-09_2026-05-21_138e7b4fbb82,2024-04-30,put_credit_spread,DIA,put_credit_spread_DIA_000068,0.0,0.0,0.0,9326.665949,1285.0,1285.0,15.649999618530272,,
sim_2019-02-09_2026-05-21_138e7b4fbb82,2024-05-01,put_credit_spread,DIA,put_credit_spread_DIA_000068,-65.0,0.0,-65.0,9261.665949,1285.0,1285.0,15.390000343322754,0.1228,0.1142
sim_2019-02-09_2026-05-21_138e7b4fbb82,2024-05-02,put_credit_spread,DIA,put_credit_spread_DIA_000068,0.0,0.0,0.0,9261.665949,1285.0,1285.0,14.68000030517578,,
sim_2019-02-09_2026-05-21_138e7b4fbb82,2024-05-03,put_credit_spread,DIA,put_credit_spread_DIA_000068,-16.5,0.0,-16.5,9245.165949,1285.0,1285.0,13.489999771118164,0.109,0.1166
sim_2019-02-09_2026-05-21_138e7b4fbb82,2024-05-06,put_credit_spread,DIA,put_credit_spread_DIA_000068,-2.5,0.0,-2.5,9242.665949,1285.0,1285.0,13.489999771118164,0.1101,0.1155
sim_2019-02-09_2026-05-21_138e7b4fbb82,2024-05-07,put_credit_spread,DIA,put_credit_spread_DIA_000068,0.0,0.0,0.0,9242.665949,1285.0,1285.0,13.229999542236328,,
sim_2019-02-09_2026-05-21_138e7b4fbb82,2024-05-08,put_credit_spread,DIA,put_credit_spread_DIA_000068,0.0,0.0,0.0,9242.665949,1285.0,1285.0,13.0,0.1047,0.116
sim_2019-02-09_2026-05-21_138e7b4fbb82,2024-05-09,put_credit_spread,DIA,put_credit_spread_DIA_000068,0.0,0.0,0.0,9242.665949,1285.0,1285.0,12.6899995803833,,
sim_2019-02-09_2026-05-21_138e7b4fbb82,2024-05-10,put_credit_spread,DIA,put_credit_spread_DIA_000068,0.0,0.0,0.0,9242.665949,1285.0,1285.0,12.550000190734863,0.1031,0.114
sim_2019-02-09_2026-05-21_138e7b4fbb82,2024-05-13,put_credit_spread,DIA,put_credit_spread_DIA_000068,0.0,0.0,0.0,9242.665949,1285.0,1285.0,13.600000381469728,0.1098,0.1127
sim_2019-02-09_2026-05-21_138e7b4fbb82,2024-05-14,put_credit_spread,DIA,put_credit_spread_DIA_000068,0.0,0.0,0.0,9242.665949,1285.0,1285.0,13.420000076293944,,
sim_2019-02-09_2026-05-21_138e7b4fbb82,2024-05-15,put_credit_spread,DIA,put_credit_spread_DIA_000068,0.0,0.0,0.0,9242.665949,1285.0,1285.0,12.449999809265137,0.0965,0.1124
sim_2019-02-09_2026-05-21_138e7b4fbb82,2024-05-16,put_credit_spread,DIA,put_credit_spread_DIA_000068,0.0,0.0,0.0,9242.665949,1285.0,1285.0,12.420000076293944,,
sim_2019-02-09_2026-05-21_138e7b4fbb82,2024-05-17,put_credit_spread,DIA,put_credit_spread_DIA_000068,252.5,0.0,252.5,9495.165949,1285.0,1285.0,11.989999771118164,0.0941,0.1025
sim_2019-02-09_2026-05-21_138e7b4fbb82,2024-05-17,put_credit_spread,DIA,put_credit_spread_DIA_000069,-2.0365,0.0,-2.0365,9493.129449,727.0,727.0,11.989999771118164,0.0941,0.1025
sim_2019-02-09_2026-05-21_138e7b4fbb82,2024-05-20,put_credit_spread,DIA,put_credit_spread_DIA_000069,0.0,0.0,0.0,9493.129449,727.0,727.0,12.149999618530272,0.0943,0.1037
sim_2019-02-09_2026-05-21_138e7b4fbb82,2024-05-21,put_credit_spread,DIA,put_credit_spread_DIA_000069,0.0,0.0,0.0,9493.129449,727.0,727.0,11.859999656677246,,
sim_2019-02-09_2026-05-21_138e7b4fbb82,2024-05-22,put_credit_spread,DIA,put_credit_spread_DIA_000069,0.0,0.0,0.0,9493.129449,727.0,727.0,12.289999961853027,0.0959,0.0991
sim_2019-02-09_2026-05-21_138e7b4fbb82,2024-05-23,put_credit_spread,DIA,put_credit_spread_DIA_000069,0.0,0.0,0.0,9493.129449,727.0,727.0,12.770000457763672,,
sim_2019-02-09_2026-05-21_138e7b4fbb82,2024-05-24,put_credit_spread,DIA,put_credit_spread_DIA_000069,0.0,0.0,0.0,9493.129449,727.0,727.0,11.93000030517578,0.0947,0.1029
sim_2019-02-09_2026-05-21_138e7b4fbb82,2024-05-28,put_credit_spread,DIA,put_credit_spread_DIA_000069,0.0,0.0,0.0,9493.129449,727.0,727.0,12.920000076293944,,
sim_2019-02-09_2026-05-21_138e7b4fbb82,2024-05-29,put_credit_spread,DIA,put_credit_spread_DIA_000069,0.0,0.0,0.0,9493.129449,727.0,727.0,14.279999732971191,0.1114,0.1072
sim_2019-02-09_2026-05-21_138e7b4fbb82,2024-05-30,put_credit_spread,DIA,put_credit_spread_DIA_000069,0.0,0.0,0.0,9493.129449,727.0,727.0,14.470000267028809,,
sim_2019-02-09_2026-05-21_138e7b4fbb82,2024-05-31,put_credit_spread,DIA,put_credit_spread_DIA_000069,0.0,0.0,0.0,9493.129449,727.0,727.0,12.920000076293944,0.1037,0.1186
sim_2019-02-09_2026-05-21_138e7b4fbb82,2024-06-03,put_credit_spread,DIA,put_credit_spread_DIA_000069,0.0,0.0,0.0,9493.129449,727.0,727.0,13.109999656677246,0.108,0.1185
sim_2019-02-09_2026-05-21_138e7b4fbb82,2024-06-04,put_credit_spread,DIA,put_credit_spread_DIA_000069,0.0,0.0,0.0,9493.129449,727.0,727.0,13.15999984741211,,
sim_2019-02-09_2026-05-21_138e7b4fbb82,2024-06-05,put_credit_spread,DIA,put_credit_spread_DIA_000069,0.0,0.0,0.0,9493.129449,727.0,727.0,12.630000114440918,0.1035,0.116
sim_2019-02-09_2026-05-21_138e7b4fbb82,2024-06-06,put_credit_spread,DIA,put_credit_spread_DIA_000069,0.0,0.0,0.0,9493.129449,727.0,727.0,12.579999923706056,,
sim_2019-02-09_2026-05-21_138e7b4fbb82,2024-06-07,put_credit_spread,DIA,put_credit_spread_DIA_000069,0.0,0.0,0.0,9493.129449,727.0,727.0,12.220000267028809,0.1019,0.1126
sim_2019-02-09_2026-05-21_138e7b4fbb82,2024-06-10,put_credit_spread,DIA,put_credit_spread_DIA_000069,0.0,0.0,0.0,9493.129449,727.0,727.0,12.739999771118164,0.1056,0.1123
sim_2019-02-09_2026-05-21_138e7b4fbb82,2024-06-11,put_credit_spread,DIA,put_credit_spread_DIA_000069,0.0,0.0,0.0,9493.129449,727.0,727.0,12.850000381469728,,
sim_2019-02-09_2026-05-21_138e7b4fbb82,2024-06-12,put_credit_spread,DIA,put_credit_spread_DIA_000069,-2.0365,0.0,-2.0365,9491.092949,727.0,727.0,12.039999961853027,0.0981,0.1029
sim_2019-02-09_2026-05-21_138e7b4fbb82,2024-06-12,put_credit_spread,DIA,put_credit_spread_DIA_000070,-2.0455,0.0,-2.0455,9489.047449,709.0,709.0,12.039999961853027,0.0981,0.1029
sim_2019-02-09_2026-05-21_138e7b4fbb82,2024-06-13,put_credit_spread,DIA,put_credit_spread_DIA_000070,0.0,0.0,0.0,9489.047449,709.0,709.0,11.9399995803833,,
sim_2019-02-09_2026-05-21_138e7b4fbb82,2024-06-14,put_credit_spread,DIA,put_credit_spread_DIA_000070,0.0,0.0,0.0,9489.047449,709.0,709.0,12.65999984741211,0.106,0.1004
sim_2019-02-09_2026-05-21_138e7b4fbb82,2024-06-17,put_credit_spread,DIA,put_credit_spread_DIA_000070,0.0,0.0,0.0,9489.047449,709.0,709.0,12.75,0.1065,0.0956
sim_2019-02-09_2026-05-21_138e7b4fbb82,2024-06-18,put_credit_spread,DIA,put_credit_spread_DIA_000070,0.0,0.0,0.0,9489.047449,709.0,709.0,12.300000190734863,,
sim_2019-02-09_2026-05-21_138e7b4fbb82,2024-06-20,put_credit_spread,DIA,put_credit_spread_DIA_000070,0.0,0.0,0.0,9489.047449,709.0,709.0,13.279999732971191,,
sim_2019-02-09_2026-05-21_138e7b4fbb82,2024-06-21,put_credit_spread,DIA,put_credit_spread_DIA_000070,0.0,0.0,0.0,9489.047449,709.0,709.0,13.199999809265137,0.1079,0.0967
sim_2019-02-09_2026-05-21_138e7b4fbb82,2024-06-24,put_credit_spread,DIA,put_credit_spread_DIA_000070,0.0,0.0,0.0,9489.047449,709.0,709.0,13.329999923706056,0.1108,0.0951
sim_2019-02-09_2026-05-21_138e7b4fbb82,2024-06-25,put_credit_spread,DIA,put_credit_spread_DIA_000070,0.0,0.0,0.0,9489.047449,709.0,709.0,12.84000015258789,,
sim_2019-02-09_2026-05-21_138e7b4fbb82,2024-06-26,put_credit_spread,DIA,put_credit_spread_DIA_000070,0.0,0.0,0.0,9489.047449,709.0,709.0,12.550000190734863,0.1078,0.097
sim_2019-02-09_2026-05-21_138e7b4fbb82,2024-06-27,put_credit_spread,DIA,put_credit_spread_DIA_000070,0.0,0.0,0.0,9489.047449,709.0,709.0,12.239999771118164,,
sim_2019-02-09_2026-05-21_138e7b4fbb82,2024-06-28,put_credit_spread,DIA,put_credit_spread_DIA_000070,0.0,0.0,0.0,9489.047449,709.0,709.0,12.4399995803833,0.1055,0.0922
sim_2019-02-09_2026-05-21_138e7b4fbb82,2024-07-01,put_credit_spread,DIA,put_credit_spread_DIA_000070,0.0,0.0,0.0,9489.047449,709.0,709.0,12.220000267028809,0.1023,0.0923
sim_2019-02-09_2026-05-21_138e7b4fbb82,2024-07-02,put_credit_spread,DIA,put_credit_spread_DIA_000070,0.0,0.0,0.0,9489.047449,709.0,709.0,12.029999732971191,,
sim_2019-02-09_2026-05-21_138e7b4fbb82,2024-07-03,put_credit_spread,DIA,put_credit_spread_DIA_000070,0.0,0.0,0.0,9489.047449,709.0,709.0,12.09000015258789,0.1014,0.0926
sim_2019-02-09_2026-05-21_138e7b4fbb82,2024-07-05,put_credit_spread,DIA,put_credit_spread_DIA_000070,0.0,0.0,0.0,9489.047449,709.0,709.0,12.479999542236328,0.1025,0.0927
sim_2019-02-09_2026-05-21_138e7b4fbb82,2024-07-08,put_credit_spread,DIA,put_credit_spread_DIA_000070,0.0,0.0,0.0,9489.047449,709.0,709.0,12.369999885559082,0.1076,0.0915
sim_2019-02-09_2026-05-21_138e7b4fbb82,2024-07-09,put_credit_spread,DIA,put_credit_spread_DIA_000070,0.0,0.0,0.0,9489.047449,709.0,709.0,12.510000228881836,,
sim_2019-02-09_2026-05-21_138e7b4fbb82,2024-07-10,put_credit_spread,DIA,put_credit_spread_DIA_000070,0.0,0.0,0.0,9489.047449,709.0,709.0,12.850000381469728,0.1119,0.0857
sim_2019-02-09_2026-05-21_138e7b4fbb82,2024-07-11,put_credit_spread,DIA,put_credit_spread_DIA_000070,0.0,0.0,0.0,9489.047449,709.0,709.0,12.920000076293944,,
sim_2019-02-09_2026-05-21_138e7b4fbb82,2024-07-12,put_credit_spread,DIA,put_credit_spread_DIA_000070,89.0,0.0,89.0,9578.047449,709.0,709.0,12.460000038146973,0.1043,0.0786
sim_2019-02-09_2026-05-21_138e7b4fbb82,2024-07-12,put_credit_spread,DIA,put_credit_spread_DIA_000071,-2.049,0.0,-2.049,9575.998449,752.0,752.0,12.460000038146973,0.1043,0.0786
sim_2019-02-09_2026-05-21_138e7b4fbb82,2024-07-15,put_credit_spread,DIA,put_credit_spread_DIA_000071,0.0,0.0,0.0,9575.998449,752.0,752.0,13.119999885559082,0.111,0.0741
sim_2019-02-09_2026-05-21_138e7b4fbb82,2024-07-16,put_credit_spread,DIA,put_credit_spread_DIA_000071,0.0,0.0,0.0,9575.998449,752.0,752.0,13.1899995803833,,
sim_2019-02-09_2026-05-21_138e7b4fbb82,2024-07-17,put_credit_spread,DIA,put_credit_spread_DIA_000071,0.0,0.0,0.0,9575.998449,752.0,752.0,14.479999542236328,0.1218,0.077
sim_2019-02-09_2026-05-21_138e7b4fbb82,2024-07-18,put_credit_spread,DIA,put_credit_spread_DIA_000071,0.0,0.0,0.0,9575.998449,752.0,752.0,15.93000030517578,,
sim_2019-02-09_2026-05-21_138e7b4fbb82,2024-07-19,put_credit_spread,DIA,put_credit_spread_DIA_000071,0.0,0.0,0.0,9575.998449,752.0,752.0,16.520000457763672,0.1329,0.0936
sim_2019-02-09_2026-05-21_138e7b4fbb82,2024-07-22,put_credit_spread,DIA,put_credit_spread_DIA_000071,0.0,0.0,0.0,9575.998449,752.0,752.0,14.90999984741211,0.1235,0.0937
sim_2019-02-09_2026-05-21_138e7b4fbb82,2024-07-23,put_credit_spread,DIA,put_credit_spread_DIA_000071,0.0,0.0,0.0,9575.998449,752.0,752.0,14.720000267028809,,
sim_2019-02-09_2026-05-21_138e7b4fbb82,2024-07-24,put_credit_spread,DIA,put_credit_spread_DIA_000071,0.0,0.0,0.0,9575.998449,752.0,752.0,18.040000915527344,0.1397,0.1011
sim_2019-02-09_2026-05-21_138e7b4fbb82,2024-07-25,put_credit_spread,DIA,put_credit_spread_DIA_000071,0.0,0.0,0.0,9575.998449,752.0,752.0,18.459999084472656,,
sim_2019-02-09_2026-05-21_138e7b4fbb82,2024-07-26,put_credit_spread,DIA,put_credit_spread_DIA_000071,0.0,0.0,0.0,9575.998449,752.0,752.0,16.389999389648438,0.1298,0.1093
sim_2019-02-09_2026-05-21_138e7b4fbb82,2024-07-29,put_credit_spread,DIA,put_credit_spread_DIA_000071,0.0,0.0,0.0,9575.998449,752.0,752.0,16.600000381469727,0.1353,0.1091
sim_2019-02-09_2026-05-21_138e7b4fbb82,2024-07-30,put_credit_spread,DIA,put_credit_spread_DIA_000071,0.0,0.0,0.0,9575.998449,752.0,752.0,17.690000534057617,,
sim_2019-02-09_2026-05-21_138e7b4fbb82,2024-07-31,put_credit_spread,DIA,put_credit_spread_DIA_000071,0.0,0.0,0.0,9575.998449,752.0,752.0,16.360000610351562,,
sim_2019-02-09_2026-05-21_138e7b4fbb82,2024-08-01,put_credit_spread,DIA,put_credit_spread_DIA_000071,0.0,0.0,0.0,9575.998449,752.0,752.0,18.59000015258789,,
sim_2019-02-09_2026-05-21_138e7b4fbb82,2024-08-02,put_credit_spread,DIA,put_credit_spread_DIA_000071,0.0,0.0,0.0,9575.998449,752.0,752.0,23.38999938964844,,
sim_2019-02-09_2026-05-21_138e7b4fbb82,2024-08-05,put_credit_spread,DIA,put_credit_spread_DIA_000071,0.0,0.0,0.0,9575.998449,752.0,752.0,38.56999969482422,,
sim_2019-02-09_2026-05-21_138e7b4fbb82,2024-08-06,put_credit_spread,DIA,put_credit_spread_DIA_000071,0.0,0.0,0.0,9575.998449,752.0,752.0,27.709999084472656,,
sim_2019-02-09_2026-05-21_138e7b4fbb82,2024-08-07,put_credit_spread,DIA,put_credit_spread_DIA_000071,-2.049,0.0,-2.049,9573.949449,752.0,752.0,27.850000381469727,,
sim_2019-02-09_2026-05-21_138e7b4fbb82,2024-08-12,put_credit_spread,DIA,put_credit_spread_DIA_000072,-2.10225,0.0,-2.10225,9571.847199,1395.5,1395.5,20.709999084472656,0.1512,0.1553
sim_2019-02-09_2026-05-21_138e7b4fbb82,2024-08-13,put_credit_spread,DIA,put_credit_spread_DIA_000072,0.0,0.0,0.0,9571.847199,1395.5,1395.5,18.1200008392334,,
sim_2019-02-09_2026-05-21_138e7b4fbb82,2024-08-14,put_credit_spread,DIA,put_credit_spread_DIA_000072,0.0,0.0,0.0,9571.847199,1395.5,1395.5,16.190000534057617,0.1227,0.1583
sim_2019-02-09_2026-05-21_138e7b4fbb82,2024-08-15,put_credit_spread,DIA,put_credit_spread_DIA_000072,0.0,0.0,0.0,9571.847199,1395.5,1395.5,15.229999542236328,,
sim_2019-02-09_2026-05-21_138e7b4fbb82,2024-08-16,put_credit_spread,DIA,put_credit_spread_DIA_000072,0.0,0.0,0.0,9571.847199,1395.5,1395.5,14.800000190734863,0.1118,0.1631
sim_2019-02-09_2026-05-21_138e7b4fbb82,2024-08-19,put_credit_spread,DIA,put_credit_spread_DIA_000072,0.0,0.0,0.0,9571.847199,1395.5,1395.5,14.649999618530272,0.1111,0.1636
sim_2019-02-09_2026-05-21_138e7b4fbb82,2024-08-20,put_credit_spread,DIA,put_credit_spread_DIA_000072,0.0,0.0,0.0,9571.847199,1395.5,1395.5,15.880000114440918,,
sim_2019-02-09_2026-05-21_138e7b4fbb82,2024-08-21,put_credit_spread,DIA,put_credit_spread_DIA_000072,-103.0,0.0,-103.0,9468.847199,1395.5,1395.5,16.270000457763672,0.1193,0.161
sim_2019-02-09_2026-05-21_138e7b4fbb82,2024-08-22,put_credit_spread,DIA,put_credit_spread_DIA_000072,0.0,0.0,0.0,9468.847199,1395.5,1395.5,17.549999237060547,,
sim_2019-02-09_2026-05-21_138e7b4fbb82,2024-08-23,put_credit_spread,DIA,put_credit_spread_DIA_000072,-4.0,0.0,-4.0,9464.847199,1395.5,1395.5,15.859999656677246,0.1159,0.1632
sim_2019-02-09_2026-05-21_138e7b4fbb82,2024-08-26,put_credit_spread,DIA,put_credit_spread_DIA_000072,-2.0,0.0,-2.0,9462.847199,1395.5,1395.5,16.149999618530273,0.1165,0.1628
sim_2019-02-09_2026-05-21_138e7b4fbb82,2024-08-27,put_credit_spread,DIA,put_credit_spread_DIA_000072,0.0,0.0,0.0,9462.847199,1395.5,1395.5,15.43000030517578,,
sim_2019-02-09_2026-05-21_138e7b4fbb82,2024-08-28,put_credit_spread,DIA,put_credit_spread_DIA_000072,0.0,0.0,0.0,9462.847199,1395.5,1395.5,17.110000610351562,0.1206,0.154
sim_2019-02-09_2026-05-21_138e7b4fbb82,2024-08-29,put_credit_spread,DIA,put_credit_spread_DIA_000072,0.0,0.0,0.0,9462.847199,1395.5,1395.5,15.649999618530272,,
sim_2019-02-09_2026-05-21_138e7b4fbb82,2024-08-30,put_credit_spread,DIA,put_credit_spread_DIA_000072,0.0,0.0,0.0,9462.847199,1395.5,1395.5,15.0,0.1081,0.1479
sim_2019-02-09_2026-05-21_138e7b4fbb82,2024-09-03,put_credit_spread,DIA,put_credit_spread_DIA_000072,0.0,0.0,0.0,9462.847199,1395.5,1395.5,20.71999931335449,,
sim_2019-02-09_2026-05-21_138e7b4fbb82,2024-09-04,put_credit_spread,DIA,put_credit_spread_DIA_000072,0.0,0.0,0.0,9462.847199,1395.5,1395.5,21.31999969482422,0.1424,0.1543
sim_2019-02-09_2026-05-21_138e7b4fbb82,2024-09-05,put_credit_spread,DIA,put_credit_spread_DIA_000072,0.0,0.0,0.0,9462.847199,1395.5,1395.5,19.89999961853028,,
sim_2019-02-09_2026-05-21_138e7b4fbb82,2024-09-06,put_credit_spread,DIA,put_credit_spread_DIA_000072,311.5,0.0,311.5,9774.347199,1395.5,1395.5,22.3799991607666,0.1574,0.1536
sim_2019-02-09_2026-05-21_138e7b4fbb82,2024-09-09,put_credit_spread,DIA,put_credit_spread_DIA_000073,-2.11875,0.0,-2.11875,9772.228449,1362.5,1362.5,19.450000762939453,0.1476,0.1499
sim_2019-02-09_2026-05-21_138e7b4fbb82,2024-09-10,put_credit_spread,DIA,put_credit_spread_DIA_000073,0.0,0.0,0.0,9772.228449,1362.5,1362.5,19.07999992370605,,
sim_2019-02-09_2026-05-21_138e7b4fbb82,2024-09-11,put_credit_spread,DIA,put_credit_spread_DIA_000073,0.0,0.0,0.0,9772.228449,1362.5,1362.5,17.690000534057617,0.1334,0.1495
sim_2019-02-09_2026-05-21_138e7b4fbb82,2024-09-12,put_credit_spread,DIA,put_credit_spread_DIA_000073,0.0,0.0,0.0,9772.228449,1362.5,1362.5,17.06999969482422,0.1245,0.1505
sim_2019-02-09_2026-05-21_138e7b4fbb82,2024-09-13,put_credit_spread,DIA,put_credit_spread_DIA_000073,0.0,0.0,0.0,9772.228449,1362.5,1362.5,16.559999465942383,0.1258,0.1464
sim_2019-02-09_2026-05-21_138e7b4fbb82,2024-09-16,put_credit_spread,DIA,put_credit_spread_DIA_000073,0.0,0.0,0.0,9772.228449,1362.5,1362.5,17.139999389648438,0.1307,0.1387
sim_2019-02-09_2026-05-21_138e7b4fbb82,2024-09-17,put_credit_spread,DIA,put_credit_spread_DIA_000073,0.0,0.0,0.0,9772.228449,1362.5,1362.5,17.610000610351562,0.1301,0.1107
sim_2019-02-09_2026-05-21_138e7b4fbb82,2024-09-18,put_credit_spread,DIA,put_credit_spread_DIA_000073,-81.5,0.0,-81.5,9690.728449,1362.5,1362.5,18.229999542236328,0.1331,0.1104
sim_2019-02-09_2026-05-21_138e7b4fbb82,2024-09-19,put_credit_spread,DIA,put_credit_spread_DIA_000073,0.0,0.0,0.0,9690.728449,1362.5,1362.5,16.329999923706055,0.122,0.1117
sim_2019-02-09_2026-05-21_138e7b4fbb82,2024-09-20,put_credit_spread,DIA,put_credit_spread_DIA_000073,0.0,0.0,0.0,9690.728449,1362.5,1362.5,16.149999618530273,0.1195,0.1037
sim_2019-02-09_2026-05-21_138e7b4fbb82,2024-09-23,put_credit_spread,DIA,put_credit_spread_DIA_000073,0.0,0.0,0.0,9690.728449,1362.5,1362.5,15.890000343322754,0.1176,0.1037
sim_2019-02-09_2026-05-21_138e7b4fbb82,2024-09-24,put_credit_spread,DIA,put_credit_spread_DIA_000073,0.0,0.0,0.0,9690.728449,1362.5,1362.5,15.390000343322754,0.1141,0.1023
sim_2019-02-09_2026-05-21_138e7b4fbb82,2024-09-25,put_credit_spread,DIA,put_credit_spread_DIA_000073,0.0,0.0,0.0,9690.728449,1362.5,1362.5,15.40999984741211,0.1094,0.1031
sim_2019-02-09_2026-05-21_138e7b4fbb82,2024-09-26,put_credit_spread,DIA,put_credit_spread_DIA_000073,0.0,0.0,0.0,9690.728449,1362.5,1362.5,15.369999885559082,0.1146,0.1031
sim_2019-02-09_2026-05-21_138e7b4fbb82,2024-09-27,put_credit_spread,DIA,put_credit_spread_DIA_000073,0.0,0.0,0.0,9690.728449,1362.5,1362.5,16.959999084472656,0.1264,0.0961
sim_2019-02-09_2026-05-21_138e7b4fbb82,2024-09-30,put_credit_spread,DIA,put_credit_spread_DIA_000073,0.0,0.0,0.0,9690.728449,1362.5,1362.5,16.729999542236328,0.1242,0.0961
sim_2019-02-09_2026-05-21_138e7b4fbb82,2024-10-01,put_credit_spread,DIA,put_credit_spread_DIA_000073,0.0,0.0,0.0,9690.728449,1362.5,1362.5,19.26000022888184,0.137,0.0963
sim_2019-02-09_2026-05-21_138e7b4fbb82,2024-10-02,put_credit_spread,DIA,put_credit_spread_DIA_000073,0.0,0.0,0.0,9690.728449,1362.5,1362.5,18.89999961853028,0.135,0.096
sim_2019-02-09_2026-05-21_138e7b4fbb82,2024-10-03,put_credit_spread,DIA,put_credit_spread_DIA_000073,0.0,0.0,0.0,9690.728449,1362.5,1362.5,20.489999771118164,0.1456,0.0974
sim_2019-02-09_2026-05-21_138e7b4fbb82,2024-10-04,put_credit_spread,DIA,put_credit_spread_DIA_000073,317.0,0.0,317.0,10007.728449,1362.5,1362.5,19.209999084472656,0.1331,0.0986
sim_2019-02-09_2026-05-21_138e7b4fbb82,2024-10-04,put_credit_spread,DIA,put_credit_spread_DIA_000074,-2.092,0.0,-2.092,10005.636449,1516.0,1516.0,19.209999084472656,0.1331,0.0986
sim_2019-02-09_2026-05-21_138e7b4fbb82,2024-10-07,put_credit_spread,DIA,put_credit_spread_DIA_000074,0.0,0.0,0.0,10005.636449,1516.0,1516.0,22.63999938964844,0.1674,0.0988
sim_2019-02-09_2026-05-21_138e7b4fbb82,2024-10-08,put_credit_spread,DIA,put_credit_spread_DIA_000074,0.0,0.0,0.0,10005.636449,1516.0,1516.0,21.420000076293945,0.155,0.099
sim_2019-02-09_2026-05-21_138e7b4fbb82,2024-10-09,put_credit_spread,DIA,put_credit_spread_DIA_000074,0.0,0.0,0.0,10005.636449,1516.0,1516.0,20.86000061035156,0.1454,0.1026
sim_2019-02-09_2026-05-21_138e7b4fbb82,2024-10-10,put_credit_spread,DIA,put_credit_spread_DIA_000074,0.0,0.0,0.0,10005.636449,1516.0,1516.0,20.93000030517578,0.1533,0.1018
sim_2019-02-09_2026-05-21_138e7b4fbb82,2024-10-11,put_credit_spread,DIA,put_credit_spread_DIA_000074,0.0,0.0,0.0,10005.636449,1516.0,1516.0,20.459999084472656,0.15,0.1037
sim_2019-02-09_2026-05-21_138e7b4fbb82,2024-10-14,put_credit_spread,DIA,put_credit_spread_DIA_000074,0.0,0.0,0.0,10005.636449,1516.0,1516.0,19.700000762939453,0.1467,0.1035
sim_2019-02-09_2026-05-21_138e7b4fbb82,2024-10-15,put_credit_spread,DIA,put_credit_spread_DIA_000074,0.0,0.0,0.0,10005.636449,1516.0,1516.0,20.63999938964844,0.1519,0.0964
sim_2019-02-09_2026-05-21_138e7b4fbb82,2024-10-16,put_credit_spread,DIA,put_credit_spread_DIA_000074,0.0,0.0,0.0,10005.636449,1516.0,1516.0,19.57999992370605,0.1411,0.0979
sim_2019-02-09_2026-05-21_138e7b4fbb82,2024-10-17,put_credit_spread,DIA,put_credit_spread_DIA_000074,145.48175,0.0,145.48175,10151.118199,1516.0,1516.0,19.11000061035156,0.1429,0.0962
sim_2019-02-09_2026-05-21_138e7b4fbb82,2024-10-17,put_credit_spread,DIA,put_credit_spread_DIA_000075,-2.126,0.0,-2.126,10148.992199,1548.0,1548.0,19.11000061035156,0.1429,0.0962
sim_2019-02-09_2026-05-21_138e7b4fbb82,2024-10-18,put_credit_spread,DIA,put_credit_spread_DIA_000075,19.0,0.0,19.0,10167.992199,1548.0,1548.0,18.030000686645508,0.1378,0.0898
sim_2019-02-09_2026-05-21_138e7b4fbb82,2024-10-21,put_credit_spread,DIA,put_credit_spread_DIA_000075,0.0,0.0,0.0,10167.992199,1548.0,1548.0,18.3700008392334,0.142,0.0899
sim_2019-02-09_2026-05-21_138e7b4fbb82,2024-10-22,put_credit_spread,DIA,put_credit_spread_DIA_000075,0.0,0.0,0.0,10167.992199,1548.0,1548.0,18.200000762939453,0.1443,0.0895
sim_2019-02-09_2026-05-21_138e7b4fbb82,2024-10-23,put_credit_spread,DIA,put_credit_spread_DIA_000075,0.0,0.0,0.0,10167.992199,1548.0,1548.0,19.239999771118164,0.1529,0.0953
sim_2019-02-09_2026-05-21_138e7b4fbb82,2024-10-24,put_credit_spread,DIA,put_credit_spread_DIA_000075,0.0,0.0,0.0,10167.992199,1548.0,1548.0,19.07999992370605,0.1526,0.0948
sim_2019-02-09_2026-05-21_138e7b4fbb82,2024-10-25,put_credit_spread,DIA,put_credit_spread_DIA_000075,0.0,0.0,0.0,10167.992199,1548.0,1548.0,20.32999992370605,0.1531,0.0951
sim_2019-02-09_2026-05-21_138e7b4fbb82,2024-10-28,put_credit_spread,DIA,put_credit_spread_DIA_000075,0.0,0.0,0.0,10167.992199,1548.0,1548.0,19.799999237060547,0.1514,0.0957
sim_2019-02-09_2026-05-21_138e7b4fbb82,2024-10-29,put_credit_spread,DIA,put_credit_spread_DIA_000075,0.0,0.0,0.0,10167.992199,1548.0,1548.0,19.34000015258789,0.1521,0.0965
sim_2019-02-09_2026-05-21_138e7b4fbb82,2024-10-30,put_credit_spread,DIA,put_credit_spread_DIA_000075,0.0,0.0,0.0,10167.992199,1548.0,1548.0,20.350000381469727,0.1566,0.0963
sim_2019-02-09_2026-05-21_138e7b4fbb82,2024-10-31,put_credit_spread,DIA,put_credit_spread_DIA_000075,0.0,0.0,0.0,10167.992199,1548.0,1548.0,23.15999984741211,0.1702,0.0936
sim_2019-02-09_2026-05-21_138e7b4fbb82,2024-11-01,put_credit_spread,DIA,put_credit_spread_DIA_000075,0.0,0.0,0.0,10167.992199,1548.0,1548.0,21.8799991607666,0.1645,0.0955
sim_2019-02-09_2026-05-21_138e7b4fbb82,2024-11-04,put_credit_spread,DIA,put_credit_spread_DIA_000075,0.0,0.0,0.0,10167.992199,1548.0,1548.0,21.979999542236328,0.1673,0.0968
sim_2019-02-09_2026-05-21_138e7b4fbb82,2024-11-05,put_credit_spread,DIA,put_credit_spread_DIA_000075,0.0,0.0,0.0,10167.992199,1548.0,1548.0,20.489999771118164,0.1572,0.1011
sim_2019-02-09_2026-05-21_138e7b4fbb82,2024-11-06,put_credit_spread,DIA,put_credit_spread_DIA_000075,0.0,0.0,0.0,10167.992199,1548.0,1548.0,16.270000457763672,0.1274,0.1406
sim_2019-02-09_2026-05-21_138e7b4fbb82,2024-11-07,put_credit_spread,DIA,put_credit_spread_DIA_000075,0.0,0.0,0.0,10167.992199,1548.0,1548.0,15.199999809265137,0.1182,0.1399
sim_2019-02-09_2026-05-21_138e7b4fbb82,2024-11-08,put_credit_spread,DIA,put_credit_spread_DIA_000075,0.0,0.0,0.0,10167.992199,1548.0,1548.0,14.9399995803833,0.118,0.1406
sim_2019-02-09_2026-05-21_138e7b4fbb82,2024-11-11,put_credit_spread,DIA,put_credit_spread_DIA_000075,0.0,0.0,0.0,10167.992199,1548.0,1548.0,14.970000267028809,0.1229,0.1413
sim_2019-02-09_2026-05-21_138e7b4fbb82,2024-11-12,put_credit_spread,DIA,put_credit_spread_DIA_000075,0.0,0.0,0.0,10167.992199,1548.0,1548.0,14.710000038146973,,
sim_2019-02-09_2026-05-21_138e7b4fbb82,2024-11-13,put_credit_spread,DIA,put_credit_spread_DIA_000075,0.0,0.0,0.0,10167.992199,1548.0,1548.0,14.020000457763672,0.1184,0.1433
sim_2019-02-09_2026-05-21_138e7b4fbb82,2024-11-14,put_credit_spread,DIA,put_credit_spread_DIA_000075,0.0,0.0,0.0,10167.992199,1548.0,1548.0,14.3100004196167,0.1165,0.1434
sim_2019-02-09_2026-05-21_138e7b4fbb82,2024-11-15,put_credit_spread,DIA,put_credit_spread_DIA_000075,231.0,0.0,231.0,10398.992199,1548.0,1548.0,16.139999389648438,0.1244,0.1441
sim_2019-02-09_2026-05-21_138e7b4fbb82,2024-11-15,put_credit_spread,DIA,put_credit_spread_DIA_000076,-2.09,0.0,-2.09,10396.902199,1620.0,1620.0,16.139999389648438,0.1244,0.1441
sim_2019-02-09_2026-05-21_138e7b4fbb82,2024-11-18,put_credit_spread,DIA,put_credit_spread_DIA_000076,2.0,0.0,2.0,10398.902199,1620.0,1620.0,15.579999923706056,0.124,0.1411
sim_2019-02-09_2026-05-21_138e7b4fbb82,2024-11-19,put_credit_spread,DIA,put_credit_spread_DIA_000076,0.0,0.0,0.0,10398.902199,1620.0,1620.0,16.350000381469727,0.1299,0.1416
sim_2019-02-09_2026-05-21_138e7b4fbb82,2024-11-20,put_credit_spread,DIA,put_credit_spread_DIA_000076,0.0,0.0,0.0,10398.902199,1620.0,1620.0,17.15999984741211,0.1311,0.1391
sim_2019-02-09_2026-05-21_138e7b4fbb82,2024-11-21,put_credit_spread,DIA,put_credit_spread_DIA_000076,0.0,0.0,0.0,10398.902199,1620.0,1620.0,16.8700008392334,0.1277,0.142
sim_2019-02-09_2026-05-21_138e7b4fbb82,2024-11-22,put_credit_spread,DIA,put_credit_spread_DIA_000076,0.0,0.0,0.0,10398.902199,1620.0,1620.0,15.239999771118164,0.118,0.142
sim_2019-02-09_2026-05-21_138e7b4fbb82,2024-11-25,put_credit_spread,DIA,put_credit_spread_DIA_000076,0.0,0.0,0.0,10398.902199,1620.0,1620.0,14.600000381469728,0.1143,0.1438
sim_2019-02-09_2026-05-21_138e7b4fbb82,2024-11-26,put_credit_spread,DIA,put_credit_spread_DIA_000076,0.0,0.0,0.0,10398.902199,1620.0,1620.0,14.100000381469728,0.1127,0.1413
sim_2019-02-09_2026-05-21_138e7b4fbb82,2024-11-27,put_credit_spread,DIA,put_credit_spread_DIA_000076,0.0,0.0,0.0,10398.902199,1620.0,1620.0,14.100000381469728,0.1114,0.1407
sim_2019-02-09_2026-05-21_138e7b4fbb82,2024-11-29,put_credit_spread,DIA,put_credit_spread_DIA_000076,0.0,0.0,0.0,10398.902199,1620.0,1620.0,13.510000228881836,0.1094,0.1409
sim_2019-02-09_2026-05-21_138e7b4fbb82,2024-12-02,put_credit_spread,DIA,put_credit_spread_DIA_000076,0.0,0.0,0.0,10398.902199,1620.0,1620.0,13.34000015258789,0.1123,0.1415
sim_2019-02-09_2026-05-21_138e7b4fbb82,2024-12-03,put_credit_spread,DIA,put_credit_spread_DIA_000076,0.0,0.0,0.0,10398.902199,1620.0,1620.0,13.300000190734863,0.1069,0.1393
sim_2019-02-09_2026-05-21_138e7b4fbb82,2024-12-04,put_credit_spread,DIA,put_credit_spread_DIA_000076,0.0,0.0,0.0,10398.902199,1620.0,1620.0,13.449999809265137,0.1072,0.1401
sim_2019-02-09_2026-05-21_138e7b4fbb82,2024-12-05,put_credit_spread,DIA,put_credit_spread_DIA_000076,0.0,0.0,0.0,10398.902199,1620.0,1620.0,13.539999961853027,0.1067,0.1375
sim_2019-02-09_2026-05-21_138e7b4fbb82,2024-12-06,put_credit_spread,DIA,put_credit_spread_DIA_000076,0.0,0.0,0.0,10398.902199,1620.0,1620.0,12.770000457763672,0.1046,0.1375
sim_2019-02-09_2026-05-21_138e7b4fbb82,2024-12-09,put_credit_spread,DIA,put_credit_spread_DIA_000076,0.0,0.0,0.0,10398.902199,1620.0,1620.0,14.1899995803833,0.1115,0.1368
sim_2019-02-09_2026-05-21_138e7b4fbb82,2024-12-10,put_credit_spread,DIA,put_credit_spread_DIA_000076,0.0,0.0,0.0,10398.902199,1620.0,1620.0,14.18000030517578,0.1129,0.1366
sim_2019-02-09_2026-05-21_138e7b4fbb82,2024-12-11,put_credit_spread,DIA,put_credit_spread_DIA_000076,0.0,0.0,0.0,10398.902199,1620.0,1620.0,13.579999923706056,0.1126,0.1363
sim_2019-02-09_2026-05-21_138e7b4fbb82,2024-12-12,put_credit_spread,DIA,put_credit_spread_DIA_000076,0.0,0.0,0.0,10398.902199,1620.0,1620.0,13.920000076293944,0.1142,0.1373
sim_2019-02-09_2026-05-21_138e7b4fbb82,2024-12-13,put_credit_spread,DIA,put_credit_spread_DIA_000076,176.0,0.0,176.0,10574.902199,1620.0,1620.0,13.8100004196167,0.1144,0.1337
sim_2019-02-09_2026-05-21_138e7b4fbb82,2024-12-13,put_credit_spread,DIA,put_credit_spread_DIA_000077,-2.08525,0.0,-2.08525,10572.816949,1429.5,1429.5,13.8100004196167,0.1144,0.1337
sim_2019-02-09_2026-05-21_138e7b4fbb82,2024-12-16,put_credit_spread,DIA,put_credit_spread_DIA_000077,0.0,0.0,0.0,10572.816949,1429.5,1429.5,14.6899995803833,0.1214,0.1333
sim_2019-02-09_2026-05-21_138e7b4fbb82,2024-12-17,put_credit_spread,DIA,put_credit_spread_DIA_000077,0.0,0.0,0.0,10572.816949,1429.5,1429.5,15.869999885559082,0.1303,0.1337
sim_2019-02-09_2026-05-21_138e7b4fbb82,2024-12-18,put_credit_spread,DIA,put_credit_spread_DIA_000077,0.0,0.0,0.0,10572.816949,1429.5,1429.5,27.6200008392334,0.172,0.1534
sim_2019-02-09_2026-05-21_138e7b4fbb82,2024-12-19,put_credit_spread,DIA,put_credit_spread_DIA_000077,0.0,0.0,0.0,10572.816949,1429.5,1429.5,24.09000015258789,0.1741,0.1131
sim_2019-02-09_2026-05-21_138e7b4fbb82,2024-12-20,put_credit_spread,DIA,put_credit_spread_DIA_000077,0.0,0.0,0.0,10572.816949,1429.5,1429.5,18.36000061035156,0.1463,0.117
sim_2019-02-09_2026-05-21_138e7b4fbb82,2024-12-23,put_credit_spread,DIA,put_credit_spread_DIA_000077,0.0,0.0,0.0,10572.816949,1429.5,1429.5,16.780000686645508,0.1388,0.1153
sim_2019-02-09_2026-05-21_138e7b4fbb82,2024-12-24,put_credit_spread,DIA,put_credit_spread_DIA_000077,-35.5,0.0,-35.5,10537.316949,1429.5,1429.5,14.270000457763672,0.112,0.1164
sim_2019-02-09_2026-05-21_138e7b4fbb82,2024-12-26,put_credit_spread,DIA,put_credit_spread_DIA_000077,0.0,0.0,0.0,10537.316949,1429.5,1429.5,14.729999542236328,0.1172,0.1145
sim_2019-02-09_2026-05-21_138e7b4fbb82,2024-12-27,put_credit_spread,DIA,put_credit_spread_DIA_000077,0.0,0.0,0.0,10537.316949,1429.5,1429.5,15.949999809265137,0.128,0.1161
sim_2019-02-09_2026-05-21_138e7b4fbb82,2024-12-30,put_credit_spread,DIA,put_credit_spread_DIA_000077,0.0,0.0,0.0,10537.316949,1429.5,1429.5,17.399999618530273,0.1383,0.1186
sim_2019-02-09_2026-05-21_138e7b4fbb82,2024-12-31,put_credit_spread,DIA,put_credit_spread_DIA_000077,0.0,0.0,0.0,10537.316949,1429.5,1429.5,17.350000381469727,0.1351,0.117
sim_2019-02-09_2026-05-21_138e7b4fbb82,2025-01-02,put_credit_spread,DIA,put_credit_spread_DIA_000077,0.0,0.0,0.0,10537.316949,1429.5,1429.5,17.93000030517578,0.1394,0.1174
sim_2019-02-09_2026-05-21_138e7b4fbb82,2025-01-03,put_credit_spread,DIA,put_credit_spread_DIA_000077,0.0,0.0,0.0,10537.316949,1429.5,1429.5,16.1299991607666,0.1297,0.1198
sim_2019-02-09_2026-05-21_138e7b4fbb82,2025-01-06,put_credit_spread,DIA,put_credit_spread_DIA_000077,0.0,0.0,0.0,10537.316949,1429.5,1429.5,16.040000915527344,0.1303,0.1193
sim_2019-02-09_2026-05-21_138e7b4fbb82,2025-01-07,put_credit_spread,DIA,put_credit_spread_DIA_000077,0.0,0.0,0.0,10537.316949,1429.5,1429.5,17.81999969482422,0.143,0.1148
sim_2019-02-09_2026-05-21_138e7b4fbb82,2025-01-08,put_credit_spread,DIA,put_credit_spread_DIA_000077,-2.103,0.0,-2.103,10535.213949,1429.5,1429.5,17.700000762939453,0.1379,0.1108
sim_2019-02-09_2026-05-21_138e7b4fbb82,2025-01-08,put_credit_spread,DIA,put_credit_spread_DIA_000078,-2.11025,0.0,-2.11025,10533.103699,1529.5,1529.5,17.700000762939453,0.1379,0.1108
sim_2019-02-09_2026-05-21_138e7b4fbb82,2025-01-10,put_credit_spread,DIA,put_credit_spread_DIA_000078,0.0,0.0,0.0,10533.103699,1529.5,1529.5,19.540000915527344,0.1502,0.1135
sim_2019-02-09_2026-05-21_138e7b4fbb82,2025-01-13,put_credit_spread,DIA,put_credit_spread_DIA_000078,6.0,0.0,6.0,10539.103699,1529.5,1529.5,19.190000534057617,0.1468,0.1169
sim_2019-02-09_2026-05-21_138e7b4fbb82,2025-01-14,put_credit_spread,DIA,put_credit_spread_DIA_000078,0.0,0.0,0.0,10539.103699,1529.5,1529.5,18.709999084472656,0.1472,0.1187
sim_2019-02-09_2026-05-21_138e7b4fbb82,2025-01-15,put_credit_spread,DIA,put_credit_spread_DIA_000078,0.0,0.0,0.0,10539.103699,1529.5,1529.5,16.1200008392334,0.1256,0.1286
sim_2019-02-09_2026-05-21_138e7b4fbb82,2025-01-16,put_credit_spread,DIA,put_credit_spread_DIA_000078,0.0,0.0,0.0,10539.103699,1529.5,1529.5,16.600000381469727,0.1238,0.1285
sim_2019-02-09_2026-05-21_138e7b4fbb82,2025-01-17,put_credit_spread,DIA,put_credit_spread_DIA_000078,0.0,0.0,0.0,10539.103699,1529.5,1529.5,15.970000267028809,0.1203,0.1308
sim_2019-02-09_2026-05-21_138e7b4fbb82,2025-01-21,put_credit_spread,DIA,put_credit_spread_DIA_000078,0.0,0.0,0.0,10539.103699,1529.5,1529.5,15.0600004196167,0.1152,0.1346
sim_2019-02-09_2026-05-21_138e7b4fbb82,2025-01-22,put_credit_spread,DIA,put_credit_spread_DIA_000078,0.0,0.0,0.0,10539.103699,1529.5,1529.5,15.100000381469728,0.1128,0.1344
sim_2019-02-09_2026-05-21_138e7b4fbb82,2025-01-23,put_credit_spread,DIA,put_credit_spread_DIA_000078,-108.5,0.0,-108.5,10430.603699,1529.5,1529.5,15.020000457763672,0.1115,0.137
sim_2019-02-09_2026-05-21_138e7b4fbb82,2025-01-24,put_credit_spread,DIA,put_credit_spread_DIA_000078,307.9935,0.0,307.9935,10738.597199,1529.5,1529.5,14.850000381469728,0.1085,0.1366
sim_2019-02-09_2026-05-21_138e7b4fbb82,2025-01-24,put_credit_spread,DIA,put_credit_spread_DIA_000079,-2.083,0.0,-2.083,10736.514199,1634.0,1634.0,14.850000381469728,0.1085,0.1366
sim_2019-02-09_2026-05-21_138e7b4fbb82,2025-01-27,put_credit_spread,DIA,put_credit_spread_DIA_000079,0.0,0.0,0.0,10736.514199,1634.0,1634.0,17.899999618530273,0.1242,0.1377
sim_2019-02-09_2026-05-21_138e7b4fbb82,2025-01-28,put_credit_spread,DIA,put_credit_spread_DIA_000079,0.0,0.0,0.0,10736.514199,1634.0,1634.0,16.40999984741211,0.1164,0.1376
sim_2019-02-09_2026-05-21_138e7b4fbb82,2025-01-29,put_credit_spread,DIA,put_credit_spread_DIA_000079,0.0,0.0,0.0,10736.514199,1634.0,1634.0,16.559999465942383,0.117,0.1369
sim_2019-02-09_2026-05-21_138e7b4fbb82,2025-01-30,put_credit_spread,DIA,put_credit_spread_DIA_000079,0.0,0.0,0.0,10736.514199,1634.0,1634.0,15.84000015258789,0.1158,0.137
sim_2019-02-09_2026-05-21_138e7b4fbb82,2025-01-31,put_credit_spread,DIA,put_credit_spread_DIA_000079,0.0,0.0,0.0,10736.514199,1634.0,1634.0,16.43000030517578,0.1212,0.1389
sim_2019-02-09_2026-05-21_138e7b4fbb82,2025-02-03,put_credit_spread,DIA,put_credit_spread_DIA_000079,0.0,0.0,0.0,10736.514199,1634.0,1634.0,18.6200008392334,0.1357,0.1377
sim_2019-02-09_2026-05-21_138e7b4fbb82,2025-02-04,put_credit_spread,DIA,put_credit_spread_DIA_000079,0.0,0.0,0.0,10736.514199,1634.0,1634.0,17.209999084472656,0.1203,0.1113
sim_2019-02-09_2026-05-21_138e7b4fbb82,2025-02-05,put_credit_spread,DIA,put_credit_spread_DIA_000079,0.0,0.0,0.0,10736.514199,1634.0,1634.0,15.770000457763672,0.1116,0.1123
sim_2019-02-09_2026-05-21_138e7b4fbb82,2025-02-06,put_credit_spread,DIA,put_credit_spread_DIA_000079,0.0,0.0,0.0,10736.514199,1634.0,1634.0,15.5,0.1123,0.1108
sim_2019-02-09_2026-05-21_138e7b4fbb82,2025-02-07,put_credit_spread,DIA,put_credit_spread_DIA_000079,-38.5,0.0,-38.5,10698.014199,1634.0,1634.0,16.540000915527344,0.1186,0.1152
sim_2019-02-09_2026-05-21_138e7b4fbb82,2025-02-10,put_credit_spread,DIA,put_credit_spread_DIA_000079,0.0,0.0,0.0,10698.014199,1634.0,1634.0,15.8100004196167,0.1156,0.1134
sim_2019-02-09_2026-05-21_138e7b4fbb82,2025-02-11,put_credit_spread,DIA,put_credit_spread_DIA_000079,0.0,0.0,0.0,10698.014199,1634.0,1634.0,16.020000457763672,0.1134,0.1136
sim_2019-02-09_2026-05-21_138e7b4fbb82,2025-02-12,put_credit_spread,DIA,put_credit_spread_DIA_000079,0.0,0.0,0.0,10698.014199,1634.0,1634.0,15.890000343322754,0.1153,0.1125
sim_2019-02-09_2026-05-21_138e7b4fbb82,2025-02-13,put_credit_spread,DIA,put_credit_spread_DIA_000079,0.0,0.0,0.0,10698.014199,1634.0,1634.0,15.100000381469728,0.1082,0.1094
sim_2019-02-09_2026-05-21_138e7b4fbb82,2025-02-14,put_credit_spread,DIA,put_credit_spread_DIA_000079,0.0,0.0,0.0,10698.014199,1634.0,1634.0,14.770000457763672,0.1079,0.1101
sim_2019-02-09_2026-05-21_138e7b4fbb82,2025-02-18,put_credit_spread,DIA,put_credit_spread_DIA_000079,0.0,0.0,0.0,10698.014199,1634.0,1634.0,15.350000381469728,0.1172,0.109
sim_2019-02-09_2026-05-21_138e7b4fbb82,2025-02-19,put_credit_spread,DIA,put_credit_spread_DIA_000079,0.0,0.0,0.0,10698.014199,1634.0,1634.0,15.270000457763672,0.1168,0.1074
sim_2019-02-09_2026-05-21_138e7b4fbb82,2025-02-20,put_credit_spread,DIA,put_credit_spread_DIA_000079,0.0,0.0,0.0,10698.014199,1634.0,1634.0,15.65999984741211,0.1144,0.112
sim_2019-02-09_2026-05-21_138e7b4fbb82,2025-02-21,put_credit_spread,DIA,put_credit_spread_DIA_000079,117.456889,0.0,117.456889,10815.471088,1634.0,1634.0,18.209999084472656,0.1329,0.1253
sim_2019-02-09_2026-05-21_138e7b4fbb82,2025-02-21,put_credit_spread,DIA,put_credit_spread_DIA_000080,-2.10325,0.0,-2.10325,10813.367838,1493.5,1493.5,18.209999084472656,0.1329,0.1253
sim_2019-02-09_2026-05-21_138e7b4fbb82,2025-02-24,put_credit_spread,DIA,put_credit_spread_DIA_000080,-9.0,0.0,-9.0,10804.367838,1493.5,1493.5,18.979999542236328,0.1409,0.1253
sim_2019-02-09_2026-05-21_138e7b4fbb82,2025-02-25,put_credit_spread,DIA,put_credit_spread_DIA_000080,0.0,0.0,0.0,10804.367838,1493.5,1493.5,19.43000030517578,0.143,0.115
sim_2019-02-09_2026-05-21_138e7b4fbb82,2025-02-26,put_credit_spread,DIA,put_credit_spread_DIA_000080,0.0,0.0,0.0,10804.367838,1493.5,1493.5,19.100000381469727,0.1412,0.1139
sim_2019-02-09_2026-05-21_138e7b4fbb82,2025-02-27,put_credit_spread,DIA,put_credit_spread_DIA_000080,0.0,0.0,0.0,10804.367838,1493.5,1493.5,21.1299991607666,0.1566,0.1142
sim_2019-02-09_2026-05-21_138e7b4fbb82,2025-02-28,put_credit_spread,DIA,put_credit_spread_DIA_000080,0.0,0.0,0.0,10804.367838,1493.5,1493.5,19.6299991607666,0.1397,0.1111
sim_2019-02-09_2026-05-21_138e7b4fbb82,2025-03-03,put_credit_spread,DIA,put_credit_spread_DIA_000080,0.0,0.0,0.0,10804.367838,1493.5,1493.5,22.780000686645508,0.1634,0.1191
sim_2019-02-09_2026-05-21_138e7b4fbb82,2025-03-04,put_credit_spread,DIA,put_credit_spread_DIA_000080,0.0,0.0,0.0,10804.367838,1493.5,1493.5,23.51000022888184,0.1771,0.1249
sim_2019-02-09_2026-05-21_138e7b4fbb82,2025-03-05,put_credit_spread,DIA,put_credit_spread_DIA_000080,0.0,0.0,0.0,10804.367838,1493.5,1493.5,21.93000030517578,0.1652,0.1242
sim_2019-02-09_2026-05-21_138e7b4fbb82,2025-03-06,put_credit_spread,DIA,put_credit_spread_DIA_000080,0.0,0.0,0.0,10804.367838,1493.5,1493.5,24.8700008392334,0.1872,0.127
sim_2019-02-09_2026-05-21_138e7b4fbb82,2025-03-07,put_credit_spread,DIA,put_credit_spread_DIA_000080,0.0,0.0,0.0,10804.367838,1493.5,1493.5,23.3700008392334,0.1734,0.1248
sim_2019-02-09_2026-05-21_138e7b4fbb82,2025-03-10,put_credit_spread,DIA,put_credit_spread_DIA_000080,0.0,0.0,0.0,10804.367838,1493.5,1493.5,27.86000061035156,0.2073,0.1368
sim_2019-02-09_2026-05-21_138e7b4fbb82,2025-03-11,put_credit_spread,DIA,put_credit_spread_DIA_000080,0.0,0.0,0.0,10804.367838,1493.5,1493.5,26.920000076293945,0.2079,0.137
sim_2019-02-09_2026-05-21_138e7b4fbb82,2025-03-12,put_credit_spread,DIA,put_credit_spread_DIA_000080,0.0,0.0,0.0,10804.367838,1493.5,1493.5,24.229999542236328,0.191,0.136
sim_2019-02-09_2026-05-21_138e7b4fbb82,2025-03-13,put_credit_spread,DIA,put_credit_spread_DIA_000080,0.0,0.0,0.0,10804.367838,1493.5,1493.5,24.65999984741211,0.2019,0.139
sim_2019-02-09_2026-05-21_138e7b4fbb82,2025-03-14,put_credit_spread,DIA,put_credit_spread_DIA_000080,0.0,0.0,0.0,10804.367838,1493.5,1493.5,21.770000457763672,0.1749,0.1484
sim_2019-02-09_2026-05-21_138e7b4fbb82,2025-03-17,put_credit_spread,DIA,put_credit_spread_DIA_000080,0.0,0.0,0.0,10804.367838,1493.5,1493.5,20.51000022888184,0.162,0.1514
sim_2019-02-09_2026-05-21_138e7b4fbb82,2025-03-18,put_credit_spread,DIA,put_credit_spread_DIA_000080,0.0,0.0,0.0,10804.367838,1493.5,1493.5,21.700000762939453,0.1705,0.152
sim_2019-02-09_2026-05-21_138e7b4fbb82,2025-03-19,put_credit_spread,DIA,put_credit_spread_DIA_000080,-2.10775,0.0,-2.10775,10802.260088,1493.5,1493.5,19.89999961853028,0.1571,0.1549
sim_2019-02-09_2026-05-21_138e7b4fbb82,2025-03-19,put_credit_spread,DIA,put_credit_spread_DIA_000081,-2.13625,0.0,-2.13625,10800.123838,1427.5,1427.5,19.89999961853028,0.1571,0.1549
sim_2019-02-09_2026-05-21_138e7b4fbb82,2025-03-20,put_credit_spread,DIA,put_credit_spread_DIA_000081,2.5,0.0,2.5,10802.623838,1427.5,1427.5,19.799999237060547,0.1531,0.1526
sim_2019-02-09_2026-05-21_138e7b4fbb82,2025-03-21,put_credit_spread,DIA,put_credit_spread_DIA_000081,-21.5,0.0,-21.5,10781.123838,1427.5,1427.5,19.280000686645508,0.1457,0.1527
sim_2019-02-09_2026-05-21_138e7b4fbb82,2025-03-24,put_credit_spread,DIA,put_credit_spread_DIA_000081,0.0,0.0,0.0,10781.123838,1427.5,1427.5,17.479999542236328,0.1332,0.1578
sim_2019-02-09_2026-05-21_138e7b4fbb82,2025-03-25,put_credit_spread,DIA,put_credit_spread_DIA_000081,0.0,0.0,0.0,10781.123838,1427.5,1427.5,17.149999618530273,0.1313,0.1572
sim_2019-02-09_2026-05-21_138e7b4fbb82,2025-03-26,put_credit_spread,DIA,put_credit_spread_DIA_000081,0.0,0.0,0.0,10781.123838,1427.5,1427.5,18.32999992370605,0.1407,0.1568
sim_2019-02-09_2026-05-21_138e7b4fbb82,2025-03-27,put_credit_spread,DIA,put_credit_spread_DIA_000081,0.0,0.0,0.0,10781.123838,1427.5,1427.5,18.690000534057617,0.1469,0.1564
sim_2019-02-09_2026-05-21_138e7b4fbb82,2025-03-28,put_credit_spread,DIA,put_credit_spread_DIA_000081,0.0,0.0,0.0,10781.123838,1427.5,1427.5,21.64999961853028,0.1665,0.1601
sim_2019-02-09_2026-05-21_138e7b4fbb82,2025-03-31,put_credit_spread,DIA,put_credit_spread_DIA_000081,0.0,0.0,0.0,10781.123838,1427.5,1427.5,22.280000686645508,0.1673,0.1642
sim_2019-02-09_2026-05-21_138e7b4fbb82,2025-04-01,put_credit_spread,DIA,put_credit_spread_DIA_000081,0.0,0.0,0.0,10781.123838,1427.5,1427.5,21.770000457763672,0.1637,0.1641
sim_2019-02-09_2026-05-21_138e7b4fbb82,2025-04-02,put_credit_spread,DIA,put_credit_spread_DIA_000081,0.0,0.0,0.0,10781.123838,1427.5,1427.5,21.51000022888184,0.1611,0.1653
sim_2019-02-09_2026-05-21_138e7b4fbb82,2025-04-03,put_credit_spread,DIA,put_credit_spread_DIA_000081,0.0,0.0,0.0,10781.123838,1427.5,1427.5,30.020000457763672,0.2188,0.199
sim_2019-02-09_2026-05-21_138e7b4fbb82,2025-04-04,put_credit_spread,DIA,put_credit_spread_DIA_000081,0.0,0.0,0.0,10781.123838,1427.5,1427.5,45.310001373291016,0.3392,0.2476
sim_2019-02-09_2026-05-21_138e7b4fbb82,2025-04-04,short_straddle,DIA,short_straddle_DIA_000082,-3.43125,0.0,-3.43125,10777.692588,4801.900024,4801.900024,45.310001373291016,0.3392,0.2476
sim_2019-02-09_2026-05-21_138e7b4fbb82,2025-04-07,short_straddle,DIA,short_straddle_DIA_000082,0.0,0.0,0.0,10777.692588,4801.900024,4801.900024,46.97999954223633,0.3665,0.2476
sim_2019-02-09_2026-05-21_138e7b4fbb82,2025-04-07,put_credit_spread,DIA,put_credit_spread_DIA_000081,0.0,0.0,0.0,10777.692588,1427.5,1427.5,46.97999954223633,0.3665,0.2476
sim_2019-02-09_2026-05-21_138e7b4fbb82,2025-04-08,short_straddle,DIA,short_straddle_DIA_000082,0.0,0.0,0.0,10777.692588,4801.900024,4801.900024,52.33000183105469,0.387,0.2466
sim_2019-02-09_2026-05-21_138e7b4fbb82,2025-04-08,put_credit_spread,DIA,put_credit_spread_DIA_000081,0.0,0.0,0.0,10777.692588,1427.5,1427.5,52.33000183105469,0.387,0.2466
sim_2019-02-09_2026-05-21_138e7b4fbb82,2025-04-09,short_straddle,DIA,short_straddle_DIA_000082,0.0,0.0,0.0,10777.692588,4801.900024,4801.900024,33.619998931884766,0.2409,0.3397
sim_2019-02-09_2026-05-21_138e7b4fbb82,2025-04-09,put_credit_spread,DIA,put_credit_spread_DIA_000081,0.0,0.0,0.0,10777.692588,1427.5,1427.5,33.619998931884766,0.2409,0.3397
sim_2019-02-09_2026-05-21_138e7b4fbb82,2025-04-10,short_straddle,DIA,short_straddle_DIA_000082,0.0,0.0,0.0,10777.692588,4801.900024,4801.900024,40.720001220703125,0.323,0.3466
sim_2019-02-09_2026-05-21_138e7b4fbb82,2025-04-10,put_credit_spread,DIA,put_credit_spread_DIA_000081,0.0,0.0,0.0,10777.692588,1427.5,1427.5,40.720001220703125,0.323,0.3466
sim_2019-02-09_2026-05-21_138e7b4fbb82,2025-04-11,short_straddle,DIA,short_straddle_DIA_000082,0.0,0.0,0.0,10777.692588,4801.900024,4801.900024,37.560001373291016,0.2922,0.3473
sim_2019-02-09_2026-05-21_138e7b4fbb82,2025-04-11,put_credit_spread,DIA,put_credit_spread_DIA_000081,0.0,0.0,0.0,10777.692588,1427.5,1427.5,37.560001373291016,0.2922,0.3473
sim_2019-02-09_2026-05-21_138e7b4fbb82,2025-04-14,short_straddle,DIA,short_straddle_DIA_000082,0.0,0.0,0.0,10777.692588,4801.900024,4801.900024,30.88999938964844,0.2329,0.3471
sim_2019-02-09_2026-05-21_138e7b4fbb82,2025-04-14,put_credit_spread,DIA,put_credit_spread_DIA_000081,0.0,0.0,0.0,10777.692588,1427.5,1427.5,30.88999938964844,0.2329,0.3471
sim_2019-02-09_2026-05-21_138e7b4fbb82,2025-04-15,short_straddle,DIA,short_straddle_DIA_000082,0.0,0.0,0.0,10777.692588,4801.900024,4801.900024,30.1200008392334,0.2221,0.345
sim_2019-02-09_2026-05-21_138e7b4fbb82,2025-04-15,put_credit_spread,DIA,put_credit_spread_DIA_000081,-2.14575,0.0,-2.14575,10775.546838,1427.5,1427.5,30.1200008392334,0.2221,0.345
sim_2019-02-09_2026-05-21_138e7b4fbb82,2025-04-15,put_credit_spread,DIA,put_credit_spread_DIA_000083,-2.19875,0.0,-2.19875,10773.348088,3102.5,3102.5,30.1200008392334,0.2221,0.345
sim_2019-02-09_2026-05-21_138e7b4fbb82,2025-04-16,short_straddle,DIA,short_straddle_DIA_000082,0.0,0.0,0.0,10773.348088,4801.900024,4801.900024,32.63999938964844,0.2392,0.3455
sim_2019-02-09_2026-05-21_138e7b4fbb82,2025-04-16,put_credit_spread,DIA,put_credit_spread_DIA_000083,-193.5,0.0,-193.5,10579.848088,3102.5,3102.5,32.63999938964844,0.2392,0.3455
sim_2019-02-09_2026-05-21_138e7b4fbb82,2025-04-17,short_straddle,DIA,short_straddle_DIA_000082,0.0,0.0,0.0,10579.848088,4801.900024,4801.900024,29.64999961853028,0.2274,0.3462
sim_2019-02-09_2026-05-21_138e7b4fbb82,2025-04-17,put_credit_spread,DIA,put_credit_spread_DIA_000083,-60.0,0.0,-60.0,10519.848088,3102.5,3102.5,29.64999961853028,0.2274,0.3462
sim_2019-02-09_2026-05-21_138e7b4fbb82,2025-04-21,short_straddle,DIA,short_straddle_DIA_000082,0.0,0.0,0.0,10519.848088,4801.900024,4801.900024,33.81999969482422,0.2688,0.3512
sim_2019-02-09_2026-05-21_138e7b4fbb82,2025-04-21,put_credit_spread,DIA,put_credit_spread_DIA_000083,0.0,0.0,0.0,10519.848088,3102.5,3102.5,33.81999969482422,0.2688,0.3512
sim_2019-02-09_2026-05-21_138e7b4fbb82,2025-04-22,short_straddle,DIA,short_straddle_DIA_000082,0.0,0.0,0.0,10519.848088,4801.900024,4801.900024,30.56999969482422,0.2436,0.3581
sim_2019-02-09_2026-05-21_138e7b4fbb82,2025-04-22,put_credit_spread,DIA,put_credit_spread_DIA_000083,0.0,0.0,0.0,10519.848088,3102.5,3102.5,30.56999969482422,0.2436,0.3581
sim_2019-02-09_2026-05-21_138e7b4fbb82,2025-04-23,short_straddle,DIA,short_straddle_DIA_000082,0.0,0.0,0.0,10519.848088,4801.900024,4801.900024,28.450000762939453,0.2268,0.3588
sim_2019-02-09_2026-05-21_138e7b4fbb82,2025-04-23,put_credit_spread,DIA,put_credit_spread_DIA_000083,0.0,0.0,0.0,10519.848088,3102.5,3102.5,28.450000762939453,0.2268,0.3588
sim_2019-02-09_2026-05-21_138e7b4fbb82,2025-04-24,short_straddle,DIA,short_straddle_DIA_000082,0.0,0.0,0.0,10519.848088,4801.900024,4801.900024,26.46999931335449,0.2016,0.3612
sim_2019-02-09_2026-05-21_138e7b4fbb82,2025-04-24,put_credit_spread,DIA,put_credit_spread_DIA_000083,0.0,0.0,0.0,10519.848088,3102.5,3102.5,26.46999931335449,0.2016,0.3612
sim_2019-02-09_2026-05-21_138e7b4fbb82,2025-04-25,short_straddle,DIA,short_straddle_DIA_000082,0.0,0.0,0.0,10519.848088,4801.900024,4801.900024,24.84000015258789,0.1941,0.3595
sim_2019-02-09_2026-05-21_138e7b4fbb82,2025-04-25,put_credit_spread,DIA,put_credit_spread_DIA_000083,0.0,0.0,0.0,10519.848088,3102.5,3102.5,24.84000015258789,0.1941,0.3595
sim_2019-02-09_2026-05-21_138e7b4fbb82,2025-04-28,short_straddle,DIA,short_straddle_DIA_000082,0.0,0.0,0.0,10519.848088,4801.900024,4801.900024,25.14999961853028,0.1976,0.3563
sim_2019-02-09_2026-05-21_138e7b4fbb82,2025-04-28,put_credit_spread,DIA,put_credit_spread_DIA_000083,0.0,0.0,0.0,10519.848088,3102.5,3102.5,25.14999961853028,0.1976,0.3563
sim_2019-02-09_2026-05-21_138e7b4fbb82,2025-04-29,short_straddle,DIA,short_straddle_DIA_000082,0.0,0.0,0.0,10519.848088,4801.900024,4801.900024,24.170000076293945,0.1872,0.3559
sim_2019-02-09_2026-05-21_138e7b4fbb82,2025-04-29,put_credit_spread,DIA,put_credit_spread_DIA_000083,-206.0,0.0,-206.0,10313.848088,3102.5,3102.5,24.170000076293945,0.1872,0.3559
sim_2019-02-09_2026-05-21_138e7b4fbb82,2025-04-30,short_straddle,DIA,short_straddle_DIA_000082,-3.43125,0.0,-3.43125,10310.416838,4801.900024,4801.900024,24.700000762939453,0.1929,0.3557
sim_2019-02-09_2026-05-21_138e7b4fbb82,2025-04-30,put_credit_spread,DIA,put_credit_spread_DIA_000083,675.5,0.0,675.5,10985.916838,3102.5,3102.5,24.700000762939453,0.1929,0.3557
sim_2019-02-09_2026-05-21_138e7b4fbb82,2025-05-01,put_credit_spread,DIA,put_credit_spread_DIA_000083,-4.0,0.0,-4.0,10981.916838,3102.5,3102.5,24.600000381469727,0.1841,0.3545
sim_2019-02-09_2026-05-21_138e7b4fbb82,2025-05-02,put_credit_spread,DIA,put_credit_spread_DIA_000083,0.0,0.0,0.0,10981.916838,3102.5,3102.5,22.68000030517578,0.169,0.3571
sim_2019-02-09_2026-05-21_138e7b4fbb82,2025-05-05,put_credit_spread,DIA,put_credit_spread_DIA_000083,0.0,0.0,0.0,10981.916838,3102.5,3102.5,23.63999938964844,0.1768,0.3571
sim_2019-02-09_2026-05-21_138e7b4fbb82,2025-05-06,put_credit_spread,DIA,put_credit_spread_DIA_000083,0.0,0.0,0.0,10981.916838,3102.5,3102.5,24.76000022888184,0.1879,0.3554
sim_2019-02-09_2026-05-21_138e7b4fbb82,2025-05-07,put_credit_spread,DIA,put_credit_spread_DIA_000083,0.0,0.0,0.0,10981.916838,3102.5,3102.5,23.549999237060547,0.1781,0.3561
sim_2019-02-09_2026-05-21_138e7b4fbb82,2025-05-08,put_credit_spread,DIA,put_credit_spread_DIA_000083,0.0,0.0,0.0,10981.916838,3102.5,3102.5,22.479999542236328,0.1734,0.3568
sim_2019-02-09_2026-05-21_138e7b4fbb82,2025-05-09,put_credit_spread,DIA,put_credit_spread_DIA_000083,0.0,0.0,0.0,10981.916838,3102.5,3102.5,21.89999961853028,0.1708,0.3568
sim_2019-02-09_2026-05-21_138e7b4fbb82,2025-05-12,put_credit_spread,DIA,put_credit_spread_DIA_000083,0.0,0.0,0.0,10981.916838,3102.5,3102.5,18.38999938964844,0.1427,0.3629
sim_2019-02-09_2026-05-21_138e7b4fbb82,2025-05-13,put_credit_spread,DIA,put_credit_spread_DIA_000083,0.0,0.0,0.0,10981.916838,3102.5,3102.5,18.21999931335449,0.1372,0.3623
sim_2019-02-09_2026-05-21_138e7b4fbb82,2025-05-14,put_credit_spread,DIA,put_credit_spread_DIA_000083,0.0,0.0,0.0,10981.916838,3102.5,3102.5,18.6200008392334,0.1425,0.3623
sim_2019-02-09_2026-05-21_138e7b4fbb82,2025-05-15,put_credit_spread,DIA,put_credit_spread_DIA_000083,0.0,0.0,0.0,10981.916838,3102.5,3102.5,17.829999923706055,0.1369,0.3625
sim_2019-02-09_2026-05-21_138e7b4fbb82,2025-05-16,put_credit_spread,DIA,put_credit_spread_DIA_000083,183.5,0.0,183.5,11165.416838,3102.5,3102.5,17.239999771118164,0.1302,0.3417
sim_2019-02-09_2026-05-21_138e7b4fbb82,2025-05-16,put_credit_spread,DIA,put_credit_spread_DIA_000084,-2.103,0.0,-2.103,11163.313838,1494.0,1494.0,17.239999771118164,0.1302,0.3417
sim_2019-02-09_2026-05-21_138e7b4fbb82,2025-05-19,put_credit_spread,DIA,put_credit_spread_DIA_000084,0.0,0.0,0.0,11163.313838,1494.0,1494.0,18.13999938964844,0.1368,0.2949
sim_2019-02-09_2026-05-21_138e7b4fbb82,2025-05-20,put_credit_spread,DIA,put_credit_spread_DIA_000084,0.0,0.0,0.0,11163.313838,1494.0,1494.0,18.09000015258789,0.1408,0.2929
sim_2019-02-09_2026-05-21_138e7b4fbb82,2025-05-21,put_credit_spread,DIA,put_credit_spread_DIA_000084,0.0,0.0,0.0,11163.313838,1494.0,1494.0,20.8700008392334,0.1639,0.2987
sim_2019-02-09_2026-05-21_138e7b4fbb82,2025-05-22,put_credit_spread,DIA,put_credit_spread_DIA_000084,0.0,0.0,0.0,11163.313838,1494.0,1494.0,20.280000686645508,0.1602,0.206
sim_2019-02-09_2026-05-21_138e7b4fbb82,2025-05-23,put_credit_spread,DIA,put_credit_spread_DIA_000084,0.0,0.0,0.0,11163.313838,1494.0,1494.0,22.290000915527344,0.1725,0.1909
sim_2019-02-09_2026-05-21_138e7b4fbb82,2025-05-27,put_credit_spread,DIA,put_credit_spread_DIA_000084,0.0,0.0,0.0,11163.313838,1494.0,1494.0,18.959999084472656,0.1433,0.1924
sim_2019-02-09_2026-05-21_138e7b4fbb82,2025-05-28,put_credit_spread,DIA,put_credit_spread_DIA_000084,0.0,0.0,0.0,11163.313838,1494.0,1494.0,19.309999465942383,0.1471,0.1925
sim_2019-02-09_2026-05-21_138e7b4fbb82,2025-05-29,put_credit_spread,DIA,put_credit_spread_DIA_000084,0.0,0.0,0.0,11163.313838,1494.0,1494.0,19.18000030517578,0.1436,0.1918
sim_2019-02-09_2026-05-21_138e7b4fbb82,2025-05-30,put_credit_spread,DIA,put_credit_spread_DIA_000084,0.0,0.0,0.0,11163.313838,1494.0,1494.0,18.56999969482422,0.1417,0.1833
sim_2019-02-09_2026-05-21_138e7b4fbb82,2025-06-02,put_credit_spread,DIA,put_credit_spread_DIA_000084,0.0,0.0,0.0,11163.313838,1494.0,1494.0,18.36000061035156,0.141,0.177
sim_2019-02-09_2026-05-21_138e7b4fbb82,2025-06-03,put_credit_spread,DIA,put_credit_spread_DIA_000084,0.0,0.0,0.0,11163.313838,1494.0,1494.0,17.690000534057617,0.1351,0.1562
sim_2019-02-09_2026-05-21_138e7b4fbb82,2025-06-04,put_credit_spread,DIA,put_credit_spread_DIA_000084,0.0,0.0,0.0,11163.313838,1494.0,1494.0,17.610000610351562,0.139,0.1412
sim_2019-02-09_2026-05-21_138e7b4fbb82,2025-06-05,put_credit_spread,DIA,put_credit_spread_DIA_000084,0.0,0.0,0.0,11163.313838,1494.0,1494.0,18.479999542236328,0.1422,0.1401
sim_2019-02-09_2026-05-21_138e7b4fbb82,2025-06-06,put_credit_spread,DIA,put_credit_spread_DIA_000084,0.0,0.0,0.0,11163.313838,1494.0,1494.0,16.770000457763672,0.1295,0.1387
sim_2019-02-09_2026-05-21_138e7b4fbb82,2025-06-09,put_credit_spread,DIA,put_credit_spread_DIA_000084,0.0,0.0,0.0,11163.313838,1494.0,1494.0,17.15999984741211,0.1335,0.1387
sim_2019-02-09_2026-05-21_138e7b4fbb82,2025-06-10,put_credit_spread,DIA,put_credit_spread_DIA_000084,0.0,0.0,0.0,11163.313838,1494.0,1494.0,16.950000762939453,0.1294,0.1387
sim_2019-02-09_2026-05-21_138e7b4fbb82,2025-06-11,put_credit_spread,DIA,put_credit_spread_DIA_000084,0.0,0.0,0.0,11163.313838,1494.0,1494.0,17.260000228881836,0.1316,0.138
sim_2019-02-09_2026-05-21_138e7b4fbb82,2025-06-12,put_credit_spread,DIA,put_credit_spread_DIA_000084,0.0,0.0,0.0,11163.313838,1494.0,1494.0,18.020000457763672,0.1317,0.138
sim_2019-02-09_2026-05-21_138e7b4fbb82,2025-06-13,put_credit_spread,DIA,put_credit_spread_DIA_000084,204.0,0.0,204.0,11367.313838,1494.0,1494.0,20.81999969482422,0.1555,0.1495
sim_2019-02-09_2026-05-21_138e7b4fbb82,2025-06-13,put_credit_spread,DIA,put_credit_spread_DIA_000085,-2.14375,0.0,-2.14375,11365.170088,2112.5,2112.5,20.81999969482422,0.1555,0.1495
sim_2019-02-09_2026-05-21_138e7b4fbb82,2025-06-16,put_credit_spread,DIA,put_credit_spread_DIA_000085,-59.5,0.0,-59.5,11305.670088,2112.5,2112.5,19.11000061035156,0.1429,0.1464
sim_2019-02-09_2026-05-21_138e7b4fbb82,2025-06-17,put_credit_spread,DIA,put_credit_spread_DIA_000085,0.0,0.0,0.0,11305.670088,2112.5,2112.5,21.600000381469727,0.158,0.1482
sim_2019-02-09_2026-05-21_138e7b4fbb82,2025-06-18,put_credit_spread,DIA,put_credit_spread_DIA_000085,0.0,0.0,0.0,11305.670088,2112.5,2112.5,20.13999938964844,0.1561,0.1448
sim_2019-02-09_2026-05-21_138e7b4fbb82,2025-06-20,put_credit_spread,DIA,put_credit_spread_DIA_000085,0.0,0.0,0.0,11305.670088,2112.5,2112.5,20.6200008392334,0.1513,0.1442
sim_2019-02-09_2026-05-21_138e7b4fbb82,2025-06-23,put_credit_spread,DIA,put_credit_spread_DIA_000085,-28.5,0.0,-28.5,11277.170088,2112.5,2112.5,19.82999992370605,0.1455,0.1453
sim_2019-02-09_2026-05-21_138e7b4fbb82,2025-06-24,put_credit_spread,DIA,put_credit_spread_DIA_000085,295.5,0.0,295.5,11572.670088,2112.5,2112.5,17.479999542236328,0.1346,0.1479
sim_2019-02-09_2026-05-21_138e7b4fbb82,2025-06-25,put_credit_spread,DIA,put_credit_spread_DIA_000085,0.0,0.0,0.0,11572.670088,2112.5,2112.5,16.760000228881836,0.1305,0.1245
sim_2019-02-09_2026-05-21_138e7b4fbb82,2025-06-26,put_credit_spread,DIA,put_credit_spread_DIA_000085,-16.0,0.0,-16.0,11556.670088,2112.5,2112.5,16.59000015258789,0.1291,0.1254
sim_2019-02-09_2026-05-21_138e7b4fbb82,2025-06-27,put_credit_spread,DIA,put_credit_spread_DIA_000085,0.0,0.0,0.0,11556.670088,2112.5,2112.5,16.31999969482422,0.129,0.1273
sim_2019-02-09_2026-05-21_138e7b4fbb82,2025-06-30,put_credit_spread,DIA,put_credit_spread_DIA_000085,88.9975,0.0,88.9975,11645.667588,2112.5,2112.5,16.729999542236328,0.1333,0.127
sim_2019-02-09_2026-05-21_138e7b4fbb82,2025-06-30,put_credit_spread,DIA,put_credit_spread_DIA_000086,-2.0985,0.0,-2.0985,11643.569088,1603.0,1603.0,16.729999542236328,0.1333,0.127
sim_2019-02-09_2026-05-21_138e7b4fbb82,2025-07-01,put_credit_spread,DIA,put_credit_spread_DIA_000086,0.0,0.0,0.0,11643.569088,1603.0,1603.0,16.829999923706055,0.1364,0.1281
sim_2019-02-09_2026-05-21_138e7b4fbb82,2025-07-02,put_credit_spread,DIA,put_credit_spread_DIA_000086,0.0,0.0,0.0,11643.569088,1603.0,1603.0,16.639999389648438,0.1362,0.128
sim_2019-02-09_2026-05-21_138e7b4fbb82,2025-07-03,put_credit_spread,DIA,put_credit_spread_DIA_000086,0.0,0.0,0.0,11643.569088,1603.0,1603.0,16.3799991607666,0.1335,0.1288
sim_2019-02-09_2026-05-21_138e7b4fbb82,2025-07-07,put_credit_spread,DIA,put_credit_spread_DIA_000086,0.0,0.0,0.0,11643.569088,1603.0,1603.0,17.790000915527344,0.1457,0.1171
sim_2019-02-09_2026-05-21_138e7b4fbb82,2025-07-08,put_credit_spread,DIA,put_credit_spread_DIA_000086,0.0,0.0,0.0,11643.569088,1603.0,1603.0,16.809999465942383,0.1391,0.1181
sim_2019-02-09_2026-05-21_138e7b4fbb82,2025-07-09,put_credit_spread,DIA,put_credit_spread_DIA_000086,0.0,0.0,0.0,11643.569088,1603.0,1603.0,15.9399995803833,0.1314,0.1161
sim_2019-02-09_2026-05-21_138e7b4fbb82,2025-07-10,put_credit_spread,DIA,put_credit_spread_DIA_000086,0.0,0.0,0.0,11643.569088,1603.0,1603.0,15.779999732971191,0.129,0.1064
sim_2019-02-09_2026-05-21_138e7b4fbb82,2025-07-11,put_credit_spread,DIA,put_credit_spread_DIA_000086,0.0,0.0,0.0,11643.569088,1603.0,1603.0,16.399999618530273,0.1327,0.1069
sim_2019-02-09_2026-05-21_138e7b4fbb82,2025-07-14,put_credit_spread,DIA,put_credit_spread_DIA_000086,0.0,0.0,0.0,11643.569088,1603.0,1603.0,17.200000762939453,0.1402,0.1069
sim_2019-02-09_2026-05-21_138e7b4fbb82,2025-07-15,put_credit_spread,DIA,put_credit_spread_DIA_000086,0.0,0.0,0.0,11643.569088,1603.0,1603.0,17.3799991607666,0.1386,0.1122
sim_2019-02-09_2026-05-21_138e7b4fbb82,2025-07-16,put_credit_spread,DIA,put_credit_spread_DIA_000086,0.0,0.0,0.0,11643.569088,1603.0,1603.0,17.15999984741211,0.1409,0.1127
sim_2019-02-09_2026-05-21_138e7b4fbb82,2025-07-17,put_credit_spread,DIA,put_credit_spread_DIA_000086,0.0,0.0,0.0,11643.569088,1603.0,1603.0,16.520000457763672,0.1299,0.113
sim_2019-02-09_2026-05-21_138e7b4fbb82,2025-07-18,put_credit_spread,DIA,put_credit_spread_DIA_000086,0.0,0.0,0.0,11643.569088,1603.0,1603.0,16.40999984741211,0.1328,0.1137
sim_2019-02-09_2026-05-21_138e7b4fbb82,2025-07-21,put_credit_spread,DIA,put_credit_spread_DIA_000086,0.0,0.0,0.0,11643.569088,1603.0,1603.0,16.649999618530273,0.1326,0.1132
sim_2019-02-09_2026-05-21_138e7b4fbb82,2025-07-22,put_credit_spread,DIA,put_credit_spread_DIA_000086,0.0,0.0,0.0,11643.569088,1603.0,1603.0,16.5,0.1315,0.1103
sim_2019-02-09_2026-05-21_138e7b4fbb82,2025-07-23,put_credit_spread,DIA,put_credit_spread_DIA_000086,0.0,0.0,0.0,11643.569088,1603.0,1603.0,15.369999885559082,0.1221,0.1143
sim_2019-02-09_2026-05-21_138e7b4fbb82,2025-07-24,put_credit_spread,DIA,put_credit_spread_DIA_000086,0.0,0.0,0.0,11643.569088,1603.0,1603.0,15.390000343322754,0.122,0.1168
sim_2019-02-09_2026-05-21_138e7b4fbb82,2025-07-25,put_credit_spread,DIA,put_credit_spread_DIA_000086,195.0,0.0,195.0,11838.569088,1603.0,1603.0,14.93000030517578,0.1201,0.1171
sim_2019-02-09_2026-05-21_138e7b4fbb82,2025-07-25,put_credit_spread,DIA,put_credit_spread_DIA_000087,-2.0925,0.0,-2.0925,11836.476588,1615.0,1615.0,14.93000030517578,0.1201,0.1171
sim_2019-02-09_2026-05-21_138e7b4fbb82,2025-07-28,put_credit_spread,DIA,put_credit_spread_DIA_000087,0.0,0.0,0.0,11836.476588,1615.0,1615.0,15.029999732971191,0.1217,0.1174
sim_2019-02-09_2026-05-21_138e7b4fbb82,2025-07-29,put_credit_spread,DIA,put_credit_spread_DIA_000087,0.0,0.0,0.0,11836.476588,1615.0,1615.0,15.979999542236328,0.1255,0.1036
sim_2019-02-09_2026-05-21_138e7b4fbb82,2025-07-30,put_credit_spread,DIA,put_credit_spread_DIA_000087,0.0,0.0,0.0,11836.476588,1615.0,1615.0,15.479999542236328,0.1284,0.103
sim_2019-02-09_2026-05-21_138e7b4fbb82,2025-07-31,put_credit_spread,DIA,put_credit_spread_DIA_000087,0.0,0.0,0.0,11836.476588,1615.0,1615.0,16.719999313354492,0.1302,0.1032
sim_2019-02-09_2026-05-21_138e7b4fbb82,2025-08-01,put_credit_spread,DIA,put_credit_spread_DIA_000087,0.0,0.0,0.0,11836.476588,1615.0,1615.0,20.3799991607666,0.1527,0.111
sim_2019-02-09_2026-05-21_138e7b4fbb82,2025-08-04,put_credit_spread,DIA,put_credit_spread_DIA_000087,0.0,0.0,0.0,11836.476588,1615.0,1615.0,17.520000457763672,0.1313,0.1166
sim_2019-02-09_2026-05-21_138e7b4fbb82,2025-08-05,put_credit_spread,DIA,put_credit_spread_DIA_000087,0.0,0.0,0.0,11836.476588,1615.0,1615.0,17.850000381469727,0.1365,0.1145
sim_2019-02-09_2026-05-21_138e7b4fbb82,2025-08-06,put_credit_spread,DIA,put_credit_spread_DIA_000087,0.0,0.0,0.0,11836.476588,1615.0,1615.0,16.770000457763672,0.1281,0.11
sim_2019-02-09_2026-05-21_138e7b4fbb82,2025-08-07,put_credit_spread,DIA,put_credit_spread_DIA_000087,-159.5,0.0,-159.5,11676.976588,1615.0,1615.0,16.56999969482422,0.1325,0.111
sim_2019-02-09_2026-05-21_138e7b4fbb82,2025-08-08,put_credit_spread,DIA,put_credit_spread_DIA_000087,0.0,0.0,0.0,11676.976588,1615.0,1615.0,15.149999618530272,0.1182,0.1087
sim_2019-02-09_2026-05-21_138e7b4fbb82,2025-08-11,put_credit_spread,DIA,put_credit_spread_DIA_000087,18.0,0.0,18.0,11694.976588,1615.0,1615.0,16.25,0.1266,0.1064
sim_2019-02-09_2026-05-21_138e7b4fbb82,2025-08-12,put_credit_spread,DIA,put_credit_spread_DIA_000087,0.0,0.0,0.0,11694.976588,1615.0,1615.0,14.729999542236328,0.1172,0.1093
sim_2019-02-09_2026-05-21_138e7b4fbb82,2025-08-13,put_credit_spread,DIA,put_credit_spread_DIA_000087,0.0,0.0,0.0,11694.976588,1615.0,1615.0,14.489999771118164,0.1141,0.1101
sim_2019-02-09_2026-05-21_138e7b4fbb82,2025-08-14,put_credit_spread,DIA,put_credit_spread_DIA_000087,0.0,0.0,0.0,11694.976588,1615.0,1615.0,14.829999923706056,0.1169,0.1101
sim_2019-02-09_2026-05-21_138e7b4fbb82,2025-08-15,put_credit_spread,DIA,put_credit_spread_DIA_000087,0.0,0.0,0.0,11694.976588,1615.0,1615.0,15.09000015258789,0.1143,0.108
sim_2019-02-09_2026-05-21_138e7b4fbb82,2025-08-18,put_credit_spread,DIA,put_credit_spread_DIA_000087,0.0,0.0,0.0,11694.976588,1615.0,1615.0,14.989999771118164,0.1178,0.1044
sim_2019-02-09_2026-05-21_138e7b4fbb82,2025-08-19,put_credit_spread,DIA,put_credit_spread_DIA_000087,0.0,0.0,0.0,11694.976588,1615.0,1615.0,15.56999969482422,0.1235,0.1037
sim_2019-02-09_2026-05-21_138e7b4fbb82,2025-08-20,put_credit_spread,DIA,put_credit_spread_DIA_000087,0.0,0.0,0.0,11694.976588,1615.0,1615.0,15.6899995803833,0.1238,0.1029
sim_2019-02-09_2026-05-21_138e7b4fbb82,2025-08-21,put_credit_spread,DIA,put_credit_spread_DIA_000087,0.0,0.0,0.0,11694.976588,1615.0,1615.0,16.600000381469727,0.1305,0.1026
sim_2019-02-09_2026-05-21_138e7b4fbb82,2025-08-22,put_credit_spread,DIA,put_credit_spread_DIA_000087,324.5,0.0,324.5,12019.476588,1615.0,1615.0,14.220000267028809,0.1126,0.1146
sim_2019-02-09_2026-05-21_138e7b4fbb82,2025-08-22,put_credit_spread,DIA,put_credit_spread_DIA_000088,-2.08925,0.0,-2.08925,12017.387338,1721.5,1721.5,14.220000267028809,0.1126,0.1146
sim_2019-02-09_2026-05-21_138e7b4fbb82,2025-08-25,put_credit_spread,DIA,put_credit_spread_DIA_000088,0.0,0.0,0.0,12017.387338,1721.5,1721.5,14.789999961853027,0.1174,0.1173
sim_2019-02-09_2026-05-21_138e7b4fbb82,2025-08-26,put_credit_spread,DIA,put_credit_spread_DIA_000088,0.0,0.0,0.0,12017.387338,1721.5,1721.5,14.619999885559082,,
sim_2019-02-09_2026-05-21_138e7b4fbb82,2025-08-27,put_credit_spread,DIA,put_credit_spread_DIA_000088,0.0,0.0,0.0,12017.387338,1721.5,1721.5,14.850000381469728,0.1149,0.1126
sim_2019-02-09_2026-05-21_138e7b4fbb82,2025-08-28,put_credit_spread,DIA,put_credit_spread_DIA_000088,0.0,0.0,0.0,12017.387338,1721.5,1721.5,14.43000030517578,0.1137,0.1115
sim_2019-02-09_2026-05-21_138e7b4fbb82,2025-08-29,put_credit_spread,DIA,put_credit_spread_DIA_000088,0.0,0.0,0.0,12017.387338,1721.5,1721.5,15.359999656677246,0.1138,0.1106
sim_2019-02-09_2026-05-21_138e7b4fbb82,2025-09-02,put_credit_spread,DIA,put_credit_spread_DIA_000088,0.0,0.0,0.0,12017.387338,1721.5,1721.5,17.170000076293945,0.1273,0.1122
sim_2019-02-09_2026-05-21_138e7b4fbb82,2025-09-03,put_credit_spread,DIA,put_credit_spread_DIA_000088,0.0,0.0,0.0,12017.387338,1721.5,1721.5,16.350000381469727,0.1263,0.1119
sim_2019-02-09_2026-05-21_138e7b4fbb82,2025-09-04,put_credit_spread,DIA,put_credit_spread_DIA_000088,89.0,0.0,89.0,12106.387338,1721.5,1721.5,15.300000190734863,0.1167,0.1094
sim_2019-02-09_2026-05-21_138e7b4fbb82,2025-09-05,put_credit_spread,DIA,put_credit_spread_DIA_000088,0.0,0.0,0.0,12106.387338,1721.5,1721.5,15.18000030517578,0.1144,0.1082
sim_2019-02-09_2026-05-21_138e7b4fbb82,2025-09-08,put_credit_spread,DIA,put_credit_spread_DIA_000088,-47.5,0.0,-47.5,12058.887338,1721.5,1721.5,15.109999656677246,0.1171,0.1078
sim_2019-02-09_2026-05-21_138e7b4fbb82,2025-09-09,put_credit_spread,DIA,put_credit_spread_DIA_000088,0.0,0.0,0.0,12058.887338,1721.5,1721.5,15.039999961853027,0.116,0.1081
sim_2019-02-09_2026-05-21_138e7b4fbb82,2025-09-10,put_credit_spread,DIA,put_credit_spread_DIA_000088,0.0,0.0,0.0,12058.887338,1721.5,1721.5,15.350000381469728,0.1175,0.1083
sim_2019-02-09_2026-05-21_138e7b4fbb82,2025-09-11,put_credit_spread,DIA,put_credit_spread_DIA_000088,0.0,0.0,0.0,12058.887338,1721.5,1721.5,14.710000038146973,0.1194,0.1131
sim_2019-02-09_2026-05-21_138e7b4fbb82,2025-09-12,put_credit_spread,DIA,put_credit_spread_DIA_000088,0.0,0.0,0.0,12058.887338,1721.5,1721.5,14.760000228881836,0.1191,0.1118
sim_2019-02-09_2026-05-21_138e7b4fbb82,2025-09-15,put_credit_spread,DIA,put_credit_spread_DIA_000088,0.0,0.0,0.0,12058.887338,1721.5,1721.5,15.6899995803833,0.1269,0.1034
sim_2019-02-09_2026-05-21_138e7b4fbb82,2025-09-16,put_credit_spread,DIA,put_credit_spread_DIA_000088,0.0,0.0,0.0,12058.887338,1721.5,1721.5,16.360000610351562,0.1331,0.0977
sim_2019-02-09_2026-05-21_138e7b4fbb82,2025-09-17,put_credit_spread,DIA,put_credit_spread_DIA_000088,0.0,0.0,0.0,12058.887338,1721.5,1721.5,15.720000267028809,0.1305,0.098
sim_2019-02-09_2026-05-21_138e7b4fbb82,2025-09-18,put_credit_spread,DIA,put_credit_spread_DIA_000088,0.0,0.0,0.0,12058.887338,1721.5,1721.5,15.699999809265137,0.1303,0.0981
sim_2019-02-09_2026-05-21_138e7b4fbb82,2025-09-19,put_credit_spread,DIA,put_credit_spread_DIA_000088,135.0,0.0,135.0,12193.887338,1721.5,1721.5,15.449999809265137,0.1273,0.0961
sim_2019-02-09_2026-05-21_138e7b4fbb82,2025-09-19,put_credit_spread,DIA,put_credit_spread_DIA_000089,-2.10025,0.0,-2.10025,12191.787088,1699.5,1699.5,15.449999809265137,0.1273,0.0961
sim_2019-02-09_2026-05-21_138e7b4fbb82,2025-09-22,put_credit_spread,DIA,put_credit_spread_DIA_000089,25.5,0.0,25.5,12217.287088,1699.5,1699.5,16.100000381469727,0.1279,0.0956
sim_2019-02-09_2026-05-21_138e7b4fbb82,2025-09-23,put_credit_spread,DIA,put_credit_spread_DIA_000089,0.0,0.0,0.0,12217.287088,1699.5,1699.5,16.639999389648438,0.1329,0.0945
sim_2019-02-09_2026-05-21_138e7b4fbb82,2025-09-24,put_credit_spread,DIA,put_credit_spread_DIA_000089,0.0,0.0,0.0,12217.287088,1699.5,1699.5,16.18000030517578,0.1306,0.092
sim_2019-02-09_2026-05-21_138e7b4fbb82,2025-09-25,put_credit_spread,DIA,put_credit_spread_DIA_000089,0.0,0.0,0.0,12217.287088,1699.5,1699.5,16.739999771118164,0.134,0.0885
sim_2019-02-09_2026-05-21_138e7b4fbb82,2025-09-26,put_credit_spread,DIA,put_credit_spread_DIA_000089,0.0,0.0,0.0,12217.287088,1699.5,1699.5,15.289999961853027,0.1267,0.0898
sim_2019-02-09_2026-05-21_138e7b4fbb82,2025-09-29,put_credit_spread,DIA,put_credit_spread_DIA_000089,0.0,0.0,0.0,12217.287088,1699.5,1699.5,16.1200008392334,0.132,0.0898
sim_2019-02-09_2026-05-21_138e7b4fbb82,2025-09-30,put_credit_spread,DIA,put_credit_spread_DIA_000089,77.0,0.0,77.0,12294.287088,1699.5,1699.5,16.280000686645508,0.131,0.0896
sim_2019-02-09_2026-05-21_138e7b4fbb82,2025-10-01,put_credit_spread,DIA,put_credit_spread_DIA_000089,0.0,0.0,0.0,12294.287088,1699.5,1699.5,16.290000915527344,0.1336,0.0896
sim_2019-02-09_2026-05-21_138e7b4fbb82,2025-10-02,put_credit_spread,DIA,put_credit_spread_DIA_000089,0.0,0.0,0.0,12294.287088,1699.5,1699.5,16.6299991607666,0.1331,0.0896
sim_2019-02-09_2026-05-21_138e7b4fbb82,2025-10-03,put_credit_spread,DIA,put_credit_spread_DIA_000089,0.0,0.0,0.0,12294.287088,1699.5,1699.5,16.649999618530273,0.1329,0.0893
sim_2019-02-09_2026-05-21_138e7b4fbb82,2025-10-06,put_credit_spread,DIA,put_credit_spread_DIA_000089,0.0,0.0,0.0,12294.287088,1699.5,1699.5,16.3700008392334,0.1349,0.072
sim_2019-02-09_2026-05-21_138e7b4fbb82,2025-10-07,put_credit_spread,DIA,put_credit_spread_DIA_000089,0.0,0.0,0.0,12294.287088,1699.5,1699.5,17.239999771118164,0.1399,0.0677
sim_2019-02-09_2026-05-21_138e7b4fbb82,2025-10-08,put_credit_spread,DIA,put_credit_spread_DIA_000089,0.0,0.0,0.0,12294.287088,1699.5,1699.5,16.299999237060547,0.1339,0.0674
sim_2019-02-09_2026-05-21_138e7b4fbb82,2025-10-09,put_credit_spread,DIA,put_credit_spread_DIA_000089,0.0,0.0,0.0,12294.287088,1699.5,1699.5,16.43000030517578,0.1377,0.0694
sim_2019-02-09_2026-05-21_138e7b4fbb82,2025-10-10,put_credit_spread,DIA,put_credit_spread_DIA_000089,0.0,0.0,0.0,12294.287088,1699.5,1699.5,21.65999984741211,0.1721,0.0891
sim_2019-02-09_2026-05-21_138e7b4fbb82,2025-10-13,put_credit_spread,DIA,put_credit_spread_DIA_000089,0.0,0.0,0.0,12294.287088,1699.5,1699.5,19.030000686645508,0.1519,0.0964
sim_2019-02-09_2026-05-21_138e7b4fbb82,2025-10-14,put_credit_spread,DIA,put_credit_spread_DIA_000089,0.0,0.0,0.0,12294.287088,1699.5,1699.5,20.809999465942383,0.1532,0.0955
sim_2019-02-09_2026-05-21_138e7b4fbb82,2025-10-15,put_credit_spread,DIA,put_credit_spread_DIA_000089,0.0,0.0,0.0,12294.287088,1699.5,1699.5,20.63999938964844,0.1554,0.0954
sim_2019-02-09_2026-05-21_138e7b4fbb82,2025-10-16,put_credit_spread,DIA,put_credit_spread_DIA_000089,0.0,0.0,0.0,12294.287088,1699.5,1699.5,25.309999465942383,0.178,0.095
sim_2019-02-09_2026-05-21_138e7b4fbb82,2025-10-17,put_credit_spread,DIA,put_credit_spread_DIA_000089,96.0,0.0,96.0,12390.287088,1699.5,1699.5,20.780000686645508,0.1538,0.0948
sim_2019-02-09_2026-05-21_138e7b4fbb82,2025-10-17,put_credit_spread,DIA,put_credit_spread_DIA_000090,-2.17175,0.0,-2.17175,12388.115338,2406.5,2406.5,20.780000686645508,0.1538,0.0948
sim_2019-02-09_2026-05-21_138e7b4fbb82,2025-10-20,put_credit_spread,DIA,put_credit_spread_DIA_000090,0.0,0.0,0.0,12388.115338,2406.5,2406.5,18.229999542236328,0.1359,0.0997
sim_2019-02-09_2026-05-21_138e7b4fbb82,2025-10-21,put_credit_spread,DIA,put_credit_spread_DIA_000090,0.0,0.0,0.0,12388.115338,2406.5,2406.5,17.8700008392334,0.1339,0.0999
sim_2019-02-09_2026-05-21_138e7b4fbb82,2025-10-22,put_credit_spread,DIA,put_credit_spread_DIA_000090,0.0,0.0,0.0,12388.115338,2406.5,2406.5,18.600000381469727,0.1406,0.1016
sim_2019-02-09_2026-05-21_138e7b4fbb82,2025-10-23,put_credit_spread,DIA,put_credit_spread_DIA_000090,0.0,0.0,0.0,12388.115338,2406.5,2406.5,17.299999237060547,0.1294,0.095
sim_2019-02-09_2026-05-21_138e7b4fbb82,2025-10-24,put_credit_spread,DIA,put_credit_spread_DIA_000090,0.0,0.0,0.0,12388.115338,2406.5,2406.5,16.3700008392334,0.1226,0.0975
sim_2019-02-09_2026-05-21_138e7b4fbb82,2025-10-27,put_credit_spread,DIA,put_credit_spread_DIA_000090,0.0,0.0,0.0,12388.115338,2406.5,2406.5,15.789999961853027,0.1227,0.0989
sim_2019-02-09_2026-05-21_138e7b4fbb82,2025-10-28,put_credit_spread,DIA,put_credit_spread_DIA_000090,0.0,0.0,0.0,12388.115338,2406.5,2406.5,16.420000076293945,0.1281,0.0985
sim_2019-02-09_2026-05-21_138e7b4fbb82,2025-10-29,put_credit_spread,DIA,put_credit_spread_DIA_000090,0.0,0.0,0.0,12388.115338,2406.5,2406.5,16.920000076293945,0.1384,0.0981
sim_2019-02-09_2026-05-21_138e7b4fbb82,2025-10-30,put_credit_spread,DIA,put_credit_spread_DIA_000090,0.0,0.0,0.0,12388.115338,2406.5,2406.5,16.90999984741211,0.1395,0.0985
sim_2019-02-09_2026-05-21_138e7b4fbb82,2025-10-31,put_credit_spread,DIA,put_credit_spread_DIA_000090,0.0,0.0,0.0,12388.115338,2406.5,2406.5,17.440000534057617,0.1383,0.0985
sim_2019-02-09_2026-05-21_138e7b4fbb82,2025-11-03,put_credit_spread,DIA,put_credit_spread_DIA_000090,-159.5,0.0,-159.5,12228.615338,2406.5,2406.5,17.170000076293945,0.1412,0.0998
sim_2019-02-09_2026-05-21_138e7b4fbb82,2025-11-04,put_credit_spread,DIA,put_credit_spread_DIA_000090,0.0,0.0,0.0,12228.615338,2406.5,2406.5,19.0,0.1476,0.1012
sim_2019-02-09_2026-05-21_138e7b4fbb82,2025-11-05,put_credit_spread,DIA,put_credit_spread_DIA_000090,0.0,0.0,0.0,12228.615338,2406.5,2406.5,18.010000228881836,0.1429,0.1009
sim_2019-02-09_2026-05-21_138e7b4fbb82,2025-11-06,put_credit_spread,DIA,put_credit_spread_DIA_000090,0.0,0.0,0.0,12228.615338,2406.5,2406.5,19.5,0.1538,0.1035
sim_2019-02-09_2026-05-21_138e7b4fbb82,2025-11-07,put_credit_spread,DIA,put_credit_spread_DIA_000090,0.0,0.0,0.0,12228.615338,2406.5,2406.5,19.07999992370605,0.145,0.1022
sim_2019-02-09_2026-05-21_138e7b4fbb82,2025-11-10,put_credit_spread,DIA,put_credit_spread_DIA_000090,0.0,0.0,0.0,12228.615338,2406.5,2406.5,17.600000381469727,0.133,0.1047
sim_2019-02-09_2026-05-21_138e7b4fbb82,2025-11-11,put_credit_spread,DIA,put_credit_spread_DIA_000090,0.0,0.0,0.0,12228.615338,2406.5,2406.5,17.280000686645508,0.1295,0.1094
sim_2019-02-09_2026-05-21_138e7b4fbb82,2025-11-12,put_credit_spread,DIA,put_credit_spread_DIA_000090,0.0,0.0,0.0,12228.615338,2406.5,2406.5,17.510000228881836,0.1354,0.1107
sim_2019-02-09_2026-05-21_138e7b4fbb82,2025-11-13,put_credit_spread,DIA,put_credit_spread_DIA_000090,0.0,0.0,0.0,12228.615338,2406.5,2406.5,20.0,0.1584,0.1224
sim_2019-02-09_2026-05-21_138e7b4fbb82,2025-11-14,put_credit_spread,DIA,put_credit_spread_DIA_000090,501.0,0.0,501.0,12729.615338,2406.5,2406.5,19.82999992370605,0.1539,0.1232
sim_2019-02-09_2026-05-21_138e7b4fbb82,2025-11-14,put_credit_spread,DIA,put_credit_spread_DIA_000091,-2.162,0.0,-2.162,12727.453338,2376.0,2376.0,19.82999992370605,0.1539,0.1232
sim_2019-02-09_2026-05-21_138e7b4fbb82,2025-11-17,put_credit_spread,DIA,put_credit_spread_DIA_000091,-175.0,0.0,-175.0,12552.453338,2376.0,2376.0,22.3799991607666,0.1656,0.128
sim_2019-02-09_2026-05-21_138e7b4fbb82,2025-11-18,put_credit_spread,DIA,put_credit_spread_DIA_000091,0.0,0.0,0.0,12552.453338,2376.0,2376.0,24.690000534057617,0.1776,0.1317
sim_2019-02-09_2026-05-21_138e7b4fbb82,2025-11-19,put_credit_spread,DIA,put_credit_spread_DIA_000091,0.0,0.0,0.0,12552.453338,2376.0,2376.0,23.65999984741211,0.1723,0.1317
sim_2019-02-09_2026-05-21_138e7b4fbb82,2025-11-20,put_credit_spread,DIA,put_credit_spread_DIA_000091,0.0,0.0,0.0,12552.453338,2376.0,2376.0,26.420000076293945,0.1892,0.1328
sim_2019-02-09_2026-05-21_138e7b4fbb82,2025-11-21,put_credit_spread,DIA,put_credit_spread_DIA_000091,0.0,0.0,0.0,12552.453338,2376.0,2376.0,23.43000030517578,0.1638,0.1238
sim_2019-02-09_2026-05-21_138e7b4fbb82,2025-11-24,put_credit_spread,DIA,put_credit_spread_DIA_000091,0.0,0.0,0.0,12552.453338,2376.0,2376.0,20.520000457763672,0.1451,0.1189
sim_2019-02-09_2026-05-21_138e7b4fbb82,2025-11-25,put_credit_spread,DIA,put_credit_spread_DIA_000091,306.0,0.0,306.0,12858.453338,2376.0,2376.0,18.559999465942383,0.1362,0.1253
sim_2019-02-09_2026-05-21_138e7b4fbb82,2025-11-26,put_credit_spread,DIA,put_credit_spread_DIA_000091,0.0,0.0,0.0,12858.453338,2376.0,2376.0,17.190000534057617,0.1294,0.1265
sim_2019-02-09_2026-05-21_138e7b4fbb82,2025-11-28,put_credit_spread,DIA,put_credit_spread_DIA_000091,0.0,0.0,0.0,12858.453338,2376.0,2376.0,16.350000381469727,0.1239,0.1252
sim_2019-02-09_2026-05-21_138e7b4fbb82,2025-12-01,put_credit_spread,DIA,put_credit_spread_DIA_000091,-31.5,0.0,-31.5,12826.953338,2376.0,2376.0,17.239999771118164,0.1394,0.1276
sim_2019-02-09_2026-05-21_138e7b4fbb82,2025-12-02,put_credit_spread,DIA,put_credit_spread_DIA_000091,0.0,0.0,0.0,12826.953338,2376.0,2376.0,16.59000015258789,0.1326,0.1241
sim_2019-02-09_2026-05-21_138e7b4fbb82,2025-12-03,put_credit_spread,DIA,put_credit_spread_DIA_000091,0.0,0.0,0.0,12826.953338,2376.0,2376.0,16.079999923706055,0.1263,0.1258
sim_2019-02-09_2026-05-21_138e7b4fbb82,2025-12-04,put_credit_spread,DIA,put_credit_spread_DIA_000091,0.0,0.0,0.0,12826.953338,2376.0,2376.0,15.779999732971191,0.1221,0.1235
sim_2019-02-09_2026-05-21_138e7b4fbb82,2025-12-05,put_credit_spread,DIA,put_credit_spread_DIA_000091,0.0,0.0,0.0,12826.953338,2376.0,2376.0,15.40999984741211,0.1194,0.1234
sim_2019-02-09_2026-05-21_138e7b4fbb82,2025-12-08,put_credit_spread,DIA,put_credit_spread_DIA_000091,0.0,0.0,0.0,12826.953338,2376.0,2376.0,16.65999984741211,0.1286,0.1207
sim_2019-02-09_2026-05-21_138e7b4fbb82,2025-12-09,put_credit_spread,DIA,put_credit_spread_DIA_000091,0.0,0.0,0.0,12826.953338,2376.0,2376.0,16.93000030517578,0.1323,0.1198
sim_2019-02-09_2026-05-21_138e7b4fbb82,2025-12-10,put_credit_spread,DIA,put_credit_spread_DIA_000091,0.0,0.0,0.0,12826.953338,2376.0,2376.0,15.770000457763672,0.1232,0.123
sim_2019-02-09_2026-05-21_138e7b4fbb82,2025-12-11,put_credit_spread,DIA,put_credit_spread_DIA_000091,0.0,0.0,0.0,12826.953338,2376.0,2376.0,14.850000381469728,0.1175,0.1286
sim_2019-02-09_2026-05-21_138e7b4fbb82,2025-12-12,put_credit_spread,DIA,put_credit_spread_DIA_000091,222.5,0.0,222.5,13049.453338,2376.0,2376.0,15.739999771118164,0.1189,0.1293
sim_2019-02-09_2026-05-21_138e7b4fbb82,2025-12-12,put_credit_spread,DIA,put_credit_spread_DIA_000092,-2.10725,0.0,-2.10725,13047.346088,1785.5,1785.5,15.739999771118164,0.1189,0.1293
sim_2019-02-09_2026-05-21_138e7b4fbb82,2025-12-15,put_credit_spread,DIA,put_credit_spread_DIA_000092,-8.5,0.0,-8.5,13038.846088,1785.5,1785.5,16.5,0.1216,0.1293
sim_2019-02-09_2026-05-21_138e7b4fbb82,2025-12-16,put_credit_spread,DIA,put_credit_spread_DIA_000092,0.0,0.0,0.0,13038.846088,1785.5,1785.5,16.479999542236328,0.1233,0.1301
sim_2019-02-09_2026-05-21_138e7b4fbb82,2025-12-17,put_credit_spread,DIA,put_credit_spread_DIA_000092,0.0,0.0,0.0,13038.846088,1785.5,1785.5,17.6200008392334,0.1374,0.1298
sim_2019-02-09_2026-05-21_138e7b4fbb82,2025-12-18,put_credit_spread,DIA,put_credit_spread_DIA_000092,0.0,0.0,0.0,13038.846088,1785.5,1785.5,16.8700008392334,0.1218,0.1292
sim_2019-02-09_2026-05-21_138e7b4fbb82,2025-12-19,put_credit_spread,DIA,put_credit_spread_DIA_000092,0.0,0.0,0.0,13038.846088,1785.5,1785.5,14.90999984741211,0.1115,0.1266
sim_2019-02-09_2026-05-21_138e7b4fbb82,2025-12-22,put_credit_spread,DIA,put_credit_spread_DIA_000092,0.0,0.0,0.0,13038.846088,1785.5,1785.5,14.079999923706056,0.1083,0.1271
sim_2019-02-09_2026-05-21_138e7b4fbb82,2025-12-23,put_credit_spread,DIA,put_credit_spread_DIA_000092,0.0,0.0,0.0,13038.846088,1785.5,1785.5,14.0,0.1066,0.1252
sim_2019-02-09_2026-05-21_138e7b4fbb82,2025-12-24,put_credit_spread,DIA,put_credit_spread_DIA_000092,0.0,0.0,0.0,13038.846088,1785.5,1785.5,13.470000267028809,0.1046,0.1218
sim_2019-02-09_2026-05-21_138e7b4fbb82,2025-12-26,put_credit_spread,DIA,put_credit_spread_DIA_000092,0.0,0.0,0.0,13038.846088,1785.5,1785.5,13.600000381469728,0.1083,0.1202
sim_2019-02-09_2026-05-21_138e7b4fbb82,2025-12-29,put_credit_spread,DIA,put_credit_spread_DIA_000092,-74.0,0.0,-74.0,12964.846088,1785.5,1785.5,14.199999809265137,0.1146,0.1102
sim_2019-02-09_2026-05-21_138e7b4fbb82,2025-12-30,put_credit_spread,DIA,put_credit_spread_DIA_000092,0.0,0.0,0.0,12964.846088,1785.5,1785.5,14.329999923706056,0.1154,0.1086
sim_2019-02-09_2026-05-21_138e7b4fbb82,2025-12-31,put_credit_spread,DIA,put_credit_spread_DIA_000092,0.0,0.0,0.0,12964.846088,1785.5,1785.5,14.949999809265137,0.1208,0.1042
sim_2019-02-09_2026-05-21_138e7b4fbb82,2026-01-02,put_credit_spread,DIA,put_credit_spread_DIA_000092,0.0,0.0,0.0,12964.846088,1785.5,1785.5,14.510000228881836,0.118,0.099
sim_2019-02-09_2026-05-21_138e7b4fbb82,2026-01-05,put_credit_spread,DIA,put_credit_spread_DIA_000092,0.0,0.0,0.0,12964.846088,1785.5,1785.5,14.899999618530272,0.1236,0.104
sim_2019-02-09_2026-05-21_138e7b4fbb82,2026-01-06,put_credit_spread,DIA,put_credit_spread_DIA_000092,0.0,0.0,0.0,12964.846088,1785.5,1785.5,14.75,0.124,0.102
sim_2019-02-09_2026-05-21_138e7b4fbb82,2026-01-07,put_credit_spread,DIA,put_credit_spread_DIA_000092,0.0,0.0,0.0,12964.846088,1785.5,1785.5,15.380000114440918,0.1282,0.1054
sim_2019-02-09_2026-05-21_138e7b4fbb82,2026-01-08,put_credit_spread,DIA,put_credit_spread_DIA_000092,0.0,0.0,0.0,12964.846088,1785.5,1785.5,15.449999809265137,0.1272,0.1057
sim_2019-02-09_2026-05-21_138e7b4fbb82,2026-01-09,put_credit_spread,DIA,put_credit_spread_DIA_000092,295.0,0.0,295.0,13259.846088,1785.5,1785.5,14.489999771118164,0.1177,0.0994
sim_2019-02-09_2026-05-21_138e7b4fbb82,2026-01-09,put_credit_spread,DIA,put_credit_spread_DIA_000093,-2.09925,0.0,-2.09925,13257.746838,1801.5,1801.5,14.489999771118164,0.1177,0.0994
sim_2019-02-09_2026-05-21_138e7b4fbb82,2026-01-12,put_credit_spread,DIA,put_credit_spread_DIA_000093,0.0,0.0,0.0,13257.746838,1801.5,1801.5,15.119999885559082,0.1244,0.0982
sim_2019-02-09_2026-05-21_138e7b4fbb82,2026-01-13,put_credit_spread,DIA,put_credit_spread_DIA_000093,0.0,0.0,0.0,13257.746838,1801.5,1801.5,15.979999542236328,0.1286,0.101
sim_2019-02-09_2026-05-21_138e7b4fbb82,2026-01-14,put_credit_spread,DIA,put_credit_spread_DIA_000093,0.0,0.0,0.0,13257.746838,1801.5,1801.5,16.75,0.1324,0.0974
sim_2019-02-09_2026-05-21_138e7b4fbb82,2026-01-15,put_credit_spread,DIA,put_credit_spread_DIA_000093,0.0,0.0,0.0,13257.746838,1801.5,1801.5,15.84000015258789,0.1256,0.098
sim_2019-02-09_2026-05-21_138e7b4fbb82,2026-01-16,put_credit_spread,DIA,put_credit_spread_DIA_000093,0.0,0.0,0.0,13257.746838,1801.5,1801.5,15.859999656677246,0.1262,0.0959
sim_2019-02-09_2026-05-21_138e7b4fbb82,2026-01-20,put_credit_spread,DIA,put_credit_spread_DIA_000093,-241.0,0.0,-241.0,13016.746838,1801.5,1801.5,20.09000015258789,0.1576,0.1097
sim_2019-02-09_2026-05-21_138e7b4fbb82,2026-01-21,put_credit_spread,DIA,put_credit_spread_DIA_000093,0.0,0.0,0.0,13016.746838,1801.5,1801.5,16.899999618530273,0.1361,0.1148
sim_2019-02-09_2026-05-21_138e7b4fbb82,2026-01-22,put_credit_spread,DIA,put_credit_spread_DIA_000093,0.0,0.0,0.0,13016.746838,1801.5,1801.5,15.640000343322754,0.1276,0.1149
sim_2019-02-09_2026-05-21_138e7b4fbb82,2026-01-23,put_credit_spread,DIA,put_credit_spread_DIA_000093,0.0,0.0,0.0,13016.746838,1801.5,1801.5,16.09000015258789,0.1298,0.1157
sim_2019-02-09_2026-05-21_138e7b4fbb82,2026-01-26,put_credit_spread,DIA,put_credit_spread_DIA_000093,0.0,0.0,0.0,13016.746838,1801.5,1801.5,16.149999618530273,0.1313,0.1135
sim_2019-02-09_2026-05-21_138e7b4fbb82,2026-01-27,put_credit_spread,DIA,put_credit_spread_DIA_000093,0.0,0.0,0.0,13016.746838,1801.5,1801.5,16.350000381469727,0.1346,0.1099
sim_2019-02-09_2026-05-21_138e7b4fbb82,2026-01-28,put_credit_spread,DIA,put_credit_spread_DIA_000093,0.0,0.0,0.0,13016.746838,1801.5,1801.5,16.350000381469727,0.1318,0.1088
sim_2019-02-09_2026-05-21_138e7b4fbb82,2026-01-29,put_credit_spread,DIA,put_credit_spread_DIA_000093,0.0,0.0,0.0,13016.746838,1801.5,1801.5,16.8799991607666,0.1312,0.1088
sim_2019-02-09_2026-05-21_138e7b4fbb82,2026-01-30,put_credit_spread,DIA,put_credit_spread_DIA_000093,0.0,0.0,0.0,13016.746838,1801.5,1801.5,17.440000534057617,0.1382,0.1071
sim_2019-02-09_2026-05-21_138e7b4fbb82,2026-02-02,put_credit_spread,DIA,put_credit_spread_DIA_000093,0.0,0.0,0.0,13016.746838,1801.5,1801.5,16.34000015258789,0.1309,0.1096
sim_2019-02-09_2026-05-21_138e7b4fbb82,2026-02-03,put_credit_spread,DIA,put_credit_spread_DIA_000093,0.0,0.0,0.0,13016.746838,1801.5,1801.5,18.0,0.1438,0.1103
sim_2019-02-09_2026-05-21_138e7b4fbb82,2026-02-04,put_credit_spread,DIA,put_credit_spread_DIA_000093,0.0,0.0,0.0,13016.746838,1801.5,1801.5,18.63999938964844,0.1488,0.111
sim_2019-02-09_2026-05-21_138e7b4fbb82,2026-02-05,put_credit_spread,DIA,put_credit_spread_DIA_000093,0.0,0.0,0.0,13016.746838,1801.5,1801.5,21.770000457763672,0.1661,0.1163
sim_2019-02-09_2026-05-21_138e7b4fbb82,2026-02-06,put_credit_spread,DIA,put_credit_spread_DIA_000093,437.5,0.0,437.5,13454.246838,1801.5,1801.5,20.3700008392334,0.1412,0.1357
sim_2019-02-09_2026-05-21_138e7b4fbb82,2026-02-06,put_credit_spread,DIA,put_credit_spread_DIA_000094,-2.1395,0.0,-2.1395,13452.107338,1721.0,1721.0,20.3700008392334,0.1412,0.1357
sim_2019-02-09_2026-05-21_138e7b4fbb82,2026-02-09,put_credit_spread,DIA,put_credit_spread_DIA_000094,24.5,0.0,24.5,13476.607338,1721.0,1721.0,17.360000610351562,0.1389,0.135
sim_2019-02-09_2026-05-21_138e7b4fbb82,2026-02-10,put_credit_spread,DIA,put_credit_spread_DIA_000094,0.0,0.0,0.0,13476.607338,1721.0,1721.0,17.790000915527344,0.1414,0.135
sim_2019-02-09_2026-05-21_138e7b4fbb82,2026-02-11,put_credit_spread,DIA,put_credit_spread_DIA_000094,0.0,0.0,0.0,13476.607338,1721.0,1721.0,17.649999618530273,0.1393,0.1339
sim_2019-02-09_2026-05-21_138e7b4fbb82,2026-02-12,put_credit_spread,DIA,put_credit_spread_DIA_000094,0.0,0.0,0.0,13476.607338,1721.0,1721.0,20.81999969482422,0.1633,0.1402
sim_2019-02-09_2026-05-21_138e7b4fbb82,2026-02-13,put_credit_spread,DIA,put_credit_spread_DIA_000094,0.0,0.0,0.0,13476.607338,1721.0,1721.0,20.600000381469727,0.1555,0.1386
sim_2019-02-09_2026-05-21_138e7b4fbb82,2026-02-17,put_credit_spread,DIA,put_credit_spread_DIA_000094,-117.5,0.0,-117.5,13359.107338,1721.0,1721.0,20.290000915527344,0.1549,0.1376
sim_2019-02-09_2026-05-21_138e7b4fbb82,2026-02-18,put_credit_spread,DIA,put_credit_spread_DIA_000094,0.0,0.0,0.0,13359.107338,1721.0,1721.0,19.6200008392334,0.1525,0.1331
sim_2019-02-09_2026-05-21_138e7b4fbb82,2026-02-19,put_credit_spread,DIA,put_credit_spread_DIA_000094,0.0,0.0,0.0,13359.107338,1721.0,1721.0,20.229999542236328,0.1607,0.1311
sim_2019-02-09_2026-05-21_138e7b4fbb82,2026-02-20,put_credit_spread,DIA,put_credit_spread_DIA_000094,152.5,0.0,152.5,13511.607338,1721.0,1721.0,19.09000015258789,0.1451,0.1284
sim_2019-02-09_2026-05-21_138e7b4fbb82,2026-02-23,put_credit_spread,DIA,put_credit_spread_DIA_000094,0.0,0.0,0.0,13511.607338,1721.0,1721.0,21.01000022888184,0.1672,0.1364
sim_2019-02-09_2026-05-21_138e7b4fbb82,2026-02-24,put_credit_spread,DIA,put_credit_spread_DIA_000094,0.0,0.0,0.0,13511.607338,1721.0,1721.0,19.549999237060547,0.1543,0.1375
sim_2019-02-09_2026-05-21_138e7b4fbb82,2026-02-25,put_credit_spread,DIA,put_credit_spread_DIA_000094,0.0,0.0,0.0,13511.607338,1721.0,1721.0,17.93000030517578,0.1413,0.1386
sim_2019-02-09_2026-05-21_138e7b4fbb82,2026-02-26,put_credit_spread,DIA,put_credit_spread_DIA_000094,0.0,0.0,0.0,13511.607338,1721.0,1721.0,18.6299991607666,0.145,0.1366
sim_2019-02-09_2026-05-21_138e7b4fbb82,2026-02-27,put_credit_spread,DIA,put_credit_spread_DIA_000094,0.0,0.0,0.0,13511.607338,1721.0,1721.0,19.86000061035156,0.1567,0.1401
sim_2019-02-09_2026-05-21_138e7b4fbb82,2026-03-02,put_credit_spread,DIA,put_credit_spread_DIA_000094,0.0,0.0,0.0,13511.607338,1721.0,1721.0,21.440000534057617,0.1639,0.1389
sim_2019-02-09_2026-05-21_138e7b4fbb82,2026-03-03,put_credit_spread,DIA,put_credit_spread_DIA_000094,0.0,0.0,0.0,13511.607338,1721.0,1721.0,23.56999969482422,0.1823,0.1404
sim_2019-02-09_2026-05-21_138e7b4fbb82,2026-03-04,put_credit_spread,DIA,put_credit_spread_DIA_000094,-2.10975,0.0,-2.10975,13509.497588,1721.0,1721.0,21.14999961853028,0.1662,0.1315
sim_2019-02-09_2026-05-21_138e7b4fbb82,2026-03-04,put_credit_spread,DIA,put_credit_spread_DIA_000095,-2.1565,0.0,-2.1565,13507.341088,2287.0,2287.0,21.14999961853028,0.1662,0.1315
sim_2019-02-09_2026-05-21_138e7b4fbb82,2026-03-05,put_credit_spread,DIA,put_credit_spread_DIA_000095,0.0,0.0,0.0,13507.341088,2287.0,2287.0,23.75,0.182,0.1349
sim_2019-02-09_2026-05-21_138e7b4fbb82,2026-03-06,put_credit_spread,DIA,put_credit_spread_DIA_000095,0.0,0.0,0.0,13507.341088,2287.0,2287.0,29.489999771118164,0.2156,0.1358
sim_2019-02-09_2026-05-21_138e7b4fbb82,2026-03-09,put_credit_spread,DIA,put_credit_spread_DIA_000095,0.0,0.0,0.0,13507.341088,2287.0,2287.0,25.5,0.1907,0.1365
sim_2019-02-09_2026-05-21_138e7b4fbb82,2026-03-10,put_credit_spread,DIA,put_credit_spread_DIA_000095,0.0,0.0,0.0,13507.341088,2287.0,2287.0,24.93000030517578,0.1985,0.1348
sim_2019-02-09_2026-05-21_138e7b4fbb82,2026-03-11,put_credit_spread,DIA,put_credit_spread_DIA_000095,0.0,0.0,0.0,13507.341088,2287.0,2287.0,24.229999542236328,0.1977,0.134
sim_2019-02-09_2026-05-21_138e7b4fbb82,2026-03-12,put_credit_spread,DIA,put_credit_spread_DIA_000095,0.0,0.0,0.0,13507.341088,2287.0,2287.0,27.290000915527344,0.2213,0.1404
sim_2019-02-09_2026-05-21_138e7b4fbb82,2026-03-13,put_credit_spread,DIA,put_credit_spread_DIA_000095,0.0,0.0,0.0,13507.341088,2287.0,2287.0,27.190000534057617,0.2232,0.1403
sim_2019-02-09_2026-05-21_138e7b4fbb82,2026-03-16,put_credit_spread,DIA,put_credit_spread_DIA_000095,-492.5,0.0,-492.5,13014.841088,2287.0,2287.0,23.51000022888184,0.1931,0.1432
sim_2019-02-09_2026-05-21_138e7b4fbb82,2026-03-17,put_credit_spread,DIA,put_credit_spread_DIA_000095,92.5,0.0,92.5,13107.341088,2287.0,2287.0,22.3700008392334,0.1838,0.1393
sim_2019-02-09_2026-05-21_138e7b4fbb82,2026-03-18,put_credit_spread,DIA,put_credit_spread_DIA_000095,-110.5,0.0,-110.5,12996.841088,2287.0,2287.0,25.09000015258789,0.2129,0.1461
sim_2019-02-09_2026-05-21_138e7b4fbb82,2026-03-19,put_credit_spread,DIA,put_credit_spread_DIA_000095,0.0,0.0,0.0,12996.841088,2287.0,2287.0,24.059999465942383,0.2066,0.1447
sim_2019-02-09_2026-05-21_138e7b4fbb82,2026-03-20,put_credit_spread,DIA,put_credit_spread_DIA_000095,0.0,0.0,0.0,12996.841088,2287.0,2287.0,26.780000686645508,0.2264,0.1444
sim_2019-02-09_2026-05-21_138e7b4fbb82,2026-03-23,put_credit_spread,DIA,put_credit_spread_DIA_000095,0.0,0.0,0.0,12996.841088,2287.0,2287.0,26.14999961853028,0.2197,0.1291
sim_2019-02-09_2026-05-21_138e7b4fbb82,2026-03-24,put_credit_spread,DIA,put_credit_spread_DIA_000095,0.0,0.0,0.0,12996.841088,2287.0,2287.0,26.950000762939453,0.2221,0.1288
sim_2019-02-09_2026-05-21_138e7b4fbb82,2026-03-25,put_credit_spread,DIA,put_credit_spread_DIA_000095,0.0,0.0,0.0,12996.841088,2287.0,2287.0,25.32999992370605,0.2121,0.1311
sim_2019-02-09_2026-05-21_138e7b4fbb82,2026-03-26,put_credit_spread,DIA,put_credit_spread_DIA_000095,0.0,0.0,0.0,12996.841088,2287.0,2287.0,27.440000534057617,0.2319,0.1329
sim_2019-02-09_2026-05-21_138e7b4fbb82,2026-03-27,put_credit_spread,DIA,put_credit_spread_DIA_000095,0.0,0.0,0.0,12996.841088,2287.0,2287.0,31.049999237060547,0.2529,0.1361
sim_2019-02-09_2026-05-21_138e7b4fbb82,2026-03-30,put_credit_spread,DIA,put_credit_spread_DIA_000095,-2.41175,0.0,-2.41175,12994.429338,2287.0,2287.0,30.61000061035156,0.2503,0.1362
sim_2019-02-09_2026-05-21_138e7b4fbb82,2026-03-30,put_credit_spread,DIA,put_credit_spread_DIA_000096,-2.221,0.0,-2.221,12992.208338,3058.0,3058.0,30.61000061035156,0.2503,0.1362
sim_2019-02-09_2026-05-21_138e7b4fbb82,2026-03-31,put_credit_spread,DIA,put_credit_spread_DIA_000096,0.0,0.0,0.0,12992.208338,3058.0,3058.0,25.25,0.2106,0.1573
sim_2019-02-09_2026-05-21_138e7b4fbb82,2026-04-01,put_credit_spread,DIA,put_credit_spread_DIA_000096,0.0,0.0,0.0,12992.208338,3058.0,3058.0,24.540000915527344,0.2012,0.1582
sim_2019-02-09_2026-05-21_138e7b4fbb82,2026-04-02,put_credit_spread,DIA,put_credit_spread_DIA_000096,0.0,0.0,0.0,12992.208338,3058.0,3058.0,23.8700008392334,0.2001,0.1579
sim_2019-02-09_2026-05-21_138e7b4fbb82,2026-04-06,put_credit_spread,DIA,put_credit_spread_DIA_000096,0.0,0.0,0.0,12992.208338,3058.0,3058.0,24.170000076293945,0.1958,0.158
sim_2019-02-09_2026-05-21_138e7b4fbb82,2026-04-07,put_credit_spread,DIA,put_credit_spread_DIA_000096,401.48075,0.0,401.48075,13393.689088,3058.0,3058.0,25.780000686645508,0.2148,0.152
sim_2019-02-09_2026-05-21_138e7b4fbb82,2026-04-10,put_credit_spread,DIA,put_credit_spread_DIA_000097,-2.182,0.0,-2.182,13391.507088,2636.0,2636.0,19.229999542236328,0.1596,0.1732
sim_2019-02-09_2026-05-21_138e7b4fbb82,2026-04-13,put_credit_spread,DIA,put_credit_spread_DIA_000097,0.0,0.0,0.0,13391.507088,2636.0,2636.0,19.1200008392334,0.1537,0.172
sim_2019-02-09_2026-05-21_138e7b4fbb82,2026-04-14,put_credit_spread,DIA,put_credit_spread_DIA_000097,0.0,0.0,0.0,13391.507088,2636.0,2636.0,18.36000061035156,0.1497,0.1733
sim_2019-02-09_2026-05-21_138e7b4fbb82,2026-04-15,put_credit_spread,DIA,put_credit_spread_DIA_000097,0.0,0.0,0.0,13391.507088,2636.0,2636.0,18.170000076293945,0.1557,0.172
sim_2019-02-09_2026-05-21_138e7b4fbb82,2026-04-16,put_credit_spread,DIA,put_credit_spread_DIA_000097,0.0,0.0,0.0,13391.507088,2636.0,2636.0,17.940000534057617,0.1463,0.1716
sim_2019-02-09_2026-05-21_138e7b4fbb82,2026-04-17,put_credit_spread,DIA,put_credit_spread_DIA_000097,0.0,0.0,0.0,13391.507088,2636.0,2636.0,17.479999542236328,0.1546,0.1719
sim_2019-02-09_2026-05-21_138e7b4fbb82,2026-04-20,put_credit_spread,DIA,put_credit_spread_DIA_000097,0.0,0.0,0.0,13391.507088,2636.0,2636.0,18.8700008392334,0.1563,0.1689
sim_2019-02-09_2026-05-21_138e7b4fbb82,2026-04-21,put_credit_spread,DIA,put_credit_spread_DIA_000097,-96.0,0.0,-96.0,13295.507088,2636.0,2636.0,19.5,0.1708,0.1697
sim_2019-02-09_2026-05-21_138e7b4fbb82,2026-04-22,put_credit_spread,DIA,put_credit_spread_DIA_000097,0.0,0.0,0.0,13295.507088,2636.0,2636.0,18.920000076293945,0.16,0.1705
sim_2019-02-09_2026-05-21_138e7b4fbb82,2026-04-23,put_credit_spread,DIA,put_credit_spread_DIA_000097,0.0,0.0,0.0,13295.507088,2636.0,2636.0,19.309999465942383,0.1611,0.1698
sim_2019-02-09_2026-05-21_138e7b4fbb82,2026-04-24,put_credit_spread,DIA,put_credit_spread_DIA_000097,0.0,0.0,0.0,13295.507088,2636.0,2636.0,18.709999084472656,0.1562,0.1624
sim_2019-02-09_2026-05-21_138e7b4fbb82,2026-04-27,put_credit_spread,DIA,put_credit_spread_DIA_000097,0.0,0.0,0.0,13295.507088,2636.0,2636.0,18.020000457763672,0.1519,0.1622
sim_2019-02-09_2026-05-21_138e7b4fbb82,2026-04-28,put_credit_spread,DIA,put_credit_spread_DIA_000097,0.0,0.0,0.0,13295.507088,2636.0,2636.0,17.829999923706055,0.1493,0.1611
sim_2019-02-09_2026-05-21_138e7b4fbb82,2026-04-29,put_credit_spread,DIA,put_credit_spread_DIA_000097,0.0,0.0,0.0,13295.507088,2636.0,2636.0,18.809999465942383,0.1548,0.1624
sim_2019-02-09_2026-05-21_138e7b4fbb82,2026-04-30,put_credit_spread,DIA,put_credit_spread_DIA_000097,0.0,0.0,0.0,13295.507088,2636.0,2636.0,16.889999389648438,0.1418,0.1586
sim_2019-02-09_2026-05-21_138e7b4fbb82,2026-05-01,put_credit_spread,DIA,put_credit_spread_DIA_000097,0.0,0.0,0.0,13295.507088,2636.0,2636.0,16.989999771118164,,
sim_2019-02-09_2026-05-21_138e7b4fbb82,2026-05-04,put_credit_spread,DIA,put_credit_spread_DIA_000097,0.0,0.0,0.0,13295.507088,2636.0,2636.0,18.290000915527344,0.1522,0.1581
sim_2019-02-09_2026-05-21_138e7b4fbb82,2026-05-05,put_credit_spread,DIA,put_credit_spread_DIA_000097,0.0,0.0,0.0,13295.507088,2636.0,2636.0,17.3799991607666,0.1482,0.1554
sim_2019-02-09_2026-05-21_138e7b4fbb82,2026-05-06,put_credit_spread,DIA,put_credit_spread_DIA_000097,0.0,0.0,0.0,13295.507088,2636.0,2636.0,17.389999389648438,0.1449,0.1576
sim_2019-02-09_2026-05-21_138e7b4fbb82,2026-05-07,put_credit_spread,DIA,put_credit_spread_DIA_000097,0.0,0.0,0.0,13295.507088,2636.0,2636.0,17.079999923706055,0.1428,0.1593
sim_2019-02-09_2026-05-21_138e7b4fbb82,2026-05-08,put_credit_spread,DIA,put_credit_spread_DIA_000097,458.0,0.0,458.0,13753.507088,2636.0,2636.0,17.190000534057617,0.1443,0.1548
sim_2019-02-09_2026-05-21_138e7b4fbb82,2026-05-08,put_credit_spread,DIA,put_credit_spread_DIA_000098,-2.1325,0.0,-2.1325,13751.374588,1735.0,1735.0,17.190000534057617,0.1443,0.1548
sim_2019-02-09_2026-05-21_138e7b4fbb82,2026-05-11,put_credit_spread,DIA,put_credit_spread_DIA_000098,0.0,0.0,0.0,13751.374588,1735.0,1735.0,18.3799991607666,0.1513,0.1428
sim_2019-02-09_2026-05-21_138e7b4fbb82,2026-05-12,put_credit_spread,DIA,put_credit_spread_DIA_000098,0.0,0.0,0.0,13751.374588,1735.0,1735.0,17.989999771118164,0.1486,0.1428
sim_2019-02-09_2026-05-21_138e7b4fbb82,2026-05-13,put_credit_spread,DIA,put_credit_spread_DIA_000098,0.0,0.0,0.0,13751.374588,1735.0,1735.0,17.8700008392334,,
sim_2019-02-09_2026-05-21_138e7b4fbb82,2026-05-14,put_credit_spread,DIA,put_credit_spread_DIA_000098,0.0,0.0,0.0,13751.374588,1735.0,1735.0,17.260000228881836,,
sim_2019-02-09_2026-05-21_138e7b4fbb82,2026-05-15,put_credit_spread,DIA,put_credit_spread_DIA_000098,0.0,0.0,0.0,13751.374588,1735.0,1735.0,18.43000030517578,0.1488,0.1345
sim_2019-02-09_2026-05-21_138e7b4fbb82,2026-05-18,put_credit_spread,DIA,put_credit_spread_DIA_000098,0.0,0.0,0.0,13751.374588,1735.0,1735.0,17.81999969482422,0.1493,0.1345
sim_2019-02-09_2026-05-21_138e7b4fbb82,2026-05-19,put_credit_spread,DIA,put_credit_spread_DIA_000098,0.0,0.0,0.0,13751.374588,1735.0,1735.0,18.059999465942383,0.1529,0.1361
sim_2019-02-09_2026-05-21_138e7b4fbb82,2026-05-20,put_credit_spread,DIA,put_credit_spread_DIA_000098,0.0,0.0,0.0,13751.374588,1735.0,1735.0,17.440000534057617,0.1459,0.1162
sim_2019-02-09_2026-05-21_138e7b4fbb82,2026-05-21,put_credit_spread,DIA,put_credit_spread_DIA_000098,0.0,0.0,0.0,13751.374588,1735.0,1735.0,16.760000228881836,0.1412,0.1162
