date,strategy,total_option_pnl,total_hedge_pnl,total_pnl,trade_count,cum_pnl
2019-05-10,put_credit_spread,-2.0965,0.0,-2.0965,1,-2.0965
2019-05-10,short_straddle,-2.43375,0.0,-2.43375,1,-4.53025
2019-05-13,put_credit_spread,0.0,0.0,0.0,1,-4.53025
2019-05-13,short_straddle,0.0,-0.126735,-0.126735,1,-4.656985
2019-05-14,put_credit_spread,0.0,0.0,0.0,1,-4.656985
2019-05-14,short_straddle,0.0,2.339996,2.339996,1,-2.3169889999999995
2019-05-15,put_credit_spread,0.0,0.0,0.0,1,-2.3169889999999995
2019-05-15,short_straddle,0.0,1.110016,1.110016,1,-1.2069729999999996
2019-05-16,put_credit_spread,0.0,0.0,0.0,1,-1.2069729999999996
2019-05-16,short_straddle,0.0,2.23999,2.23999,1,1.0330170000000005
2019-05-17,put_credit_spread,0.0,0.0,0.0,1,1.0330170000000005
2019-05-17,short_straddle,0.0,-1.720001,-1.720001,1,-0.6869839999999994
2019-05-20,put_credit_spread,0.0,0.0,0.0,1,-0.6869839999999994
2019-05-20,short_straddle,0.0,-0.769989,-0.769989,1,-1.4569729999999994
2019-05-21,put_credit_spread,0.0,0.0,0.0,1,-1.4569729999999994
2019-05-21,short_straddle,0.0,2.099976,2.099976,1,0.6430030000000004
2019-05-22,put_credit_spread,0.0,0.0,0.0,1,0.6430030000000004
2019-05-22,short_straddle,0.0,-1.169983,-1.169983,1,-0.5269799999999996
2019-05-23,put_credit_spread,0.0,0.0,0.0,1,-0.5269799999999996
2019-05-23,short_straddle,0.0,-2.840012,-2.840012,1,-3.3669919999999998
2019-05-24,put_credit_spread,0.0,0.0,0.0,1,-3.3669919999999998
2019-05-24,short_straddle,0.0,1.360001,1.360001,1,-2.0069909999999997
2019-05-28,put_credit_spread,0.0,0.0,0.0,1,-2.0069909999999997
2019-05-28,short_straddle,0.0,-2.649994,-2.649994,1,-4.656985
2019-05-29,put_credit_spread,0.0,0.0,0.0,1,-4.656985
2019-05-29,short_straddle,0.0,-2.199997,-2.199997,1,-6.856982
2019-05-30,put_credit_spread,0.0,0.0,0.0,1,-6.856982
2019-05-30,short_straddle,0.0,0.599991,0.599991,1,-6.256991
2019-05-31,put_credit_spread,0.0,0.0,0.0,1,-6.256991
2019-05-31,short_straddle,0.0,-3.649994,-3.649994,1,-9.906985
2019-06-03,put_credit_spread,0.0,0.0,0.0,1,-9.906985
2019-06-03,short_straddle,0.0,0.279999,0.279999,1,-9.626986
2019-06-04,put_credit_spread,0.0,0.0,0.0,1,-9.626986
2019-06-04,short_straddle,0.0,5.149994,5.149994,1,-4.476992
2019-06-05,put_credit_spread,0.0,0.0,0.0,1,-4.476992
2019-06-05,short_straddle,-2.43375,1.952137,-0.481613,1,-4.958605
2019-06-06,put_credit_spread,0.0,0.0,0.0,1,-4.958605
2019-06-07,put_credit_spread,191.0,0.0,191.0,1,186.041395
2020-01-06,put_credit_spread,-2.056,0.0,-2.056,1,183.98539499999998
2020-01-06,short_straddle,-2.3475,0.0,-2.3475,1,181.637895
2020-01-07,put_credit_spread,0.0,0.0,0.0,1,181.637895
2020-01-07,short_straddle,0.0,-0.57148,-0.57148,1,181.06641499999998
2020-01-08,put_credit_spread,0.0,0.0,0.0,1,181.06641499999998
2020-01-08,short_straddle,0.0,-6.640015,-6.640015,1,174.42639999999997
2020-01-09,put_credit_spread,0.0,0.0,0.0,1,174.42639999999997
2020-01-09,short_straddle,0.0,-8.640015,-8.640015,1,165.78638499999997
2020-01-10,put_credit_spread,0.0,0.0,0.0,1,165.78638499999997
2020-01-10,short_straddle,0.0,5.280029,5.280029,1,171.06641399999998
2020-01-13,put_credit_spread,0.0,0.0,0.0,1,171.06641399999998
2020-01-13,short_straddle,0.0,-3.119995,-3.119995,1,167.946419
2020-01-14,put_credit_spread,0.0,0.0,0.0,1,167.946419
2020-01-14,short_straddle,0.0,-0.800049,-0.800049,1,167.14637
2020-01-15,put_credit_spread,0.0,0.0,0.0,1,167.14637
2020-01-15,short_straddle,0.0,-4.52002,-4.52002,1,162.62635
2020-01-16,put_credit_spread,0.0,0.0,0.0,1,162.62635
2020-01-16,short_straddle,0.0,-10.319946,-10.319946,1,152.30640400000001
2020-01-17,put_credit_spread,0.0,0.0,0.0,1,152.30640400000001
2020-01-17,short_straddle,-34.0,-10.744625,-44.744625,1,107.56177900000002
2020-01-21,put_credit_spread,0.0,0.0,0.0,1,107.56177900000002
2020-01-21,short_straddle,0.0,-95.738706,-95.738706,1,11.823073000000022
2020-01-22,put_credit_spread,0.0,0.0,0.0,1,11.823073000000022
2020-01-22,short_straddle,0.0,0.079956,0.079956,1,11.903029000000021
2020-01-23,put_credit_spread,0.0,0.0,0.0,1,11.903029000000021
2020-01-23,short_straddle,0.0,1.079956,1.079956,1,12.98298500000002
2020-01-24,put_credit_spread,0.0,0.0,0.0,1,12.98298500000002
2020-01-24,short_straddle,0.0,6.960083,6.960083,1,19.94306800000002
2020-01-27,put_credit_spread,0.0,0.0,0.0,1,19.94306800000002
2020-01-27,short_straddle,0.0,17.76001,17.76001,1,37.70307800000002
2020-01-28,put_credit_spread,0.0,0.0,0.0,1,37.70307800000002
2020-01-28,short_straddle,0.0,-7.720093,-7.720093,1,29.98298500000002
2020-01-29,put_credit_spread,0.0,0.0,0.0,1,29.98298500000002
2020-01-29,short_straddle,-4.843249999999999,-0.57458,-5.41783,2,24.56515500000002
2020-01-30,put_credit_spread,0.0,0.0,0.0,1,24.56515500000002
2020-01-30,short_straddle,0.0,0.0,0.0,1,24.56515500000002
2020-01-31,put_credit_spread,107.87125,0.0,107.87125,2,132.43640500000004
2020-01-31,short_straddle,-70.5,-4.37751,-74.87751,1,57.558895000000035
2020-02-03,put_credit_spread,88.5,0.0,88.5,1,146.05889500000004
2020-02-03,short_straddle,0.0,-52.761614,-52.761614,1,93.29728100000003
2020-02-04,put_credit_spread,0.0,0.0,0.0,1,93.29728100000003
2020-02-04,short_straddle,0.0,0.0,0.0,1,93.29728100000003
2020-02-05,put_credit_spread,0.0,0.0,0.0,1,93.29728100000003
2020-02-05,short_straddle,0.0,0.0,0.0,1,93.29728100000003
2020-02-06,put_credit_spread,0.0,0.0,0.0,1,93.29728100000003
2020-02-06,short_straddle,0.0,0.0,0.0,1,93.29728100000003
2020-02-07,put_credit_spread,0.0,0.0,0.0,1,93.29728100000003
2020-02-07,short_straddle,0.0,0.0,0.0,1,93.29728100000003
2020-02-10,put_credit_spread,0.0,0.0,0.0,1,93.29728100000003
2020-02-10,short_straddle,0.0,0.0,0.0,1,93.29728100000003
2020-02-11,put_credit_spread,0.0,0.0,0.0,1,93.29728100000003
2020-02-11,short_straddle,0.0,0.0,0.0,1,93.29728100000003
2020-02-12,put_credit_spread,0.0,0.0,0.0,1,93.29728100000003
2020-02-12,short_straddle,0.0,0.0,0.0,1,93.29728100000003
2020-02-13,put_credit_spread,0.0,0.0,0.0,1,93.29728100000003
2020-02-13,short_straddle,0.0,0.0,0.0,1,93.29728100000003
2020-02-14,put_credit_spread,0.0,0.0,0.0,1,93.29728100000003
2020-02-14,short_straddle,0.0,0.0,0.0,1,93.29728100000003
2020-02-18,put_credit_spread,0.0,0.0,0.0,1,93.29728100000003
2020-02-18,short_straddle,0.0,0.0,0.0,1,93.29728100000003
2020-02-19,put_credit_spread,0.0,0.0,0.0,1,93.29728100000003
2020-02-19,short_straddle,0.0,0.0,0.0,1,93.29728100000003
2020-02-20,put_credit_spread,0.0,0.0,0.0,1,93.29728100000003
2020-02-20,short_straddle,0.0,0.0,0.0,1,93.29728100000003
2020-02-21,put_credit_spread,0.0,0.0,0.0,1,93.29728100000003
2020-02-21,short_straddle,0.0,0.0,0.0,1,93.29728100000003
2020-02-24,put_credit_spread,0.0,0.0,0.0,1,93.29728100000003
2020-02-24,short_straddle,0.0,0.0,0.0,1,93.29728100000003
2020-02-25,put_credit_spread,0.0,0.0,0.0,1,93.29728100000003
2020-02-25,short_straddle,0.0,0.0,0.0,1,93.29728100000003
2020-02-26,put_credit_spread,-4.18875,0.0,-4.18875,2,89.10853100000003
2020-02-26,short_straddle,-5.291499999999999,0.0,-5.291499999999999,2,83.81703100000003
2020-02-27,put_credit_spread,0.0,0.0,0.0,1,83.81703100000003
2020-02-27,short_straddle,0.0,-0.12875,-0.12875,1,83.68828100000003
2020-02-28,put_credit_spread,-204.0,0.0,-204.0,1,-120.31171899999997
2020-02-28,short_straddle,0.0,2.940002,2.940002,1,-117.37171699999996
2020-03-02,put_credit_spread,0.0,0.0,0.0,1,-117.37171699999996
2020-03-02,short_straddle,0.0,-12.470001,-12.470001,1,-129.84171799999996
2020-03-03,put_credit_spread,0.0,0.0,0.0,1,-129.84171799999996
2020-03-03,short_straddle,0.0,7.730011,7.730011,1,-122.11170699999995
2020-03-04,put_credit_spread,0.0,0.0,0.0,1,-122.11170699999995
2020-03-04,short_straddle,0.0,-11.590027,-11.590027,1,-133.70173399999996
2020-03-05,put_credit_spread,0.0,0.0,0.0,1,-133.70173399999996
2020-03-05,short_straddle,0.0,9.430023,9.430023,1,-124.27171099999995
2020-03-06,put_credit_spread,0.0,0.0,0.0,1,-124.27171099999995
2020-03-06,short_straddle,0.0,2.609985,2.609985,1,-121.66172599999996
2020-03-09,put_credit_spread,0.0,0.0,0.0,1,-121.66172599999996
2020-03-09,short_straddle,0.0,20.130005,20.130005,1,-101.53172099999996
2020-03-10,put_credit_spread,0.0,0.0,0.0,1,-101.53172099999996
2020-03-10,short_straddle,0.0,-11.75,-11.75,1,-113.28172099999996
2020-03-11,put_credit_spread,-1355.0,0.0,-1355.0,1,-1468.281721
2020-03-11,short_straddle,-2082.0,5.314325,-2076.685675,1,-3544.967396
2020-03-12,put_credit_spread,0.0,0.0,0.0,1,-3544.967396
2020-03-12,short_straddle,0.0,1890.021313,1890.021313,1,-1654.946083
2020-03-13,put_credit_spread,0.0,0.0,0.0,1,-1654.946083
2020-03-13,short_straddle,0.0,-20.0,-20.0,1,-1674.946083
2020-03-16,put_credit_spread,0.0,0.0,0.0,1,-1674.946083
2020-03-16,short_straddle,0.0,29.619995,29.619995,1,-1645.326088
2020-03-17,put_credit_spread,0.0,0.0,0.0,1,-1645.326088
2020-03-17,short_straddle,0.0,-10.979996,-10.979996,1,-1656.306084
2020-03-18,put_credit_spread,0.0,0.0,0.0,1,-1656.306084
2020-03-18,short_straddle,0.0,14.080002,14.080002,1,-1642.2260820000001
2020-03-19,put_credit_spread,0.0,0.0,0.0,1,-1642.2260820000001
2020-03-19,short_straddle,0.0,-1.919998,-1.919998,1,-1644.1460800000002
2020-03-20,put_credit_spread,0.0,0.0,0.0,1,-1644.1460800000002
2020-03-20,short_straddle,0.0,9.410004,9.410004,1,-1634.7360760000001
2020-03-23,put_credit_spread,0.0,0.0,0.0,1,-1634.7360760000001
2020-03-23,short_straddle,0.0,5.769989,5.769989,1,-1628.9660870000002
2020-03-24,put_credit_spread,0.0,0.0,0.0,1,-1628.9660870000002
2020-03-24,short_straddle,0.0,-20.509995,-20.509995,1,-1649.4760820000001
2020-03-25,put_credit_spread,-2.88375,0.0,-2.88375,1,-1652.359832
2020-03-25,short_straddle,-3.8185,-5.526028,-9.344528,1,-1661.7043600000002
2020-03-30,put_credit_spread,-2.3115,0.0,-2.3115,1,-1664.0158600000002
2020-03-31,put_credit_spread,0.0,0.0,0.0,1,-1664.0158600000002
2020-04-01,put_credit_spread,0.0,0.0,0.0,1,-1664.0158600000002
2020-04-02,put_credit_spread,0.0,0.0,0.0,1,-1664.0158600000002
2020-04-03,put_credit_spread,0.0,0.0,0.0,1,-1664.0158600000002
2020-04-06,put_credit_spread,0.0,0.0,0.0,1,-1664.0158600000002
2020-04-07,put_credit_spread,0.0,0.0,0.0,1,-1664.0158600000002
2020-04-08,put_credit_spread,453.5,0.0,453.5,1,-1210.5158600000002
2020-04-09,put_credit_spread,0.0,0.0,0.0,1,-1210.5158600000002
2020-04-13,put_credit_spread,61.26375,0.0,61.26375,2,-1149.2521100000001
2020-04-14,put_credit_spread,0.0,0.0,0.0,1,-1149.2521100000001
2020-04-15,put_credit_spread,0.0,0.0,0.0,1,-1149.2521100000001
2020-04-16,put_credit_spread,0.0,0.0,0.0,1,-1149.2521100000001
2020-04-17,put_credit_spread,0.0,0.0,0.0,1,-1149.2521100000001
2020-04-17,short_straddle,-3.0575,0.0,-3.0575,1,-1152.30961
2020-04-20,put_credit_spread,0.0,0.0,0.0,1,-1152.30961
2020-04-20,short_straddle,30.0,-1.06488,28.93512,1,-1123.37449
2020-04-21,put_credit_spread,0.0,0.0,0.0,1,-1123.37449
2020-04-21,short_straddle,0.0,55.477784,55.477784,1,-1067.896706
2020-04-22,put_credit_spread,0.0,0.0,0.0,1,-1067.896706
2020-04-22,short_straddle,0.0,50.050034,50.050034,1,-1017.846672
2020-04-23,put_credit_spread,0.0,0.0,0.0,1,-1017.846672
2020-04-23,short_straddle,0.0,3.300034,3.300034,1,-1014.546638
2020-04-24,put_credit_spread,0.0,0.0,0.0,1,-1014.546638
2020-04-24,short_straddle,0.0,30.35994,30.35994,1,-984.186698
2020-04-27,put_credit_spread,0.0,0.0,0.0,1,-984.186698
2020-04-27,short_straddle,0.0,38.39006,38.39006,1,-945.796638
2020-04-28,put_credit_spread,0.0,0.0,0.0,1,-945.796638
2020-04-28,short_straddle,0.0,-2.530121,-2.530121,1,-948.326759
2020-04-29,put_credit_spread,0.0,0.0,0.0,1,-948.326759
2020-04-29,short_straddle,637.5,56.495507,693.995507,1,-254.33125200000006
2020-04-30,put_credit_spread,0.0,0.0,0.0,1,-254.33125200000006
2020-04-30,short_straddle,0.0,-102.562068,-102.562068,1,-356.8933200000001
2020-05-01,put_credit_spread,0.0,0.0,0.0,1,-356.8933200000001
2020-05-01,short_straddle,182.5,-68.187387,114.312613,1,-242.58070700000007
2020-05-04,put_credit_spread,0.0,0.0,0.0,1,-242.58070700000007
2020-05-04,short_straddle,0.0,-4.669032,-4.669032,1,-247.24973900000006
2020-05-05,put_credit_spread,0.0,0.0,0.0,1,-247.24973900000006
2020-05-05,short_straddle,0.0,15.180054,15.180054,1,-232.06968500000005
2020-05-06,put_credit_spread,0.0,0.0,0.0,1,-232.06968500000005
2020-05-06,short_straddle,0.0,-21.340027,-21.340027,1,-253.40971200000004
2020-05-07,put_credit_spread,0.0,0.0,0.0,1,-253.40971200000004
2020-05-07,short_straddle,0.0,22.550034,22.550034,1,-230.85967800000003
2020-05-08,put_credit_spread,364.365,0.0,364.365,2,133.50532199999998
2020-05-08,short_straddle,0.0,51.809906,51.809906,1,185.315228
2020-05-11,put_credit_spread,0.0,0.0,0.0,1,185.315228
2020-05-11,short_straddle,0.0,-11.659973,-11.659973,1,173.65525499999998
2020-05-12,put_credit_spread,0.0,0.0,0.0,1,173.65525499999998
2020-05-12,short_straddle,0.0,-49.279953,-49.279953,1,124.37530199999998
2020-05-13,put_credit_spread,0.0,0.0,0.0,1,124.37530199999998
2020-05-13,short_straddle,-5.50125,-59.14045,-64.6417,2,59.733601999999976
2020-05-14,put_credit_spread,0.0,0.0,0.0,1,59.733601999999976
2020-05-14,short_straddle,0.0,-0.23675,-0.23675,1,59.496851999999976
2020-05-15,put_credit_spread,0.0,0.0,0.0,1,59.496851999999976
2020-05-15,short_straddle,0.0,0.320007,0.320007,1,59.81685899999997
2020-05-18,put_credit_spread,0.0,0.0,0.0,1,59.81685899999997
2020-05-18,short_straddle,0.0,18.039978,18.039978,1,77.85683699999997
2020-05-19,put_credit_spread,0.0,0.0,0.0,1,77.85683699999997
2020-05-19,short_straddle,0.0,-7.419983,-7.419983,1,70.43685399999997
2020-05-20,put_credit_spread,-87.5,0.0,-87.5,1,-17.06314600000003
2020-05-20,short_straddle,0.0,7.019989,7.019989,1,-10.043157000000033
2020-05-21,put_credit_spread,0.0,0.0,0.0,1,-10.043157000000033
2020-05-21,short_straddle,0.0,-1.419983,-1.419983,1,-11.463140000000033
2020-05-22,put_credit_spread,-23.0,0.0,-23.0,1,-34.46314000000003
2020-05-22,short_straddle,0.0,-0.279999,-0.279999,1,-34.74313900000003
2020-05-26,put_credit_spread,0.0,0.0,0.0,1,-34.74313900000003
2020-05-26,short_straddle,0.0,10.73999,10.73999,1,-24.00314900000003
2020-05-27,put_credit_spread,0.0,0.0,0.0,1,-24.00314900000003
2020-05-27,short_straddle,0.0,11.040009,11.040009,1,-12.96314000000003
2020-05-28,put_credit_spread,0.0,0.0,0.0,1,-12.96314000000003
2020-05-28,short_straddle,0.0,-2.839996,-2.839996,1,-15.80313600000003
2020-05-29,put_credit_spread,0.0,0.0,0.0,1,-15.80313600000003
2020-05-29,short_straddle,0.0,-0.120026,-0.120026,1,-15.92316200000003
2020-06-01,put_credit_spread,0.0,0.0,0.0,1,-15.92316200000003
2020-06-01,short_straddle,0.0,1.960022,1.960022,1,-13.96314000000003
2020-06-02,put_credit_spread,0.0,0.0,0.0,1,-13.96314000000003
2020-06-02,short_straddle,0.0,5.160004,5.160004,1,-8.80313600000003
2020-06-03,put_credit_spread,0.0,0.0,0.0,1,-8.80313600000003
2020-06-03,short_straddle,0.0,10.640015,10.640015,1,1.8368789999999695
2020-06-04,put_credit_spread,0.0,0.0,0.0,1,1.8368789999999695
2020-06-04,short_straddle,0.0,0.319946,0.319946,1,2.1568249999999694
2020-06-05,put_credit_spread,376.383,0.0,376.383,2,378.53982499999995
2020-06-05,short_straddle,0.0,16.420044,16.420044,1,394.95986899999997
2020-06-08,put_credit_spread,0.0,0.0,0.0,1,394.95986899999997
2020-06-08,short_straddle,0.0,9.47998,9.47998,1,404.439849
2020-06-09,put_credit_spread,0.0,0.0,0.0,1,404.439849
2020-06-09,short_straddle,0.0,-5.799988,-5.799988,1,398.639861
2020-06-10,put_credit_spread,0.0,0.0,0.0,1,398.639861
2020-06-10,short_straddle,-5.6875,-6.110487,-11.797987,2,386.841874
2020-06-11,put_credit_spread,0.0,0.0,0.0,1,386.841874
2020-06-11,short_straddle,0.0,-0.126015,-0.126015,1,386.715859
2020-06-12,put_credit_spread,0.0,0.0,0.0,1,386.715859
2020-06-12,short_straddle,0.0,4.709991,4.709991,1,391.42585
2020-06-15,put_credit_spread,0.0,0.0,0.0,1,391.42585
2020-06-15,short_straddle,0.0,1.610016,1.610016,1,393.035866
2020-06-16,put_credit_spread,0.0,0.0,0.0,1,393.035866
2020-06-16,short_straddle,0.0,5.470001,5.470001,1,398.505867
2020-06-17,put_credit_spread,0.0,0.0,0.0,1,398.505867
2020-06-17,short_straddle,0.0,-2.0,-2.0,1,396.505867
2020-06-18,put_credit_spread,0.0,0.0,0.0,1,396.505867
2020-06-18,short_straddle,0.0,-0.369995,-0.369995,1,396.135872
2020-06-19,put_credit_spread,0.0,0.0,0.0,1,396.135872
2020-06-19,short_straddle,0.0,-2.650024,-2.650024,1,393.48584800000003
2020-06-22,put_credit_spread,0.0,0.0,0.0,1,393.48584800000003
2020-06-22,short_straddle,0.0,1.52002,1.52002,1,395.005868
2020-06-23,put_credit_spread,0.0,0.0,0.0,1,395.005868
2020-06-23,short_straddle,0.0,1.179993,1.179993,1,396.18586100000005
2020-06-24,put_credit_spread,0.0,0.0,0.0,1,396.18586100000005
2020-06-24,short_straddle,-73.5,-15.527415,-89.027415,1,307.158446
2020-06-25,put_credit_spread,0.0,0.0,0.0,1,307.158446
2020-06-25,short_straddle,0.0,-197.022797,-197.022797,1,110.13564900000003
2020-06-26,put_credit_spread,0.0,0.0,0.0,1,110.13564900000003
2020-06-26,short_straddle,-322.0,-17.826338,-339.826338,1,-229.690689
2020-06-29,put_credit_spread,0.0,0.0,0.0,1,-229.690689
2020-06-29,short_straddle,0.0,-481.054026,-481.054026,1,-710.744715
2020-06-30,put_credit_spread,-2.117,0.0,-2.117,1,-712.861715
2020-06-30,short_straddle,0.0,1.959991,1.959991,1,-710.9017240000001
2020-07-01,put_credit_spread,-2.1685,0.0,-2.1685,1,-713.070224
2020-07-01,short_straddle,0.0,-0.559998,-0.559998,1,-713.630222
2020-07-02,put_credit_spread,0.0,0.0,0.0,1,-713.630222
2020-07-02,short_straddle,0.0,1.110016,1.110016,1,-712.520206
2020-07-06,put_credit_spread,136.0,0.0,136.0,1,-576.520206
2020-07-06,short_straddle,0.0,4.579987,4.579987,1,-571.9402190000001
2020-07-07,put_credit_spread,0.0,0.0,0.0,1,-571.9402190000001
2020-07-07,short_straddle,0.0,-3.959991,-3.959991,1,-575.90021
2020-07-08,put_credit_spread,0.0,0.0,0.0,1,-575.90021
2020-07-08,short_straddle,-5.804,1.549633,-4.254367,2,-580.154577
2020-07-09,put_credit_spread,0.0,0.0,0.0,1,-580.154577
2020-07-09,short_straddle,0.0,-0.25724,-0.25724,1,-580.411817
2020-07-10,put_credit_spread,0.0,0.0,0.0,1,-580.411817
2020-07-10,short_straddle,57.5,7.029624,64.529624,1,-515.882193
2020-07-13,put_credit_spread,0.0,0.0,0.0,1,-515.882193
2020-07-13,short_straddle,-87.5,0.660004,-86.839996,1,-602.7221890000001
2020-07-14,put_credit_spread,0.0,0.0,0.0,1,-602.7221890000001
2020-07-14,short_straddle,0.0,16.516668,16.516668,1,-586.2055210000001
2020-07-15,put_credit_spread,145.311,0.0,145.311,2,-440.89452100000005
2020-07-15,short_straddle,0.0,4.640015,4.640015,1,-436.25450600000005
2020-07-16,put_credit_spread,0.0,0.0,0.0,1,-436.25450600000005
2020-07-16,short_straddle,0.0,-2.880005,-2.880005,1,-439.13451100000003
2020-07-17,put_credit_spread,-27.5,0.0,-27.5,1,-466.63451100000003
2020-07-17,short_straddle,0.0,-1.460022,-1.460022,1,-468.094533
2020-07-20,put_credit_spread,-39.5,0.0,-39.5,1,-507.594533
2020-07-20,short_straddle,0.0,0.160034,0.160034,1,-507.434499
2020-07-21,put_credit_spread,0.0,0.0,0.0,1,-507.434499
2020-07-21,short_straddle,0.0,3.039978,3.039978,1,-504.394521
2020-07-22,put_credit_spread,0.0,0.0,0.0,1,-504.394521
2020-07-22,short_straddle,0.0,3.280029,3.280029,1,-501.114492
2020-07-23,put_credit_spread,0.0,0.0,0.0,1,-501.114492
2020-07-23,short_straddle,0.0,-6.580017,-6.580017,1,-507.694509
2020-07-24,put_credit_spread,0.0,0.0,0.0,1,-507.694509
2020-07-24,short_straddle,0.0,-4.0,-4.0,1,-511.694509
2020-07-27,put_credit_spread,0.0,0.0,0.0,1,-511.694509
2020-07-27,short_straddle,602.5,-1.602206,600.897794,1,89.203285
2020-07-28,put_credit_spread,0.0,0.0,0.0,1,89.203285
2020-07-28,short_straddle,0.0,-70.751559,-70.751559,1,18.451725999999994
2020-07-29,put_credit_spread,0.0,0.0,0.0,1,18.451725999999994
2020-07-29,short_straddle,0.0,3.140015,3.140015,1,21.591740999999992
2020-07-30,put_credit_spread,0.0,0.0,0.0,1,21.591740999999992
2020-07-30,short_straddle,0.0,-4.440002,-4.440002,1,17.151738999999992
2020-07-31,put_credit_spread,0.0,0.0,0.0,1,17.151738999999992
2020-07-31,short_straddle,0.0,2.140015,2.140015,1,19.29175399999999
2020-08-03,put_credit_spread,-73.5,0.0,-73.5,1,-54.20824600000001
2020-08-03,short_straddle,0.0,4.73999,4.73999,1,-49.46825600000001
2020-08-04,put_credit_spread,0.0,0.0,0.0,1,-49.46825600000001
2020-08-04,short_straddle,0.0,3.380005,3.380005,1,-46.088251000000014
2020-08-05,put_credit_spread,0.0,0.0,0.0,1,-46.088251000000014
2020-08-05,short_straddle,-5.105,6.907993,1.8029929999999998,2,-44.28525800000001
2020-08-06,put_credit_spread,0.0,0.0,0.0,1,-44.28525800000001
2020-08-06,short_straddle,0.0,-0.41085,-0.41085,1,-44.69610800000002
2020-08-07,put_credit_spread,0.0,0.0,0.0,1,-44.69610800000002
2020-08-07,short_straddle,0.0,-2.160004,-2.160004,1,-46.85611200000002
2020-08-10,put_credit_spread,0.0,0.0,0.0,1,-46.85611200000002
2020-08-10,short_straddle,0.0,-10.560059,-10.560059,1,-57.41617100000002
2020-08-11,put_credit_spread,0.0,0.0,0.0,1,-57.41617100000002
2020-08-11,short_straddle,0.0,2.850037,2.850037,1,-54.56613400000002
2020-08-12,put_credit_spread,0.0,0.0,0.0,1,-54.56613400000002
2020-08-12,short_straddle,0.0,-8.550018,-8.550018,1,-63.11615200000002
2020-08-13,put_credit_spread,0.0,0.0,0.0,1,-63.11615200000002
2020-08-13,short_straddle,0.0,1.859985,1.859985,1,-61.25616700000002
2020-08-14,put_credit_spread,462.89475,0.0,462.89475,2,401.638583
2020-08-14,short_straddle,0.0,-1.139923,-1.139923,1,400.49866
2020-08-17,put_credit_spread,0.0,0.0,0.0,1,400.49866
2020-08-17,short_straddle,0.0,2.549927,2.549927,1,403.048587
2020-08-18,put_credit_spread,0.0,0.0,0.0,1,403.048587
2020-08-18,short_straddle,0.0,2.25,2.25,1,405.298587
2020-08-19,put_credit_spread,0.0,0.0,0.0,1,405.298587
2020-08-19,short_straddle,153.0,-2.683681,150.316319,1,555.614906
2020-08-20,put_credit_spread,0.0,0.0,0.0,1,555.614906
2020-08-20,short_straddle,0.0,9.518421,9.518421,1,565.133327
2020-08-21,put_credit_spread,0.0,0.0,0.0,1,565.133327
2020-08-21,short_straddle,0.0,-4.26004,-4.26004,1,560.873287
2020-08-24,put_credit_spread,0.0,0.0,0.0,1,560.873287
2020-08-24,short_straddle,-254.0,-21.581252,-275.581252,1,285.292035
2020-08-25,put_credit_spread,0.0,0.0,0.0,1,285.292035
2020-08-25,short_straddle,0.0,-47.411536,-47.411536,1,237.880499
2020-08-26,put_credit_spread,0.0,0.0,0.0,1,237.880499
2020-08-26,short_straddle,0.0,-2.429993,-2.429993,1,235.450506
2020-08-27,put_credit_spread,0.0,0.0,0.0,1,235.450506
2020-08-27,short_straddle,0.0,-4.830048,-4.830048,1,230.62045799999999
2020-08-28,put_credit_spread,260.87925,0.0,260.87925,2,491.499708
2020-08-28,short_straddle,0.0,-4.980011,-4.980011,1,486.519697
2020-08-31,put_credit_spread,0.0,0.0,0.0,1,486.519697
2020-08-31,short_straddle,0.0,7.26004,7.26004,1,493.779737
2020-09-01,put_credit_spread,0.0,0.0,0.0,1,493.779737
2020-09-01,short_straddle,0.0,-7.530029,-7.530029,1,486.249708
2020-09-02,put_credit_spread,0.0,0.0,0.0,1,486.249708
2020-09-02,short_straddle,-5.361750000000001,-13.696764,-19.058514,2,467.191194
2020-09-03,put_credit_spread,0.0,0.0,0.0,1,467.191194
2020-09-03,short_straddle,0.0,-0.85002,-0.85002,1,466.341174
2020-09-04,put_credit_spread,0.0,0.0,0.0,1,466.341174
2020-09-04,short_straddle,0.0,-9.420044,-9.420044,1,456.92113
2020-09-08,put_credit_spread,0.0,0.0,0.0,1,456.92113
2020-09-08,short_straddle,0.0,-38.099854,-38.099854,1,418.821276
2020-09-09,put_credit_spread,0.0,0.0,0.0,1,418.821276
2020-09-09,short_straddle,0.0,26.579956,26.579956,1,445.401232
2020-09-10,put_credit_spread,0.0,0.0,0.0,1,445.401232
2020-09-10,short_straddle,0.0,-24.359985,-24.359985,1,421.041247
2020-09-11,put_credit_spread,0.0,0.0,0.0,1,421.041247
2020-09-11,short_straddle,0.0,7.799927,7.799927,1,428.841174
2020-09-14,put_credit_spread,0.0,0.0,0.0,1,428.841174
2020-09-14,short_straddle,182.0,10.96173,192.96173,1,621.802904
2020-09-15,put_credit_spread,0.0,0.0,0.0,1,621.802904
2020-09-15,short_straddle,0.0,-12.82924,-12.82924,1,608.973664
2020-09-16,put_credit_spread,0.0,0.0,0.0,1,608.973664
2020-09-16,short_straddle,94.5,-7.276492,87.223508,1,696.197172
2020-09-17,put_credit_spread,0.0,0.0,0.0,1,696.197172
2020-09-17,short_straddle,0.0,84.974709,84.974709,1,781.171881
2020-09-18,put_credit_spread,0.0,0.0,0.0,1,781.171881
2020-09-18,short_straddle,0.0,-18.30011,-18.30011,1,762.871771
2020-09-21,put_credit_spread,0.0,0.0,0.0,1,762.871771
2020-09-21,short_straddle,0.0,-30.479919,-30.479919,1,732.391852
2020-09-22,put_credit_spread,0.0,0.0,0.0,1,732.391852
2020-09-22,short_straddle,0.0,8.219971,8.219971,1,740.611823
2020-09-23,put_credit_spread,-4.25525,0.0,-4.25525,2,736.3565729999999
2020-09-23,short_straddle,0.0,-31.380066,-31.380066,1,704.9765069999999
2020-09-24,put_credit_spread,0.0,0.0,0.0,1,704.9765069999999
2020-09-24,short_straddle,0.0,3.120117,3.120117,1,708.0966239999999
2020-09-25,put_credit_spread,-52.0,0.0,-52.0,1,656.0966239999999
2020-09-25,short_straddle,0.0,21.600037,21.600037,1,677.696661
2020-09-28,put_credit_spread,-41.5,0.0,-41.5,1,636.196661
2020-09-28,short_straddle,-5.19675,24.37219,19.17544,2,655.3721009999999
2020-09-29,put_credit_spread,0.0,0.0,0.0,1,655.3721009999999
2020-09-29,short_straddle,0.0,-0.27442,-0.27442,1,655.097681
2020-09-30,put_credit_spread,0.0,0.0,0.0,1,655.097681
2020-09-30,short_straddle,0.0,6.159973,6.159973,1,661.257654
2020-10-01,put_credit_spread,0.0,0.0,0.0,1,661.257654
2020-10-01,short_straddle,0.0,1.280029,1.280029,1,662.537683
2020-10-02,put_credit_spread,0.0,0.0,0.0,1,662.537683
2020-10-02,short_straddle,0.0,-2.680054,-2.680054,1,659.857629
2020-10-05,put_credit_spread,0.0,0.0,0.0,1,659.857629
2020-10-05,short_straddle,0.0,9.420044,9.420044,1,669.2776729999999
2020-10-06,put_credit_spread,0.0,0.0,0.0,1,669.2776729999999
2020-10-06,short_straddle,0.0,-7.580017,-7.580017,1,661.6976559999999
2020-10-07,put_credit_spread,362.299,0.0,362.299,2,1023.9966559999999
2020-10-07,short_straddle,0.0,10.400024,10.400024,1,1034.3966799999998
2020-10-08,put_credit_spread,0.0,0.0,0.0,1,1034.3966799999998
2020-10-08,short_straddle,0.0,2.73999,2.73999,1,1037.1366699999999
2020-10-09,put_credit_spread,0.0,0.0,0.0,1,1037.1366699999999
2020-10-09,short_straddle,0.0,3.279968,3.279968,1,1040.416638
2020-10-12,put_credit_spread,0.0,0.0,0.0,1,1040.416638
2020-10-12,short_straddle,0.0,5.059998,5.059998,1,1045.4766359999999
2020-10-13,put_credit_spread,0.0,0.0,0.0,1,1045.4766359999999
2020-10-13,short_straddle,0.0,-3.440002,-3.440002,1,1042.0366339999998
2020-10-14,put_credit_spread,0.0,0.0,0.0,1,1042.0366339999998
2020-10-14,short_straddle,0.0,-3.219971,-3.219971,1,1038.8166629999998
2020-10-15,put_credit_spread,0.0,0.0,0.0,1,1038.8166629999998
2020-10-15,short_straddle,0.0,-0.179993,-0.179993,1,1038.6366699999999
2020-10-16,put_credit_spread,0.0,0.0,0.0,1,1038.6366699999999
2020-10-16,short_straddle,0.0,1.859985,1.859985,1,1040.496655
2020-10-19,put_credit_spread,0.0,0.0,0.0,1,1040.496655
2020-10-19,short_straddle,0.0,-7.880005,-7.880005,1,1032.61665
2020-10-20,put_credit_spread,0.0,0.0,0.0,1,1032.61665
2020-10-20,short_straddle,0.0,1.840027,1.840027,1,1034.456677
2020-10-21,put_credit_spread,-62.0,0.0,-62.0,1,972.4566769999999
2020-10-21,short_straddle,-5.452500000000001,-2.241992,-7.694492,2,964.7621849999999
2020-10-22,put_credit_spread,0.0,0.0,0.0,1,964.7621849999999
2020-10-22,short_straddle,0.0,-0.425475,-0.425475,1,964.3367099999999
2020-10-23,put_credit_spread,210.5,0.0,210.5,1,1174.83671
2020-10-23,short_straddle,0.0,-0.929993,-0.929993,1,1173.906717
2020-10-26,put_credit_spread,0.0,0.0,0.0,1,1173.906717
2020-10-26,short_straddle,0.0,-19.019989,-19.019989,1,1154.8867280000002
2020-10-27,put_credit_spread,0.0,0.0,0.0,1,1154.8867280000002
2020-10-27,short_straddle,0.0,-7.019989,-7.019989,1,1147.8667390000003
2020-10-28,put_credit_spread,0.0,0.0,0.0,1,1147.8667390000003
2020-10-28,short_straddle,0.0,-27.539978,-27.539978,1,1120.3267610000003
2020-10-29,put_credit_spread,0.0,0.0,0.0,1,1120.3267610000003
2020-10-29,short_straddle,0.0,3.329956,3.329956,1,1123.6567170000003
2020-10-30,put_credit_spread,0.0,0.0,0.0,1,1123.6567170000003
2020-10-30,short_straddle,0.0,-4.589996,-4.589996,1,1119.0667210000004
2020-11-02,put_credit_spread,0.0,0.0,0.0,1,1119.0667210000004
2020-11-02,short_straddle,0.0,12.420044,12.420044,1,1131.4867650000003
2020-11-03,put_credit_spread,0.0,0.0,0.0,1,1131.4867650000003
2020-11-03,short_straddle,0.0,16.349945,16.349945,1,1147.8367100000003
2020-11-04,put_credit_spread,0.0,0.0,0.0,1,1147.8367100000003
2020-11-04,short_straddle,0.0,11.580048,11.580048,1,1159.4167580000003
2020-11-05,put_credit_spread,0.0,0.0,0.0,1,1159.4167580000003
2020-11-05,short_straddle,0.0,16.199982,16.199982,1,1175.6167400000004
2020-11-06,put_credit_spread,198.89225,0.0,198.89225,2,1374.5089900000003
2020-11-06,short_straddle,0.0,-2.070007,-2.070007,1,1372.4389830000002
2020-11-09,put_credit_spread,-62.5,0.0,-62.5,1,1309.9389830000002
2020-11-09,short_straddle,0.0,25.5,25.5,1,1335.4389830000002
2020-11-10,put_credit_spread,0.0,0.0,0.0,1,1335.4389830000002
2020-11-10,short_straddle,0.0,8.370026,8.370026,1,1343.8090090000003
2020-11-11,put_credit_spread,0.0,0.0,0.0,1,1343.8090090000003
2020-11-11,short_straddle,0.0,-1.200073,-1.200073,1,1342.6089360000003
2020-11-12,put_credit_spread,0.0,0.0,0.0,1,1342.6089360000003
2020-11-12,short_straddle,0.0,-9.179993,-9.179993,1,1333.4289430000003
2020-11-13,put_credit_spread,0.0,0.0,0.0,1,1333.4289430000003
2020-11-13,short_straddle,0.0,12.300018,12.300018,1,1345.7289610000003
2020-11-16,put_credit_spread,0.0,0.0,0.0,1,1345.7289610000003
2020-11-16,short_straddle,0.0,14.490051,14.490051,1,1360.2190120000002
2020-11-17,put_credit_spread,0.0,0.0,0.0,1,1360.2190120000002
2020-11-17,short_straddle,0.0,-5.01004,-5.01004,1,1355.2089720000004
2020-11-18,put_credit_spread,0.0,0.0,0.0,1,1355.2089720000004
2020-11-18,short_straddle,-5.515000000000001,-11.092103,-16.607103,2,1338.6018690000003
2020-11-19,put_credit_spread,0.0,0.0,0.0,1,1338.6018690000003
2020-11-19,short_straddle,0.0,-0.442995,-0.442995,1,1338.1588740000002
2020-11-20,put_credit_spread,0.0,0.0,0.0,1,1338.1588740000002
2020-11-20,short_straddle,0.0,8.399963,8.399963,1,1346.5588370000003
2020-11-23,put_credit_spread,305.40849999999995,0.0,305.40849999999995,2,1651.9673370000003
2020-11-23,short_straddle,0.0,-10.080048,-10.080048,1,1641.8872890000002
2020-11-24,put_credit_spread,0.0,0.0,0.0,1,1641.8872890000002
2020-11-24,short_straddle,0.0,-13.619934,-13.619934,1,1628.2673550000002
2020-11-25,put_credit_spread,0.0,0.0,0.0,1,1628.2673550000002
2020-11-25,short_straddle,0.0,5.070007,5.070007,1,1633.3373620000002
2020-11-27,put_credit_spread,0.0,0.0,0.0,1,1633.3373620000002
2020-11-27,short_straddle,0.0,-1.5,-1.5,1,1631.8373620000002
2020-11-30,put_credit_spread,0.0,0.0,0.0,1,1631.8373620000002
2020-11-30,short_straddle,0.0,7.859985,7.859985,1,1639.6973470000003
2020-12-01,put_credit_spread,0.0,0.0,0.0,1,1639.6973470000003
2020-12-01,short_straddle,0.0,-5.460022,-5.460022,1,1634.2373250000003
2020-12-02,put_credit_spread,0.0,0.0,0.0,1,1634.2373250000003
2020-12-02,short_straddle,0.0,-2.219971,-2.219971,1,1632.0173540000003
2020-12-03,put_credit_spread,0.0,0.0,0.0,1,1632.0173540000003
2020-12-03,short_straddle,0.0,-2.640015,-2.640015,1,1629.3773390000003
2020-12-04,put_credit_spread,108.5,0.0,108.5,1,1737.8773390000003
2020-12-04,short_straddle,0.0,-7.589996,-7.589996,1,1730.2873430000004
2020-12-07,put_credit_spread,0.0,0.0,0.0,1,1730.2873430000004
2020-12-07,short_straddle,410.5,-2.003679,408.496321,1,2138.7836640000005
2020-12-08,put_credit_spread,0.0,0.0,0.0,1,2138.7836640000005
2020-12-08,short_straddle,0.0,37.502944,37.502944,1,2176.2866080000003
2020-12-09,put_credit_spread,0.0,0.0,0.0,1,2176.2866080000003
2020-12-09,short_straddle,0.0,3.960022,3.960022,1,2180.2466300000006
2020-12-10,put_credit_spread,0.0,0.0,0.0,1,2180.2466300000006
2020-12-10,short_straddle,0.0,1.019989,1.019989,1,2181.2666190000004
2020-12-11,put_credit_spread,0.0,0.0,0.0,1,2181.2666190000004
2020-12-11,short_straddle,0.0,-1.169952,-1.169952,1,2180.0966670000003
2020-12-14,put_credit_spread,0.0,0.0,0.0,1,2180.0966670000003
2020-12-14,short_straddle,0.0,5.48996,5.48996,1,2185.586627
2020-12-15,put_credit_spread,0.0,0.0,0.0,1,2185.586627
2020-12-15,short_straddle,0.0,-10.559967,-10.559967,1,2175.02666
2020-12-16,put_credit_spread,0.0,0.0,0.0,1,2175.02666
2020-12-16,short_straddle,-5.17225,0.956779,-4.215471,2,2170.811189
2020-12-17,put_credit_spread,0.0,0.0,0.0,1,2170.811189
2020-12-17,short_straddle,0.0,-1.51745,-1.51745,1,2169.293739
2020-12-18,put_credit_spread,38.87625,0.0,38.87625,2,2208.169989
2020-12-18,short_straddle,100.0,-16.503763,83.496237,1,2291.666226
2020-12-21,put_credit_spread,16.0,0.0,16.0,1,2307.666226
2020-12-21,short_straddle,0.0,2.75601,2.75601,1,2310.422236
2020-12-22,put_credit_spread,0.0,0.0,0.0,1,2310.422236
2020-12-22,short_straddle,0.0,-20.700073,-20.700073,1,2289.722163
2020-12-23,put_credit_spread,0.0,0.0,0.0,1,2289.722163
2020-12-23,short_straddle,0.0,12.099915,12.099915,1,2301.8220779999997
2020-12-24,put_credit_spread,0.0,0.0,0.0,1,2301.8220779999997
2020-12-24,short_straddle,0.0,7.399902,7.399902,1,2309.22198
2020-12-28,put_credit_spread,0.0,0.0,0.0,1,2309.22198
2020-12-28,short_straddle,0.0,19.80011,19.80011,1,2329.02209
2020-12-29,put_credit_spread,0.0,0.0,0.0,1,2329.02209
2020-12-29,short_straddle,0.0,-5.400085,-5.400085,1,2323.6220049999997
2020-12-30,put_credit_spread,0.0,0.0,0.0,1,2323.6220049999997
2020-12-30,short_straddle,0.0,6.700134,6.700134,1,2330.322139
2020-12-31,put_credit_spread,0.0,0.0,0.0,1,2330.322139
2020-12-31,short_straddle,0.0,16.600037,16.600037,1,2346.922176
2021-01-04,put_credit_spread,-78.0,0.0,-78.0,1,2268.922176
2021-01-04,short_straddle,0.0,-34.700012,-34.700012,1,2234.2221640000002
2021-01-05,put_credit_spread,0.0,0.0,0.0,1,2234.2221640000002
2021-01-05,short_straddle,0.0,15.19989,15.19989,1,2249.422054
2021-01-06,put_credit_spread,0.0,0.0,0.0,1,2249.422054
2021-01-06,short_straddle,0.0,43.699951,43.699951,1,2293.122005
2021-01-07,put_credit_spread,0.0,0.0,0.0,1,2293.122005
2021-01-07,short_straddle,0.0,22.900085,22.900085,1,2316.0220900000004
2021-01-08,put_credit_spread,0.0,0.0,0.0,1,2316.0220900000004
2021-01-08,short_straddle,0.0,5.400085,5.400085,1,2321.4221750000006
2021-01-11,put_credit_spread,0.0,0.0,0.0,1,2321.4221750000006
2021-01-11,short_straddle,0.0,-8.699951,-8.699951,1,2312.7222240000006
2021-01-12,put_credit_spread,0.0,0.0,0.0,1,2312.7222240000006
2021-01-12,short_straddle,0.0,5.699768,5.699768,1,2318.4219920000005
2021-01-13,put_credit_spread,0.0,0.0,0.0,1,2318.4219920000005
2021-01-13,short_straddle,-5.268750000000001,-2.653004,-7.921754,2,2310.5002380000005
2021-01-14,put_credit_spread,0.0,0.0,0.0,1,2310.5002380000005
2021-01-14,short_straddle,0.0,-0.155025,-0.155025,1,2310.3452130000005
2021-01-15,put_credit_spread,305.41625,0.0,305.41625,2,2615.7614630000007
2021-01-15,short_straddle,0.0,-1.929993,-1.929993,1,2613.8314700000005
2021-01-19,put_credit_spread,0.0,0.0,0.0,1,2613.8314700000005
2021-01-19,short_straddle,0.0,1.200012,1.200012,1,2615.0314820000003
2021-01-20,put_credit_spread,0.0,0.0,0.0,1,2615.0314820000003
2021-01-20,short_straddle,0.0,2.449982,2.449982,1,2617.4814640000004
2021-01-21,put_credit_spread,0.0,0.0,0.0,1,2617.4814640000004
2021-01-21,short_straddle,0.0,0.100006,0.100006,1,2617.5814700000005
2021-01-22,put_credit_spread,0.0,0.0,0.0,1,2617.5814700000005
2021-01-22,short_straddle,0.0,-1.899994,-1.899994,1,2615.6814760000007
2021-01-25,put_credit_spread,0.0,0.0,0.0,1,2615.6814760000007
2021-01-25,short_straddle,0.0,-0.320007,-0.320007,1,2615.361469000001
2021-01-26,put_credit_spread,0.0,0.0,0.0,1,2615.361469000001
2021-01-26,short_straddle,0.0,-0.259979,-0.259979,1,2615.101490000001
2021-01-27,put_credit_spread,0.0,0.0,0.0,1,2615.101490000001
2021-01-27,short_straddle,0.0,-6.130005,-6.130005,1,2608.971485000001
2021-01-28,put_credit_spread,0.0,0.0,0.0,1,2608.971485000001
2021-01-28,short_straddle,0.0,2.809998,2.809998,1,2611.781483000001
2021-01-29,put_credit_spread,88.5,0.0,88.5,1,2700.281483000001
2021-01-29,short_straddle,0.0,-6.26001,-6.26001,1,2694.021473000001
2021-02-01,put_credit_spread,-21.5,0.0,-21.5,1,2672.521473000001
2021-02-01,short_straddle,0.0,2.209991,2.209991,1,2674.7314640000013
2021-02-02,put_credit_spread,0.0,0.0,0.0,1,2674.7314640000013
2021-02-02,short_straddle,0.0,4.800018,4.800018,1,2679.5314820000012
2021-02-03,put_credit_spread,0.0,0.0,0.0,1,2679.5314820000012
2021-02-03,short_straddle,0.0,0.440002,0.440002,1,2679.971484000001
2021-02-04,put_credit_spread,0.0,0.0,0.0,1,2679.971484000001
2021-02-04,short_straddle,0.0,3.410004,3.410004,1,2683.381488000001
2021-02-05,put_credit_spread,0.0,0.0,0.0,1,2683.381488000001
2021-02-05,short_straddle,0.0,0.869995,0.869995,1,2684.251483000001
2021-02-08,put_credit_spread,0.0,0.0,0.0,1,2684.251483000001
2021-02-08,short_straddle,0.0,2.350006,2.350006,1,2686.601489000001
2021-02-09,put_credit_spread,0.0,0.0,0.0,1,2686.601489000001
2021-02-09,short_straddle,0.0,0.029999,0.029999,1,2686.631488000001
2021-02-10,put_credit_spread,0.0,0.0,0.0,1,2686.631488000001
2021-02-10,short_straddle,-5.2225,0.422737,-4.7997630000000004,2,2681.831725000001
2021-02-11,put_credit_spread,0.0,0.0,0.0,1,2681.831725000001
2021-02-11,short_straddle,0.0,-0.62936,-0.62936,1,2681.202365000001
2021-02-12,put_credit_spread,96.3735,0.0,96.3735,2,2777.575865000001
2021-02-12,short_straddle,0.0,1.440063,1.440063,1,2779.015928000001
2021-02-16,put_credit_spread,0.0,0.0,0.0,1,2779.015928000001
2021-02-16,short_straddle,0.0,2.159912,2.159912,1,2781.1758400000012
2021-02-17,put_credit_spread,0.0,0.0,0.0,1,2781.1758400000012
2021-02-17,short_straddle,0.0,4.080078,4.080078,1,2785.255918000001
2021-02-18,put_credit_spread,0.0,0.0,0.0,1,2785.255918000001
2021-02-18,short_straddle,0.0,-4.160034,-4.160034,1,2781.095884000001
2021-02-19,put_credit_spread,0.0,0.0,0.0,1,2781.095884000001
2021-02-19,short_straddle,0.0,-2.559937,-2.559937,1,2778.535947000001
2021-02-22,put_credit_spread,0.0,0.0,0.0,1,2778.535947000001
2021-02-22,short_straddle,0.0,1.159912,1.159912,1,2779.6958590000013
2021-02-23,put_credit_spread,0.0,0.0,0.0,1,2779.6958590000013
2021-02-23,short_straddle,0.0,0.720093,0.720093,1,2780.415952000001
2021-02-24,put_credit_spread,0.0,0.0,0.0,1,2780.415952000001
2021-02-24,short_straddle,0.0,16.559937,16.559937,1,2796.975889000001
2021-02-25,put_credit_spread,0.0,0.0,0.0,1,2796.975889000001
2021-02-25,short_straddle,0.0,-22.199951,-22.199951,1,2774.775938000001
2021-02-26,put_credit_spread,-160.5,0.0,-160.5,1,2614.275938000001
2021-02-26,short_straddle,0.0,-18.119995,-18.119995,1,2596.155943000001
2021-03-01,put_credit_spread,260.0,0.0,260.0,1,2856.155943000001
2021-03-01,short_straddle,0.0,24.559937,24.559937,1,2880.715880000001
2021-03-02,put_credit_spread,0.0,0.0,0.0,1,2880.715880000001
2021-03-02,short_straddle,0.0,-5.599976,-5.599976,1,2875.115904000001
2021-03-03,put_credit_spread,0.0,0.0,0.0,1,2875.115904000001
2021-03-03,short_straddle,0.0,-4.800049,-4.800049,1,2870.315855000001
2021-03-04,put_credit_spread,0.0,0.0,0.0,1,2870.315855000001
2021-03-04,short_straddle,0.0,-13.640015,-13.640015,1,2856.6758400000012
2021-03-05,put_credit_spread,0.0,0.0,0.0,1,2856.6758400000012
2021-03-05,short_straddle,0.0,22.640015,22.640015,1,2879.315855000001
2021-03-08,put_credit_spread,0.0,0.0,0.0,1,2879.315855000001
2021-03-08,short_straddle,0.0,12.040039,12.040039,1,2891.355894000001
2021-03-09,put_credit_spread,0.0,0.0,0.0,1,2891.355894000001
2021-03-09,short_straddle,0.0,1.439941,1.439941,1,2892.7958350000013
2021-03-10,put_credit_spread,0.0,0.0,0.0,1,2892.7958350000013
2021-03-10,short_straddle,-5.297499999999999,18.233345,12.935845,2,2905.7316800000012
2021-03-11,put_credit_spread,0.0,0.0,0.0,1,2905.7316800000012
2021-03-11,short_straddle,0.0,-0.65066,-0.65066,1,2905.0810200000014
2021-03-12,put_credit_spread,149.34925,0.0,149.34925,2,3054.4302700000017
2021-03-12,short_straddle,0.0,11.920044,11.920044,1,3066.3503140000016
2021-03-15,put_credit_spread,0.0,0.0,0.0,1,3066.3503140000016
2021-03-15,short_straddle,75.0,2.168645,77.168645,1,3143.518959000002
2021-03-16,put_credit_spread,0.0,0.0,0.0,1,3143.518959000002
2021-03-16,short_straddle,0.0,-46.753273,-46.753273,1,3096.765686000002
2021-03-17,put_credit_spread,0.0,0.0,0.0,1,3096.765686000002
2021-03-17,short_straddle,0.0,7.640015,7.640015,1,3104.405701000002
2021-03-18,put_credit_spread,0.0,0.0,0.0,1,3104.405701000002
2021-03-18,short_straddle,0.0,-5.640015,-5.640015,1,3098.765686000002
2021-03-19,put_credit_spread,0.0,0.0,0.0,1,3098.765686000002
2021-03-19,short_straddle,0.0,-13.399902,-13.399902,1,3085.365784000002
2021-03-22,put_credit_spread,0.0,0.0,0.0,1,3085.365784000002
2021-03-22,short_straddle,0.0,4.919922,4.919922,1,3090.285706000002
2021-03-23,put_credit_spread,0.0,0.0,0.0,1,3090.285706000002
2021-03-23,short_straddle,0.0,-12.719971,-12.719971,1,3077.565735000002
2021-03-24,put_credit_spread,0.0,0.0,0.0,1,3077.565735000002
2021-03-24,short_straddle,0.0,0.079956,0.079956,1,3077.645691000002
2021-03-25,put_credit_spread,0.0,0.0,0.0,1,3077.645691000002
2021-03-25,short_straddle,0.0,8.440063,8.440063,1,3086.085754000002
2021-03-26,put_credit_spread,0.0,0.0,0.0,1,3086.085754000002
2021-03-26,short_straddle,0.0,17.679932,17.679932,1,3103.765686000002
2021-03-29,put_credit_spread,0.0,0.0,0.0,1,3103.765686000002
2021-03-29,short_straddle,0.0,4.200073,4.200073,1,3107.965759000002
2021-03-30,put_credit_spread,0.0,0.0,0.0,1,3107.965759000002
2021-03-30,short_straddle,0.0,-3.359985,-3.359985,1,3104.605774000002
2021-03-31,put_credit_spread,0.0,0.0,0.0,1,3104.605774000002
2021-03-31,short_straddle,0.0,-2.560059,-2.560059,1,3102.045715000002
2021-04-01,put_credit_spread,0.0,0.0,0.0,1,3102.045715000002
2021-04-01,short_straddle,0.0,5.080078,5.080078,1,3107.125793000002
2021-04-05,put_credit_spread,0.0,0.0,0.0,1,3107.125793000002
2021-04-05,short_straddle,0.0,15.0,15.0,1,3122.125793000002
2021-04-06,put_credit_spread,0.0,0.0,0.0,1,3122.125793000002
2021-04-06,short_straddle,0.0,-3.320068,-3.320068,1,3118.805725000002
2021-04-07,put_credit_spread,0.0,0.0,0.0,1,3118.805725000002
2021-04-07,short_straddle,-5.18625,-0.66874,-5.85499,2,3112.950735000002
2021-04-08,put_credit_spread,0.0,0.0,0.0,1,3112.950735000002
2021-04-08,short_straddle,0.0,-0.67026,-0.67026,1,3112.2804750000023
2021-04-09,put_credit_spread,297.4125,0.0,297.4125,2,3409.692975000002
2021-04-09,short_straddle,0.0,10.919922,10.919922,1,3420.6128970000022
2021-04-12,put_credit_spread,5.5,0.0,5.5,1,3426.1128970000022
2021-04-12,short_straddle,0.0,-1.23999,-1.23999,1,3424.872907000002
2021-04-13,put_credit_spread,0.0,0.0,0.0,1,3424.872907000002
2021-04-13,short_straddle,0.0,-3.039917,-3.039917,1,3421.832990000002
2021-04-14,put_credit_spread,0.0,0.0,0.0,1,3421.832990000002
2021-04-14,short_straddle,0.0,2.959961,2.959961,1,3424.792951000002
2021-04-15,put_credit_spread,0.0,0.0,0.0,1,3424.792951000002
2021-04-15,short_straddle,0.0,11.640015,11.640015,1,3436.432966000002
2021-04-16,put_credit_spread,0.0,0.0,0.0,1,3436.432966000002
2021-04-16,short_straddle,0.0,5.679932,5.679932,1,3442.112898000002
2021-04-19,put_credit_spread,0.0,0.0,0.0,1,3442.112898000002
2021-04-19,short_straddle,0.0,-4.439941,-4.439941,1,3437.672957000002
2021-04-20,put_credit_spread,0.0,0.0,0.0,1,3437.672957000002
2021-04-20,short_straddle,0.0,-10.52002,-10.52002,1,3427.152937000002
2021-04-21,put_credit_spread,0.0,0.0,0.0,1,3427.152937000002
2021-04-21,short_straddle,-41.5,5.552671,-35.947329,1,3391.205608000002
2021-04-22,put_credit_spread,0.0,0.0,0.0,1,3391.205608000002
2021-04-22,short_straddle,0.0,-153.380183,-153.380183,1,3237.825425000002
2021-04-23,put_credit_spread,0.0,0.0,0.0,1,3237.825425000002
2021-04-23,short_straddle,121.5,2.09096,123.59096,1,3361.416385000002
2021-04-26,put_credit_spread,0.0,0.0,0.0,1,3361.416385000002
2021-04-26,short_straddle,0.0,-32.897158,-32.897158,1,3328.5192270000016
2021-04-27,put_credit_spread,0.0,0.0,0.0,1,3328.5192270000016
2021-04-27,short_straddle,0.0,-0.160034,-0.160034,1,3328.3591930000016
2021-04-28,put_credit_spread,0.0,0.0,0.0,1,3328.3591930000016
2021-04-28,short_straddle,0.0,-5.839966,-5.839966,1,3322.5192270000016
2021-04-29,put_credit_spread,0.0,0.0,0.0,1,3322.5192270000016
2021-04-29,short_straddle,0.0,8.800049,8.800049,1,3331.3192760000015
2021-04-30,put_credit_spread,0.0,0.0,0.0,1,3331.3192760000015
2021-04-30,short_straddle,0.0,-6.52002,-6.52002,1,3324.7992560000016
2021-05-03,put_credit_spread,0.0,0.0,0.0,1,3324.7992560000016
2021-05-03,short_straddle,0.0,8.679932,8.679932,1,3333.4791880000016
2021-05-04,put_credit_spread,0.0,0.0,0.0,1,3333.4791880000016
2021-05-04,short_straddle,0.0,1.52002,1.52002,1,3334.9992080000015
2021-05-05,put_credit_spread,0.0,0.0,0.0,1,3334.9992080000015
2021-05-05,short_straddle,-5.025,2.475474,-2.5495259999999997,2,3332.4496820000018
2021-05-06,put_credit_spread,0.0,0.0,0.0,1,3332.4496820000018
2021-05-06,short_straddle,0.0,-0.518265,-0.518265,1,3331.9314170000016
2021-05-07,put_credit_spread,165.409,0.0,165.409,2,3497.3404170000017
2021-05-07,short_straddle,0.0,-7.109985,-7.109985,1,3490.2304320000017
2021-05-10,put_credit_spread,0.0,0.0,0.0,1,3490.2304320000017
2021-05-10,short_straddle,0.0,0.420044,0.420044,1,3490.6504760000016
2021-05-11,put_credit_spread,0.0,0.0,0.0,1,3490.6504760000016
2021-05-11,short_straddle,0.0,14.48996,14.48996,1,3505.1404360000015
2021-05-12,put_credit_spread,0.0,0.0,0.0,1,3505.1404360000015
2021-05-12,short_straddle,0.0,20.730011,20.730011,1,3525.8704470000016
2021-05-13,put_credit_spread,0.0,0.0,0.0,1,3525.8704470000016
2021-05-13,short_straddle,0.0,-13.350037,-13.350037,1,3512.5204100000014
2021-05-14,put_credit_spread,0.0,0.0,0.0,1,3512.5204100000014
2021-05-14,short_straddle,0.0,-11.429993,-11.429993,1,3501.0904170000013
2021-05-17,put_credit_spread,0.0,0.0,0.0,1,3501.0904170000013
2021-05-17,short_straddle,0.0,1.830048,1.830048,1,3502.920465000001
2021-05-18,put_credit_spread,0.0,0.0,0.0,1,3502.920465000001
2021-05-18,short_straddle,0.0,7.620026,7.620026,1,3510.540491000001
2021-05-19,put_credit_spread,0.0,0.0,0.0,1,3510.540491000001
2021-05-19,short_straddle,0.0,5.009949,5.009949,1,3515.550440000001
2021-05-20,put_credit_spread,0.0,0.0,0.0,1,3515.550440000001
2021-05-20,short_straddle,0.0,-6.23996,-6.23996,1,3509.310480000001
2021-05-21,put_credit_spread,0.0,0.0,0.0,1,3509.310480000001
2021-05-21,short_straddle,0.0,-1.560059,-1.560059,1,3507.750421000001
2021-05-24,put_credit_spread,0.0,0.0,0.0,1,3507.750421000001
2021-05-24,short_straddle,0.0,-5.759949,-5.759949,1,3501.9904720000013
2021-05-25,put_credit_spread,0.0,0.0,0.0,1,3501.9904720000013
2021-05-25,short_straddle,0.0,2.339996,2.339996,1,3504.3304680000015
2021-05-26,put_credit_spread,0.0,0.0,0.0,1,3504.3304680000015
2021-05-26,short_straddle,0.0,-0.269989,-0.269989,1,3504.0604790000016
2021-05-27,put_credit_spread,0.0,0.0,0.0,1,3504.0604790000016
2021-05-27,short_straddle,0.0,-3.990051,-3.990051,1,3500.0704280000014
2021-05-28,put_credit_spread,0.0,0.0,0.0,1,3500.0704280000014
2021-05-28,short_straddle,0.0,-3.120026,-3.120026,1,3496.9504020000013
2021-06-01,put_credit_spread,0.0,0.0,0.0,1,3496.9504020000013
2021-06-01,short_straddle,0.0,-0.689941,-0.689941,1,3496.260461000001
2021-06-02,put_credit_spread,0.0,0.0,0.0,1,3496.260461000001
2021-06-02,short_straddle,-5.04125,-1.989511,-7.030761,2,3489.2297000000012
2021-06-03,put_credit_spread,0.0,0.0,0.0,1,3489.2297000000012
2021-06-03,short_straddle,0.0,-1.21107,-1.21107,1,3488.0186300000014
2021-06-04,put_credit_spread,177.91125,0.0,177.91125,2,3665.9298800000015
2021-06-04,short_straddle,0.0,13.160034,13.160034,1,3679.0899140000015
2021-06-07,put_credit_spread,0.0,0.0,0.0,1,3679.0899140000015
2021-06-07,short_straddle,0.0,-9.169983,-9.169983,1,3669.9199310000017
2021-06-08,put_credit_spread,0.0,0.0,0.0,1,3669.9199310000017
2021-06-08,short_straddle,0.0,-1.75,-1.75,1,3668.1699310000017
2021-06-09,put_credit_spread,0.0,0.0,0.0,1,3668.1699310000017
2021-06-09,short_straddle,0.0,-10.849915,-10.849915,1,3657.320016000002
2021-06-10,put_credit_spread,0.0,0.0,0.0,1,3657.320016000002
2021-06-10,short_straddle,0.0,1.330017,1.330017,1,3658.650033000002
2021-06-11,put_credit_spread,0.0,0.0,0.0,1,3658.650033000002
2021-06-11,short_straddle,0.0,0.979889,0.979889,1,3659.6299220000024
2021-06-14,put_credit_spread,0.0,0.0,0.0,1,3659.6299220000024
2021-06-14,short_straddle,0.0,-5.740051,-5.740051,1,3653.889871000002
2021-06-15,put_credit_spread,0.0,0.0,0.0,1,3653.889871000002
2021-06-15,short_straddle,0.0,-6.229889,-6.229889,1,3647.659982000002
2021-06-16,put_credit_spread,0.0,0.0,0.0,1,3647.659982000002
2021-06-16,short_straddle,0.0,-18.549957,-18.549957,1,3629.1100250000018
2021-06-17,put_credit_spread,0.0,0.0,0.0,1,3629.1100250000018
2021-06-17,short_straddle,0.0,-14.770111,-14.770111,1,3614.339914000002
2021-06-18,put_credit_spread,0.0,0.0,0.0,1,3614.339914000002
2021-06-18,short_straddle,0.0,-39.830017,-39.830017,1,3574.5098970000017
2021-06-21,put_credit_spread,0.0,0.0,0.0,1,3574.5098970000017
2021-06-21,short_straddle,0.0,40.740051,40.740051,1,3615.249948000002
2021-06-22,put_credit_spread,0.0,0.0,0.0,1,3615.249948000002
2021-06-22,short_straddle,0.0,4.690094,4.690094,1,3619.940042000002
2021-06-23,put_credit_spread,0.0,0.0,0.0,1,3619.940042000002
2021-06-23,short_straddle,0.0,-4.690094,-4.690094,1,3615.249948000002
2021-06-24,put_credit_spread,0.0,0.0,0.0,1,3615.249948000002
2021-06-24,short_straddle,0.0,22.400085,22.400085,1,3637.650033000002
2021-06-25,put_credit_spread,0.0,0.0,0.0,1,3637.650033000002
2021-06-25,short_straddle,0.0,17.290009,17.290009,1,3654.940042000002
2021-06-28,put_credit_spread,0.0,0.0,0.0,1,3654.940042000002
2021-06-28,short_straddle,-4.921250000000001,-12.749971,-17.671221000000003,2,3637.268821000002
2021-06-29,put_credit_spread,0.0,0.0,0.0,1,3637.268821000002
2021-06-29,short_straddle,0.0,-0.34286,-0.34286,1,3636.9259610000017
2021-06-30,put_credit_spread,0.0,0.0,0.0,1,3636.9259610000017
2021-06-30,short_straddle,0.0,-4.180054,-4.180054,1,3632.745907000002
2021-07-01,put_credit_spread,0.0,0.0,0.0,1,3632.745907000002
2021-07-01,short_straddle,0.0,-2.819946,-2.819946,1,3629.9259610000017
2021-07-02,put_credit_spread,173.42475,0.0,173.42475,2,3803.350711000002
2021-07-02,short_straddle,0.0,-3.160034,-3.160034,1,3800.190677000002
2021-07-06,put_credit_spread,0.0,0.0,0.0,1,3800.190677000002
2021-07-06,short_straddle,0.0,4.23999,4.23999,1,3804.430667000002
2021-07-07,put_credit_spread,0.0,0.0,0.0,1,3804.430667000002
2021-07-07,short_straddle,0.0,-2.200012,-2.200012,1,3802.230655000002
2021-07-08,put_credit_spread,0.0,0.0,0.0,1,3802.230655000002
2021-07-08,short_straddle,0.0,5.080017,5.080017,1,3807.3106720000023
2021-07-09,put_credit_spread,0.0,0.0,0.0,1,3807.3106720000023
2021-07-09,short_straddle,0.0,-8.700012,-8.700012,1,3798.6106600000026
2021-07-12,put_credit_spread,0.0,0.0,0.0,1,3798.6106600000026
2021-07-12,short_straddle,-50.5,-12.925861,-63.425861,1,3735.1847990000024
2021-07-13,put_credit_spread,0.0,0.0,0.0,1,3735.1847990000024
2021-07-13,short_straddle,0.0,-69.00543,-69.00543,1,3666.179369000002
2021-07-14,put_credit_spread,0.0,0.0,0.0,1,3666.179369000002
2021-07-14,short_straddle,0.0,-0.820007,-0.820007,1,3665.3593620000024
2021-07-15,put_credit_spread,0.0,0.0,0.0,1,3665.3593620000024
2021-07-15,short_straddle,0.0,-1.059998,-1.059998,1,3664.2993640000022
2021-07-16,put_credit_spread,0.0,0.0,0.0,1,3664.2993640000022
2021-07-16,short_straddle,0.0,6.400024,6.400024,1,3670.6993880000023
2021-07-19,put_credit_spread,0.0,0.0,0.0,1,3670.6993880000023
2021-07-19,short_straddle,0.0,13.719971,13.719971,1,3684.4193590000023
2021-07-20,put_credit_spread,0.0,0.0,0.0,1,3684.4193590000023
2021-07-20,short_straddle,0.0,-10.399963,-10.399963,1,3674.0193960000024
2021-07-21,put_credit_spread,0.0,0.0,0.0,1,3674.0193960000024
2021-07-21,short_straddle,-5.029,-6.167997,-11.196997,2,3662.8223990000024
2021-07-22,put_credit_spread,0.0,0.0,0.0,1,3662.8223990000024
2021-07-22,short_straddle,0.0,-0.34826,-0.34826,1,3662.474139000002
2021-07-23,put_credit_spread,0.0,0.0,0.0,1,3662.474139000002
2021-07-23,short_straddle,0.0,4.619995,4.619995,1,3667.094134000002
2021-07-26,put_credit_spread,0.0,0.0,0.0,1,3667.094134000002
2021-07-26,short_straddle,0.0,1.679993,1.679993,1,3668.7741270000024
2021-07-27,put_credit_spread,0.0,0.0,0.0,1,3668.7741270000024
2021-07-27,short_straddle,0.0,-1.580017,-1.580017,1,3667.194110000002
2021-07-28,put_credit_spread,0.0,0.0,0.0,1,3667.194110000002
2021-07-28,short_straddle,0.0,-2.52002,-2.52002,1,3664.6740900000023
2021-07-29,put_credit_spread,0.0,0.0,0.0,1,3664.6740900000023
2021-07-29,short_straddle,0.0,2.920044,2.920044,1,3667.594134000002
2021-07-30,put_credit_spread,148.5,0.0,148.5,1,3816.094134000002
2021-07-30,short_straddle,0.0,-2.679993,-2.679993,1,3813.414141000002
2021-08-02,put_credit_spread,-2.1145,0.0,-2.1145,1,3811.299641000002
2021-08-02,short_straddle,0.0,-2.26001,-2.26001,1,3809.039631000002
2021-08-03,put_credit_spread,0.0,0.0,0.0,1,3809.039631000002
2021-08-03,short_straddle,0.0,5.47998,5.47998,1,3814.519611000002
2021-08-04,put_credit_spread,0.0,0.0,0.0,1,3814.519611000002
2021-08-04,short_straddle,372.5,-6.721997,365.778003,1,4180.297614000002
2021-08-05,put_credit_spread,0.0,0.0,0.0,1,4180.297614000002
2021-08-05,short_straddle,0.0,-3.14591,-3.14591,1,4177.151704000002
2021-08-06,put_credit_spread,0.0,0.0,0.0,1,4177.151704000002
2021-08-06,short_straddle,0.0,2.960022,2.960022,1,4180.111726000002
2021-08-09,put_credit_spread,0.0,0.0,0.0,1,4180.111726000002
2021-08-09,short_straddle,0.0,-1.880005,-1.880005,1,4178.231721000002
2021-08-10,put_credit_spread,0.0,0.0,0.0,1,4178.231721000002
2021-08-10,short_straddle,0.0,3.160034,3.160034,1,4181.391755000002
2021-08-11,put_credit_spread,157.0,0.0,157.0,1,4338.391755000002
2021-08-11,short_straddle,0.0,4.419983,4.419983,1,4342.811738000002
2021-08-12,put_credit_spread,0.0,0.0,0.0,1,4342.811738000002
2021-08-12,short_straddle,0.0,0.580017,0.580017,1,4343.391755000002
2021-08-13,put_credit_spread,25.399,0.0,25.399,2,4368.790755000003
2021-08-13,short_straddle,0.0,0.320007,0.320007,1,4369.110762000003
2021-08-16,put_credit_spread,0.0,0.0,0.0,1,4369.110762000003
2021-08-16,short_straddle,0.0,2.359985,2.359985,1,4371.470747000003
2021-08-17,put_credit_spread,0.0,0.0,0.0,1,4371.470747000003
2021-08-17,short_straddle,0.0,-5.480042,-5.480042,1,4365.990705000003
2021-08-18,put_credit_spread,0.0,0.0,0.0,1,4365.990705000003
2021-08-18,short_straddle,-5.050000000000001,-7.770103,-12.820103,2,4353.170602000003
2021-08-19,put_credit_spread,0.0,0.0,0.0,1,4353.170602000003
2021-08-19,short_straddle,0.0,-0.52422,-0.52422,1,4352.646382000003
2021-08-20,put_credit_spread,0.0,0.0,0.0,1,4352.646382000003
2021-08-20,short_straddle,195.0,-6.269038,188.730962,1,4541.377344000002
2021-08-23,put_credit_spread,0.0,0.0,0.0,1,4541.377344000002
2021-08-23,short_straddle,0.0,7.922959,7.922959,1,4549.300303000003
2021-08-24,put_credit_spread,0.0,0.0,0.0,1,4549.300303000003
2021-08-24,short_straddle,0.0,-0.869934,-0.869934,1,4548.430369000002
2021-08-25,put_credit_spread,0.0,0.0,0.0,1,4548.430369000002
2021-08-25,short_straddle,0.0,-1.320007,-1.320007,1,4547.110362000002
2021-08-26,put_credit_spread,0.0,0.0,0.0,1,4547.110362000002
2021-08-26,short_straddle,0.0,6.059967,6.059967,1,4553.170329000002
2021-08-27,put_credit_spread,0.0,0.0,0.0,1,4553.170329000002
2021-08-27,short_straddle,0.0,-7.230011,-7.230011,1,4545.940318000003
2021-08-30,put_credit_spread,0.0,0.0,0.0,1,4545.940318000003
2021-08-30,short_straddle,0.0,1.470062,1.470062,1,4547.410380000003
2021-08-31,put_credit_spread,0.0,0.0,0.0,1,4547.410380000003
2021-08-31,short_straddle,0.0,0.479919,0.479919,1,4547.890299000003
2021-09-01,put_credit_spread,0.0,0.0,0.0,1,4547.890299000003
2021-09-01,short_straddle,0.0,1.110077,1.110077,1,4549.000376000004
2021-09-02,put_credit_spread,0.0,0.0,0.0,1,4549.000376000004
2021-09-02,short_straddle,0.0,-3.960022,-3.960022,1,4545.040354000003
2021-09-03,put_credit_spread,0.0,0.0,0.0,1,4545.040354000003
2021-09-03,short_straddle,0.0,2.189941,2.189941,1,4547.230295000003
2021-09-07,put_credit_spread,0.0,0.0,0.0,1,4547.230295000003
2021-09-07,short_straddle,0.0,8.100037,8.100037,1,4555.330332000003
2021-09-08,put_credit_spread,0.0,0.0,0.0,1,4555.330332000003
2021-09-08,short_straddle,0.0,2.129974,2.129974,1,4557.460306000004
2021-09-09,put_credit_spread,0.0,0.0,0.0,1,4557.460306000004
2021-09-09,short_straddle,0.0,4.26004,4.26004,1,4561.720346000004
2021-09-10,put_credit_spread,25.304721,0.0,25.304721,2,4587.025067000004
2021-09-10,short_straddle,0.0,7.829956,7.829956,1,4594.855023000004
2021-09-13,put_credit_spread,0.0,0.0,0.0,1,4594.855023000004
2021-09-13,short_straddle,0.0,-7.799927,-7.799927,1,4587.055096000004
2021-09-14,put_credit_spread,0.0,0.0,0.0,1,4587.055096000004
2021-09-14,short_straddle,0.0,8.48996,8.48996,1,4595.545056000004
2021-09-15,put_credit_spread,0.0,0.0,0.0,1,4595.545056000004
2021-09-15,short_straddle,-5.1175,-7.573248,-12.690748,2,4582.854308000004
2021-09-16,put_credit_spread,0.0,0.0,0.0,1,4582.854308000004
2021-09-16,short_straddle,0.0,-0.52227,-0.52227,1,4582.332038000003
2021-09-17,put_credit_spread,0.0,0.0,0.0,1,4582.332038000003
2021-09-17,short_straddle,0.0,7.619934,7.619934,1,4589.9519720000035
2021-09-20,put_credit_spread,0.0,0.0,0.0,1,4589.9519720000035
2021-09-20,short_straddle,0.0,18.720062,18.720062,1,4608.672034000004
2021-09-21,put_credit_spread,0.0,0.0,0.0,1,4608.672034000004
2021-09-21,short_straddle,0.0,0.870026,0.870026,1,4609.542060000003
2021-09-22,put_credit_spread,0.0,0.0,0.0,1,4609.542060000003
2021-09-22,short_straddle,0.0,-10.170044,-10.170044,1,4599.372016000003
2021-09-23,put_credit_spread,0.0,0.0,0.0,1,4599.372016000003
2021-09-23,short_straddle,0.0,-15.179993,-15.179993,1,4584.192023000003
2021-09-24,put_credit_spread,-90.0,0.0,-90.0,1,4494.192023000003
2021-09-24,short_straddle,0.0,-0.929993,-0.929993,1,4493.2620300000035
2021-09-27,put_credit_spread,-4.5,0.0,-4.5,1,4488.7620300000035
2021-09-27,short_straddle,0.0,-2.219971,-2.219971,1,4486.542059000003
2021-09-28,put_credit_spread,0.0,0.0,0.0,1,4486.542059000003
2021-09-28,short_straddle,0.0,17.069916,17.069916,1,4503.611975000003
2021-09-29,put_credit_spread,0.0,0.0,0.0,1,4503.611975000003
2021-09-29,short_straddle,0.0,-2.549927,-2.549927,1,4501.062048000003
2021-09-30,put_credit_spread,0.0,0.0,0.0,1,4501.062048000003
2021-09-30,short_straddle,0.0,16.439941,16.439941,1,4517.501989000003
2021-10-01,put_credit_spread,0.0,0.0,0.0,1,4517.501989000003
2021-10-01,short_straddle,0.0,-14.669952,-14.669952,1,4502.832037000003
2021-10-04,put_credit_spread,0.0,0.0,0.0,1,4502.832037000003
2021-10-04,short_straddle,0.0,9.509949,9.509949,1,4512.341986000003
2021-10-05,put_credit_spread,0.0,0.0,0.0,1,4512.341986000003
2021-10-05,short_straddle,0.0,-9.359985,-9.359985,1,4502.982001000003
2021-10-06,put_credit_spread,0.0,0.0,0.0,1,4502.982001000003
2021-10-06,short_straddle,0.0,-2.969971,-2.969971,1,4500.012030000003
2021-10-07,put_credit_spread,0.0,0.0,0.0,1,4500.012030000003
2021-10-07,short_straddle,0.0,-10.530029,-10.530029,1,4489.482001000003
2021-10-08,put_credit_spread,353.3635,0.0,353.3635,2,4842.845501000003
2021-10-08,short_straddle,0.0,0.300018,0.300018,1,4843.145519000003
2021-10-11,put_credit_spread,0.0,0.0,0.0,1,4843.145519000003
2021-10-11,short_straddle,0.0,7.649963,7.649963,1,4850.795482000003
2021-10-12,put_credit_spread,0.0,0.0,0.0,1,4850.795482000003
2021-10-12,short_straddle,0.0,3.600037,3.600037,1,4854.395519000003
2021-10-13,put_credit_spread,0.0,0.0,0.0,1,4854.395519000003
2021-10-13,short_straddle,-5.157500000000001,-0.845883,-6.0033829999999995,2,4848.392136000003
2021-10-14,put_credit_spread,0.0,0.0,0.0,1,4848.392136000003
2021-10-14,short_straddle,0.0,0.0,0.0,1,4848.392136000003
2021-10-15,put_credit_spread,0.0,0.0,0.0,1,4848.392136000003
2021-10-15,short_straddle,0.0,0.0,0.0,1,4848.392136000003
2021-10-18,put_credit_spread,0.0,0.0,0.0,1,4848.392136000003
2021-10-18,short_straddle,0.0,0.0,0.0,1,4848.392136000003
2021-10-19,put_credit_spread,0.0,0.0,0.0,1,4848.392136000003
2021-10-19,short_straddle,0.0,0.0,0.0,1,4848.392136000003
2021-10-20,put_credit_spread,-101.0,0.0,-101.0,1,4747.392136000003
2021-10-20,short_straddle,0.0,0.0,0.0,1,4747.392136000003
2021-10-21,put_credit_spread,0.0,0.0,0.0,1,4747.392136000003
2021-10-21,short_straddle,0.0,0.0,0.0,1,4747.392136000003
2021-10-22,put_credit_spread,-9.5,0.0,-9.5,1,4737.892136000003
2021-10-22,short_straddle,0.0,0.0,0.0,1,4737.892136000003
2021-10-25,put_credit_spread,0.0,0.0,0.0,1,4737.892136000003
2021-10-25,short_straddle,0.0,0.0,0.0,1,4737.892136000003
2021-10-26,put_credit_spread,0.0,0.0,0.0,1,4737.892136000003
2021-10-26,short_straddle,0.0,0.0,0.0,1,4737.892136000003
2021-10-27,put_credit_spread,0.0,0.0,0.0,1,4737.892136000003
2021-10-27,short_straddle,0.0,0.0,0.0,1,4737.892136000003
2021-10-28,put_credit_spread,0.0,0.0,0.0,1,4737.892136000003
2021-10-28,short_straddle,0.0,0.0,0.0,1,4737.892136000003
2021-10-29,put_credit_spread,0.0,0.0,0.0,1,4737.892136000003
2021-10-29,short_straddle,-369.0,-13.97097,-382.97097,1,4354.921166000003
2021-11-01,put_credit_spread,0.0,0.0,0.0,1,4354.921166000003
2021-11-01,short_straddle,0.0,56.193454,56.193454,1,4411.114620000003
2021-11-02,put_credit_spread,0.0,0.0,0.0,1,4411.114620000003
2021-11-02,short_straddle,0.0,0.0,0.0,1,4411.114620000003
2021-11-03,put_credit_spread,0.0,0.0,0.0,1,4411.114620000003
2021-11-03,short_straddle,0.0,0.0,0.0,1,4411.114620000003
2021-11-04,put_credit_spread,0.0,0.0,0.0,1,4411.114620000003
2021-11-04,short_straddle,0.0,0.0,0.0,1,4411.114620000003
2021-11-05,put_credit_spread,379.40725,0.0,379.40725,2,4790.521870000003
2021-11-05,short_straddle,0.0,0.0,0.0,1,4790.521870000003
2021-11-08,put_credit_spread,-18.5,0.0,-18.5,1,4772.021870000003
2021-11-08,short_straddle,0.0,0.0,0.0,1,4772.021870000003
2021-11-09,put_credit_spread,0.0,0.0,0.0,1,4772.021870000003
2021-11-09,short_straddle,0.0,0.0,0.0,1,4772.021870000003
2021-11-10,put_credit_spread,0.0,0.0,0.0,1,4772.021870000003
2021-11-10,short_straddle,-5.377,0.0,-5.377,2,4766.644870000003
2021-11-11,put_credit_spread,0.0,0.0,0.0,1,4766.644870000003
2021-11-11,short_straddle,0.0,-0.53919,-0.53919,1,4766.105680000002
2021-11-12,put_credit_spread,0.0,0.0,0.0,1,4766.105680000002
2021-11-12,short_straddle,152.5,-10.517942,141.982058,1,4908.087738000002
2021-11-15,put_credit_spread,0.0,0.0,0.0,1,4908.087738000002
2021-11-15,short_straddle,72.5,-4.358955,68.141045,1,4976.228783000002
2021-11-16,put_credit_spread,0.0,0.0,0.0,1,4976.228783000002
2021-11-16,short_straddle,0.0,-0.542895,-0.542895,1,4975.685888000003
2021-11-17,put_credit_spread,0.0,0.0,0.0,1,4975.685888000003
2021-11-17,short_straddle,0.0,6.23996,6.23996,1,4981.925848000003
2021-11-18,put_credit_spread,0.0,0.0,0.0,1,4981.925848000003
2021-11-18,short_straddle,0.0,1.5,1.5,1,4983.425848000003
2021-11-19,put_credit_spread,-74.5,0.0,-74.5,1,4908.925848000003
2021-11-19,short_straddle,0.0,10.320007,10.320007,1,4919.245855000003
2021-11-22,put_credit_spread,42.5,0.0,42.5,1,4961.745855000003
2021-11-22,short_straddle,0.0,-0.870026,-0.870026,1,4960.875829000003
2021-11-23,put_credit_spread,0.0,0.0,0.0,1,4960.875829000003
2021-11-23,short_straddle,0.0,-5.45993,-5.45993,1,4955.415899000003
2021-11-24,put_credit_spread,0.0,0.0,0.0,1,4955.415899000003
2021-11-24,short_straddle,0.0,-0.030029,-0.030029,1,4955.385870000004
2021-11-26,put_credit_spread,0.0,0.0,0.0,1,4955.385870000004
2021-11-26,short_straddle,0.0,27.030029,27.030029,1,4982.415899000003
2021-11-29,put_credit_spread,0.0,0.0,0.0,1,4982.415899000003
2021-11-29,short_straddle,0.0,-6.51004,-6.51004,1,4975.905859000003
2021-11-30,put_credit_spread,0.0,0.0,0.0,1,4975.905859000003
2021-11-30,short_straddle,0.0,18.870026,18.870026,1,4994.775885000003
2021-12-01,put_credit_spread,-4.279,0.0,-4.279,2,4990.496885000002
2021-12-01,short_straddle,0.0,13.320007,13.320007,1,5003.816892000003
2021-12-02,put_credit_spread,0.0,0.0,0.0,1,5003.816892000003
2021-12-02,short_straddle,0.0,-18.449982,-18.449982,1,4985.3669100000025
2021-12-03,put_credit_spread,0.0,0.0,0.0,1,4985.3669100000025
2021-12-03,short_straddle,0.0,1.109985,1.109985,1,4986.4768950000025
2021-12-06,put_credit_spread,0.0,0.0,0.0,1,4986.4768950000025
2021-12-06,short_straddle,0.0,-19.740051,-19.740051,1,4966.736844000003
2021-12-07,put_credit_spread,0.0,0.0,0.0,1,4966.736844000003
2021-12-07,short_straddle,0.0,-14.759949,-14.759949,1,4951.9768950000025
2021-12-08,put_credit_spread,0.0,0.0,0.0,1,4951.9768950000025
2021-12-08,short_straddle,-5.12125,-1.286985,-6.4082349999999995,2,4945.568660000003
2021-12-09,put_credit_spread,0.0,0.0,0.0,1,4945.568660000003
2021-12-09,short_straddle,0.0,0.0,0.0,1,4945.568660000003
2021-12-10,put_credit_spread,0.0,0.0,0.0,1,4945.568660000003
2021-12-10,short_straddle,0.0,0.0,0.0,1,4945.568660000003
2021-12-13,put_credit_spread,0.0,0.0,0.0,1,4945.568660000003
2021-12-13,short_straddle,0.0,0.0,0.0,1,4945.568660000003
2021-12-14,put_credit_spread,0.0,0.0,0.0,1,4945.568660000003
2021-12-14,short_straddle,0.0,0.0,0.0,1,4945.568660000003
2021-12-15,put_credit_spread,0.0,0.0,0.0,1,4945.568660000003
2021-12-15,short_straddle,0.0,0.0,0.0,1,4945.568660000003
2021-12-16,put_credit_spread,0.0,0.0,0.0,1,4945.568660000003
2021-12-16,short_straddle,0.0,0.0,0.0,1,4945.568660000003
2021-12-17,put_credit_spread,0.0,0.0,0.0,1,4945.568660000003
2021-12-17,short_straddle,0.0,0.0,0.0,1,4945.568660000003
2021-12-20,put_credit_spread,0.0,0.0,0.0,1,4945.568660000003
2021-12-20,short_straddle,0.0,0.0,0.0,1,4945.568660000003
2021-12-21,put_credit_spread,0.0,0.0,0.0,1,4945.568660000003
2021-12-21,short_straddle,0.0,0.0,0.0,1,4945.568660000003
2021-12-22,put_credit_spread,0.0,0.0,0.0,1,4945.568660000003
2021-12-22,short_straddle,0.0,0.0,0.0,1,4945.568660000003
2021-12-23,put_credit_spread,0.0,0.0,0.0,1,4945.568660000003
2021-12-23,short_straddle,0.0,0.0,0.0,1,4945.568660000003
2021-12-27,put_credit_spread,0.0,0.0,0.0,1,4945.568660000003
2021-12-27,short_straddle,0.0,0.0,0.0,1,4945.568660000003
2021-12-28,put_credit_spread,0.0,0.0,0.0,1,4945.568660000003
2021-12-28,short_straddle,0.0,0.0,0.0,1,4945.568660000003
2021-12-29,put_credit_spread,0.0,0.0,0.0,1,4945.568660000003
2021-12-29,short_straddle,0.0,0.0,0.0,1,4945.568660000003
2021-12-30,put_credit_spread,0.0,0.0,0.0,1,4945.568660000003
2021-12-30,short_straddle,0.0,0.0,0.0,1,4945.568660000003
2021-12-31,put_credit_spread,317.88475,0.0,317.88475,2,5263.453410000003
2021-12-31,short_straddle,0.0,0.0,0.0,1,5263.453410000003
2022-01-03,put_credit_spread,0.0,0.0,0.0,1,5263.453410000003
2022-01-03,short_straddle,0.0,0.0,0.0,1,5263.453410000003
2022-01-04,put_credit_spread,0.0,0.0,0.0,1,5263.453410000003
2022-01-04,short_straddle,0.0,0.0,0.0,1,5263.453410000003
2022-01-05,put_credit_spread,0.0,0.0,0.0,1,5263.453410000003
2022-01-05,short_straddle,-5.30375,0.0,-5.30375,2,5258.149660000003
2022-01-06,put_credit_spread,0.0,0.0,0.0,1,5258.149660000003
2022-01-06,short_straddle,0.0,-0.543585,-0.543585,1,5257.606075000002
2022-01-07,put_credit_spread,0.0,0.0,0.0,1,5257.606075000002
2022-01-07,short_straddle,0.0,-0.240051,-0.240051,1,5257.366024000003
2022-01-10,put_credit_spread,0.0,0.0,0.0,1,5257.366024000003
2022-01-10,short_straddle,0.0,-4.559967,-4.559967,1,5252.8060570000025
2022-01-11,put_credit_spread,0.0,0.0,0.0,1,5252.8060570000025
2022-01-11,short_straddle,0.0,5.25,5.25,1,5258.0560570000025
2022-01-12,put_credit_spread,65.5,0.0,65.5,1,5323.5560570000025
2022-01-12,short_straddle,0.0,1.230011,1.230011,1,5324.786068000002
2022-01-13,put_credit_spread,0.0,0.0,0.0,1,5324.786068000002
2022-01-13,short_straddle,0.0,-5.25,-5.25,1,5319.536068000002
2022-01-14,put_credit_spread,0.0,0.0,0.0,1,5319.536068000002
2022-01-14,short_straddle,0.0,-6.179993,-6.179993,1,5313.356075000002
2022-01-18,put_credit_spread,0.0,0.0,0.0,1,5313.356075000002
2022-01-18,short_straddle,0.0,-15.870026,-15.870026,1,5297.486049000003
2022-01-19,put_credit_spread,0.0,0.0,0.0,1,5297.486049000003
2022-01-19,short_straddle,-166.5,-24.338825,-190.838825,1,5106.647224000003
2022-01-20,put_credit_spread,0.0,0.0,0.0,1,5106.647224000003
2022-01-20,short_straddle,0.0,215.80195,215.80195,1,5322.449174000003
2022-01-21,put_credit_spread,0.0,0.0,0.0,1,5322.449174000003
2022-01-21,short_straddle,0.0,-14.939941,-14.939941,1,5307.509233000003
2022-01-24,put_credit_spread,0.0,0.0,0.0,1,5307.509233000003
2022-01-24,short_straddle,-529.0,-11.779096,-540.779096,1,4766.730137000003
2022-01-25,put_credit_spread,0.0,0.0,0.0,1,4766.730137000003
2022-01-25,short_straddle,0.0,61.231436,61.231436,1,4827.961573000003
2022-01-26,put_credit_spread,-4.28675,0.0,-4.28675,2,4823.674823000003
2022-01-26,short_straddle,0.0,-4.5,-4.5,1,4819.174823000003
2022-01-27,put_credit_spread,0.0,0.0,0.0,1,4819.174823000003
2022-01-27,short_straddle,0.0,0.269989,0.269989,1,4819.444812000003
2022-01-28,put_credit_spread,0.0,0.0,0.0,1,4819.444812000003
2022-01-28,short_straddle,0.0,16.679993,16.679993,1,4836.124805000003
2022-01-31,put_credit_spread,232.5,0.0,232.5,1,5068.624805000003
2022-01-31,short_straddle,0.0,11.910004,11.910004,1,5080.534809000003
2022-02-01,put_credit_spread,0.0,0.0,0.0,1,5080.534809000003
2022-02-01,short_straddle,0.0,8.580048,8.580048,1,5089.114857000003
2022-02-02,put_credit_spread,0.0,0.0,0.0,1,5089.114857000003
2022-02-02,short_straddle,-5.645250000000001,5.735944,0.09069399999999961,2,5089.205551000004
2022-02-03,put_credit_spread,0.0,0.0,0.0,1,5089.205551000004
2022-02-03,short_straddle,0.0,-0.17549,-0.17549,1,5089.030061000004
2022-02-04,put_credit_spread,0.0,0.0,0.0,1,5089.030061000004
2022-02-04,short_straddle,0.0,0.110016,0.110016,1,5089.140077000004
2022-02-07,put_credit_spread,0.0,0.0,0.0,1,5089.140077000004
2022-02-07,short_straddle,0.0,-0.029999,-0.029999,1,5089.110078000003
2022-02-08,put_credit_spread,0.0,0.0,0.0,1,5089.110078000003
2022-02-08,short_straddle,0.0,-3.640015,-3.640015,1,5085.470063000003
2022-02-09,put_credit_spread,0.0,0.0,0.0,1,5085.470063000003
2022-02-09,short_straddle,0.0,-3.130005,-3.130005,1,5082.340058000003
2022-02-10,put_credit_spread,0.0,0.0,0.0,1,5082.340058000003
2022-02-10,short_straddle,0.0,5.120026,5.120026,1,5087.460084000003
2022-02-11,put_credit_spread,0.0,0.0,0.0,1,5087.460084000003
2022-02-11,short_straddle,0.0,5.259979,5.259979,1,5092.720063000003
2022-02-14,put_credit_spread,0.0,0.0,0.0,1,5092.720063000003
2022-02-14,short_straddle,0.0,1.399994,1.399994,1,5094.120057000004
2022-02-15,put_credit_spread,0.0,0.0,0.0,1,5094.120057000004
2022-02-15,short_straddle,0.0,-4.329987,-4.329987,1,5089.790070000004
2022-02-16,put_credit_spread,0.0,0.0,0.0,1,5089.790070000004
2022-02-16,short_straddle,0.0,0.549988,0.549988,1,5090.340058000003
2022-02-17,put_credit_spread,0.0,0.0,0.0,1,5090.340058000003
2022-02-17,short_straddle,0.0,5.990021,5.990021,1,5096.330079000003
2022-02-18,put_credit_spread,0.0,0.0,0.0,1,5096.330079000003
2022-02-18,short_straddle,0.0,2.699982,2.699982,1,5099.030061000003
2022-02-22,put_credit_spread,0.0,0.0,0.0,1,5099.030061000003
2022-02-22,short_straddle,0.0,4.970001,4.970001,1,5104.000062000003
2022-02-23,put_credit_spread,0.0,0.0,0.0,1,5104.000062000003
2022-02-23,short_straddle,0.0,4.490021,4.490021,1,5108.490083000002
2022-02-24,put_credit_spread,0.0,0.0,0.0,1,5108.490083000002
2022-02-24,short_straddle,0.0,-0.820007,-0.820007,1,5107.670076000002
2022-02-25,put_credit_spread,171.8635,0.0,171.8635,2,5279.5335760000025
2022-02-25,short_straddle,0.0,-8.200012,-8.200012,1,5271.333564000002
2022-02-28,put_credit_spread,25.5,0.0,25.5,1,5296.833564000002
2022-02-28,short_straddle,0.0,1.200012,1.200012,1,5298.0335760000025
2022-03-01,put_credit_spread,0.0,0.0,0.0,1,5298.0335760000025
2022-03-01,short_straddle,0.0,6.179993,6.179993,1,5304.213569000002
2022-03-02,put_credit_spread,0.0,0.0,0.0,1,5304.213569000002
2022-03-02,short_straddle,-5.5,-6.009496,-11.509495999999999,2,5292.704073000003
2022-03-03,put_credit_spread,0.0,0.0,0.0,1,5292.704073000003
2022-03-03,short_straddle,0.0,0.0,0.0,1,5292.704073000003
2022-03-04,put_credit_spread,0.0,0.0,0.0,1,5292.704073000003
2022-03-04,short_straddle,0.0,0.0,0.0,1,5292.704073000003
2022-03-07,put_credit_spread,0.0,0.0,0.0,1,5292.704073000003
2022-03-07,short_straddle,0.0,0.0,0.0,1,5292.704073000003
2022-03-08,put_credit_spread,0.0,0.0,0.0,1,5292.704073000003
2022-03-08,short_straddle,0.0,0.0,0.0,1,5292.704073000003
2022-03-09,put_credit_spread,-120.0,0.0,-120.0,1,5172.704073000003
2022-03-09,short_straddle,0.0,0.0,0.0,1,5172.704073000003
2022-03-10,put_credit_spread,0.0,0.0,0.0,1,5172.704073000003
2022-03-10,short_straddle,0.0,0.0,0.0,1,5172.704073000003
2022-03-11,put_credit_spread,0.0,0.0,0.0,1,5172.704073000003
2022-03-11,short_straddle,0.0,0.0,0.0,1,5172.704073000003
2022-03-14,put_credit_spread,0.0,0.0,0.0,1,5172.704073000003
2022-03-14,short_straddle,0.0,0.0,0.0,1,5172.704073000003
2022-03-15,put_credit_spread,0.0,0.0,0.0,1,5172.704073000003
2022-03-15,short_straddle,0.0,0.0,0.0,1,5172.704073000003
2022-03-16,put_credit_spread,0.0,0.0,0.0,1,5172.704073000003
2022-03-16,short_straddle,0.0,0.0,0.0,1,5172.704073000003
2022-03-17,put_credit_spread,0.0,0.0,0.0,1,5172.704073000003
2022-03-17,short_straddle,0.0,0.0,0.0,1,5172.704073000003
2022-03-18,put_credit_spread,0.0,0.0,0.0,1,5172.704073000003
2022-03-18,short_straddle,0.0,0.0,0.0,1,5172.704073000003
2022-03-21,put_credit_spread,0.0,0.0,0.0,1,5172.704073000003
2022-03-21,short_straddle,0.0,0.0,0.0,1,5172.704073000003
2022-03-22,put_credit_spread,0.0,0.0,0.0,1,5172.704073000003
2022-03-22,short_straddle,0.0,0.0,0.0,1,5172.704073000003
2022-03-23,put_credit_spread,0.0,0.0,0.0,1,5172.704073000003
2022-03-23,short_straddle,0.0,0.0,0.0,1,5172.704073000003
2022-03-24,put_credit_spread,0.0,0.0,0.0,1,5172.704073000003
2022-03-24,short_straddle,0.0,0.0,0.0,1,5172.704073000003
2022-03-25,put_credit_spread,365.5,0.0,365.5,1,5538.204073000003
2022-03-25,short_straddle,0.0,0.0,0.0,1,5538.204073000003
2022-03-28,put_credit_spread,-2.1145,0.0,-2.1145,1,5536.089573000003
2022-03-28,short_straddle,0.0,0.0,0.0,1,5536.089573000003
2022-03-29,put_credit_spread,0.0,0.0,0.0,1,5536.089573000003
2022-03-29,short_straddle,-2.8625,0.0,-2.8625,1,5533.227073000003
2022-03-30,put_credit_spread,0.0,0.0,0.0,1,5533.227073000003
2022-03-30,short_straddle,-2.5725,0.0,-2.5725,1,5530.6545730000025
2022-03-31,put_credit_spread,0.0,0.0,0.0,1,5530.6545730000025
2022-03-31,short_straddle,0.0,-0.520245,-0.520245,1,5530.134328000003
2022-04-01,put_credit_spread,0.0,0.0,0.0,1,5530.134328000003
2022-04-01,short_straddle,0.0,3.54007,3.54007,1,5533.674398000003
2022-04-04,put_credit_spread,0.0,0.0,0.0,1,5533.674398000003
2022-04-04,short_straddle,0.0,3.689941,3.689941,1,5537.3643390000025
2022-04-05,put_credit_spread,0.0,0.0,0.0,1,5537.3643390000025
2022-04-05,short_straddle,0.0,-8.699982,-8.699982,1,5528.664357000002
2022-04-06,put_credit_spread,0.0,0.0,0.0,1,5528.664357000002
2022-04-06,short_straddle,0.0,-4.769989,-4.769989,1,5523.894368000002
2022-04-07,put_credit_spread,0.0,0.0,0.0,1,5523.894368000002
2022-04-07,short_straddle,0.0,3.660004,3.660004,1,5527.554372000002
2022-04-08,put_credit_spread,0.0,0.0,0.0,1,5527.554372000002
2022-04-08,short_straddle,0.0,4.199982,4.199982,1,5531.754354000002
2022-04-11,put_credit_spread,-129.0,0.0,-129.0,1,5402.754354000002
2022-04-11,short_straddle,0.0,-12.509949,-12.509949,1,5390.244405000002
2022-04-12,put_credit_spread,0.0,0.0,0.0,1,5390.244405000002
2022-04-12,short_straddle,0.0,-2.940033,-2.940033,1,5387.304372000002
2022-04-13,put_credit_spread,0.0,0.0,0.0,1,5387.304372000002
2022-04-13,short_straddle,0.0,10.620026,10.620026,1,5397.924398000002
2022-04-14,put_credit_spread,0.0,0.0,0.0,1,5397.924398000002
2022-04-14,short_straddle,0.0,-4.410004,-4.410004,1,5393.514394000002
2022-04-18,put_credit_spread,0.0,0.0,0.0,1,5393.514394000002
2022-04-18,short_straddle,0.0,-0.570007,-0.570007,1,5392.944387000001
2022-04-19,put_credit_spread,0.0,0.0,0.0,1,5392.944387000001
2022-04-19,short_straddle,0.0,15.059967,15.059967,1,5408.0043540000015
2022-04-20,put_credit_spread,0.0,0.0,0.0,1,5408.0043540000015
2022-04-20,short_straddle,0.0,7.230011,7.230011,1,5415.234365000001
2022-04-21,put_credit_spread,0.0,0.0,0.0,1,5415.234365000001
2022-04-21,short_straddle,0.0,-11.460022,-11.460022,1,5403.774343000001
2022-04-22,put_credit_spread,-119.38884900000001,0.0,-119.38884900000001,2,5284.385494000001
2022-04-22,short_straddle,0.0,-28.320007,-28.320007,1,5256.065487000001
2022-04-25,put_credit_spread,-40.0,0.0,-40.0,1,5216.065487000001
2022-04-25,short_straddle,0.0,6.870026,6.870026,1,5222.935513
2022-04-26,put_credit_spread,0.0,0.0,0.0,1,5222.935513
2022-04-26,short_straddle,0.0,-24.329956,-24.329956,1,5198.605557000001
2022-04-27,put_credit_spread,0.0,0.0,0.0,1,5198.605557000001
2022-04-27,short_straddle,-2.5725,1.240415,-1.332085,1,5197.273472000001
2022-04-28,put_credit_spread,0.0,0.0,0.0,1,5197.273472000001
2022-04-29,put_credit_spread,0.0,0.0,0.0,1,5197.273472000001
2022-05-02,put_credit_spread,0.0,0.0,0.0,1,5197.273472000001
2022-05-02,short_straddle,-2.86375,0.0,-2.86375,1,5194.409722
2022-05-03,put_credit_spread,0.0,0.0,0.0,1,5194.409722
2022-05-03,short_straddle,0.0,-0.165625,-0.165625,1,5194.244097000001
2022-05-04,put_credit_spread,0.0,0.0,0.0,1,5194.244097000001
2022-05-04,short_straddle,0.0,-9.339996,-9.339996,1,5184.904101000001
2022-05-05,put_credit_spread,0.0,0.0,0.0,1,5184.904101000001
2022-05-05,short_straddle,0.0,10.350006,10.350006,1,5195.254107000001
2022-05-06,put_credit_spread,8.5,0.0,8.5,1,5203.754107000001
2022-05-06,short_straddle,0.0,1.169983,1.169983,1,5204.92409
2022-05-09,put_credit_spread,61.0,0.0,61.0,1,5265.92409
2022-05-09,short_straddle,0.0,6.470001,6.470001,1,5272.394091
2022-05-10,put_credit_spread,0.0,0.0,0.0,1,5272.394091
2022-05-10,short_straddle,0.0,0.77002,0.77002,1,5273.164111
2022-05-11,put_credit_spread,0.0,0.0,0.0,1,5273.164111
2022-05-11,short_straddle,57.5,-4.750735,52.749265,1,5325.913376
2022-05-12,put_credit_spread,0.0,0.0,0.0,1,5325.913376
2022-05-12,short_straddle,0.0,34.538974,34.538974,1,5360.4523500000005
2022-05-13,put_credit_spread,0.0,0.0,0.0,1,5360.4523500000005
2022-05-13,short_straddle,0.0,-4.589996,-4.589996,1,5355.862354000001
2022-05-16,put_credit_spread,0.0,0.0,0.0,1,5355.862354000001
2022-05-16,short_straddle,0.0,-0.549988,-0.549988,1,5355.312366000001
2022-05-17,put_credit_spread,0.0,0.0,0.0,1,5355.312366000001
2022-05-17,short_straddle,0.0,-4.320007,-4.320007,1,5350.992359000001
2022-05-18,put_credit_spread,-2.1365,0.0,-2.1365,1,5348.855859000001
2022-05-18,short_straddle,0.0,11.550018,11.550018,1,5360.405877000001
2022-05-19,short_straddle,0.0,2.369995,2.369995,1,5362.775872000001
2022-05-20,short_straddle,0.0,0.759979,0.759979,1,5363.5358510000015
2022-05-23,put_credit_spread,-2.1225,0.0,-2.1225,1,5361.413351000001
2022-05-23,short_straddle,0.0,-6.419983,-6.419983,1,5354.993368000001
2022-05-24,put_credit_spread,0.0,0.0,0.0,1,5354.993368000001
2022-05-24,short_straddle,0.0,-0.550018,-0.550018,1,5354.443350000001
2022-05-25,put_credit_spread,0.0,0.0,0.0,1,5354.443350000001
2022-05-25,short_straddle,-5.6325,-2.050624,-7.683123999999999,2,5346.760226000001
2022-05-26,put_credit_spread,0.0,0.0,0.0,1,5346.760226000001
2022-05-26,short_straddle,0.0,-0.32645,-0.32645,1,5346.433776000002
2022-05-27,put_credit_spread,0.0,0.0,0.0,1,5346.433776000002
2022-05-27,short_straddle,0.0,11.23999,11.23999,1,5357.673766000002
2022-05-31,put_credit_spread,0.0,0.0,0.0,1,5357.673766000002
2022-05-31,short_straddle,0.0,-3.73999,-3.73999,1,5353.933776000002
2022-06-01,put_credit_spread,-87.0,0.0,-87.0,1,5266.933776000002
2022-06-01,short_straddle,0.0,-3.680054,-3.680054,1,5263.253722000001
2022-06-02,put_credit_spread,0.0,0.0,0.0,1,5263.253722000001
2022-06-02,short_straddle,0.0,8.820007,8.820007,1,5272.073729000002
2022-06-03,put_credit_spread,0.0,0.0,0.0,1,5272.073729000002
2022-06-03,short_straddle,0.0,-6.839966,-6.839966,1,5265.233763000002
2022-06-06,put_credit_spread,0.0,0.0,0.0,1,5265.233763000002
2022-06-06,short_straddle,0.0,0.200012,0.200012,1,5265.433775000002
2022-06-07,put_credit_spread,0.0,0.0,0.0,1,5265.433775000002
2022-06-07,short_straddle,0.0,5.440002,5.440002,1,5270.8737770000025
2022-06-08,put_credit_spread,0.0,0.0,0.0,1,5270.8737770000025
2022-06-08,short_straddle,0.0,-5.580017,-5.580017,1,5265.293760000002
2022-06-09,put_credit_spread,0.0,0.0,0.0,1,5265.293760000002
2022-06-09,short_straddle,0.0,-12.76001,-12.76001,1,5252.533750000002
2022-06-10,put_credit_spread,0.0,0.0,0.0,1,5252.533750000002
2022-06-10,short_straddle,366.0,-23.075855,342.924145,1,5595.457895000002
2022-06-13,put_credit_spread,0.0,0.0,0.0,1,5595.457895000002
2022-06-13,short_straddle,0.0,301.997069,301.997069,1,5897.454964000002
2022-06-14,put_credit_spread,0.0,0.0,0.0,1,5897.454964000002
2022-06-14,short_straddle,0.0,-2.559998,-2.559998,1,5894.894966000003
2022-06-15,put_credit_spread,0.0,0.0,0.0,1,5894.894966000003
2022-06-15,short_straddle,0.0,5.860046,5.860046,1,5900.755012000002
2022-06-16,put_credit_spread,-2.166,0.0,-2.166,1,5898.589012000002
2022-06-16,short_straddle,0.0,-14.660034,-14.660034,1,5883.928978000002
2022-06-17,put_credit_spread,-2.099,0.0,-2.099,1,5881.829978000002
2022-06-17,short_straddle,0.0,-2.359985,-2.359985,1,5879.4699930000015
2022-06-21,put_credit_spread,0.0,0.0,0.0,1,5879.4699930000015
2022-06-21,short_straddle,0.0,13.140015,13.140015,1,5892.6100080000015
2022-06-22,put_credit_spread,0.0,0.0,0.0,1,5892.6100080000015
2022-06-22,short_straddle,-5.417,-1.664656,-7.081656000000001,2,5885.528352000001
2022-06-23,put_credit_spread,0.0,0.0,0.0,1,5885.528352000001
2022-06-23,short_straddle,0.0,-0.76685,-0.76685,1,5884.761502000001
2022-06-24,put_credit_spread,0.0,0.0,0.0,1,5884.761502000001
2022-06-24,short_straddle,0.0,41.399994,41.399994,1,5926.1614960000015
2022-06-27,put_credit_spread,0.0,0.0,0.0,1,5926.1614960000015
2022-06-27,short_straddle,0.0,-3.300018,-3.300018,1,5922.861478000002
2022-06-28,put_credit_spread,0.0,0.0,0.0,1,5922.861478000002
2022-06-28,short_straddle,0.0,-25.099945,-25.099945,1,5897.761533000002
2022-06-29,put_credit_spread,154.85325,0.0,154.85325,2,6052.614783000002
2022-06-29,short_straddle,0.0,3.549957,3.549957,1,6056.164740000002
2022-06-30,put_credit_spread,0.0,0.0,0.0,1,6056.164740000002
2022-06-30,short_straddle,0.0,-11.149902,-11.149902,1,6045.014838000002
2022-07-01,put_credit_spread,18.0,0.0,18.0,1,6063.014838000002
2022-07-01,short_straddle,0.0,15.149994,15.149994,1,6078.164832000002
2022-07-05,put_credit_spread,0.0,0.0,0.0,1,6078.164832000002
2022-07-05,short_straddle,0.0,-5.700073,-5.700073,1,6072.464759000002
2022-07-06,put_credit_spread,0.0,0.0,0.0,1,6072.464759000002
2022-07-06,short_straddle,0.0,3.500061,3.500061,1,6075.964820000002
2022-07-07,put_credit_spread,0.0,0.0,0.0,1,6075.964820000002
2022-07-07,short_straddle,0.0,17.700043,17.700043,1,6093.664863000002
2022-07-08,put_credit_spread,0.0,0.0,0.0,1,6093.664863000002
2022-07-08,short_straddle,0.0,-2.450104,-2.450104,1,6091.214759000002
2022-07-11,put_credit_spread,0.0,0.0,0.0,1,6091.214759000002
2022-07-11,short_straddle,524.5,-15.501447,508.998553,1,6600.213312000003
2022-07-12,put_credit_spread,0.0,0.0,0.0,1,6600.213312000003
2022-07-12,short_straddle,0.0,-89.704882,-89.704882,1,6510.508430000003
2022-07-13,put_credit_spread,0.0,0.0,0.0,1,6510.508430000003
2022-07-13,short_straddle,0.0,-11.100006,-11.100006,1,6499.408424000003
2022-07-14,put_credit_spread,0.0,0.0,0.0,1,6499.408424000003
2022-07-14,short_straddle,0.0,-6.750031,-6.750031,1,6492.658393000003
2022-07-15,put_credit_spread,-75.5,0.0,-75.5,1,6417.158393000003
2022-07-15,short_straddle,0.0,31.300049,31.300049,1,6448.458442000004
2022-07-18,put_credit_spread,214.5,0.0,214.5,1,6662.958442000004
2022-07-18,short_straddle,0.0,-10.050049,-10.050049,1,6652.908393000003
2022-07-19,put_credit_spread,0.0,0.0,0.0,1,6652.908393000003
2022-07-19,short_straddle,0.0,37.299957,37.299957,1,6690.2083500000035
2022-07-20,put_credit_spread,0.0,0.0,0.0,1,6690.2083500000035
2022-07-20,short_straddle,-5.24525,2.353174,-2.892076,2,6687.316274000003
2022-07-21,put_credit_spread,0.0,0.0,0.0,1,6687.316274000003
2022-07-21,short_straddle,0.0,-0.160205,-0.160205,1,6687.156069000003
2022-07-22,put_credit_spread,0.0,0.0,0.0,1,6687.156069000003
2022-07-22,short_straddle,135.0,-1.350006,133.649994,1,6820.806063000004
2022-07-25,put_credit_spread,0.0,0.0,0.0,1,6820.806063000004
2022-07-25,short_straddle,0.0,0.899994,0.899994,1,6821.706057000004
2022-07-26,put_credit_spread,0.0,0.0,0.0,1,6821.706057000004
2022-07-26,short_straddle,0.0,-2.419983,-2.419983,1,6819.286074000004
2022-07-27,put_credit_spread,0.0,0.0,0.0,1,6819.286074000004
2022-07-27,short_straddle,0.0,4.470001,4.470001,1,6823.756075000004
2022-07-28,put_credit_spread,0.0,0.0,0.0,1,6823.756075000004
2022-07-28,short_straddle,0.0,3.220001,3.220001,1,6826.976076000004
2022-07-29,put_credit_spread,93.35825,0.0,93.35825,2,6920.334326000004
2022-07-29,short_straddle,0.0,3.429993,3.429993,1,6923.7643190000035
2022-08-01,put_credit_spread,0.0,0.0,0.0,1,6923.7643190000035
2022-08-01,short_straddle,0.0,-0.619995,-0.619995,1,6923.1443240000035
2022-08-02,put_credit_spread,0.0,0.0,0.0,1,6923.1443240000035
2022-08-02,short_straddle,0.0,-4.0,-4.0,1,6919.1443240000035
2022-08-03,put_credit_spread,0.0,0.0,0.0,1,6919.1443240000035
2022-08-03,short_straddle,0.0,4.119995,4.119995,1,6923.2643190000035
2022-08-04,put_credit_spread,0.0,0.0,0.0,1,6923.2643190000035
2022-08-04,short_straddle,0.0,-0.800018,-0.800018,1,6922.464301000004
2022-08-05,put_credit_spread,0.0,0.0,0.0,1,6922.464301000004
2022-08-05,short_straddle,0.0,0.610016,0.610016,1,6923.074317000003
2022-08-08,put_credit_spread,0.0,0.0,0.0,1,6923.074317000003
2022-08-08,short_straddle,0.0,0.450012,0.450012,1,6923.5243290000035
2022-08-09,put_credit_spread,0.0,0.0,0.0,1,6923.5243290000035
2022-08-09,short_straddle,0.0,-0.51001,-0.51001,1,6923.0143190000035
2022-08-10,put_credit_spread,0.0,0.0,0.0,1,6923.0143190000035
2022-08-10,short_straddle,0.0,5.290009,5.290009,1,6928.304328000004
2022-08-11,put_credit_spread,0.0,0.0,0.0,1,6928.304328000004
2022-08-11,short_straddle,0.0,0.509979,0.509979,1,6928.814307000004
2022-08-12,put_credit_spread,0.0,0.0,0.0,1,6928.814307000004
2022-08-12,short_straddle,0.0,4.119995,4.119995,1,6932.934302000004
2022-08-15,put_credit_spread,0.0,0.0,0.0,1,6932.934302000004
2022-08-15,short_straddle,0.0,1.540009,1.540009,1,6934.4743110000045
2022-08-16,put_credit_spread,0.0,0.0,0.0,1,6934.4743110000045
2022-08-16,short_straddle,0.0,2.369995,2.369995,1,6936.8443060000045
2022-08-17,put_credit_spread,0.0,0.0,0.0,1,6936.8443060000045
2022-08-17,short_straddle,-5.26,-1.710078,-6.970078000000001,2,6929.874228000004
2022-08-18,put_credit_spread,0.0,0.0,0.0,1,6929.874228000004
2022-08-18,short_straddle,0.0,-0.17029,-0.17029,1,6929.703938000004
2022-08-19,put_credit_spread,0.0,0.0,0.0,1,6929.703938000004
2022-08-19,short_straddle,0.0,-3.539978,-3.539978,1,6926.163960000004
2022-08-22,put_credit_spread,0.0,0.0,0.0,1,6926.163960000004
2022-08-22,short_straddle,0.0,-6.279999,-6.279999,1,6919.883961000004
2022-08-23,put_credit_spread,0.0,0.0,0.0,1,6919.883961000004
2022-08-23,short_straddle,0.0,-1.650024,-1.650024,1,6918.2339370000045
2022-08-24,put_credit_spread,0.0,0.0,0.0,1,6918.2339370000045
2022-08-24,short_straddle,0.0,0.75,0.75,1,6918.9839370000045
2022-08-25,put_credit_spread,0.0,0.0,0.0,1,6918.9839370000045
2022-08-25,short_straddle,0.0,3.290009,3.290009,1,6922.273946000005
2022-08-26,put_credit_spread,279.39875,0.0,279.39875,2,7201.672696000005
2022-08-26,short_straddle,0.0,-10.220001,-10.220001,1,7191.452695000005
2022-08-29,put_credit_spread,11.0,0.0,11.0,1,7202.452695000005
2022-08-29,short_straddle,0.0,-1.829987,-1.829987,1,7200.622708000005
2022-08-30,put_credit_spread,0.0,0.0,0.0,1,7200.622708000005
2022-08-30,short_straddle,0.0,-3.059998,-3.059998,1,7197.562710000006
2022-08-31,put_credit_spread,0.0,0.0,0.0,1,7197.562710000006
2022-08-31,short_straddle,0.0,-2.390015,-2.390015,1,7195.172695000006
2022-09-01,put_credit_spread,0.0,0.0,0.0,1,7195.172695000006
2022-09-01,short_straddle,0.0,1.410004,1.410004,1,7196.582699000006
2022-09-02,put_credit_spread,0.0,0.0,0.0,1,7196.582699000006
2022-09-02,short_straddle,0.0,-3.299988,-3.299988,1,7193.282711000006
2022-09-06,put_credit_spread,0.0,0.0,0.0,1,7193.282711000006
2022-09-06,short_straddle,0.0,-1.559998,-1.559998,1,7191.7227130000065
2022-09-07,put_credit_spread,5.0,0.0,5.0,1,7196.7227130000065
2022-09-07,short_straddle,0.0,4.129974,4.129974,1,7200.852687000007
2022-09-08,put_credit_spread,0.0,0.0,0.0,1,7200.852687000007
2022-09-08,short_straddle,0.0,1.910004,1.910004,1,7202.762691000007
2022-09-09,put_credit_spread,0.0,0.0,0.0,1,7202.762691000007
2022-09-09,short_straddle,0.0,4.040009,4.040009,1,7206.8027000000075
2022-09-12,put_credit_spread,0.0,0.0,0.0,1,7206.8027000000075
2022-09-12,short_straddle,0.0,2.290009,2.290009,1,7209.092709000008
2022-09-13,put_credit_spread,0.0,0.0,0.0,1,7209.092709000008
2022-09-13,short_straddle,0.0,-12.839996,-12.839996,1,7196.252713000008
2022-09-14,put_credit_spread,0.0,0.0,0.0,1,7196.252713000008
2022-09-14,short_straddle,-5.375,0.173957,-5.201043,2,7191.051670000008
2022-09-15,put_credit_spread,0.0,0.0,0.0,1,7191.051670000008
2022-09-15,short_straddle,0.0,-0.15518,-0.15518,1,7190.896490000008
2022-09-16,put_credit_spread,0.0,0.0,0.0,1,7190.896490000008
2022-09-16,short_straddle,0.0,-2.309998,-2.309998,1,7188.586492000009
2022-09-19,put_credit_spread,0.0,0.0,0.0,1,7188.586492000009
2022-09-19,short_straddle,0.0,2.100006,2.100006,1,7190.686498000008
2022-09-20,put_credit_spread,0.0,0.0,0.0,1,7190.686498000008
2022-09-20,short_straddle,0.0,-3.130005,-3.130005,1,7187.556493000008
2022-09-21,put_credit_spread,-4.228249999999999,0.0,-4.228249999999999,2,7183.328243000008
2022-09-21,short_straddle,0.0,-5.209991,-5.209991,1,7178.118252000008
2022-09-22,put_credit_spread,0.0,0.0,0.0,1,7178.118252000008
2022-09-22,short_straddle,0.0,-1.290009,-1.290009,1,7176.828243000008
2022-09-23,put_credit_spread,-131.5,0.0,-131.5,1,7045.328243000008
2022-09-23,short_straddle,0.0,-4.660004,-4.660004,1,7040.668239000008
2022-09-26,put_credit_spread,47.0,0.0,47.0,1,7087.668239000008
2022-09-26,short_straddle,0.0,-3.139984,-3.139984,1,7084.528255000007
2022-09-27,put_credit_spread,0.0,0.0,0.0,1,7084.528255000007
2022-09-27,short_straddle,0.0,-1.420013,-1.420013,1,7083.1082420000075
2022-09-28,put_credit_spread,0.0,0.0,0.0,1,7083.1082420000075
2022-09-28,short_straddle,0.0,5.430023,5.430023,1,7088.538265000007
2022-09-29,put_credit_spread,0.0,0.0,0.0,1,7088.538265000007
2022-09-29,short_straddle,0.0,-4.52002,-4.52002,1,7084.0182450000075
2022-09-30,put_credit_spread,0.0,0.0,0.0,1,7084.0182450000075
2022-09-30,short_straddle,0.0,-4.910004,-4.910004,1,7079.108241000007
2022-10-03,put_credit_spread,0.0,0.0,0.0,1,7079.108241000007
2022-10-03,short_straddle,0.0,7.490021,7.490021,1,7086.598262000007
2022-10-04,put_credit_spread,0.0,0.0,0.0,1,7086.598262000007
2022-10-04,short_straddle,0.0,8.350006,8.350006,1,7094.9482680000065
2022-10-05,put_credit_spread,0.0,0.0,0.0,1,7094.9482680000065
2022-10-05,short_straddle,0.0,-0.350006,-0.350006,1,7094.598262000007
2022-10-06,put_credit_spread,0.0,0.0,0.0,1,7094.598262000007
2022-10-06,short_straddle,0.0,-3.559998,-3.559998,1,7091.038264000007
2022-10-07,put_credit_spread,-116.0,0.0,-116.0,1,6975.038264000007
2022-10-07,short_straddle,0.0,-6.26001,-6.26001,1,6968.778254000007
2022-10-10,put_credit_spread,-13.5,0.0,-13.5,1,6955.278254000007
2022-10-10,short_straddle,0.0,-1.01001,-1.01001,1,6954.268244000007
2022-10-11,put_credit_spread,0.0,0.0,0.0,1,6954.268244000007
2022-10-11,short_straddle,0.0,0.330017,0.330017,1,6954.598261000007
2022-10-12,put_credit_spread,0.0,0.0,0.0,1,6954.598261000007
2022-10-12,short_straddle,-5.67,-0.276085,-5.946085,2,6948.652176000008
2022-10-13,put_credit_spread,0.0,0.0,0.0,1,6948.652176000008
2022-10-13,short_straddle,0.0,-0.90168,-0.90168,1,6947.750496000008
2022-10-14,put_credit_spread,0.0,0.0,0.0,1,6947.750496000008
2022-10-14,short_straddle,0.0,-22.439941,-22.439941,1,6925.310555000008
2022-10-17,put_credit_spread,0.0,0.0,0.0,1,6925.310555000008
2022-10-17,short_straddle,0.0,31.439941,31.439941,1,6956.750496000008
2022-10-18,put_credit_spread,0.0,0.0,0.0,1,6956.750496000008
2022-10-18,short_straddle,0.0,20.460022,20.460022,1,6977.210518000008
2022-10-19,put_credit_spread,0.0,0.0,0.0,1,6977.210518000008
2022-10-19,short_straddle,0.0,-6.719971,-6.719971,1,6970.490547000008
2022-10-20,put_credit_spread,0.0,0.0,0.0,1,6970.490547000008
2022-10-20,short_straddle,0.0,-6.240051,-6.240051,1,6964.250496000008
2022-10-21,put_credit_spread,482.0,0.0,482.0,1,7446.250496000008
2022-10-21,short_straddle,0.0,45.420044,45.420044,1,7491.670540000008
2022-10-24,put_credit_spread,-2.135,0.0,-2.135,1,7489.535540000008
2022-10-24,short_straddle,0.0,25.019897,25.019897,1,7514.555437000008
2022-10-25,put_credit_spread,0.0,0.0,0.0,1,7514.555437000008
2022-10-25,short_straddle,0.0,20.640015,20.640015,1,7535.195452000008
2022-10-26,put_credit_spread,0.0,0.0,0.0,1,7535.195452000008
2022-10-26,short_straddle,0.0,-0.659912,-0.659912,1,7534.535540000008
2022-10-27,put_credit_spread,0.0,0.0,0.0,1,7534.535540000008
2022-10-27,short_straddle,0.0,12.479919,12.479919,1,7547.015459000008
2022-10-28,put_credit_spread,0.0,0.0,0.0,1,7547.015459000008
2022-10-28,short_straddle,0.0,48.719971,48.719971,1,7595.735430000009
2022-10-31,put_credit_spread,0.0,0.0,0.0,1,7595.735430000009
2022-10-31,short_straddle,0.0,-6.959839,-6.959839,1,7588.775591000009
2022-11-01,put_credit_spread,0.0,0.0,0.0,1,7588.775591000009
2022-11-01,short_straddle,0.0,-6.060059,-6.060059,1,7582.715532000008
2022-11-02,put_credit_spread,262.38874999999996,0.0,262.38874999999996,2,7845.104282000008
2022-11-02,short_straddle,0.0,-30.30011,-30.30011,1,7814.804172000008
2022-11-03,put_credit_spread,0.0,0.0,0.0,1,7814.804172000008
2022-11-03,short_straddle,0.0,-8.939941,-8.939941,1,7805.864231000009
2022-11-04,put_credit_spread,0.0,0.0,0.0,1,7805.864231000009
2022-11-04,short_straddle,0.0,25.620117,25.620117,1,7831.484348000009
2022-11-07,put_credit_spread,117.5,0.0,117.5,1,7948.984348000009
2022-11-07,short_straddle,0.0,25.679993,25.679993,1,7974.664341000009
2022-11-08,put_credit_spread,0.0,0.0,0.0,1,7974.664341000009
2022-11-08,short_straddle,0.0,19.739868,19.739868,1,7994.404209000008
2022-11-09,put_credit_spread,0.0,0.0,0.0,1,7994.404209000008
2022-11-09,short_straddle,-5.73875,-39.195991,-44.934741,2,7949.469468000008
2022-11-10,put_credit_spread,0.0,0.0,0.0,1,7949.469468000008
2022-11-10,short_straddle,0.0,-0.84315,-0.84315,1,7948.626318000009
2022-11-11,put_credit_spread,0.0,0.0,0.0,1,7948.626318000009
2022-11-11,short_straddle,0.0,2.649994,2.649994,1,7951.276312000009
2022-11-14,put_credit_spread,0.0,0.0,0.0,1,7951.276312000009
2022-11-14,short_straddle,0.0,-10.100098,-10.100098,1,7941.176214000009
2022-11-15,put_credit_spread,0.0,0.0,0.0,1,7941.176214000009
2022-11-15,short_straddle,0.0,2.200012,2.200012,1,7943.376226000009
2022-11-16,put_credit_spread,108.37875,0.0,108.37875,2,8051.754976000009
2022-11-16,short_straddle,0.0,-0.699921,-0.699921,1,8051.055055000009
2022-11-17,put_credit_spread,0.0,0.0,0.0,1,8051.055055000009
2022-11-17,short_straddle,0.0,0.149994,0.149994,1,8051.205049000009
2022-11-18,put_credit_spread,32.0,0.0,32.0,1,8083.205049000009
2022-11-18,short_straddle,0.0,6.349945,6.349945,1,8089.554994000009
2022-11-21,put_credit_spread,-24.0,0.0,-24.0,1,8065.554994000009
2022-11-21,short_straddle,0.0,-1.600037,-1.600037,1,8063.954957000009
2022-11-22,put_credit_spread,0.0,0.0,0.0,1,8063.954957000009
2022-11-22,short_straddle,0.0,19.550018,19.550018,1,8083.504975000009
2022-11-23,put_credit_spread,0.0,0.0,0.0,1,8083.504975000009
2022-11-23,short_straddle,0.0,4.950104,4.950104,1,8088.4550790000085
2022-11-25,put_credit_spread,0.0,0.0,0.0,1,8088.4550790000085
2022-11-25,short_straddle,0.0,7.849884,7.849884,1,8096.304963000009
2022-11-28,put_credit_spread,0.0,0.0,0.0,1,8096.304963000009
2022-11-28,short_straddle,79.0,-36.997144,42.002856,1,8138.307819000009
2022-11-29,put_credit_spread,0.0,0.0,0.0,1,8138.307819000009
2022-11-29,short_straddle,0.0,-12.595244,-12.595244,1,8125.712575000009
2022-11-30,put_credit_spread,165.83275,0.0,165.83275,2,8291.545325000008
2022-11-30,short_straddle,0.0,38.349915,38.349915,1,8329.895240000009
2022-12-01,put_credit_spread,0.0,0.0,0.0,1,8329.895240000009
2022-12-01,short_straddle,0.0,-8.699951,-8.699951,1,8321.195289000008
2022-12-02,put_credit_spread,0.0,0.0,0.0,1,8321.195289000008
2022-12-02,short_straddle,0.0,1.649933,1.649933,1,8322.845222000009
2022-12-05,put_credit_spread,0.0,0.0,0.0,1,8322.845222000009
2022-12-05,short_straddle,0.0,-23.549957,-23.549957,1,8299.29526500001
2022-12-06,put_credit_spread,0.0,0.0,0.0,1,8299.29526500001
2022-12-06,short_straddle,0.0,-17.850037,-17.850037,1,8281.44522800001
2022-12-07,put_credit_spread,0.0,0.0,0.0,1,8281.44522800001
2022-12-07,short_straddle,-5.4955,-0.941045,-6.436545000000001,2,8275.00868300001
2022-12-08,put_credit_spread,0.0,0.0,0.0,1,8275.00868300001
2022-12-08,short_straddle,0.0,-1.01538,-1.01538,1,8273.993303000008
2022-12-09,put_credit_spread,0.0,0.0,0.0,1,8273.993303000008
2022-12-09,short_straddle,0.0,-18.539978,-18.539978,1,8255.453325000008
2022-12-12,put_credit_spread,0.0,0.0,0.0,1,8255.453325000008
2022-12-12,short_straddle,0.0,31.5,31.5,1,8286.953325000008
2022-12-13,put_credit_spread,0.0,0.0,0.0,1,8286.953325000008
2022-12-13,short_straddle,0.0,7.140015,7.140015,1,8294.093340000009
2022-12-14,put_credit_spread,0.0,0.0,0.0,1,8294.093340000009
2022-12-14,short_straddle,0.0,-9.539978,-9.539978,1,8284.553362000008
2022-12-15,put_credit_spread,0.0,0.0,0.0,1,8284.553362000008
2022-12-15,short_straddle,0.0,-44.520081,-44.520081,1,8240.033281000007
2022-12-16,put_credit_spread,0.0,0.0,0.0,1,8240.033281000007
2022-12-16,short_straddle,0.0,-22.979919,-22.979919,1,8217.053362000008
2022-12-19,put_credit_spread,0.0,0.0,0.0,1,8217.053362000008
2022-12-19,short_straddle,0.0,-9.539978,-9.539978,1,8207.513384000007
2022-12-20,put_credit_spread,0.0,0.0,0.0,1,8207.513384000007
2022-12-20,short_straddle,0.0,6.0,6.0,1,8213.513384000007
2022-12-21,put_credit_spread,0.0,0.0,0.0,1,8213.513384000007
2022-12-21,short_straddle,0.0,31.320007,31.320007,1,8244.833391000007
2022-12-22,put_credit_spread,0.0,0.0,0.0,1,8244.833391000007
2022-12-22,short_straddle,0.0,-20.039978,-20.039978,1,8224.793413000007
2022-12-23,put_credit_spread,0.0,0.0,0.0,1,8224.793413000007
2022-12-23,short_straddle,0.0,10.019897,10.019897,1,8234.813310000007
2022-12-27,put_credit_spread,0.0,0.0,0.0,1,8234.813310000007
2022-12-27,short_straddle,0.0,2.640015,2.640015,1,8237.453325000008
2022-12-28,put_credit_spread,-4.30125,0.0,-4.30125,2,8233.152075000007
2022-12-28,short_straddle,0.0,-22.799927,-22.799927,1,8210.352148000007
2022-12-29,put_credit_spread,0.0,0.0,0.0,1,8210.352148000007
2022-12-29,short_straddle,0.0,20.939941,20.939941,1,8231.292089000008
2022-12-30,put_credit_spread,-25.5,0.0,-25.5,1,8205.792089000008
2022-12-30,short_straddle,0.0,-4.380066,-4.380066,1,8201.412023000008
2023-01-03,put_credit_spread,0.0,0.0,0.0,1,8201.412023000008
2023-01-03,short_straddle,0.0,-0.659912,-0.659912,1,8200.752111000009
2023-01-04,put_credit_spread,0.0,0.0,0.0,1,8200.752111000009
2023-01-04,short_straddle,-5.41125,7.042298,1.6310479999999998,2,8202.383159000008
2023-01-05,put_credit_spread,0.0,0.0,0.0,1,8202.383159000008
2023-01-05,short_straddle,0.0,-0.98766,-0.98766,1,8201.395499000007
2023-01-06,put_credit_spread,0.0,0.0,0.0,1,8201.395499000007
2023-01-06,short_straddle,0.0,42.359985,42.359985,1,8243.755484000007
2023-01-09,put_credit_spread,0.0,0.0,0.0,1,8243.755484000007
2023-01-09,short_straddle,0.0,-5.939941,-5.939941,1,8237.815543000006
2023-01-10,put_credit_spread,0.0,0.0,0.0,1,8237.815543000006
2023-01-10,short_straddle,0.0,11.640015,11.640015,1,8249.455558000007
2023-01-11,put_credit_spread,0.0,0.0,0.0,1,8249.455558000007
2023-01-11,short_straddle,0.0,15.179993,15.179993,1,8264.635551000007
2023-01-12,put_credit_spread,0.0,0.0,0.0,1,8264.635551000007
2023-01-12,short_straddle,0.0,13.439941,13.439941,1,8278.075492000007
2023-01-13,put_credit_spread,328.39225,0.0,328.39225,2,8606.467742000008
2023-01-13,short_straddle,0.0,6.240051,6.240051,1,8612.707793000009
2023-01-17,put_credit_spread,0.0,0.0,0.0,1,8612.707793000009
2023-01-17,short_straddle,0.0,-23.280029,-23.280029,1,8589.42776400001
2023-01-18,put_credit_spread,0.0,0.0,0.0,1,8589.42776400001
2023-01-18,short_straddle,0.0,-37.140015,-37.140015,1,8552.287749000008
2023-01-19,put_credit_spread,0.0,0.0,0.0,1,8552.287749000008
2023-01-19,short_straddle,0.0,-14.039978,-14.039978,1,8538.247771000008
2023-01-20,put_credit_spread,0.0,0.0,0.0,1,8538.247771000008
2023-01-20,short_straddle,0.0,18.240051,18.240051,1,8556.487822000008
2023-01-23,put_credit_spread,0.0,0.0,0.0,1,8556.487822000008
2023-01-23,short_straddle,0.0,15.0,15.0,1,8571.487822000008
2023-01-24,put_credit_spread,0.0,0.0,0.0,1,8571.487822000008
2023-01-24,short_straddle,0.0,5.579956,5.579956,1,8577.067778000008
2023-01-25,put_credit_spread,0.0,0.0,0.0,1,8577.067778000008
2023-01-25,short_straddle,0.0,1.320007,1.320007,1,8578.387785000008
2023-01-26,put_credit_spread,0.0,0.0,0.0,1,8578.387785000008
2023-01-26,short_straddle,0.0,12.239868,12.239868,1,8590.627653000009
2023-01-27,put_credit_spread,0.0,0.0,0.0,1,8590.627653000009
2023-01-27,short_straddle,0.0,1.5,1.5,1,8592.127653000009
2023-01-30,put_credit_spread,0.0,0.0,0.0,1,8592.127653000009
2023-01-30,short_straddle,0.0,-15.299927,-15.299927,1,8576.827726000009
2023-01-31,put_credit_spread,0.0,0.0,0.0,1,8576.827726000009
2023-01-31,short_straddle,0.0,22.619934,22.619934,1,8599.447660000009
2023-02-01,put_credit_spread,0.0,0.0,0.0,1,8599.447660000009
2023-02-01,short_straddle,-5.2575,-0.782559,-6.040058999999999,2,8593.407601000008
2023-02-02,put_credit_spread,0.0,0.0,0.0,1,8593.407601000008
2023-02-02,short_straddle,0.0,-0.68086,-0.68086,1,8592.726741000008
2023-02-03,put_credit_spread,0.0,0.0,0.0,1,8592.726741000008
2023-02-03,short_straddle,0.0,-5.799927,-5.799927,1,8586.926814000008
2023-02-06,put_credit_spread,0.0,0.0,0.0,1,8586.926814000008
2023-02-06,short_straddle,0.0,-2.0,-2.0,1,8584.926814000008
2023-02-07,put_credit_spread,0.0,0.0,0.0,1,8584.926814000008
2023-02-07,short_straddle,0.0,12.159912,12.159912,1,8597.086726000007
2023-02-08,put_credit_spread,0.0,0.0,0.0,1,8597.086726000007
2023-02-08,short_straddle,0.0,-8.399902,-8.399902,1,8588.686824000008
2023-02-09,put_credit_spread,0.0,0.0,0.0,1,8588.686824000008
2023-02-09,short_straddle,0.0,-9.360107,-9.360107,1,8579.326717000007
2023-02-10,put_credit_spread,196.85725,0.0,196.85725,2,8776.183967000006
2023-02-10,short_straddle,0.0,6.600098,6.600098,1,8782.784065000007
2023-02-13,put_credit_spread,-24.0,0.0,-24.0,1,8758.784065000007
2023-02-13,short_straddle,0.0,15.279907,15.279907,1,8774.063972000007
2023-02-14,put_credit_spread,0.0,0.0,0.0,1,8774.063972000007
2023-02-14,short_straddle,0.0,-5.639893,-5.639893,1,8768.424079000008
2023-02-15,put_credit_spread,0.0,0.0,0.0,1,8768.424079000008
2023-02-15,short_straddle,0.0,2.079956,2.079956,1,8770.504035000007
2023-02-16,put_credit_spread,0.0,0.0,0.0,1,8770.504035000007
2023-02-16,short_straddle,0.0,-17.079956,-17.079956,1,8753.424079000008
2023-02-17,put_credit_spread,0.0,0.0,0.0,1,8753.424079000008
2023-02-17,short_straddle,0.0,3.599976,3.599976,1,8757.024055000007
2023-02-21,put_credit_spread,0.0,0.0,0.0,1,8757.024055000007
2023-02-21,short_straddle,0.0,-28.160034,-28.160034,1,8728.864021000007
2023-02-22,put_credit_spread,12.0,0.0,12.0,1,8740.864021000007
2023-02-22,short_straddle,0.0,-2.920044,-2.920044,1,8737.943977000006
2023-02-23,put_credit_spread,0.0,0.0,0.0,1,8737.943977000006
2023-02-23,short_straddle,0.0,4.600098,4.600098,1,8742.544075000007
2023-02-24,put_credit_spread,-18.5,0.0,-18.5,1,8724.044075000007
2023-02-24,short_straddle,0.0,-14.200073,-14.200073,1,8709.844002000007
2023-02-27,put_credit_spread,0.0,0.0,0.0,1,8709.844002000007
2023-02-27,short_straddle,0.0,3.76001,3.76001,1,8713.604012000007
2023-02-28,put_credit_spread,0.0,0.0,0.0,1,8713.604012000007
2023-02-28,short_straddle,0.0,-9.959961,-9.959961,1,8703.644051000007
2023-03-01,put_credit_spread,0.0,0.0,0.0,1,8703.644051000007
2023-03-01,short_straddle,-5.21,1.065971,-4.144029,2,8699.500022000007
2023-03-02,put_credit_spread,0.0,0.0,0.0,1,8699.500022000007
2023-03-02,short_straddle,0.0,-1.15654,-1.15654,1,8698.343482000007
2023-03-03,put_credit_spread,0.0,0.0,0.0,1,8698.343482000007
2023-03-03,short_straddle,0.0,26.389923,26.389923,1,8724.733405000008
2023-03-06,put_credit_spread,0.0,0.0,0.0,1,8724.733405000008
2023-03-06,short_straddle,0.0,3.290009,3.290009,1,8728.023414000008
2023-03-07,put_credit_spread,0.0,0.0,0.0,1,8728.023414000008
2023-03-07,short_straddle,0.0,-40.669983,-40.669983,1,8687.353431000009
2023-03-08,put_credit_spread,-4.2905,0.0,-4.2905,2,8683.06293100001
2023-03-08,short_straddle,0.0,-2.660034,-2.660034,1,8680.402897000009
2023-03-09,put_credit_spread,0.0,0.0,0.0,1,8680.402897000009
2023-03-09,short_straddle,0.0,-37.870026,-37.870026,1,8642.532871000009
2023-03-10,put_credit_spread,0.0,0.0,0.0,1,8642.532871000009
2023-03-10,short_straddle,0.0,-23.449829,-23.449829,1,8619.08304200001
2023-03-13,put_credit_spread,0.0,0.0,0.0,1,8619.08304200001
2023-03-13,short_straddle,0.0,-6.370026,-6.370026,1,8612.713016000009
2023-03-14,put_credit_spread,0.0,0.0,0.0,1,8612.713016000009
2023-03-14,short_straddle,0.0,23.589966,23.589966,1,8636.302982000008
2023-03-15,put_credit_spread,0.0,0.0,0.0,1,8636.302982000008
2023-03-15,short_straddle,0.0,-18.549957,-18.549957,1,8617.753025000009
2023-03-16,put_credit_spread,0.0,0.0,0.0,1,8617.753025000009
2023-03-16,short_straddle,0.0,25.96994,25.96994,1,8643.72296500001
2023-03-17,put_credit_spread,0.0,0.0,0.0,1,8643.72296500001
2023-03-17,short_straddle,0.0,-33.25,-33.25,1,8610.47296500001
2023-03-20,put_credit_spread,0.0,0.0,0.0,1,8610.47296500001
2023-03-20,short_straddle,0.0,26.599915,26.599915,1,8637.07288000001
2023-03-21,put_credit_spread,0.0,0.0,0.0,1,8637.07288000001
2023-03-21,short_straddle,0.0,23.240051,23.240051,1,8660.312931000011
2023-03-22,put_credit_spread,0.0,0.0,0.0,1,8660.312931000011
2023-03-22,short_straddle,0.0,-38.080017,-38.080017,1,8622.232914000011
2023-03-23,put_credit_spread,0.0,0.0,0.0,1,8622.232914000011
2023-03-23,short_straddle,0.0,4.620026,4.620026,1,8626.852940000012
2023-03-24,put_credit_spread,-17.5,0.0,-17.5,1,8609.352940000012
2023-03-24,short_straddle,0.0,10.360077,10.360077,1,8619.713017000011
2023-03-27,put_credit_spread,0.0,0.0,0.0,1,8619.713017000011
2023-03-27,short_straddle,0.0,13.929932,13.929932,1,8633.64294900001
2023-03-28,put_credit_spread,0.0,0.0,0.0,1,8633.64294900001
2023-03-28,short_straddle,0.0,-3.5,-3.5,1,8630.14294900001
2023-03-29,put_credit_spread,0.0,0.0,0.0,1,8630.14294900001
2023-03-29,short_straddle,-5.2524999999999995,21.745143,16.492643,2,8646.63559200001
2023-03-30,put_credit_spread,0.0,0.0,0.0,1,8646.63559200001
2023-03-30,short_straddle,0.0,-1.14968,-1.14968,1,8645.48591200001
2023-03-31,put_credit_spread,0.0,0.0,0.0,1,8645.48591200001
2023-03-31,short_straddle,0.0,28.979889,28.979889,1,8674.46580100001
2023-04-03,put_credit_spread,0.0,0.0,0.0,1,8674.46580100001
2023-04-03,short_straddle,0.0,23.03006,23.03006,1,8697.495861000009
2023-04-04,put_credit_spread,0.0,0.0,0.0,1,8697.495861000009
2023-04-04,short_straddle,0.0,-13.790009,-13.790009,1,8683.705852000008
2023-04-05,put_credit_spread,0.0,0.0,0.0,1,8683.705852000008
2023-04-05,short_straddle,0.0,6.160034,6.160034,1,8689.865886000009
2023-04-06,put_credit_spread,280.5,0.0,280.5,1,8970.365886000009
2023-04-06,short_straddle,0.0,0.559906,0.559906,1,8970.92579200001
2023-04-10,put_credit_spread,-2.0845,0.0,-2.0845,1,8968.841292000008
2023-04-10,short_straddle,0.0,7.419983,7.419983,1,8976.261275000008
2023-04-11,put_credit_spread,0.0,0.0,0.0,1,8976.261275000008
2023-04-11,short_straddle,0.0,6.580017,6.580017,1,8982.841292000008
2023-04-12,put_credit_spread,0.0,0.0,0.0,1,8982.841292000008
2023-04-12,short_straddle,0.0,-2.03006,-2.03006,1,8980.81123200001
2023-04-13,put_credit_spread,0.0,0.0,0.0,1,8980.81123200001
2023-04-13,short_straddle,0.0,26.320068,26.320068,1,9007.13130000001
2023-04-14,put_credit_spread,0.0,0.0,0.0,1,9007.13130000001
2023-04-14,short_straddle,0.0,-10.709991,-10.709991,1,8996.42130900001
2023-04-17,put_credit_spread,0.0,0.0,0.0,1,8996.42130900001
2023-04-17,short_straddle,0.0,7.56012,7.56012,1,9003.98142900001
2023-04-18,put_credit_spread,0.0,0.0,0.0,1,9003.98142900001
2023-04-18,short_straddle,0.0,-0.840179,-0.840179,1,9003.14125000001
2023-04-19,put_credit_spread,0.0,0.0,0.0,1,9003.14125000001
2023-04-19,short_straddle,0.0,-5.669983,-5.669983,1,8997.47126700001
2023-04-20,put_credit_spread,0.0,0.0,0.0,1,8997.47126700001
2023-04-20,short_straddle,0.0,-7.279846,-7.279846,1,8990.19142100001
2023-04-21,put_credit_spread,0.0,0.0,0.0,1,8990.19142100001
2023-04-21,short_straddle,0.0,1.119812,1.119812,1,8991.311233000011
2023-04-24,put_credit_spread,0.0,0.0,0.0,1,8991.311233000011
2023-04-24,short_straddle,0.0,4.480103,4.480103,1,8995.791336000011
2023-04-25,put_credit_spread,0.0,0.0,0.0,1,8995.791336000011
2023-04-25,short_straddle,0.0,-23.940094,-23.940094,1,8971.851242000012
2023-04-26,put_credit_spread,0.0,0.0,0.0,1,8971.851242000012
2023-04-26,short_straddle,-5.19375,-17.825146,-23.018895999999998,2,8948.832346000012
2023-04-27,put_credit_spread,0.0,0.0,0.0,1,8948.832346000012
2023-04-27,short_straddle,0.0,-1.0146,-1.0146,1,8947.817746000012
2023-04-28,put_credit_spread,0.0,0.0,0.0,1,8947.817746000012
2023-04-28,short_straddle,0.0,16.979919,16.979919,1,8964.797665000011
2023-05-01,put_credit_spread,0.0,0.0,0.0,1,8964.797665000011
2023-05-01,short_straddle,0.0,-4.020081,-4.020081,1,8960.77758400001
2023-05-02,put_credit_spread,0.0,0.0,0.0,1,8960.77758400001
2023-05-02,short_straddle,0.0,-20.939941,-20.939941,1,8939.83764300001
2023-05-03,put_credit_spread,0.0,0.0,0.0,1,8939.83764300001
2023-05-03,short_straddle,0.0,-16.560059,-16.560059,1,8923.27758400001
2023-05-04,put_credit_spread,0.0,0.0,0.0,1,8923.27758400001
2023-05-04,short_straddle,0.0,-16.679993,-16.679993,1,8906.59759100001
2023-05-05,put_credit_spread,164.912,0.0,164.912,2,9071.509591000011
2023-05-05,short_straddle,0.0,32.400146,32.400146,1,9103.90973700001
2023-05-08,put_credit_spread,0.0,0.0,0.0,1,9103.90973700001
2023-05-08,short_straddle,0.0,-3.060059,-3.060059,1,9100.849678000011
2023-05-09,put_credit_spread,0.0,0.0,0.0,1,9100.849678000011
2023-05-09,short_straddle,0.0,-2.700073,-2.700073,1,9098.149605000011
2023-05-10,put_credit_spread,0.0,0.0,0.0,1,9098.149605000011
2023-05-10,short_straddle,0.0,-1.679993,-1.679993,1,9096.469612000012
2023-05-11,put_credit_spread,0.0,0.0,0.0,1,9096.469612000012
2023-05-11,short_straddle,0.0,-12.960022,-12.960022,1,9083.509590000012
2023-05-12,put_credit_spread,0.0,0.0,0.0,1,9083.509590000012
2023-05-12,short_straddle,542.5,-2.112646,540.387354,1,9623.896944000013
2023-05-15,put_credit_spread,0.0,0.0,0.0,1,9623.896944000013
2023-05-15,short_straddle,0.0,-2.475034,-2.475034,1,9621.421910000014
2023-05-16,put_credit_spread,0.0,0.0,0.0,1,9621.421910000014
2023-05-16,short_straddle,0.0,-20.519897,-20.519897,1,9600.902013000014
2023-05-17,put_credit_spread,0.0,0.0,0.0,1,9600.902013000014
2023-05-17,short_straddle,0.0,25.559875,25.559875,1,9626.461888000014
2023-05-18,put_credit_spread,0.0,0.0,0.0,1,9626.461888000014
2023-05-18,short_straddle,0.0,8.700073,8.700073,1,9635.161961000014
2023-05-19,put_credit_spread,0.0,0.0,0.0,1,9635.161961000014
2023-05-19,short_straddle,0.0,-11.219971,-11.219971,1,9623.941990000014
2023-05-22,put_credit_spread,0.0,0.0,0.0,1,9623.941990000014
2023-05-22,short_straddle,0.0,-7.740051,-7.740051,1,9616.201939000013
2023-05-23,put_credit_spread,0.0,0.0,0.0,1,9616.201939000013
2023-05-23,short_straddle,0.0,-13.740051,-13.740051,1,9602.461888000013
2023-05-24,put_credit_spread,0.0,0.0,0.0,1,9602.461888000013
2023-05-24,short_straddle,-4.904999999999999,-16.583884,-21.488884000000002,2,9580.973004000012
2023-05-25,put_credit_spread,0.0,0.0,0.0,1,9580.973004000012
2023-05-25,short_straddle,0.0,-0.98325,-0.98325,1,9579.989754000013
2023-05-26,put_credit_spread,0.0,0.0,0.0,1,9579.989754000013
2023-05-26,short_straddle,0.0,18.539978,18.539978,1,9598.529732000014
2023-05-30,put_credit_spread,0.0,0.0,0.0,1,9598.529732000014
2023-05-30,short_straddle,0.0,-1.920044,-1.920044,1,9596.609688000013
2023-05-31,put_credit_spread,-4.2,0.0,-4.2,2,9592.409688000012
2023-05-31,short_straddle,0.0,-6.0,-6.0,1,9586.409688000012
2023-06-01,put_credit_spread,0.0,0.0,0.0,1,9586.409688000012
2023-06-01,short_straddle,0.0,8.520081,8.520081,1,9594.929769000013
2023-06-02,put_credit_spread,0.0,0.0,0.0,1,9594.929769000013
2023-06-02,short_straddle,0.0,42.780029,42.780029,1,9637.709798000013
2023-06-05,put_credit_spread,0.0,0.0,0.0,1,9637.709798000013
2023-06-05,short_straddle,0.0,-11.640015,-11.640015,1,9626.069783000012
2023-06-06,put_credit_spread,0.0,0.0,0.0,1,9626.069783000012
2023-06-06,short_straddle,0.0,0.240051,0.240051,1,9626.309834000012
2023-06-07,put_credit_spread,0.0,0.0,0.0,1,9626.309834000012
2023-06-07,short_straddle,0.0,6.0,6.0,1,9632.309834000012
2023-06-08,put_credit_spread,0.0,0.0,0.0,1,9632.309834000012
2023-06-08,short_straddle,0.0,9.839905,9.839905,1,9642.149739000013
2023-06-09,put_credit_spread,0.0,0.0,0.0,1,9642.149739000013
2023-06-09,short_straddle,0.0,2.759949,2.759949,1,9644.909688000012
2023-06-12,put_credit_spread,0.0,0.0,0.0,1,9644.909688000012
2023-06-12,short_straddle,0.0,11.400146,11.400146,1,9656.309834000012
2023-06-13,put_credit_spread,0.0,0.0,0.0,1,9656.309834000012
2023-06-13,short_straddle,0.0,8.69989,8.69989,1,9665.009724000012
2023-06-14,put_credit_spread,0.0,0.0,0.0,1,9665.009724000012
2023-06-14,short_straddle,0.0,-13.19989,-13.19989,1,9651.809834000012
2023-06-15,put_credit_spread,0.0,0.0,0.0,1,9651.809834000012
2023-06-15,short_straddle,0.0,26.099854,26.099854,1,9677.909688000012
2023-06-16,put_credit_spread,0.0,0.0,0.0,1,9677.909688000012
2023-06-16,short_straddle,0.0,-10.919861,-10.919861,1,9666.989827000012
2023-06-20,put_credit_spread,0.0,0.0,0.0,1,9666.989827000012
2023-06-20,short_straddle,0.0,-14.940125,-14.940125,1,9652.049702000013
2023-06-21,put_credit_spread,0.0,0.0,0.0,1,9652.049702000013
2023-06-21,short_straddle,-5.02125,-7.198283,-12.219533,2,9639.830169000013
2023-06-22,put_credit_spread,0.0,0.0,0.0,1,9639.830169000013
2023-06-22,short_straddle,0.0,-2.37538,-2.37538,1,9637.454789000014
2023-06-23,put_credit_spread,0.0,0.0,0.0,1,9637.454789000014
2023-06-23,short_straddle,0.0,-30.519897,-30.519897,1,9606.934892000014
2023-06-26,put_credit_spread,0.0,0.0,0.0,1,9606.934892000014
2023-06-26,short_straddle,0.0,-0.279846,-0.279846,1,9606.655046000014
2023-06-27,put_credit_spread,0.0,0.0,0.0,1,9606.655046000014
2023-06-27,short_straddle,0.0,29.259949,29.259949,1,9635.914995000014
2023-06-28,put_credit_spread,0.0,0.0,0.0,1,9635.914995000014
2023-06-28,short_straddle,0.0,-8.400085,-8.400085,1,9627.514910000014
2023-06-29,put_credit_spread,0.0,0.0,0.0,1,9627.514910000014
2023-06-29,short_straddle,0.0,35.419983,35.419983,1,9662.934893000014
2023-06-30,put_credit_spread,219.9615,0.0,219.9615,2,9882.896393000014
2023-06-30,short_straddle,0.0,37.660034,37.660034,1,9920.556427000014
2023-07-03,put_credit_spread,0.0,0.0,0.0,1,9920.556427000014
2023-07-03,short_straddle,0.0,3.080017,3.080017,1,9923.636444000014
2023-07-05,put_credit_spread,0.0,0.0,0.0,1,9923.636444000014
2023-07-05,short_straddle,0.0,-17.640137,-17.640137,1,9905.996307000014
2023-07-06,put_credit_spread,0.0,0.0,0.0,1,9905.996307000014
2023-07-06,short_straddle,0.0,-50.119812,-50.119812,1,9855.876495000013
2023-07-07,put_credit_spread,0.0,0.0,0.0,1,9855.876495000013
2023-07-07,short_straddle,0.0,-25.200256,-25.200256,1,9830.676239000013
2023-07-10,put_credit_spread,0.0,0.0,0.0,1,9830.676239000013
2023-07-10,short_straddle,0.0,30.099915,30.099915,1,9860.776154000014
2023-07-11,put_credit_spread,0.0,0.0,0.0,1,9860.776154000014
2023-07-11,short_straddle,0.0,42.840393,42.840393,1,9903.616547000014
2023-07-12,put_credit_spread,12.5,0.0,12.5,1,9916.116547000014
2023-07-12,short_straddle,0.0,13.859863,13.859863,1,9929.976410000014
2023-07-13,put_credit_spread,0.0,0.0,0.0,1,9929.976410000014
2023-07-13,short_straddle,0.0,4.06012,4.06012,1,9934.036530000014
2023-07-14,put_credit_spread,0.0,0.0,0.0,1,9934.036530000014
2023-07-14,short_straddle,0.0,17.5,17.5,1,9951.536530000014
2023-07-17,put_credit_spread,0.0,0.0,0.0,1,9951.536530000014
2023-07-17,short_straddle,0.0,9.519897,9.519897,1,9961.056427000014
2023-07-18,put_credit_spread,0.0,0.0,0.0,1,9961.056427000014
2023-07-18,short_straddle,0.0,52.219727,52.219727,1,10013.276154000014
2023-07-19,put_credit_spread,0.0,0.0,0.0,1,10013.276154000014
2023-07-19,short_straddle,-4.883749999999999,13.085392,8.201642,2,10021.477796000014
2023-07-20,put_credit_spread,0.0,0.0,0.0,1,10021.477796000014
2023-07-20,short_straddle,0.0,-0.881075,-0.881075,1,10020.596721000014
2023-07-21,put_credit_spread,0.0,0.0,0.0,1,10020.596721000014
2023-07-21,short_straddle,0.0,-1.44989,-1.44989,1,10019.146831000015
2023-07-24,put_credit_spread,0.0,0.0,0.0,1,10019.146831000015
2023-07-24,short_straddle,0.0,9.649963,9.649963,1,10028.796794000014
2023-07-25,put_credit_spread,0.0,0.0,0.0,1,10028.796794000014
2023-07-25,short_straddle,0.0,1.25,1.25,1,10030.046794000014
2023-07-26,put_credit_spread,0.0,0.0,0.0,1,10030.046794000014
2023-07-26,short_straddle,0.0,4.649963,4.649963,1,10034.696757000014
2023-07-27,put_credit_spread,0.0,0.0,0.0,1,10034.696757000014
2023-07-27,short_straddle,0.0,-12.400055,-12.400055,1,10022.296702000014
2023-07-28,put_credit_spread,60.45975,0.0,60.45975,2,10082.756452000014
2023-07-28,short_straddle,0.0,8.55011,8.55011,1,10091.306562000014
2023-07-31,put_credit_spread,0.0,0.0,0.0,1,10091.306562000014
2023-07-31,short_straddle,0.0,5.449982,5.449982,1,10096.756544000014
2023-08-01,put_credit_spread,0.0,0.0,0.0,1,10096.756544000014
2023-08-01,short_straddle,0.0,3.150024,3.150024,1,10099.906568000015
2023-08-02,put_credit_spread,0.0,0.0,0.0,1,10099.906568000015
2023-08-02,short_straddle,0.0,-17.30011,-17.30011,1,10082.606458000015
2023-08-03,put_credit_spread,0.0,0.0,0.0,1,10082.606458000015
2023-08-03,short_straddle,0.0,-3.75,-3.75,1,10078.856458000015
2023-08-04,put_credit_spread,0.0,0.0,0.0,1,10078.856458000015
2023-08-04,short_straddle,230.0,-7.401282,222.598718,1,10301.455176000014
2023-08-07,put_credit_spread,0.0,0.0,0.0,1,10301.455176000014
2023-08-07,short_straddle,0.0,3.260761,3.260761,1,10304.715937000014
2023-08-08,put_credit_spread,0.0,0.0,0.0,1,10304.715937000014
2023-08-08,short_straddle,0.0,-8.000031,-8.000031,1,10296.715906000014
2023-08-09,put_credit_spread,0.0,0.0,0.0,1,10296.715906000014
2023-08-09,short_straddle,0.0,-8.699951,-8.699951,1,10288.015955000013
2023-08-10,put_credit_spread,0.0,0.0,0.0,1,10288.015955000013
2023-08-10,short_straddle,0.0,3.050079,3.050079,1,10291.066034000014
2023-08-11,put_credit_spread,0.0,0.0,0.0,1,10291.066034000014
2023-08-11,short_straddle,0.0,5.549927,5.549927,1,10296.615961000014
2023-08-14,put_credit_spread,0.0,0.0,0.0,1,10296.615961000014
2023-08-14,short_straddle,0.0,1.049957,1.049957,1,10297.665918000013
2023-08-15,put_credit_spread,0.0,0.0,0.0,1,10297.665918000013
2023-08-15,short_straddle,0.0,-18.000031,-18.000031,1,10279.665887000014
2023-08-16,put_credit_spread,0.0,0.0,0.0,1,10279.665887000014
2023-08-16,short_straddle,-4.855,-10.069407,-14.924406999999999,2,10264.741480000013
2023-08-17,put_credit_spread,0.0,0.0,0.0,1,10264.741480000013
2023-08-17,short_straddle,0.0,-0.86265,-0.86265,1,10263.878830000014
2023-08-18,put_credit_spread,0.0,0.0,0.0,1,10263.878830000014
2023-08-18,short_straddle,0.0,0.299988,0.299988,1,10264.178818000015
2023-08-21,put_credit_spread,0.0,0.0,0.0,1,10264.178818000015
2023-08-21,short_straddle,0.0,-2.249908,-2.249908,1,10261.928910000015
2023-08-22,put_credit_spread,0.0,0.0,0.0,1,10261.928910000015
2023-08-22,short_straddle,0.0,-8.55011,-8.55011,1,10253.378800000015
2023-08-23,put_credit_spread,-4.122,0.0,-4.122,2,10249.256800000016
2023-08-23,short_straddle,0.0,9.349976,9.349976,1,10258.606776000015
2023-08-24,put_credit_spread,0.0,0.0,0.0,1,10258.606776000015
2023-08-24,short_straddle,0.0,-18.999939,-18.999939,1,10239.606837000016
2023-08-25,put_credit_spread,-6.5,0.0,-6.5,1,10233.106837000016
2023-08-25,short_straddle,0.0,12.350006,12.350006,1,10245.456843000016
2023-08-28,put_credit_spread,-27.0,0.0,-27.0,1,10218.456843000016
2023-08-28,short_straddle,0.0,11.049957,11.049957,1,10229.506800000016
2023-08-29,put_credit_spread,0.0,0.0,0.0,1,10229.506800000016
2023-08-29,short_straddle,0.0,14.550018,14.550018,1,10244.056818000015
2023-08-30,put_credit_spread,0.0,0.0,0.0,1,10244.056818000015
2023-08-30,short_straddle,0.0,3.899994,3.899994,1,10247.956812000015
2023-08-31,put_credit_spread,0.0,0.0,0.0,1,10247.956812000015
2023-08-31,short_straddle,0.0,-7.949982,-7.949982,1,10240.006830000015
2023-09-01,put_credit_spread,0.0,0.0,0.0,1,10240.006830000015
2023-09-01,short_straddle,0.0,5.850067,5.850067,1,10245.856897000014
2023-09-05,put_credit_spread,0.0,0.0,0.0,1,10245.856897000014
2023-09-05,short_straddle,0.0,-10.0,-10.0,1,10235.856897000014
2023-09-06,put_credit_spread,126.0,0.0,126.0,1,10361.856897000014
2023-09-06,short_straddle,0.0,-9.900055,-9.900055,1,10351.956842000014
2023-09-07,put_credit_spread,0.0,0.0,0.0,1,10351.956842000014
2023-09-07,short_straddle,0.0,3.450012,3.450012,1,10355.406854000013
2023-09-08,put_credit_spread,0.0,0.0,0.0,1,10355.406854000013
2023-09-08,short_straddle,0.0,4.100037,4.100037,1,10359.506891000014
2023-09-11,put_credit_spread,0.0,0.0,0.0,1,10359.506891000014
2023-09-11,short_straddle,0.0,4.299927,4.299927,1,10363.806818000014
2023-09-12,put_credit_spread,0.0,0.0,0.0,1,10363.806818000014
2023-09-12,short_straddle,0.0,-0.800018,-0.800018,1,10363.006800000014
2023-09-13,put_credit_spread,0.0,0.0,0.0,1,10363.006800000014
2023-09-13,short_straddle,-4.9325,-4.166393,-9.098893,2,10353.907907000013
2023-09-14,put_credit_spread,0.0,0.0,0.0,1,10353.907907000013
2023-09-14,short_straddle,0.0,-0.52491,-0.52491,1,10353.382997000013
2023-09-15,put_credit_spread,0.0,0.0,0.0,1,10353.382997000013
2023-09-15,short_straddle,0.0,-11.399963,-11.399963,1,10341.983034000014
2023-09-18,put_credit_spread,0.0,0.0,0.0,1,10341.983034000014
2023-09-18,short_straddle,0.0,0.029938,0.029938,1,10342.012972000013
2023-09-19,put_credit_spread,0.0,0.0,0.0,1,10342.012972000013
2023-09-19,short_straddle,0.0,-3.23996,-3.23996,1,10338.773012000012
2023-09-20,put_credit_spread,0.0,0.0,0.0,1,10338.773012000012
2023-09-20,short_straddle,0.0,-2.25,-2.25,1,10336.523012000012
2023-09-21,put_credit_spread,0.0,0.0,0.0,1,10336.523012000012
2023-09-21,short_straddle,0.0,-11.220062,-11.220062,1,10325.302950000012
2023-09-22,put_credit_spread,66.92375,0.0,66.92375,2,10392.226700000012
2023-09-22,short_straddle,0.0,-3.0,-3.0,1,10389.226700000012
2023-09-25,put_credit_spread,16.0,0.0,16.0,1,10405.226700000012
2023-09-25,short_straddle,0.0,1.200073,1.200073,1,10406.426773000012
2023-09-26,put_credit_spread,0.0,0.0,0.0,1,10406.426773000012
2023-09-26,short_straddle,0.0,-11.820007,-11.820007,1,10394.606766000012
2023-09-27,put_credit_spread,0.0,0.0,0.0,1,10394.606766000012
2023-09-27,short_straddle,0.0,-1.830048,-1.830048,1,10392.776718000012
2023-09-28,put_credit_spread,0.0,0.0,0.0,1,10392.776718000012
2023-09-28,short_straddle,0.0,3.570007,3.570007,1,10396.346725000012
2023-09-29,put_credit_spread,0.0,0.0,0.0,1,10396.346725000012
2023-09-29,short_straddle,0.0,-5.009949,-5.009949,1,10391.336776000013
2023-10-02,put_credit_spread,0.0,0.0,0.0,1,10391.336776000013
2023-10-02,short_straddle,0.0,-2.580048,-2.580048,1,10388.756728000013
2023-10-03,put_credit_spread,0.0,0.0,0.0,1,10388.756728000013
2023-10-03,short_straddle,0.0,-12.329956,-12.329956,1,10376.426772000013
2023-10-04,put_credit_spread,37.0,0.0,37.0,1,10413.426772000013
2023-10-04,short_straddle,0.0,3.029938,3.029938,1,10416.456710000013
2023-10-05,put_credit_spread,0.0,0.0,0.0,1,10416.456710000013
2023-10-05,short_straddle,0.0,0.54007,0.54007,1,10416.996780000012
2023-10-06,put_credit_spread,-56.5,0.0,-56.5,1,10360.496780000012
2023-10-06,short_straddle,0.0,8.789978,8.789978,1,10369.286758000013
2023-10-09,put_credit_spread,0.0,0.0,0.0,1,10369.286758000013
2023-10-09,short_straddle,0.0,5.969971,5.969971,1,10375.256729000013
2023-10-10,put_credit_spread,0.0,0.0,0.0,1,10375.256729000013
2023-10-10,short_straddle,0.0,4.080048,4.080048,1,10379.336777000013
2023-10-11,put_credit_spread,0.0,0.0,0.0,1,10379.336777000013
2023-10-11,short_straddle,-4.89875,1.232915,-3.665835,2,10375.670942000013
2023-10-12,put_credit_spread,0.0,0.0,0.0,1,10375.670942000013
2023-10-12,short_straddle,0.0,-2.01762,-2.01762,1,10373.653322000013
2023-10-13,put_credit_spread,0.0,0.0,0.0,1,10373.653322000013
2023-10-13,short_straddle,0.0,4.920044,4.920044,1,10378.573366000013
2023-10-16,put_credit_spread,0.0,0.0,0.0,1,10378.573366000013
2023-10-16,short_straddle,0.0,38.520264,38.520264,1,10417.093630000014
2023-10-17,put_credit_spread,0.0,0.0,0.0,1,10417.093630000014
2023-10-17,short_straddle,0.0,1.199707,1.199707,1,10418.293337000014
2023-10-18,put_credit_spread,0.0,0.0,0.0,1,10418.293337000014
2023-10-18,short_straddle,0.0,-40.319824,-40.319824,1,10377.973513000014
2023-10-19,put_credit_spread,0.0,0.0,0.0,1,10377.973513000014
2023-10-19,short_straddle,0.0,-30.120117,-30.120117,1,10347.853396000013
2023-10-20,put_credit_spread,-29.202256,0.0,-29.202256,2,10318.651140000013
2023-10-20,short_straddle,0.0,-35.159912,-35.159912,1,10283.491228000014
2023-10-23,put_credit_spread,-17.0,0.0,-17.0,1,10266.491228000014
2023-10-23,short_straddle,0.0,-22.439941,-22.439941,1,10244.051287000013
2023-10-24,put_credit_spread,0.0,0.0,0.0,1,10244.051287000013
2023-10-24,short_straddle,0.0,25.439941,25.439941,1,10269.491228000014
2023-10-25,put_credit_spread,0.0,0.0,0.0,1,10269.491228000014
2023-10-25,short_straddle,0.0,-13.079956,-13.079956,1,10256.411272000014
2023-10-26,put_credit_spread,0.0,0.0,0.0,1,10256.411272000014
2023-10-26,short_straddle,0.0,-30.359985,-30.359985,1,10226.051287000015
2023-10-27,put_credit_spread,0.0,0.0,0.0,1,10226.051287000015
2023-10-27,short_straddle,0.0,-43.560059,-43.560059,1,10182.491228000015
2023-10-30,put_credit_spread,0.0,0.0,0.0,1,10182.491228000015
2023-10-30,short_straddle,0.0,60.480103,60.480103,1,10242.971331000015
2023-10-31,put_credit_spread,0.0,0.0,0.0,1,10242.971331000015
2023-10-31,short_straddle,0.0,15.0,15.0,1,10257.971331000015
2023-11-01,put_credit_spread,0.0,0.0,0.0,1,10257.971331000015
2023-11-01,short_straddle,0.0,26.39978,26.39978,1,10284.371111000015
2023-11-02,put_credit_spread,0.0,0.0,0.0,1,10284.371111000015
2023-11-02,short_straddle,0.0,68.520264,68.520264,1,10352.891375000016
2023-11-03,put_credit_spread,0.0,0.0,0.0,1,10352.891375000016
2023-11-03,short_straddle,0.0,26.639648,26.639648,1,10379.531023000016
2023-11-06,put_credit_spread,0.0,0.0,0.0,1,10379.531023000016
2023-11-06,short_straddle,0.0,5.160278,5.160278,1,10384.691301000015
2023-11-07,put_credit_spread,0.0,0.0,0.0,1,10384.691301000015
2023-11-07,short_straddle,0.0,6.0,6.0,1,10390.691301000015
2023-11-08,put_credit_spread,0.0,0.0,0.0,1,10390.691301000015
2023-11-08,short_straddle,-4.91875,-7.086881,-12.005631,2,10378.685670000015
2023-11-09,put_credit_spread,0.0,0.0,0.0,1,10378.685670000015
2023-11-09,short_straddle,0.0,-1.01733,-1.01733,1,10377.668340000015
2023-11-10,put_credit_spread,0.0,0.0,0.0,1,10377.668340000015
2023-11-10,short_straddle,0.0,23.400146,23.400146,1,10401.068486000015
2023-11-13,put_credit_spread,0.0,0.0,0.0,1,10401.068486000015
2023-11-13,short_straddle,0.0,3.359985,3.359985,1,10404.428471000014
2023-11-14,put_credit_spread,0.0,0.0,0.0,1,10404.428471000014
2023-11-14,short_straddle,0.0,29.100037,29.100037,1,10433.528508000014
2023-11-15,put_credit_spread,0.0,0.0,0.0,1,10433.528508000014
2023-11-15,short_straddle,0.0,11.099854,11.099854,1,10444.628362000014
2023-11-16,put_credit_spread,0.0,0.0,0.0,1,10444.628362000014
2023-11-16,short_straddle,0.0,-1.5,-1.5,1,10443.128362000014
2023-11-17,put_credit_spread,236.96225,0.0,236.96225,2,10680.090612000015
2023-11-17,short_straddle,0.0,-3.539978,-3.539978,1,10676.550634000014
2023-11-20,put_credit_spread,0.0,0.0,0.0,1,10676.550634000014
2023-11-20,short_straddle,0.0,12.539978,12.539978,1,10689.090612000015
2023-11-21,put_credit_spread,0.0,0.0,0.0,1,10689.090612000015
2023-11-21,short_straddle,0.0,-4.19989,-4.19989,1,10684.890722000015
2023-11-22,put_credit_spread,0.0,0.0,0.0,1,10684.890722000015
2023-11-22,short_straddle,0.0,10.439941,10.439941,1,10695.330663000015
2023-11-24,put_credit_spread,0.0,0.0,0.0,1,10695.330663000015
2023-11-24,short_straddle,0.0,7.439941,7.439941,1,10702.770604000016
2023-11-27,put_credit_spread,0.0,0.0,0.0,1,10702.770604000016
2023-11-27,short_straddle,0.0,-2.879883,-2.879883,1,10699.890721000016
2023-11-28,put_credit_spread,0.0,0.0,0.0,1,10699.890721000016
2023-11-28,short_straddle,0.0,4.739868,4.739868,1,10704.630589000017
2023-11-29,put_credit_spread,0.0,0.0,0.0,1,10704.630589000017
2023-11-29,short_straddle,0.0,3.240051,3.240051,1,10707.870640000017
2023-11-30,put_credit_spread,0.0,0.0,0.0,1,10707.870640000017
2023-11-30,short_straddle,0.0,32.100037,32.100037,1,10739.970677000018
2023-12-01,put_credit_spread,0.0,0.0,0.0,1,10739.970677000018
2023-12-01,short_straddle,0.0,18.299927,18.299927,1,10758.270604000018
2023-12-04,put_credit_spread,0.0,0.0,0.0,1,10758.270604000018
2023-12-04,short_straddle,0.0,-2.459839,-2.459839,1,10755.810765000018
2023-12-05,put_credit_spread,0.0,0.0,0.0,1,10755.810765000018
2023-12-05,short_straddle,0.0,-4.380066,-4.380066,1,10751.430699000019
2023-12-06,put_credit_spread,0.0,0.0,0.0,1,10751.430699000019
2023-12-06,short_straddle,-4.8525,-5.223675,-10.076175,2,10741.354524000019
2023-12-07,put_credit_spread,0.0,0.0,0.0,1,10741.354524000019
2023-12-07,short_straddle,0.0,-1.44732,-1.44732,1,10739.90720400002
2023-12-08,put_credit_spread,0.0,0.0,0.0,1,10739.90720400002
2023-12-08,short_straddle,0.0,10.320068,10.320068,1,10750.22727200002
2023-12-11,put_credit_spread,0.0,0.0,0.0,1,10750.22727200002
2023-12-11,short_straddle,0.0,12.560059,12.560059,1,10762.78733100002
2023-12-12,put_credit_spread,0.0,0.0,0.0,1,10762.78733100002
2023-12-12,short_straddle,0.0,13.76001,13.76001,1,10776.54734100002
2023-12-13,put_credit_spread,0.0,0.0,0.0,1,10776.54734100002
2023-12-13,short_straddle,0.0,42.639893,42.639893,1,10819.187234000019
2023-12-14,put_credit_spread,0.0,0.0,0.0,1,10819.187234000019
2023-12-14,short_straddle,0.0,12.719971,12.719971,1,10831.90720500002
2023-12-15,put_credit_spread,71.469,0.0,71.469,2,10903.376205000019
2023-12-15,short_straddle,0.0,-5.599854,-5.599854,1,10897.776351000019
2023-12-18,put_credit_spread,0.0,0.0,0.0,1,10897.776351000019
2023-12-18,short_straddle,0.0,2.800049,2.800049,1,10900.576400000018
2023-12-19,put_credit_spread,0.0,0.0,0.0,1,10900.576400000018
2023-12-19,short_straddle,0.0,20.159912,20.159912,1,10920.736312000017
2023-12-20,put_credit_spread,0.0,0.0,0.0,1,10920.736312000017
2023-12-20,short_straddle,0.0,-37.600098,-37.600098,1,10883.136214000016
2023-12-21,put_credit_spread,0.0,0.0,0.0,1,10883.136214000016
2023-12-21,short_straddle,0.0,24.640137,24.640137,1,10907.776351000017
2023-12-22,put_credit_spread,0.0,0.0,0.0,1,10907.776351000017
2023-12-22,short_straddle,0.0,-0.640137,-0.640137,1,10907.136214000016
2023-12-26,put_credit_spread,0.0,0.0,0.0,1,10907.136214000016
2023-12-26,short_straddle,0.0,12.400146,12.400146,1,10919.536360000016
2023-12-27,put_credit_spread,0.0,0.0,0.0,1,10919.536360000016
2023-12-27,short_straddle,0.0,9.679932,9.679932,1,10929.216292000016
2023-12-28,put_credit_spread,0.0,0.0,0.0,1,10929.216292000016
2023-12-28,short_straddle,0.0,3.76001,3.76001,1,10932.976302000015
2023-12-29,put_credit_spread,0.0,0.0,0.0,1,10932.976302000015
2023-12-29,short_straddle,0.0,-1.280029,-1.280029,1,10931.696273000016
2024-01-02,put_credit_spread,0.0,0.0,0.0,1,10931.696273000016
2024-01-02,short_straddle,0.0,1.76001,1.76001,1,10933.456283000016
2024-01-03,put_credit_spread,0.0,0.0,0.0,1,10933.456283000016
2024-01-03,short_straddle,-4.92625,-24.536879,-29.463129,2,10903.993154000016
2024-01-04,put_credit_spread,0.0,0.0,0.0,1,10903.993154000016
2024-01-04,short_straddle,0.0,-1.8727,-1.8727,1,10902.120454000016
2024-01-05,put_credit_spread,0.0,0.0,0.0,1,10902.120454000016
2024-01-05,short_straddle,0.0,1.000061,1.000061,1,10903.120515000017
2024-01-08,put_credit_spread,0.0,0.0,0.0,1,10903.120515000017
2024-01-08,short_straddle,0.0,21.999817,21.999817,1,10925.120332000017
2024-01-09,put_credit_spread,0.0,0.0,0.0,1,10925.120332000017
2024-01-09,short_straddle,0.0,-16.600037,-16.600037,1,10908.520295000017
2024-01-10,put_credit_spread,0.0,0.0,0.0,1,10908.520295000017
2024-01-10,short_straddle,0.0,17.700195,17.700195,1,10926.220490000016
2024-01-11,put_credit_spread,0.0,0.0,0.0,1,10926.220490000016
2024-01-11,short_straddle,0.0,2.200012,2.200012,1,10928.420502000015
2024-01-12,put_credit_spread,57.9605,0.0,57.9605,2,10986.381002000015
2024-01-12,short_straddle,0.0,-12.600098,-12.600098,1,10973.780904000014
2024-01-16,put_credit_spread,0.0,0.0,0.0,1,10973.780904000014
2024-01-16,short_straddle,0.0,-22.5,-22.5,1,10951.280904000014
2024-01-17,put_credit_spread,0.0,0.0,0.0,1,10951.280904000014
2024-01-17,short_straddle,0.0,-9.400024,-9.400024,1,10941.880880000013
2024-01-18,put_credit_spread,0.0,0.0,0.0,1,10941.880880000013
2024-01-18,short_straddle,0.0,20.899963,20.899963,1,10962.780843000013
2024-01-19,put_credit_spread,0.0,0.0,0.0,1,10962.780843000013
2024-01-19,short_straddle,0.0,37.900085,37.900085,1,11000.680928000012
2024-01-22,put_credit_spread,0.0,0.0,0.0,1,11000.680928000012
2024-01-22,short_straddle,0.0,14.700012,14.700012,1,11015.380940000012
2024-01-23,put_credit_spread,0.0,0.0,0.0,1,11015.380940000012
2024-01-23,short_straddle,0.0,-10.299988,-10.299988,1,11005.080952000011
2024-01-24,put_credit_spread,0.0,0.0,0.0,1,11005.080952000011
2024-01-24,short_straddle,0.0,-9.500122,-9.500122,1,10995.580830000012
2024-01-25,put_credit_spread,0.0,0.0,0.0,1,10995.580830000012
2024-01-25,short_straddle,0.0,23.900146,23.900146,1,11019.480976000012
2024-01-26,put_credit_spread,0.0,0.0,0.0,1,11019.480976000012
2024-01-26,short_straddle,0.0,6.099854,6.099854,1,11025.580830000012
2024-01-29,put_credit_spread,124.42750000000001,0.0,124.42750000000001,2,11150.008330000011
2024-01-29,short_straddle,0.0,22.200012,22.200012,1,11172.20834200001
2024-01-30,put_credit_spread,0.0,0.0,0.0,1,11172.20834200001
2024-01-30,short_straddle,0.0,11.799927,11.799927,1,11184.00826900001
2024-01-31,put_credit_spread,0.0,0.0,0.0,1,11184.00826900001
2024-01-31,short_straddle,-4.9975000000000005,-33.106801,-38.104301,2,11145.903968000011
2024-02-01,put_credit_spread,0.0,0.0,0.0,1,11145.903968000011
2024-02-01,short_straddle,0.0,-1.9255,-1.9255,1,11143.978468000012
2024-02-02,put_credit_spread,0.0,0.0,0.0,1,11143.978468000012
2024-02-02,short_straddle,0.0,13.200073,13.200073,1,11157.178541000012
2024-02-05,put_credit_spread,0.0,0.0,0.0,1,11157.178541000012
2024-02-05,short_straddle,0.0,-28.400269,-28.400269,1,11128.778272000012
2024-02-06,put_credit_spread,0.0,0.0,0.0,1,11128.778272000012
2024-02-06,short_straddle,0.0,15.0,15.0,1,11143.778272000012
2024-02-07,put_credit_spread,0.0,0.0,0.0,1,11143.778272000012
2024-02-07,short_straddle,0.0,15.900269,15.900269,1,11159.678541000012
2024-02-08,put_credit_spread,0.0,0.0,0.0,1,11159.678541000012
2024-02-08,short_straddle,0.0,6.799927,6.799927,1,11166.478468000012
2024-02-09,put_credit_spread,0.0,0.0,0.0,1,11166.478468000012
2024-02-09,short_straddle,0.0,-6.300049,-6.300049,1,11160.178419000013
2024-02-12,put_credit_spread,0.0,0.0,0.0,1,11160.178419000013
2024-02-12,short_straddle,0.0,13.899841,13.899841,1,11174.078260000013
2024-02-13,put_credit_spread,0.0,0.0,0.0,1,11174.078260000013
2024-02-13,short_straddle,0.0,-52.89978,-52.89978,1,11121.178480000013
2024-02-14,put_credit_spread,0.0,0.0,0.0,1,11121.178480000013
2024-02-14,short_straddle,0.0,14.700012,14.700012,1,11135.878492000013
2024-02-15,put_credit_spread,0.0,0.0,0.0,1,11135.878492000013
2024-02-15,short_straddle,0.0,39.599915,39.599915,1,11175.478407000013
2024-02-16,put_credit_spread,0.0,0.0,0.0,1,11175.478407000013
2024-02-16,short_straddle,0.0,-20.599976,-20.599976,1,11154.878431000014
2024-02-20,put_credit_spread,0.0,0.0,0.0,1,11154.878431000014
2024-02-20,short_straddle,0.0,-5.0,-5.0,1,11149.878431000014
2024-02-21,put_credit_spread,0.0,0.0,0.0,1,11149.878431000014
2024-02-21,short_straddle,0.0,3.599854,3.599854,1,11153.478285000014
2024-02-22,put_credit_spread,0.0,0.0,0.0,1,11153.478285000014
2024-02-22,short_straddle,0.0,44.900208,44.900208,1,11198.378493000013
2024-02-23,put_credit_spread,91.43675,0.0,91.43675,2,11289.815243000014
2024-02-23,short_straddle,0.0,7.399902,7.399902,1,11297.215145000013
2024-02-26,put_credit_spread,0.0,0.0,0.0,1,11297.215145000013
2024-02-26,short_straddle,0.0,-5.700073,-5.700073,1,11291.515072000013
2024-02-27,put_credit_spread,0.0,0.0,0.0,1,11291.515072000013
2024-02-27,short_straddle,0.0,-10.499878,-10.499878,1,11281.015194000012
2024-02-28,put_credit_spread,0.0,0.0,0.0,1,11281.015194000012
2024-02-28,short_straddle,-2.49375,-2.547976,-5.041726,1,11275.973468000013
2024-02-29,put_credit_spread,0.0,0.0,0.0,1,11275.973468000013
2024-03-01,put_credit_spread,0.0,0.0,0.0,1,11275.973468000013
2024-03-01,short_straddle,-2.41875,0.0,-2.41875,1,11273.554718000012
2024-03-04,put_credit_spread,0.0,0.0,0.0,1,11273.554718000012
2024-03-04,short_straddle,0.0,-0.585345,-0.585345,1,11272.969373000013
2024-03-05,put_credit_spread,0.0,0.0,0.0,1,11272.969373000013
2024-03-05,short_straddle,0.0,-12.120026,-12.120026,1,11260.849347000012
2024-03-06,put_credit_spread,0.0,0.0,0.0,1,11260.849347000012
2024-03-06,short_straddle,0.0,2.969971,2.969971,1,11263.819318000013
2024-03-07,put_credit_spread,0.0,0.0,0.0,1,11263.819318000013
2024-03-07,short_straddle,0.0,3.810059,3.810059,1,11267.629377000012
2024-03-08,put_credit_spread,0.0,0.0,0.0,1,11267.629377000012
2024-03-08,short_straddle,0.0,-1.380066,-1.380066,1,11266.249311000012
2024-03-11,put_credit_spread,0.0,0.0,0.0,1,11266.249311000012
2024-03-11,short_straddle,0.0,1.29007,1.29007,1,11267.539381000011
2024-03-12,put_credit_spread,0.0,0.0,0.0,1,11267.539381000011
2024-03-12,short_straddle,0.0,7.109985,7.109985,1,11274.64936600001
2024-03-13,put_credit_spread,0.0,0.0,0.0,1,11274.64936600001
2024-03-13,short_straddle,126.0,0.898758,126.898758,1,11401.54812400001
2024-03-14,put_credit_spread,0.0,0.0,0.0,1,11401.54812400001
2024-03-14,short_straddle,0.0,-1.540064,-1.540064,1,11400.00806000001
2024-03-15,put_credit_spread,0.0,0.0,0.0,1,11400.00806000001
2024-03-15,short_straddle,0.0,-9.210022,-9.210022,1,11390.79803800001
2024-03-18,put_credit_spread,0.0,0.0,0.0,1,11390.79803800001
2024-03-18,short_straddle,0.0,2.190033,2.190033,1,11392.98807100001
2024-03-19,put_credit_spread,0.0,0.0,0.0,1,11392.98807100001
2024-03-19,short_straddle,0.0,9.509949,9.509949,1,11402.49802000001
2024-03-20,put_credit_spread,0.0,0.0,0.0,1,11402.49802000001
2024-03-20,short_straddle,0.0,12.269989,12.269989,1,11414.76800900001
2024-03-21,put_credit_spread,0.0,0.0,0.0,1,11414.76800900001
2024-03-21,short_straddle,0.0,8.280029,8.280029,1,11423.04803800001
2024-03-22,put_credit_spread,124.5,0.0,124.5,1,11547.54803800001
2024-03-22,short_straddle,0.0,-9.660004,-9.660004,1,11537.88803400001
2024-03-25,put_credit_spread,-2.03875,0.0,-2.03875,1,11535.84928400001
2024-03-25,short_straddle,0.0,-4.73996,-4.73996,1,11531.10932400001
2024-03-26,put_credit_spread,0.0,0.0,0.0,1,11531.10932400001
2024-03-26,short_straddle,-2.35575,-0.889293,-3.245043,1,11527.86428100001
2024-03-27,put_credit_spread,0.0,0.0,0.0,1,11527.86428100001
2024-03-27,short_straddle,-2.455,0.0,-2.455,1,11525.40928100001
2024-03-28,put_credit_spread,0.0,0.0,0.0,1,11525.40928100001
2024-03-28,short_straddle,0.0,-2.18768,-2.18768,1,11523.22160100001
2024-04-01,put_credit_spread,0.0,0.0,0.0,1,11523.22160100001
2024-04-01,short_straddle,0.0,-26.730255,-26.730255,1,11496.49134600001
2024-04-02,put_credit_spread,0.0,0.0,0.0,1,11496.49134600001
2024-04-02,short_straddle,0.0,-40.699799,-40.699799,1,11455.79154700001
2024-04-03,put_credit_spread,0.0,0.0,0.0,1,11455.79154700001
2024-04-03,short_straddle,0.0,-4.069946,-4.069946,1,11451.72160100001
2024-04-04,put_credit_spread,0.0,0.0,0.0,1,11451.72160100001
2024-04-04,short_straddle,0.0,-57.640228,-57.640228,1,11394.08137300001
2024-04-05,put_credit_spread,0.0,0.0,0.0,1,11394.08137300001
2024-04-05,short_straddle,0.0,31.23996,31.23996,1,11425.32133300001
2024-04-08,put_credit_spread,0.0,0.0,0.0,1,11425.32133300001
2024-04-08,short_straddle,0.0,2.640228,2.640228,1,11427.961561000011
2024-04-09,put_credit_spread,0.0,0.0,0.0,1,11427.961561000011
2024-04-09,short_straddle,0.0,-2.860107,-2.860107,1,11425.10145400001
2024-04-10,put_credit_spread,0.0,0.0,0.0,1,11425.10145400001
2024-04-10,short_straddle,0.0,-47.629852,-47.629852,1,11377.47160200001
2024-04-11,put_credit_spread,0.0,0.0,0.0,1,11377.47160200001
2024-04-11,short_straddle,0.0,0.329987,0.329987,1,11377.80158900001
2024-04-12,put_credit_spread,0.0,0.0,0.0,1,11377.80158900001
2024-04-12,short_straddle,0.0,-51.370148,-51.370148,1,11326.43144100001
2024-04-15,put_credit_spread,0.0,0.0,0.0,1,11326.43144100001
2024-04-15,short_straddle,0.0,-28.159973,-28.159973,1,11298.27146800001
2024-04-16,put_credit_spread,0.0,0.0,0.0,1,11298.27146800001
2024-04-16,short_straddle,0.0,7.370148,7.370148,1,11305.64161600001
2024-04-17,put_credit_spread,-4.14625,0.0,-4.14625,2,11301.49536600001
2024-04-17,short_straddle,0.0,-5.829987,-5.829987,1,11295.665379000011
2024-04-18,put_credit_spread,0.0,0.0,0.0,1,11295.665379000011
2024-04-18,short_straddle,0.0,4.289825,4.289825,1,11299.95520400001
2024-04-19,put_credit_spread,44.5,0.0,44.5,1,11344.45520400001
2024-04-19,short_straddle,0.0,21.559906,21.559906,1,11366.015110000011
2024-04-22,put_credit_spread,0.0,0.0,0.0,1,11366.015110000011
2024-04-22,short_straddle,0.0,28.270081,28.270081,1,11394.285191000012
2024-04-23,put_credit_spread,0.0,0.0,0.0,1,11394.285191000012
2024-04-23,short_straddle,0.0,29.149933,29.149933,1,11423.435124000012
2024-04-24,put_credit_spread,0.0,0.0,0.0,1,11423.435124000012
2024-04-24,short_straddle,-5.00875,-8.494272,-13.503022000000001,2,11409.932102000012
2024-04-25,put_credit_spread,0.0,0.0,0.0,1,11409.932102000012
2024-04-25,short_straddle,0.0,-1.71414,-1.71414,1,11408.217962000012
2024-04-26,put_credit_spread,0.0,0.0,0.0,1,11408.217962000012
2024-04-26,short_straddle,0.0,12.509857,12.509857,1,11420.72781900001
2024-04-29,put_credit_spread,0.0,0.0,0.0,1,11420.72781900001
2024-04-29,short_straddle,152.5,12.642312,165.142312,1,11585.87013100001
2024-04-30,put_credit_spread,0.0,0.0,0.0,1,11585.87013100001
2024-04-30,short_straddle,0.0,-29.106175,-29.106175,1,11556.76395600001
2024-05-01,put_credit_spread,-65.0,0.0,-65.0,1,11491.76395600001
2024-05-01,short_straddle,0.0,6.840088,6.840088,1,11498.60404400001
2024-05-02,put_credit_spread,0.0,0.0,0.0,1,11498.60404400001
2024-05-02,short_straddle,0.0,30.059967,30.059967,1,11528.66401100001
2024-05-03,put_credit_spread,-16.5,0.0,-16.5,1,11512.16401100001
2024-05-03,short_straddle,0.0,40.859802,40.859802,1,11553.02381300001
2024-05-06,put_credit_spread,-2.5,0.0,-2.5,1,11550.52381300001
2024-05-06,short_straddle,0.0,15.120209,15.120209,1,11565.644022000011
2024-05-07,put_credit_spread,0.0,0.0,0.0,1,11565.644022000011
2024-05-07,short_straddle,0.0,2.609802,2.609802,1,11568.253824000012
2024-05-08,put_credit_spread,0.0,0.0,0.0,1,11568.253824000012
2024-05-08,short_straddle,0.0,15.660187,15.660187,1,11583.914011000012
2024-05-09,put_credit_spread,0.0,0.0,0.0,1,11583.914011000012
2024-05-09,short_straddle,0.0,31.679901,31.679901,1,11615.593912000011
2024-05-10,put_credit_spread,0.0,0.0,0.0,1,11615.593912000011
2024-05-10,short_straddle,0.0,10.619934,10.619934,1,11626.213846000011
2024-05-13,put_credit_spread,0.0,0.0,0.0,1,11626.213846000011
2024-05-13,short_straddle,0.0,-6.480011,-6.480011,1,11619.733835000012
2024-05-14,put_credit_spread,0.0,0.0,0.0,1,11619.733835000012
2024-05-14,short_straddle,0.0,10.079956,10.079956,1,11629.813791000011
2024-05-15,put_credit_spread,0.0,0.0,0.0,1,11629.813791000011
2024-05-15,short_straddle,0.0,33.30011,33.30011,1,11663.113901000012
2024-05-16,put_credit_spread,0.0,0.0,0.0,1,11663.113901000012
2024-05-16,short_straddle,0.0,-0.630066,-0.630066,1,11662.483835000012
2024-05-17,put_credit_spread,250.4635,0.0,250.4635,2,11912.947335000012
2024-05-17,short_straddle,0.0,6.660187,6.660187,1,11919.607522000011
2024-05-20,put_credit_spread,0.0,0.0,0.0,1,11919.607522000011
2024-05-20,short_straddle,0.0,-16.650055,-16.650055,1,11902.957467000011
2024-05-21,put_credit_spread,0.0,0.0,0.0,1,11902.957467000011
2024-05-21,short_straddle,0.0,6.119934,6.119934,1,11909.077401000011
2024-05-22,put_credit_spread,0.0,0.0,0.0,1,11909.077401000011
2024-05-22,short_straddle,-4.915,-20.864926,-25.779926,2,11883.297475000012
2024-05-23,put_credit_spread,0.0,0.0,0.0,1,11883.297475000012
2024-05-23,short_straddle,0.0,-1.36731,-1.36731,1,11881.930165000012
2024-05-24,put_credit_spread,0.0,0.0,0.0,1,11881.930165000012
2024-05-24,short_straddle,0.0,-0.139923,-0.139923,1,11881.790242000012
2024-05-28,put_credit_spread,0.0,0.0,0.0,1,11881.790242000012
2024-05-28,short_straddle,0.0,-14.28006,-14.28006,1,11867.510182000013
2024-05-29,put_credit_spread,0.0,0.0,0.0,1,11867.510182000013
2024-05-29,short_straddle,0.0,-28.140137,-28.140137,1,11839.370045000012
2024-05-30,put_credit_spread,0.0,0.0,0.0,1,11839.370045000012
2024-05-30,short_straddle,0.0,-21.699829,-21.699829,1,11817.670216000013
2024-05-31,put_credit_spread,0.0,0.0,0.0,1,11817.670216000013
2024-05-31,short_straddle,0.0,42.349915,42.349915,1,11860.020131000014
2024-06-03,put_credit_spread,0.0,0.0,0.0,1,11860.020131000014
2024-06-03,short_straddle,0.0,-9.03006,-9.03006,1,11850.990071000015
2024-06-04,put_credit_spread,0.0,0.0,0.0,1,11850.990071000015
2024-06-04,short_straddle,0.0,8.890137,8.890137,1,11859.880208000015
2024-06-05,put_credit_spread,0.0,0.0,0.0,1,11859.880208000015
2024-06-05,short_straddle,0.0,7.139923,7.139923,1,11867.020131000016
2024-06-06,put_credit_spread,0.0,0.0,0.0,1,11867.020131000016
2024-06-06,short_straddle,0.0,5.599915,5.599915,1,11872.620046000016
2024-06-07,put_credit_spread,0.0,0.0,0.0,1,11872.620046000016
2024-06-07,short_straddle,0.0,-5.879974,-5.879974,1,11866.740072000017
2024-06-10,put_credit_spread,0.0,0.0,0.0,1,11866.740072000017
2024-06-10,short_straddle,-13.5,-12.501857,-26.001857,1,11840.738215000018
2024-06-11,put_credit_spread,0.0,0.0,0.0,1,11840.738215000018
2024-06-11,short_straddle,0.0,95.480025,95.480025,1,11936.218240000018
2024-06-12,put_credit_spread,-4.082000000000001,0.0,-4.082000000000001,2,11932.136240000018
2024-06-12,short_straddle,0.0,-1.959991,-1.959991,1,11930.176249000018
2024-06-13,put_credit_spread,0.0,0.0,0.0,1,11930.176249000018
2024-06-13,short_straddle,0.0,-5.669983,-5.669983,1,11924.506266000019
2024-06-14,put_credit_spread,0.0,0.0,0.0,1,11924.506266000019
2024-06-14,short_straddle,0.0,-2.940094,-2.940094,1,11921.566172000019
2024-06-17,put_credit_spread,0.0,0.0,0.0,1,11921.566172000019
2024-06-17,short_straddle,0.0,14.839966,14.839966,1,11936.406138000018
2024-06-18,put_credit_spread,0.0,0.0,0.0,1,11936.406138000018
2024-06-18,short_straddle,0.0,3.920197,3.920197,1,11940.326335000018
2024-06-20,put_credit_spread,0.0,0.0,0.0,1,11940.326335000018
2024-06-20,short_straddle,-2.44425,19.137704,16.693454,1,11957.019789000018
2024-06-21,put_credit_spread,0.0,0.0,0.0,1,11957.019789000018
2024-06-21,short_straddle,-2.48,0.0,-2.48,1,11954.539789000019
2024-06-24,put_credit_spread,0.0,0.0,0.0,1,11954.539789000019
2024-06-24,short_straddle,0.0,-2.16689,-2.16689,1,11952.372899000018
2024-06-25,put_credit_spread,0.0,0.0,0.0,1,11952.372899000018
2024-06-25,short_straddle,0.0,-32.560242,-32.560242,1,11919.812657000019
2024-06-26,put_credit_spread,0.0,0.0,0.0,1,11919.812657000019
2024-06-26,short_straddle,0.0,2.420013,2.420013,1,11922.23267000002
2024-06-27,put_credit_spread,0.0,0.0,0.0,1,11922.23267000002
2024-06-27,short_straddle,0.0,3.520081,3.520081,1,11925.75275100002
2024-06-28,put_credit_spread,0.0,0.0,0.0,1,11925.75275100002
2024-06-28,short_straddle,0.0,-4.729919,-4.729919,1,11921.02283200002
2024-07-01,put_credit_spread,0.0,0.0,0.0,1,11921.02283200002
2024-07-01,short_straddle,0.0,3.629852,3.629852,1,11924.65268400002
2024-07-02,put_credit_spread,0.0,0.0,0.0,1,11924.65268400002
2024-07-02,short_straddle,0.0,20.130188,20.130188,1,11944.78287200002
2024-07-03,put_credit_spread,0.0,0.0,0.0,1,11944.78287200002
2024-07-03,short_straddle,0.0,-5.060242,-5.060242,1,11939.72263000002
2024-07-05,put_credit_spread,0.0,0.0,0.0,1,11939.72263000002
2024-07-05,short_straddle,0.0,9.570282,9.570282,1,11949.29291200002
2024-07-08,put_credit_spread,0.0,0.0,0.0,1,11949.29291200002
2024-07-08,short_straddle,0.0,-2.640228,-2.640228,1,11946.65268400002
2024-07-09,put_credit_spread,0.0,0.0,0.0,1,11946.65268400002
2024-07-09,short_straddle,0.0,-5.719879,-5.719879,1,11940.93280500002
2024-07-10,put_credit_spread,0.0,0.0,0.0,1,11940.93280500002
2024-07-10,short_straddle,0.0,47.520081,47.520081,1,11988.452886000021
2024-07-11,put_credit_spread,0.0,0.0,0.0,1,11988.452886000021
2024-07-11,short_straddle,0.0,4.069946,4.069946,1,11992.52283200002
2024-07-12,put_credit_spread,86.951,0.0,86.951,2,12079.47383200002
2024-07-12,short_straddle,0.0,29.590027,29.590027,1,12109.06385900002
2024-07-15,put_credit_spread,0.0,0.0,0.0,1,12109.06385900002
2024-07-15,short_straddle,0.0,22.439758,22.439758,1,12131.50361700002
2024-07-16,put_credit_spread,0.0,0.0,0.0,1,12131.50361700002
2024-07-16,short_straddle,0.0,80.300201,80.300201,1,12211.80381800002
2024-07-17,put_credit_spread,0.0,0.0,0.0,1,12211.80381800002
2024-07-17,short_straddle,-5.0675,22.704264,17.636764000000003,2,12229.440582000021
2024-07-18,put_credit_spread,0.0,0.0,0.0,1,12229.440582000021
2024-07-18,short_straddle,0.0,-1.62688,-1.62688,1,12227.813702000021
2024-07-19,put_credit_spread,0.0,0.0,0.0,1,12227.813702000021
2024-07-19,short_straddle,0.0,-30.159912,-30.159912,1,12197.653790000022
2024-07-22,put_credit_spread,0.0,0.0,0.0,1,12197.653790000022
2024-07-22,short_straddle,60.5,-0.301821,60.198179,1,12257.851969000023
2024-07-23,put_credit_spread,0.0,0.0,0.0,1,12257.851969000023
2024-07-23,short_straddle,0.0,17.174645,17.174645,1,12275.026614000022
2024-07-24,put_credit_spread,0.0,0.0,0.0,1,12275.026614000022
2024-07-24,short_straddle,0.0,-38.559814,-38.559814,1,12236.466800000022
2024-07-25,put_credit_spread,0.0,0.0,0.0,1,12236.466800000022
2024-07-25,short_straddle,0.0,6.559814,6.559814,1,12243.026614000022
2024-07-26,put_credit_spread,0.0,0.0,0.0,1,12243.026614000022
2024-07-26,short_straddle,0.0,51.840088,51.840088,1,12294.866702000023
2024-07-29,put_credit_spread,0.0,0.0,0.0,1,12294.866702000023
2024-07-29,short_straddle,0.0,-3.679932,-3.679932,1,12291.186770000024
2024-07-30,put_credit_spread,0.0,0.0,0.0,1,12291.186770000024
2024-07-30,short_straddle,0.0,15.199951,15.199951,1,12306.386721000024
2024-07-31,put_credit_spread,0.0,0.0,0.0,1,12306.386721000024
2024-07-31,short_straddle,0.0,8.639893,8.639893,1,12315.026614000024
2024-08-01,put_credit_spread,0.0,0.0,0.0,1,12315.026614000024
2024-08-01,short_straddle,0.0,-42.079834,-42.079834,1,12272.946780000024
2024-08-02,put_credit_spread,0.0,0.0,0.0,1,12272.946780000024
2024-08-02,short_straddle,0.0,-48.800049,-48.800049,1,12224.146731000024
2024-08-05,put_credit_spread,0.0,0.0,0.0,1,12224.146731000024
2024-08-05,short_straddle,0.0,-82.560059,-82.560059,1,12141.586672000025
2024-08-06,put_credit_spread,0.0,0.0,0.0,1,12141.586672000025
2024-08-06,short_straddle,0.0,25.199951,25.199951,1,12166.786623000025
2024-08-07,put_credit_spread,-2.049,0.0,-2.049,1,12164.737623000025
2024-08-07,short_straddle,0.0,-17.52002,-17.52002,1,12147.217603000025
2024-08-08,short_straddle,0.0,54.0,54.0,1,12201.217603000025
2024-08-09,short_straddle,0.0,5.040039,5.040039,1,12206.257642000024
2024-08-12,put_credit_spread,-2.10225,0.0,-2.10225,1,12204.155392000024
2024-08-12,short_straddle,0.0,-11.040039,-11.040039,1,12193.115353000025
2024-08-13,put_credit_spread,0.0,0.0,0.0,1,12193.115353000025
2024-08-13,short_straddle,0.0,32.160156,32.160156,1,12225.275509000025
2024-08-14,put_credit_spread,0.0,0.0,0.0,1,12225.275509000025
2024-08-14,short_straddle,-5.13725,16.799542,11.662292,2,12236.937801000026
2024-08-15,put_credit_spread,0.0,0.0,0.0,1,12236.937801000026
2024-08-15,short_straddle,0.0,-2.63822,-2.63822,1,12234.299581000025
2024-08-16,put_credit_spread,0.0,0.0,0.0,1,12234.299581000025
2024-08-16,short_straddle,0.0,11.17981,11.17981,1,12245.479391000024
2024-08-19,put_credit_spread,0.0,0.0,0.0,1,12245.479391000024
2024-08-19,short_straddle,0.0,30.809937,30.809937,1,12276.289328000024
2024-08-20,put_credit_spread,0.0,0.0,0.0,1,12276.289328000024
2024-08-20,short_straddle,0.0,-7.149841,-7.149841,1,12269.139487000024
2024-08-21,put_credit_spread,-103.0,0.0,-103.0,1,12166.139487000024
2024-08-21,short_straddle,0.0,5.589905,5.589905,1,12171.729392000025
2024-08-22,put_credit_spread,0.0,0.0,0.0,1,12171.729392000025
2024-08-22,short_straddle,0.0,-19.62973,-19.62973,1,12152.099662000024
2024-08-23,put_credit_spread,-4.0,0.0,-4.0,1,12148.099662000024
2024-08-23,short_straddle,0.0,56.549683,56.549683,1,12204.649345000023
2024-08-26,put_credit_spread,-2.0,0.0,-2.0,1,12202.649345000023
2024-08-26,short_straddle,0.0,11.57019,11.57019,1,12214.219535000024
2024-08-27,put_credit_spread,0.0,0.0,0.0,1,12214.219535000024
2024-08-27,short_straddle,0.0,2.210175,2.210175,1,12216.429710000024
2024-08-28,put_credit_spread,0.0,0.0,0.0,1,12216.429710000024
2024-08-28,short_straddle,0.0,-20.150238,-20.150238,1,12196.279472000024
2024-08-29,put_credit_spread,0.0,0.0,0.0,1,12196.279472000024
2024-08-29,short_straddle,0.0,33.410095,33.410095,1,12229.689567000023
2024-08-30,put_credit_spread,0.0,0.0,0.0,1,12229.689567000023
2024-08-30,short_straddle,-604.0,14.916282,-589.083718,1,11640.605849000023
2024-09-03,put_credit_spread,0.0,0.0,0.0,1,11640.605849000023
2024-09-03,short_straddle,0.0,-521.368274,-521.368274,1,11119.237575000023
2024-09-04,put_credit_spread,0.0,0.0,0.0,1,11119.237575000023
2024-09-04,short_straddle,0.0,2.210175,2.210175,1,11121.447750000023
2024-09-05,put_credit_spread,0.0,0.0,0.0,1,11121.447750000023
2024-09-05,short_straddle,0.0,-25.480286,-25.480286,1,11095.967464000023
2024-09-06,put_credit_spread,311.5,0.0,311.5,1,11407.467464000023
2024-09-06,short_straddle,0.0,-51.869873,-51.869873,1,11355.597591000023
2024-09-09,put_credit_spread,-2.11875,0.0,-2.11875,1,11353.478841000024
2024-09-09,short_straddle,0.0,59.539825,59.539825,1,11413.018666000024
2024-09-10,put_credit_spread,0.0,0.0,0.0,1,11413.018666000024
2024-09-10,short_straddle,0.0,-10.269714,-10.269714,1,11402.748952000024
2024-09-11,put_credit_spread,0.0,0.0,0.0,1,11402.748952000024
2024-09-11,short_straddle,-5.50575,10.469475,4.963725,2,11407.712677000023
2024-09-12,put_credit_spread,0.0,0.0,0.0,1,11407.712677000023
2024-09-12,short_straddle,0.0,-1.23591,-1.23591,1,11406.476767000024
2024-09-13,put_credit_spread,0.0,0.0,0.0,1,11406.476767000024
2024-09-13,short_straddle,0.0,17.820007,17.820007,1,11424.296774000024
2024-09-16,put_credit_spread,0.0,0.0,0.0,1,11424.296774000024
2024-09-16,short_straddle,-200.5,7.127175,-193.372825,1,11230.923949000024
2024-09-17,put_credit_spread,0.0,0.0,0.0,1,11230.923949000024
2024-09-17,short_straddle,0.0,-12.550475,-12.550475,1,11218.373474000024
2024-09-18,put_credit_spread,-81.5,0.0,-81.5,1,11136.873474000024
2024-09-18,short_straddle,0.0,-6.420044,-6.420044,1,11130.453430000023
2024-09-19,put_credit_spread,0.0,0.0,0.0,1,11130.453430000023
2024-09-19,short_straddle,0.0,31.320007,31.320007,1,11161.773437000023
2024-09-20,put_credit_spread,0.0,0.0,0.0,1,11161.773437000023
2024-09-20,short_straddle,0.0,-5.039978,-5.039978,1,11156.733459000023
2024-09-23,put_credit_spread,0.0,0.0,0.0,1,11156.733459000023
2024-09-23,short_straddle,0.0,3.239868,3.239868,1,11159.973327000023
2024-09-24,put_credit_spread,0.0,0.0,0.0,1,11159.973327000023
2024-09-24,short_straddle,0.0,6.120117,6.120117,1,11166.093444000024
2024-09-25,put_credit_spread,0.0,0.0,0.0,1,11166.093444000024
2024-09-25,short_straddle,0.0,-18.060059,-18.060059,1,11148.033385000024
2024-09-26,put_credit_spread,0.0,0.0,0.0,1,11148.033385000024
2024-09-26,short_straddle,0.0,15.0,15.0,1,11163.033385000024
2024-09-27,put_credit_spread,0.0,0.0,0.0,1,11163.033385000024
2024-09-27,short_straddle,0.0,7.980103,7.980103,1,11171.013488000024
2024-09-30,put_credit_spread,0.0,0.0,0.0,1,11171.013488000024
2024-09-30,short_straddle,0.0,1.019897,1.019897,1,11172.033385000024
2024-10-01,put_credit_spread,0.0,0.0,0.0,1,11172.033385000024
2024-10-01,short_straddle,0.0,-9.719971,-9.719971,1,11162.313414000024
2024-10-02,put_credit_spread,0.0,0.0,0.0,1,11162.313414000024
2024-10-02,short_straddle,0.0,2.460022,2.460022,1,11164.773436000023
2024-10-03,put_credit_spread,0.0,0.0,0.0,1,11164.773436000023
2024-10-03,short_straddle,0.0,-11.579956,-11.579956,1,11153.193480000024
2024-10-04,put_credit_spread,314.908,0.0,314.908,2,11468.101480000023
2024-10-04,short_straddle,0.0,20.579956,20.579956,1,11488.681436000023
2024-10-07,put_credit_spread,0.0,0.0,0.0,1,11488.681436000023
2024-10-07,short_straddle,0.0,-22.80011,-22.80011,1,11465.881326000022
2024-10-08,put_credit_spread,0.0,0.0,0.0,1,11465.881326000022
2024-10-08,short_straddle,0.0,7.140015,7.140015,1,11473.021341000023
2024-10-09,put_credit_spread,0.0,0.0,0.0,1,11473.021341000023
2024-10-09,short_straddle,-5.47275,24.22485,18.7521,2,11491.773441000023
2024-10-10,put_credit_spread,0.0,0.0,0.0,1,11491.773441000023
2024-10-10,short_straddle,-15.0,-1.48631,-16.48631,1,11475.287131000023
2024-10-11,put_credit_spread,0.0,0.0,0.0,1,11475.287131000023
2024-10-11,short_straddle,0.0,28.061321,28.061321,1,11503.348452000022
2024-10-14,put_credit_spread,0.0,0.0,0.0,1,11503.348452000022
2024-10-14,short_straddle,0.0,19.440033,19.440033,1,11522.788485000023
2024-10-15,put_credit_spread,0.0,0.0,0.0,1,11522.788485000023
2024-10-15,short_straddle,0.0,-30.150055,-30.150055,1,11492.638430000023
2024-10-16,put_credit_spread,0.0,0.0,0.0,1,11492.638430000023
2024-10-16,short_straddle,0.0,28.619934,28.619934,1,11521.258364000023
2024-10-17,put_credit_spread,143.35575,0.0,143.35575,2,11664.614114000024
2024-10-17,short_straddle,0.0,15.570099,15.570099,1,11680.184213000024
2024-10-18,put_credit_spread,19.0,0.0,19.0,1,11699.184213000024
2024-10-18,short_straddle,0.0,1.710022,1.710022,1,11700.894235000023
2024-10-21,put_credit_spread,0.0,0.0,0.0,1,11700.894235000023
2024-10-21,short_straddle,0.0,-29.430176,-29.430176,1,11671.464059000024
2024-10-22,put_credit_spread,0.0,0.0,0.0,1,11671.464059000024
2024-10-22,short_straddle,0.0,-0.539978,-0.539978,1,11670.924081000023
2024-10-23,put_credit_spread,0.0,0.0,0.0,1,11670.924081000023
2024-10-23,short_straddle,312.5,-39.688325,272.811675,1,11943.735756000024
2024-10-24,put_credit_spread,0.0,0.0,0.0,1,11943.735756000024
2024-10-24,short_straddle,0.0,0.42922,0.42922,1,11944.164976000024
2024-10-25,put_credit_spread,0.0,0.0,0.0,1,11944.164976000024
2024-10-25,short_straddle,0.0,-23.759857,-23.759857,1,11920.405119000025
2024-10-28,put_credit_spread,0.0,0.0,0.0,1,11920.405119000025
2024-10-28,short_straddle,0.0,26.369934,26.369934,1,11946.775053000025
2024-10-29,put_credit_spread,0.0,0.0,0.0,1,11946.775053000025
2024-10-29,short_straddle,0.0,-14.130066,-14.130066,1,11932.644987000025
2024-10-30,put_credit_spread,0.0,0.0,0.0,1,11932.644987000025
2024-10-30,short_straddle,0.0,-6.75,-6.75,1,11925.894987000025
2024-10-31,put_credit_spread,0.0,0.0,0.0,1,11925.894987000025
2024-10-31,short_straddle,0.0,-36.719879,-36.719879,1,11889.175108000025
2024-11-01,put_credit_spread,0.0,0.0,0.0,1,11889.175108000025
2024-11-01,short_straddle,0.0,24.75,24.75,1,11913.925108000025
2024-11-04,put_credit_spread,0.0,0.0,0.0,1,11913.925108000025
2024-11-04,short_straddle,0.0,-21.330231,-21.330231,1,11892.594877000025
2024-11-05,put_credit_spread,0.0,0.0,0.0,1,11892.594877000025
2024-11-05,short_straddle,0.0,38.25,38.25,1,11930.844877000025
2024-11-06,put_credit_spread,0.0,0.0,0.0,1,11930.844877000025
2024-11-06,short_straddle,-5.25375,132.402674,127.148924,2,12057.993801000024
2024-11-07,put_credit_spread,0.0,0.0,0.0,1,12057.993801000024
2024-11-07,short_straddle,115.0,-2.62434,112.37566,1,12170.369461000024
2024-11-08,put_credit_spread,0.0,0.0,0.0,1,12170.369461000024
2024-11-08,short_straddle,0.0,32.199538,32.199538,1,12202.568999000025
2024-11-11,put_credit_spread,0.0,0.0,0.0,1,12202.568999000025
2024-11-11,short_straddle,0.0,29.000244,29.000244,1,12231.569243000025
2024-11-12,put_credit_spread,0.0,0.0,0.0,1,12231.569243000025
2024-11-12,short_straddle,0.0,-36.199951,-36.199951,1,12195.369292000025
2024-11-13,put_credit_spread,0.0,0.0,0.0,1,12195.369292000025
2024-11-13,short_straddle,0.0,4.199829,4.199829,1,12199.569121000024
2024-11-14,put_credit_spread,0.0,0.0,0.0,1,12199.569121000024
2024-11-14,short_straddle,0.0,-21.099854,-21.099854,1,12178.469267000024
2024-11-15,put_credit_spread,228.91,0.0,228.91,2,12407.379267000024
2024-11-15,short_straddle,0.0,-31.900024,-31.900024,1,12375.479243000023
2024-11-18,put_credit_spread,2.0,0.0,2.0,1,12377.479243000023
2024-11-18,short_straddle,0.0,-3.200073,-3.200073,1,12374.279170000023
2024-11-19,put_credit_spread,0.0,0.0,0.0,1,12374.279170000023
2024-11-19,short_straddle,0.0,-13.500061,-13.500061,1,12360.779109000023
2024-11-20,put_credit_spread,0.0,0.0,0.0,1,12360.779109000023
2024-11-20,short_straddle,0.0,14.500122,14.500122,1,12375.279231000022
2024-11-21,put_credit_spread,0.0,0.0,0.0,1,12375.279231000022
2024-11-21,short_straddle,0.0,46.799927,46.799927,1,12422.079158000022
2024-11-22,put_credit_spread,0.0,0.0,0.0,1,12422.079158000022
2024-11-22,short_straddle,0.0,41.900024,41.900024,1,12463.979182000023
2024-11-25,put_credit_spread,0.0,0.0,0.0,1,12463.979182000023
2024-11-25,short_straddle,0.0,43.999939,43.999939,1,12507.979121000022
2024-11-26,put_credit_spread,0.0,0.0,0.0,1,12507.979121000022
2024-11-26,short_straddle,0.0,13.200073,13.200073,1,12521.179194000022
2024-11-27,put_credit_spread,0.0,0.0,0.0,1,12521.179194000022
2024-11-27,short_straddle,0.0,-11.400146,-11.400146,1,12509.779048000022
2024-11-29,put_credit_spread,0.0,0.0,0.0,1,12509.779048000022
2024-11-29,short_straddle,0.0,23.500061,23.500061,1,12533.279109000023
2024-12-02,put_credit_spread,0.0,0.0,0.0,1,12533.279109000023
2024-12-02,short_straddle,0.0,-13.500061,-13.500061,1,12519.779048000022
2024-12-03,put_credit_spread,0.0,0.0,0.0,1,12519.779048000022
2024-12-03,short_straddle,0.0,-8.499756,-8.499756,1,12511.279292000023
2024-12-04,put_credit_spread,0.0,0.0,0.0,1,12511.279292000023
2024-12-04,short_straddle,-5.11625,28.245178,23.128928000000002,2,12534.408220000023
2024-12-05,put_credit_spread,0.0,0.0,0.0,1,12534.408220000023
2024-12-05,short_straddle,0.0,-2.019015,-2.019015,1,12532.389205000023
2024-12-06,put_credit_spread,0.0,0.0,0.0,1,12532.389205000023
2024-12-06,short_straddle,0.0,-13.680176,-13.680176,1,12518.709029000023
2024-12-09,put_credit_spread,0.0,0.0,0.0,1,12518.709029000023
2024-12-09,short_straddle,0.0,-18.630066,-18.630066,1,12500.078963000024
2024-12-10,put_credit_spread,0.0,0.0,0.0,1,12500.078963000024
2024-12-10,short_straddle,0.0,-12.509857,-12.509857,1,12487.569106000024
2024-12-11,put_credit_spread,0.0,0.0,0.0,1,12487.569106000024
2024-12-11,short_straddle,0.0,-10.619934,-10.619934,1,12476.949172000024
2024-12-12,put_credit_spread,0.0,0.0,0.0,1,12476.949172000024
2024-12-12,short_straddle,0.0,-20.160187,-20.160187,1,12456.788985000025
2024-12-13,put_credit_spread,173.91475,0.0,173.91475,2,12630.703735000025
2024-12-13,short_straddle,0.0,-8.099945,-8.099945,1,12622.603790000025
2024-12-16,put_credit_spread,0.0,0.0,0.0,1,12622.603790000025
2024-12-16,short_straddle,0.0,-9.0,-9.0,1,12613.603790000025
2024-12-17,put_credit_spread,0.0,0.0,0.0,1,12613.603790000025
2024-12-17,short_straddle,0.0,-25.19989,-25.19989,1,12588.403900000025
2024-12-18,put_credit_spread,0.0,0.0,0.0,1,12588.403900000025
2024-12-18,short_straddle,-1793.0,-122.936835,-1915.936835,1,10672.467065000024
2024-12-19,put_credit_spread,0.0,0.0,0.0,1,10672.467065000024
2024-12-19,short_straddle,0.0,-48.391753,-48.391753,1,10624.075312000024
2024-12-20,put_credit_spread,0.0,0.0,0.0,1,10624.075312000024
2024-12-20,short_straddle,0.0,36.090088,36.090088,1,10660.165400000025
2024-12-23,put_credit_spread,0.0,0.0,0.0,1,10660.165400000025
2024-12-23,short_straddle,0.0,3.150055,3.150055,1,10663.315455000025
2024-12-24,put_credit_spread,-35.5,0.0,-35.5,1,10627.815455000025
2024-12-24,short_straddle,0.0,32.489868,32.489868,1,10660.305323000026
2024-12-26,put_credit_spread,0.0,0.0,0.0,1,10660.305323000026
2024-12-26,short_straddle,0.0,6.389923,6.389923,1,10666.695246000027
2024-12-27,put_credit_spread,0.0,0.0,0.0,1,10666.695246000027
2024-12-27,short_straddle,0.0,-28.889923,-28.889923,1,10637.805323000026
2024-12-30,put_credit_spread,0.0,0.0,0.0,1,10637.805323000026
2024-12-30,short_straddle,-3.4165,-39.986064,-43.402564,1,10594.402759000026
2024-12-31,put_credit_spread,0.0,0.0,0.0,1,10594.402759000026
2025-01-02,put_credit_spread,0.0,0.0,0.0,1,10594.402759000026
2025-01-02,short_straddle,-2.665,0.0,-2.665,1,10591.737759000025
2025-01-03,put_credit_spread,0.0,0.0,0.0,1,10591.737759000025
2025-01-03,short_straddle,0.0,-1.70864,-1.70864,1,10590.029119000024
2025-01-06,put_credit_spread,0.0,0.0,0.0,1,10590.029119000024
2025-01-06,short_straddle,0.0,-0.23999,-0.23999,1,10589.789129000024
2025-01-07,put_credit_spread,0.0,0.0,0.0,1,10589.789129000024
2025-01-07,short_straddle,0.0,-14.400146,-14.400146,1,10575.388983000024
2025-01-08,put_credit_spread,-4.21325,0.0,-4.21325,2,10571.175733000024
2025-01-08,short_straddle,0.0,6.400146,6.400146,1,10577.575879000024
2025-01-10,put_credit_spread,0.0,0.0,0.0,1,10577.575879000024
2025-01-10,short_straddle,0.0,-54.400146,-54.400146,1,10523.175733000024
2025-01-13,put_credit_spread,6.0,0.0,6.0,1,10529.175733000024
2025-01-13,short_straddle,0.0,29.040039,29.040039,1,10558.215772000023
2025-01-14,put_credit_spread,0.0,0.0,0.0,1,10558.215772000023
2025-01-14,short_straddle,0.0,17.52002,17.52002,1,10575.735792000023
2025-01-15,put_credit_spread,0.0,0.0,0.0,1,10575.735792000023
2025-01-15,short_straddle,63.0,46.994571,109.994571,1,10685.730363000022
2025-01-16,put_credit_spread,0.0,0.0,0.0,1,10685.730363000022
2025-01-16,short_straddle,0.0,-45.749712,-45.749712,1,10639.980651000022
2025-01-17,put_credit_spread,0.0,0.0,0.0,1,10639.980651000022
2025-01-17,short_straddle,0.0,25.280029,25.280029,1,10665.260680000021
2025-01-21,put_credit_spread,0.0,0.0,0.0,1,10665.260680000021
2025-01-21,short_straddle,0.0,43.040039,43.040039,1,10708.30071900002
2025-01-22,put_credit_spread,0.0,0.0,0.0,1,10708.30071900002
2025-01-22,short_straddle,0.0,9.439941,9.439941,1,10717.740660000021
2025-01-23,put_credit_spread,-108.5,0.0,-108.5,1,10609.240660000021
2025-01-23,short_straddle,0.0,32.800049,32.800049,1,10642.04070900002
2025-01-24,put_credit_spread,305.91049999999996,0.0,305.91049999999996,2,10947.95120900002
2025-01-24,short_straddle,0.0,-10.080078,-10.080078,1,10937.87113100002
2025-01-27,put_credit_spread,0.0,0.0,0.0,1,10937.87113100002
2025-01-27,short_straddle,0.0,24.0,24.0,1,10961.87113100002
2025-01-28,put_credit_spread,0.0,0.0,0.0,1,10961.87113100002
2025-01-28,short_straddle,0.0,10.320068,10.320068,1,10972.19119900002
2025-01-29,put_credit_spread,0.0,0.0,0.0,1,10972.19119900002
2025-01-29,short_straddle,-5.2585,-11.628808,-16.887308,2,10955.303891000021
2025-01-30,put_credit_spread,0.0,0.0,0.0,1,10955.303891000021
2025-01-30,short_straddle,0.0,-2.46851,-2.46851,1,10952.83538100002
2025-01-31,put_credit_spread,0.0,0.0,0.0,1,10952.83538100002
2025-01-31,short_straddle,0.0,-37.729919,-37.729919,1,10915.105462000021
2025-02-03,put_credit_spread,0.0,0.0,0.0,1,10915.105462000021
2025-02-03,short_straddle,0.0,-12.320282,-12.320282,1,10902.78518000002
2025-02-04,put_credit_spread,0.0,0.0,0.0,1,10902.78518000002
2025-02-04,short_straddle,0.0,13.860107,13.860107,1,10916.645287000021
2025-02-05,put_credit_spread,0.0,0.0,0.0,1,10916.645287000021
2025-02-05,short_straddle,0.0,34.540161,34.540161,1,10951.185448000022
2025-02-06,put_credit_spread,0.0,0.0,0.0,1,10951.185448000022
2025-02-06,short_straddle,0.0,-14.410309,-14.410309,1,10936.775139000021
2025-02-07,put_credit_spread,-38.5,0.0,-38.5,1,10898.275139000021
2025-02-07,short_straddle,0.0,-46.639893,-46.639893,1,10851.635246000022
2025-02-10,put_credit_spread,0.0,0.0,0.0,1,10851.635246000022
2025-02-10,short_straddle,0.0,18.26004,18.26004,1,10869.89528600002
2025-02-11,put_credit_spread,0.0,0.0,0.0,1,10869.89528600002
2025-02-11,short_straddle,0.0,14.629852,14.629852,1,10884.52513800002
2025-02-12,put_credit_spread,0.0,0.0,0.0,1,10884.52513800002
2025-02-12,short_straddle,0.0,-27.279785,-27.279785,1,10857.24535300002
2025-02-13,put_credit_spread,0.0,0.0,0.0,1,10857.24535300002
2025-02-13,short_straddle,515.0,38.811904,553.811904,1,11411.05725700002
2025-02-14,put_credit_spread,0.0,0.0,0.0,1,11411.05725700002
2025-02-14,short_straddle,0.0,-9.934482,-9.934482,1,11401.12277500002
2025-02-18,put_credit_spread,0.0,0.0,0.0,1,11401.12277500002
2025-02-18,short_straddle,0.0,1.430054,1.430054,1,11402.55282900002
2025-02-19,put_credit_spread,0.0,0.0,0.0,1,11402.55282900002
2025-02-19,short_straddle,0.0,8.25,8.25,1,11410.80282900002
2025-02-20,put_credit_spread,0.0,0.0,0.0,1,11410.80282900002
2025-02-20,short_straddle,0.0,-47.079987,-47.079987,1,11363.722842000021
2025-02-21,put_credit_spread,115.353639,0.0,115.353639,2,11479.076481000022
2025-02-21,short_straddle,0.0,-90.640228,-90.640228,1,11388.436253000022
2025-02-24,put_credit_spread,-9.0,0.0,-9.0,1,11379.436253000022
2025-02-24,short_straddle,0.0,4.180054,4.180054,1,11383.616307000022
2025-02-25,put_credit_spread,0.0,0.0,0.0,1,11383.616307000022
2025-02-25,short_straddle,0.0,17.600067,17.600067,1,11401.216374000021
2025-02-26,put_credit_spread,0.0,0.0,0.0,1,11401.216374000021
2025-02-26,short_straddle,-5.08,-22.078964,-27.158963999999997,2,11374.057410000021
2025-02-27,put_credit_spread,0.0,0.0,0.0,1,11374.057410000021
2025-02-27,short_straddle,0.0,-1.080875,-1.080875,1,11372.976535000022
2025-02-28,put_credit_spread,0.0,0.0,0.0,1,11372.976535000022
2025-02-28,short_straddle,0.0,30.099945,30.099945,1,11403.076480000022
2025-03-03,put_credit_spread,0.0,0.0,0.0,1,11403.076480000022
2025-03-03,short_straddle,0.0,-31.399994,-31.399994,1,11371.676486000022
2025-03-04,put_credit_spread,0.0,0.0,0.0,1,11371.676486000022
2025-03-04,short_straddle,0.0,-32.599945,-32.599945,1,11339.076541000022
2025-03-05,put_credit_spread,0.0,0.0,0.0,1,11339.076541000022
2025-03-05,short_straddle,0.0,24.499969,24.499969,1,11363.576510000023
2025-03-06,put_credit_spread,0.0,0.0,0.0,1,11363.576510000023
2025-03-06,short_straddle,0.0,-22.850037,-22.850037,1,11340.726473000022
2025-03-07,put_credit_spread,0.0,0.0,0.0,1,11340.726473000022
2025-03-07,short_straddle,0.0,11.800079,11.800079,1,11352.526552000023
2025-03-10,put_credit_spread,0.0,0.0,0.0,1,11352.526552000023
2025-03-10,short_straddle,0.0,-43.850098,-43.850098,1,11308.676454000022
2025-03-11,put_credit_spread,0.0,0.0,0.0,1,11308.676454000022
2025-03-11,short_straddle,0.0,-23.75,-23.75,1,11284.926454000022
2025-03-12,put_credit_spread,0.0,0.0,0.0,1,11284.926454000022
2025-03-12,short_straddle,0.0,-3.94989,-3.94989,1,11280.976564000022
2025-03-13,put_credit_spread,0.0,0.0,0.0,1,11280.976564000022
2025-03-13,short_straddle,0.0,-25.850067,-25.850067,1,11255.126497000023
2025-03-14,put_credit_spread,0.0,0.0,0.0,1,11255.126497000023
2025-03-14,short_straddle,0.0,32.899933,32.899933,1,11288.026430000024
2025-03-17,put_credit_spread,0.0,0.0,0.0,1,11288.026430000024
2025-03-17,short_straddle,0.0,19.250031,19.250031,1,11307.276461000023
2025-03-18,put_credit_spread,0.0,0.0,0.0,1,11307.276461000023
2025-03-18,short_straddle,0.0,-13.399963,-13.399963,1,11293.876498000023
2025-03-19,put_credit_spread,-4.244,0.0,-4.244,2,11289.632498000023
2025-03-19,short_straddle,0.0,19.450073,19.450073,1,11309.082571000023
2025-03-20,put_credit_spread,2.5,0.0,2.5,1,11311.582571000023
2025-03-20,short_straddle,0.0,-1.500092,-1.500092,1,11310.082479000022
2025-03-21,put_credit_spread,-21.5,0.0,-21.5,1,11288.582479000022
2025-03-21,short_straddle,0.0,-2.5,-2.5,1,11286.082479000022
2025-03-24,put_credit_spread,0.0,0.0,0.0,1,11286.082479000022
2025-03-24,short_straddle,0.0,29.349976,29.349976,1,11315.432455000022
2025-03-25,put_credit_spread,0.0,0.0,0.0,1,11315.432455000022
2025-03-25,short_straddle,0.0,1.650085,1.650085,1,11317.082540000021
2025-03-26,put_credit_spread,0.0,0.0,0.0,1,11317.082540000021
2025-03-26,short_straddle,-5.38875,-9.010557,-14.399307,2,11302.683233000022
2025-03-27,put_credit_spread,0.0,0.0,0.0,1,11302.683233000022
2025-03-27,short_straddle,0.0,-3.38352,-3.38352,1,11299.299713000022
2025-03-28,put_credit_spread,0.0,0.0,0.0,1,11299.299713000022
2025-03-28,short_straddle,-30.0,-120.029457,-150.029457,1,11149.270256000022
2025-03-31,put_credit_spread,0.0,0.0,0.0,1,11149.270256000022
2025-03-31,short_straddle,0.0,5.580859,5.580859,1,11154.851115000021
2025-04-01,put_credit_spread,0.0,0.0,0.0,1,11154.851115000021
2025-04-01,short_straddle,0.0,-4.640137,-4.640137,1,11150.210978000021
2025-04-02,put_credit_spread,0.0,0.0,0.0,1,11150.210978000021
2025-04-02,short_straddle,0.0,39.040039,39.040039,1,11189.25101700002
2025-04-03,put_credit_spread,0.0,0.0,0.0,1,11189.25101700002
2025-04-03,short_straddle,0.0,-268.959961,-268.959961,1,10920.29105600002
2025-04-04,put_credit_spread,0.0,0.0,0.0,1,10920.29105600002
2025-04-04,short_straddle,0.0,-352.0,-352.0,1,10568.29105600002
2025-04-07,put_credit_spread,0.0,0.0,0.0,1,10568.29105600002
2025-04-07,short_straddle,0.0,-58.399902,-58.399902,1,10509.89115400002
2025-04-08,put_credit_spread,0.0,0.0,0.0,1,10509.89115400002
2025-04-08,short_straddle,-3391.5,-69.581622,-3461.081622,1,7048.809532000021
2025-04-09,put_credit_spread,0.0,0.0,0.0,1,7048.809532000021
2025-04-09,short_straddle,0.0,-2715.323058,-2715.323058,1,4333.486474000021
2025-04-10,put_credit_spread,0.0,0.0,0.0,1,4333.486474000021
2025-04-10,short_straddle,0.0,-166.399902,-166.399902,1,4167.086572000021
2025-04-11,put_credit_spread,0.0,0.0,0.0,1,4167.086572000021
2025-04-11,short_straddle,0.0,99.680176,99.680176,1,4266.766748000021
2025-04-14,put_credit_spread,0.0,0.0,0.0,1,4266.766748000021
2025-04-14,short_straddle,0.0,56.160156,56.160156,1,4322.926904000021
2025-04-15,put_credit_spread,-4.3445,0.0,-4.3445,2,4318.582404000021
2025-04-15,short_straddle,0.0,-27.360352,-27.360352,1,4291.222052000021
2025-04-16,put_credit_spread,-193.5,0.0,-193.5,1,4097.722052000021
2025-04-16,short_straddle,0.0,-111.040039,-111.040039,1,3986.682013000021
2025-04-17,put_credit_spread,-60.0,0.0,-60.0,1,3926.682013000021
2025-04-17,short_straddle,0.0,-86.560059,-86.560059,1,3840.121954000021
2025-04-21,put_credit_spread,0.0,0.0,0.0,1,3840.121954000021
2025-04-21,short_straddle,0.0,-155.839844,-155.839844,1,3684.282110000021
2025-04-22,put_credit_spread,0.0,0.0,0.0,1,3684.282110000021
2025-04-22,short_straddle,0.0,164.0,164.0,1,3848.282110000021
2025-04-23,put_credit_spread,0.0,0.0,0.0,1,3848.282110000021
2025-04-23,short_straddle,-7.419499999999999,61.472857,54.053357,2,3902.335467000021
2025-04-24,put_credit_spread,0.0,0.0,0.0,1,3902.335467000021
2025-04-24,short_straddle,0.0,-1.40343,-1.40343,1,3900.932037000021
2025-04-25,put_credit_spread,0.0,0.0,0.0,1,3900.932037000021
2025-04-25,short_straddle,0.0,0.279846,0.279846,1,3901.211883000021
2025-04-28,put_credit_spread,0.0,0.0,0.0,1,3901.211883000021
2025-04-28,short_straddle,0.0,8.75,8.75,1,3909.961883000021
2025-04-29,put_credit_spread,-206.0,0.0,-206.0,1,3703.961883000021
2025-04-29,short_straddle,0.0,20.580017,20.580017,1,3724.541900000021
2025-04-30,put_credit_spread,675.5,0.0,675.5,1,4400.041900000021
2025-04-30,short_straddle,0.0,7.910034,7.910034,1,4407.9519340000215
2025-05-01,put_credit_spread,-4.0,0.0,-4.0,1,4403.9519340000215
2025-05-01,short_straddle,0.0,7.56012,7.56012,1,4411.512054000022
2025-05-02,put_credit_spread,0.0,0.0,0.0,1,4411.512054000022
2025-05-02,short_straddle,0.0,39.339966,39.339966,1,4450.852020000021
2025-05-05,put_credit_spread,0.0,0.0,0.0,1,4450.852020000021
2025-05-05,short_straddle,0.0,-5.459991,-5.459991,1,4445.3920290000215
2025-05-06,put_credit_spread,0.0,0.0,0.0,1,4445.3920290000215
2025-05-06,short_straddle,0.0,-28.140137,-28.140137,1,4417.251892000021
2025-05-07,put_credit_spread,0.0,0.0,0.0,1,4417.251892000021
2025-05-07,short_straddle,0.0,19.669983,19.669983,1,4436.921875000021
2025-05-08,put_credit_spread,0.0,0.0,0.0,1,4436.921875000021
2025-05-08,short_straddle,0.0,19.81012,19.81012,1,4456.731995000021
2025-05-09,put_credit_spread,0.0,0.0,0.0,1,4456.731995000021
2025-05-09,short_straddle,98.0,-23.211171,74.788829,1,4531.520824000021
2025-05-12,put_credit_spread,0.0,0.0,0.0,1,4531.520824000021
2025-05-12,short_straddle,0.0,813.336584,813.336584,1,5344.857408000021
2025-05-13,put_credit_spread,0.0,0.0,0.0,1,5344.857408000021
2025-05-13,short_straddle,0.0,-19.040009,-19.040009,1,5325.8173990000205
2025-05-14,put_credit_spread,0.0,0.0,0.0,1,5325.8173990000205
2025-05-14,short_straddle,0.0,-6.720154,-6.720154,1,5319.097245000021
2025-05-15,put_credit_spread,0.0,0.0,0.0,1,5319.097245000021
2025-05-15,short_straddle,0.0,20.510162,20.510162,1,5339.60740700002
2025-05-16,put_credit_spread,181.397,0.0,181.397,2,5521.00440700002
2025-05-16,short_straddle,0.0,21.489838,21.489838,1,5542.494245000021
2025-05-19,put_credit_spread,0.0,0.0,0.0,1,5542.494245000021
2025-05-19,short_straddle,0.0,10.430145,10.430145,1,5552.924390000021
2025-05-20,put_credit_spread,0.0,0.0,0.0,1,5552.924390000021
2025-05-20,short_straddle,0.0,-7.490051,-7.490051,1,5545.434339000021
2025-05-21,put_credit_spread,0.0,0.0,0.0,1,5545.434339000021
2025-05-21,short_straddle,-5.7684999999999995,-59.005634,-64.774134,2,5480.660205000021
2025-05-22,put_credit_spread,0.0,0.0,0.0,1,5480.660205000021
2025-05-22,short_straddle,62.5,-1.04705,61.45295,1,5542.113155000021
2025-05-23,put_credit_spread,0.0,0.0,0.0,1,5542.113155000021
2025-05-23,short_straddle,0.0,-12.658269,-12.658269,1,5529.454886000021
2025-05-27,put_credit_spread,0.0,0.0,0.0,1,5529.454886000021
2025-05-27,short_straddle,0.0,30.080078,30.080078,1,5559.534964000021
2025-05-28,put_credit_spread,0.0,0.0,0.0,1,5559.534964000021
2025-05-28,short_straddle,0.0,-9.719971,-9.719971,1,5549.814993000021
2025-05-29,put_credit_spread,0.0,0.0,0.0,1,5549.814993000021
2025-05-29,short_straddle,0.0,4.159912,4.159912,1,5553.974905000021
2025-05-30,put_credit_spread,0.0,0.0,0.0,1,5553.974905000021
2025-05-30,short_straddle,0.0,1.560059,1.560059,1,5555.534964000021
2025-06-02,put_credit_spread,0.0,0.0,0.0,1,5555.534964000021
2025-06-02,short_straddle,0.0,3.439941,3.439941,1,5558.974905000021
2025-06-03,put_credit_spread,0.0,0.0,0.0,1,5558.974905000021
2025-06-03,short_straddle,0.0,9.200073,9.200073,1,5568.174978000021
2025-06-04,put_credit_spread,0.0,0.0,0.0,1,5568.174978000021
2025-06-04,short_straddle,0.0,-4.280029,-4.280029,1,5563.894949000021
2025-06-05,put_credit_spread,0.0,0.0,0.0,1,5563.894949000021
2025-06-05,short_straddle,0.0,-3.880005,-3.880005,1,5560.014944000021
2025-06-06,put_credit_spread,0.0,0.0,0.0,1,5560.014944000021
2025-06-06,short_straddle,0.0,17.640015,17.640015,1,5577.654959000021
2025-06-09,put_credit_spread,0.0,0.0,0.0,1,5577.654959000021
2025-06-09,short_straddle,0.0,-0.080078,-0.080078,1,5577.574881000021
2025-06-10,put_credit_spread,0.0,0.0,0.0,1,5577.574881000021
2025-06-10,short_straddle,0.0,5.0,5.0,1,5582.574881000021
2025-06-11,put_credit_spread,0.0,0.0,0.0,1,5582.574881000021
2025-06-11,short_straddle,0.0,-0.039917,-0.039917,1,5582.534964000021
2025-06-12,put_credit_spread,0.0,0.0,0.0,1,5582.534964000021
2025-06-12,short_straddle,0.0,3.559937,3.559937,1,5586.094901000021
2025-06-13,put_credit_spread,201.85625,0.0,201.85625,2,5787.951151000021
2025-06-13,short_straddle,0.0,-30.719971,-30.719971,1,5757.231180000021
2025-06-16,put_credit_spread,-59.5,0.0,-59.5,1,5697.731180000021
2025-06-16,short_straddle,0.0,13.880005,13.880005,1,5711.611185000021
2025-06-17,put_credit_spread,0.0,0.0,0.0,1,5711.611185000021
2025-06-17,short_straddle,0.0,-12.680054,-12.680054,1,5698.93113100002
2025-06-18,put_credit_spread,0.0,0.0,0.0,1,5698.93113100002
2025-06-18,short_straddle,-5.49875,-1.925636,-7.424386,2,5691.506745000021
2025-06-20,put_credit_spread,0.0,0.0,0.0,1,5691.506745000021
2025-06-20,short_straddle,0.0,-0.42176,-0.42176,1,5691.08498500002
2025-06-23,put_credit_spread,-28.5,0.0,-28.5,1,5662.58498500002
2025-06-23,short_straddle,0.0,7.919983,7.919983,1,5670.50496800002
2025-06-24,put_credit_spread,295.5,0.0,295.5,1,5966.00496800002
2025-06-24,short_straddle,0.0,10.140015,10.140015,1,5976.14498300002
2025-06-25,put_credit_spread,0.0,0.0,0.0,1,5976.14498300002
2025-06-25,short_straddle,0.0,-1.860046,-1.860046,1,5974.28493700002
2025-06-26,put_credit_spread,-16.0,0.0,-16.0,1,5958.28493700002
2025-06-26,short_straddle,0.0,8.140015,8.140015,1,5966.42495200002
2025-06-27,put_credit_spread,0.0,0.0,0.0,1,5966.42495200002
2025-06-27,short_straddle,0.0,8.140015,8.140015,1,5974.56496700002
2025-06-30,put_credit_spread,86.899,0.0,86.899,2,6061.463967000021
2025-06-30,short_straddle,0.0,5.299988,5.299988,1,6066.76395500002
2025-07-01,put_credit_spread,0.0,0.0,0.0,1,6066.76395500002
2025-07-01,short_straddle,0.0,8.480042,8.480042,1,6075.2439970000205
2025-07-02,put_credit_spread,0.0,0.0,0.0,1,6075.2439970000205
2025-07-02,short_straddle,0.0,-0.360046,-0.360046,1,6074.883951000021
2025-07-03,put_credit_spread,0.0,0.0,0.0,1,6074.883951000021
2025-07-03,short_straddle,0.0,6.76001,6.76001,1,6081.643961000021
2025-07-07,put_credit_spread,0.0,0.0,0.0,1,6081.643961000021
2025-07-07,short_straddle,0.0,-8.179993,-8.179993,1,6073.463968000021
2025-07-08,put_credit_spread,0.0,0.0,0.0,1,6073.463968000021
2025-07-08,short_straddle,0.0,-3.23999,-3.23999,1,6070.223978000021
2025-07-09,put_credit_spread,0.0,0.0,0.0,1,6070.223978000021
2025-07-09,short_straddle,0.0,4.279968,4.279968,1,6074.503946000021
2025-07-10,put_credit_spread,0.0,0.0,0.0,1,6074.503946000021
2025-07-10,short_straddle,0.0,3.960022,3.960022,1,6078.463968000021
2025-07-11,put_credit_spread,0.0,0.0,0.0,1,6078.463968000021
2025-07-11,short_straddle,0.0,-5.859985,-5.859985,1,6072.603983000021
2025-07-14,put_credit_spread,0.0,0.0,0.0,1,6072.603983000021
2025-07-14,short_straddle,0.0,2.019958,2.019958,1,6074.623941000021
2025-07-15,put_credit_spread,0.0,0.0,0.0,1,6074.623941000021
2025-07-15,short_straddle,0.0,-8.859985,-8.859985,1,6065.763956000021
2025-07-16,put_credit_spread,0.0,0.0,0.0,1,6065.763956000021
2025-07-16,short_straddle,-5.47875,3.977623,-1.501127,2,6064.26282900002
2025-07-17,put_credit_spread,0.0,0.0,0.0,1,6064.26282900002
2025-07-17,short_straddle,0.0,-3.56176,-3.56176,1,6060.701069000021
2025-07-18,put_credit_spread,0.0,0.0,0.0,1,6060.701069000021
2025-07-18,short_straddle,0.0,-31.359863,-31.359863,1,6029.341206000021
2025-07-21,put_credit_spread,0.0,0.0,0.0,1,6029.341206000021
2025-07-21,short_straddle,0.0,2.879883,2.879883,1,6032.221089000021
2025-07-22,put_credit_spread,0.0,0.0,0.0,1,6032.221089000021
2025-07-22,short_straddle,0.0,24.319824,24.319824,1,6056.540913000021
2025-07-23,put_credit_spread,0.0,0.0,0.0,1,6056.540913000021
2025-07-23,short_straddle,0.0,84.0,84.0,1,6140.540913000021
2025-07-24,put_credit_spread,0.0,0.0,0.0,1,6140.540913000021
2025-07-24,short_straddle,0.0,-49.600098,-49.600098,1,6090.940815000021
2025-07-25,put_credit_spread,192.9075,0.0,192.9075,2,6283.848315000021
2025-07-25,short_straddle,0.0,30.560059,30.560059,1,6314.4083740000215
2025-07-28,put_credit_spread,0.0,0.0,0.0,1,6314.4083740000215
2025-07-28,short_straddle,0.0,-10.879883,-10.879883,1,6303.528491000022
2025-07-29,put_credit_spread,0.0,0.0,0.0,1,6303.528491000022
2025-07-29,short_straddle,0.0,-29.759766,-29.759766,1,6273.768725000022
2025-07-30,put_credit_spread,0.0,0.0,0.0,1,6273.768725000022
2025-07-30,short_straddle,0.0,-27.52002,-27.52002,1,6246.248705000022
2025-07-31,put_credit_spread,0.0,0.0,0.0,1,6246.248705000022
2025-07-31,short_straddle,0.0,-54.880371,-54.880371,1,6191.368334000022
2025-08-01,put_credit_spread,0.0,0.0,0.0,1,6191.368334000022
2025-08-01,short_straddle,0.0,-89.759766,-89.759766,1,6101.6085680000215
2025-08-04,put_credit_spread,0.0,0.0,0.0,1,6101.6085680000215
2025-08-04,short_straddle,0.0,97.439941,97.439941,1,6199.048509000021
2025-08-05,put_credit_spread,0.0,0.0,0.0,1,6199.048509000021
2025-08-05,short_straddle,0.0,-10.719727,-10.719727,1,6188.328782000021
2025-08-06,put_credit_spread,0.0,0.0,0.0,1,6188.328782000021
2025-08-06,short_straddle,0.0,13.279785,13.279785,1,6201.608567000021
2025-08-07,put_credit_spread,-159.5,0.0,-159.5,1,6042.108567000021
2025-08-07,short_straddle,0.0,-36.0,-36.0,1,6006.108567000021
2025-08-08,put_credit_spread,0.0,0.0,0.0,1,6006.108567000021
2025-08-08,short_straddle,0.0,35.200195,35.200195,1,6041.3087620000215
2025-08-11,put_credit_spread,18.0,0.0,18.0,1,6059.3087620000215
2025-08-11,short_straddle,0.0,-30.560059,-30.560059,1,6028.748703000021
2025-08-12,put_credit_spread,0.0,0.0,0.0,1,6028.748703000021
2025-08-12,short_straddle,0.0,74.719727,74.719727,1,6103.468430000021
2025-08-13,put_credit_spread,0.0,0.0,0.0,1,6103.468430000021
2025-08-13,short_straddle,-5.33375,72.244972,66.91122200000001,2,6170.3796520000205
2025-08-14,put_credit_spread,0.0,0.0,0.0,1,6170.3796520000205
2025-08-14,short_straddle,47.5,-2.47038,45.02962,1,6215.409272000021
2025-08-15,put_credit_spread,0.0,0.0,0.0,1,6215.409272000021
2025-08-15,short_straddle,0.0,3.845181,3.845181,1,6219.2544530000205
2025-08-18,put_credit_spread,0.0,0.0,0.0,1,6219.2544530000205
2025-08-18,short_straddle,52.5,-5.024635,47.475365,1,6266.729818000021
2025-08-19,put_credit_spread,0.0,0.0,0.0,1,6266.729818000021
2025-08-19,short_straddle,0.0,1.935542,1.935542,1,6268.665360000021
2025-08-20,put_credit_spread,0.0,0.0,0.0,1,6268.665360000021
2025-08-20,short_straddle,0.0,0.699768,0.699768,1,6269.365128000021
2025-08-21,put_credit_spread,0.0,0.0,0.0,1,6269.365128000021
2025-08-21,short_straddle,0.0,-14.099731,-14.099731,1,6255.265397000021
2025-08-22,put_credit_spread,322.41075,0.0,322.41075,2,6577.676147000021
2025-08-22,short_straddle,0.0,86.900024,86.900024,1,6664.576171000021
2025-08-25,put_credit_spread,0.0,0.0,0.0,1,6664.576171000021
2025-08-25,short_straddle,0.0,-35.700073,-35.700073,1,6628.876098000021
2025-08-26,put_credit_spread,0.0,0.0,0.0,1,6628.876098000021
2025-08-26,short_straddle,0.0,14.199829,14.199829,1,6643.075927000021
2025-08-27,put_credit_spread,0.0,0.0,0.0,1,6643.075927000021
2025-08-27,short_straddle,0.0,15.400085,15.400085,1,6658.476012000021
2025-08-28,put_credit_spread,0.0,0.0,0.0,1,6658.476012000021
2025-08-28,short_straddle,0.0,7.600098,7.600098,1,6666.076110000021
2025-08-29,put_credit_spread,0.0,0.0,0.0,1,6666.076110000021
2025-08-29,short_straddle,0.0,-7.000122,-7.000122,1,6659.0759880000205
2025-09-02,put_credit_spread,0.0,0.0,0.0,1,6659.0759880000205
2025-09-02,short_straddle,0.0,-24.80011,-24.80011,1,6634.27587800002
2025-09-03,put_credit_spread,0.0,0.0,0.0,1,6634.27587800002
2025-09-03,short_straddle,0.0,-3.499756,-3.499756,1,6630.77612200002
2025-09-04,put_credit_spread,89.0,0.0,89.0,1,6719.77612200002
2025-09-04,short_straddle,0.0,37.89978,37.89978,1,6757.67590200002
2025-09-05,put_credit_spread,0.0,0.0,0.0,1,6757.67590200002
2025-09-05,short_straddle,0.0,-20.599976,-20.599976,1,6737.0759260000195
2025-09-08,put_credit_spread,-47.5,0.0,-47.5,1,6689.5759260000195
2025-09-08,short_straddle,0.0,12.10022,12.10022,1,6701.67614600002
2025-09-09,put_credit_spread,0.0,0.0,0.0,1,6701.67614600002
2025-09-09,short_straddle,0.0,18.099976,18.099976,1,6719.77612200002
2025-09-10,put_credit_spread,0.0,0.0,0.0,1,6719.77612200002
2025-09-10,short_straddle,-5.16625,-23.079821,-28.246071,2,6691.530051000021
2025-09-11,put_credit_spread,0.0,0.0,0.0,1,6691.530051000021
2025-09-11,short_straddle,0.0,0.0,0.0,1,6691.530051000021
2025-09-12,put_credit_spread,0.0,0.0,0.0,1,6691.530051000021
2025-09-12,short_straddle,0.0,0.0,0.0,1,6691.530051000021
2025-09-15,put_credit_spread,0.0,0.0,0.0,1,6691.530051000021
2025-09-15,short_straddle,0.0,0.0,0.0,1,6691.530051000021
2025-09-16,put_credit_spread,0.0,0.0,0.0,1,6691.530051000021
2025-09-16,short_straddle,0.0,0.0,0.0,1,6691.530051000021
2025-09-17,put_credit_spread,0.0,0.0,0.0,1,6691.530051000021
2025-09-17,short_straddle,0.0,0.0,0.0,1,6691.530051000021
2025-09-18,put_credit_spread,0.0,0.0,0.0,1,6691.530051000021
2025-09-18,short_straddle,0.0,0.0,0.0,1,6691.530051000021
2025-09-19,put_credit_spread,132.89975,0.0,132.89975,2,6824.42980100002
2025-09-19,short_straddle,0.0,0.0,0.0,1,6824.42980100002
2025-09-22,put_credit_spread,25.5,0.0,25.5,1,6849.92980100002
2025-09-22,short_straddle,0.0,0.0,0.0,1,6849.92980100002
2025-09-23,put_credit_spread,0.0,0.0,0.0,1,6849.92980100002
2025-09-23,short_straddle,0.0,0.0,0.0,1,6849.92980100002
2025-09-24,put_credit_spread,0.0,0.0,0.0,1,6849.92980100002
2025-09-24,short_straddle,60.5,-8.98989,51.51011,1,6901.43991100002
2025-09-25,put_credit_spread,0.0,0.0,0.0,1,6901.43991100002
2025-09-25,short_straddle,0.0,-70.968742,-70.968742,1,6830.47116900002
2025-09-26,put_credit_spread,0.0,0.0,0.0,1,6830.47116900002
2025-09-26,short_straddle,0.0,0.0,0.0,1,6830.47116900002
2025-09-29,put_credit_spread,0.0,0.0,0.0,1,6830.47116900002
2025-09-29,short_straddle,0.0,0.0,0.0,1,6830.47116900002
2025-09-30,put_credit_spread,77.0,0.0,77.0,1,6907.47116900002
2025-09-30,short_straddle,0.0,0.0,0.0,1,6907.47116900002
2025-10-01,put_credit_spread,0.0,0.0,0.0,1,6907.47116900002
2025-10-01,short_straddle,0.0,0.0,0.0,1,6907.47116900002
2025-10-02,put_credit_spread,0.0,0.0,0.0,1,6907.47116900002
2025-10-02,short_straddle,0.0,0.0,0.0,1,6907.47116900002
2025-10-03,put_credit_spread,0.0,0.0,0.0,1,6907.47116900002
2025-10-03,short_straddle,0.0,0.0,0.0,1,6907.47116900002
2025-10-06,put_credit_spread,0.0,0.0,0.0,1,6907.47116900002
2025-10-06,short_straddle,0.0,0.0,0.0,1,6907.47116900002
2025-10-07,put_credit_spread,0.0,0.0,0.0,1,6907.47116900002
2025-10-07,short_straddle,0.0,0.0,0.0,1,6907.47116900002
2025-10-08,put_credit_spread,0.0,0.0,0.0,1,6907.47116900002
2025-10-08,short_straddle,-5.3134999999999994,0.0,-5.3134999999999994,2,6902.15766900002
2025-10-09,put_credit_spread,0.0,0.0,0.0,1,6902.15766900002
2025-10-09,short_straddle,45.0,-0.927,44.073,1,6946.2306690000205
2025-10-10,put_credit_spread,0.0,0.0,0.0,1,6946.2306690000205
2025-10-10,short_straddle,-297.5,26.559795,-270.940205,1,6675.290464000021
2025-10-13,put_credit_spread,0.0,0.0,0.0,1,6675.290464000021
2025-10-13,short_straddle,0.0,-237.415885,-237.415885,1,6437.87457900002
2025-10-14,put_credit_spread,0.0,0.0,0.0,1,6437.87457900002
2025-10-14,short_straddle,0.0,16.23999,16.23999,1,6454.11456900002
2025-10-15,put_credit_spread,0.0,0.0,0.0,1,6454.11456900002
2025-10-15,short_straddle,0.0,0.0,0.0,1,6454.11456900002
2025-10-16,put_credit_spread,0.0,0.0,0.0,1,6454.11456900002
2025-10-16,short_straddle,0.0,-25.199951,-25.199951,1,6428.914618000021
2025-10-17,put_credit_spread,93.82825,0.0,93.82825,2,6522.74286800002
2025-10-17,short_straddle,0.0,17.76001,17.76001,1,6540.50287800002
2025-10-20,put_credit_spread,0.0,0.0,0.0,1,6540.50287800002
2025-10-20,short_straddle,0.0,41.919922,41.919922,1,6582.42280000002
2025-10-21,put_credit_spread,0.0,0.0,0.0,1,6582.42280000002
2025-10-21,short_straddle,0.0,17.600098,17.600098,1,6600.02289800002
2025-10-22,put_credit_spread,0.0,0.0,0.0,1,6600.02289800002
2025-10-22,short_straddle,592.5,-28.45158,564.04842,1,7164.07131800002
2025-10-23,put_credit_spread,0.0,0.0,0.0,1,7164.07131800002
2025-10-23,short_straddle,0.0,5.105459,5.105459,1,7169.176777000021
2025-10-24,put_credit_spread,0.0,0.0,0.0,1,7169.176777000021
2025-10-24,short_straddle,0.0,39.359863,39.359863,1,7208.53664000002
2025-10-27,put_credit_spread,0.0,0.0,0.0,1,7208.53664000002
2025-10-27,short_straddle,-165.5,12.523342,-152.976658,1,7055.559982000021
2025-10-28,put_credit_spread,0.0,0.0,0.0,1,7055.559982000021
2025-10-28,short_straddle,0.0,97.154781,97.154781,1,7152.714763000021
2025-10-29,put_credit_spread,0.0,0.0,0.0,1,7152.714763000021
2025-10-29,short_straddle,0.0,-6.23999,-6.23999,1,7146.474773000021
2025-10-30,put_credit_spread,0.0,0.0,0.0,1,7146.474773000021
2025-10-30,short_straddle,0.0,-10.879883,-10.879883,1,7135.594890000021
2025-10-31,put_credit_spread,0.0,0.0,0.0,1,7135.594890000021
2025-10-31,short_straddle,0.0,5.280029,5.280029,1,7140.874919000021
2025-11-03,put_credit_spread,-159.5,0.0,-159.5,1,6981.374919000021
2025-11-03,short_straddle,0.0,-17.600098,-17.600098,1,6963.774821000021
2025-11-04,put_credit_spread,0.0,0.0,0.0,1,6963.774821000021
2025-11-04,short_straddle,0.0,-20.560059,-20.560059,1,6943.2147620000205
2025-11-05,put_credit_spread,0.0,0.0,0.0,1,6943.2147620000205
2025-11-05,short_straddle,-5.420249999999999,15.787492,10.367242000000001,2,6953.582004000021
2025-11-06,put_credit_spread,0.0,0.0,0.0,1,6953.582004000021
2025-11-06,short_straddle,0.0,-1.64248,-1.64248,1,6951.93952400002
2025-11-07,put_credit_spread,0.0,0.0,0.0,1,6951.93952400002
2025-11-07,short_straddle,0.0,4.059906,4.059906,1,6955.999430000021
2025-11-10,put_credit_spread,0.0,0.0,0.0,1,6955.999430000021
2025-11-10,short_straddle,0.0,27.720154,27.720154,1,6983.71958400002
2025-11-11,put_credit_spread,0.0,0.0,0.0,1,6983.71958400002
2025-11-11,short_straddle,0.0,39.129974,39.129974,1,7022.849558000021
2025-11-12,put_credit_spread,0.0,0.0,0.0,1,7022.849558000021
2025-11-12,short_straddle,0.0,23.450043,23.450043,1,7046.299601000021
2025-11-13,put_credit_spread,0.0,0.0,0.0,1,7046.299601000021
2025-11-13,short_straddle,0.0,-56.140137,-56.140137,1,6990.15946400002
2025-11-14,put_credit_spread,498.838,0.0,498.838,2,7488.99746400002
2025-11-14,short_straddle,0.0,-20.580017,-20.580017,1,7468.41744700002
2025-11-17,put_credit_spread,-175.0,0.0,-175.0,1,7293.41744700002
2025-11-17,short_straddle,0.0,-38.359863,-38.359863,1,7255.05758400002
2025-11-18,put_credit_spread,0.0,0.0,0.0,1,7255.05758400002
2025-11-18,short_straddle,0.0,-35.140137,-35.140137,1,7219.91744700002
2025-11-19,put_credit_spread,0.0,0.0,0.0,1,7219.91744700002
2025-11-19,short_straddle,0.0,3.220154,3.220154,1,7223.1376010000195
2025-11-20,put_credit_spread,0.0,0.0,0.0,1,7223.1376010000195
2025-11-20,short_straddle,0.0,-25.620026,-25.620026,1,7197.51757500002
2025-11-21,put_credit_spread,0.0,0.0,0.0,1,7197.51757500002
2025-11-21,short_straddle,0.0,31.290009,31.290009,1,7228.80758400002
2025-11-24,put_credit_spread,0.0,0.0,0.0,1,7228.80758400002
2025-11-24,short_straddle,0.0,13.089966,13.089966,1,7241.89755000002
2025-11-25,put_credit_spread,306.0,0.0,306.0,1,7547.89755000002
2025-11-25,short_straddle,0.0,47.179932,47.179932,1,7595.07748200002
2025-11-26,put_credit_spread,0.0,0.0,0.0,1,7595.07748200002
2025-11-26,short_straddle,0.0,22.190094,22.190094,1,7617.267576000019
2025-11-28,put_credit_spread,0.0,0.0,0.0,1,7617.267576000019
2025-11-28,short_straddle,0.0,19.809906,19.809906,1,7637.07748200002
2025-12-01,put_credit_spread,-31.5,0.0,-31.5,1,7605.57748200002
2025-12-01,short_straddle,0.0,-27.019897,-27.019897,1,7578.55758500002
2025-12-02,put_credit_spread,0.0,0.0,0.0,1,7578.55758500002
2025-12-02,short_straddle,0.0,13.580017,13.580017,1,7592.13760200002
2025-12-03,put_credit_spread,0.0,0.0,0.0,1,7592.13760200002
2025-12-03,short_straddle,-5.44875,27.372022,21.923272,2,7614.06087400002
2025-12-04,put_credit_spread,0.0,0.0,0.0,1,7614.06087400002
2025-12-04,short_straddle,10.0,-0.718605,9.281395,1,7623.34226900002
2025-12-05,put_credit_spread,0.0,0.0,0.0,1,7623.34226900002
2025-12-05,short_straddle,0.0,-4.560079,-4.560079,1,7618.78219000002
2025-12-08,put_credit_spread,0.0,0.0,0.0,1,7618.78219000002
2025-12-08,short_straddle,0.0,-7.52002,-7.52002,1,7611.26217000002
2025-12-09,put_credit_spread,0.0,0.0,0.0,1,7611.26217000002
2025-12-09,short_straddle,0.0,-6.919922,-6.919922,1,7604.34224800002
2025-12-10,put_credit_spread,0.0,0.0,0.0,1,7604.34224800002
2025-12-10,short_straddle,0.0,19.719971,19.719971,1,7624.06221900002
2025-12-11,put_credit_spread,0.0,0.0,0.0,1,7624.06221900002
2025-12-11,short_straddle,0.0,26.079956,26.079956,1,7650.14217500002
2025-12-12,put_credit_spread,220.39275,0.0,220.39275,2,7870.53492500002
2025-12-12,short_straddle,0.0,-9.880005,-9.880005,1,7860.65492000002
2025-12-15,put_credit_spread,-8.5,0.0,-8.5,1,7852.15492000002
2025-12-15,short_straddle,251.0,-7.469717,243.530283,1,8095.68520300002
2025-12-16,put_credit_spread,0.0,0.0,0.0,1,8095.68520300002
2025-12-16,short_straddle,136.5,-102.986906,33.513094,1,8129.19829700002
2025-12-17,put_credit_spread,0.0,0.0,0.0,1,8129.19829700002
2025-12-17,short_straddle,-35.0,-33.878925,-68.878925,1,8060.31937200002
2025-12-18,put_credit_spread,0.0,0.0,0.0,1,8060.31937200002
2025-12-18,short_straddle,122.5,-0.48051,122.01949,1,8182.33886200002
2025-12-19,put_credit_spread,0.0,0.0,0.0,1,8182.33886200002
2025-12-19,short_straddle,0.0,0.798818,0.798818,1,8183.13768000002
2025-12-22,put_credit_spread,0.0,0.0,0.0,1,8183.13768000002
2025-12-22,short_straddle,0.0,9.23999,9.23999,1,8192.37767000002
2025-12-23,put_credit_spread,0.0,0.0,0.0,1,8192.37767000002
2025-12-23,short_straddle,0.0,3.080078,3.080078,1,8195.45774800002
2025-12-24,put_credit_spread,0.0,0.0,0.0,1,8195.45774800002
2025-12-24,short_straddle,0.0,11.119995,11.119995,1,8206.57774300002
2025-12-26,put_credit_spread,0.0,0.0,0.0,1,8206.57774300002
2025-12-26,short_straddle,0.0,0.079956,0.079956,1,8206.65769900002
2025-12-29,put_credit_spread,-74.0,0.0,-74.0,1,8132.657699000019
2025-12-29,short_straddle,-4.97875,-10.72919,-15.70794,2,8116.949759000019
2025-12-30,put_credit_spread,0.0,0.0,0.0,1,8116.949759000019
2025-12-30,short_straddle,0.0,-0.96718,-0.96718,1,8115.9825790000195
2025-12-31,put_credit_spread,0.0,0.0,0.0,1,8115.9825790000195
2025-12-31,short_straddle,0.0,-12.079956,-12.079956,1,8103.90262300002
2026-01-02,put_credit_spread,0.0,0.0,0.0,1,8103.90262300002
2026-01-02,short_straddle,0.0,12.23999,12.23999,1,8116.14261300002
2026-01-05,put_credit_spread,0.0,0.0,0.0,1,8116.14261300002
2026-01-05,short_straddle,0.0,24.559937,24.559937,1,8140.70255000002
2026-01-06,put_credit_spread,0.0,0.0,0.0,1,8140.70255000002
2026-01-06,short_straddle,-307.0,6.747431,-300.252569,1,7840.44998100002
2026-01-07,put_credit_spread,0.0,0.0,0.0,1,7840.44998100002
2026-01-07,short_straddle,284.5,-261.139224,23.360776,1,7863.81075700002
2026-01-08,put_credit_spread,0.0,0.0,0.0,1,7863.81075700002
2026-01-08,short_straddle,0.0,77.668557,77.668557,1,7941.47931400002
2026-01-09,put_credit_spread,292.90075,0.0,292.90075,2,8234.38006400002
2026-01-09,short_straddle,-174.5,-4.395619,-178.895619,1,8055.484445000021
2026-01-12,put_credit_spread,0.0,0.0,0.0,1,8055.484445000021
2026-01-12,short_straddle,0.0,40.179203,40.179203,1,8095.663648000021
2026-01-13,put_credit_spread,0.0,0.0,0.0,1,8095.663648000021
2026-01-13,short_straddle,0.0,-15.839966,-15.839966,1,8079.823682000021
2026-01-14,put_credit_spread,0.0,0.0,0.0,1,8079.823682000021
2026-01-14,short_straddle,0.0,-1.440063,-1.440063,1,8078.383619000021
2026-01-15,put_credit_spread,0.0,0.0,0.0,1,8078.383619000021
2026-01-15,short_straddle,0.0,11.600098,11.600098,1,8089.983717000021
2026-01-16,put_credit_spread,0.0,0.0,0.0,1,8089.983717000021
2026-01-16,short_straddle,0.0,-4.23999,-4.23999,1,8085.743727000021
2026-01-20,put_credit_spread,-241.0,0.0,-241.0,1,7844.743727000021
2026-01-20,short_straddle,0.0,-34.160034,-34.160034,1,7810.5836930000205
2026-01-21,put_credit_spread,0.0,0.0,0.0,1,7810.5836930000205
2026-01-21,short_straddle,-5.411,22.698332,17.287332,2,7827.87102500002
2026-01-22,put_credit_spread,0.0,0.0,0.0,1,7827.87102500002
2026-01-22,short_straddle,0.0,-1.48107,-1.48107,1,7826.389955000021
2026-01-23,put_credit_spread,0.0,0.0,0.0,1,7826.389955000021
2026-01-23,short_straddle,107.5,-17.296454,90.203546,1,7916.59350100002
2026-01-26,put_credit_spread,0.0,0.0,0.0,1,7916.59350100002
2026-01-26,short_straddle,0.0,8.648925,8.648925,1,7925.242426000021
2026-01-27,put_credit_spread,0.0,0.0,0.0,1,7925.242426000021
2026-01-27,short_straddle,0.0,-24.0,-24.0,1,7901.242426000021
2026-01-28,put_credit_spread,0.0,0.0,0.0,1,7901.242426000021
2026-01-28,short_straddle,0.0,0.420044,0.420044,1,7901.662470000021
2026-01-29,put_credit_spread,0.0,0.0,0.0,1,7901.662470000021
2026-01-29,short_straddle,0.0,0.479919,0.479919,1,7902.1423890000215
2026-01-30,put_credit_spread,0.0,0.0,0.0,1,7902.1423890000215
2026-01-30,short_straddle,0.0,-7.079956,-7.079956,1,7895.062433000022
2026-02-02,put_credit_spread,0.0,0.0,0.0,1,7895.062433000022
2026-02-02,short_straddle,0.0,30.0,30.0,1,7925.062433000022
2026-02-03,put_credit_spread,0.0,0.0,0.0,1,7925.062433000022
2026-02-03,short_straddle,0.0,-10.320007,-10.320007,1,7914.742426000022
2026-02-04,put_credit_spread,0.0,0.0,0.0,1,7914.742426000022
2026-02-04,short_straddle,0.0,14.640015,14.640015,1,7929.382441000022
2026-02-05,put_credit_spread,0.0,0.0,0.0,1,7929.382441000022
2026-02-05,short_straddle,0.0,-35.039978,-35.039978,1,7894.342463000022
2026-02-06,put_credit_spread,435.3605,0.0,435.3605,2,8329.702963000022
2026-02-06,short_straddle,-118.0,61.947826,-56.052174,1,8273.650789000021
2026-02-09,put_credit_spread,24.5,0.0,24.5,1,8298.150789000021
2026-02-09,short_straddle,107.0,8.05707,115.05707,1,8413.207859000022
2026-02-10,put_credit_spread,0.0,0.0,0.0,1,8413.207859000022
2026-02-10,short_straddle,0.0,24.674005,24.674005,1,8437.881864000023
2026-02-11,put_credit_spread,0.0,0.0,0.0,1,8437.881864000023
2026-02-11,short_straddle,0.0,-3.420044,-3.420044,1,8434.461820000022
2026-02-12,put_credit_spread,0.0,0.0,0.0,1,8434.461820000022
2026-02-12,short_straddle,0.0,-39.959839,-39.959839,1,8394.501981000023
2026-02-13,put_credit_spread,0.0,0.0,0.0,1,8394.501981000023
2026-02-13,short_straddle,0.0,3.659912,3.659912,1,8398.161893000022
2026-02-17,put_credit_spread,-117.5,0.0,-117.5,1,8280.661893000022
2026-02-17,short_straddle,0.0,3.420044,3.420044,1,8284.081937000023
2026-02-18,put_credit_spread,0.0,0.0,0.0,1,8284.081937000023
2026-02-18,short_straddle,-5.609249999999999,5.408963,-0.20028699999999988,2,8283.881650000023
2026-02-19,put_credit_spread,0.0,0.0,0.0,1,8283.881650000023
2026-02-19,short_straddle,37.5,-0.74157,36.75843,1,8320.640080000023
2026-02-20,put_credit_spread,152.5,0.0,152.5,1,8473.140080000023
2026-02-20,short_straddle,95.0,3.363665,98.363665,1,8571.503745000024
2026-02-23,put_credit_spread,0.0,0.0,0.0,1,8571.503745000024
2026-02-23,short_straddle,0.0,-80.699768,-80.699768,1,8490.803977000023
2026-02-24,put_credit_spread,0.0,0.0,0.0,1,8490.803977000023
2026-02-24,short_straddle,0.0,37.799988,37.799988,1,8528.603965000024
2026-02-25,put_credit_spread,0.0,0.0,0.0,1,8528.603965000024
2026-02-25,short_straddle,0.0,30.299988,30.299988,1,8558.903953000025
2026-02-26,put_credit_spread,0.0,0.0,0.0,1,8558.903953000025
2026-02-26,short_straddle,0.0,0.39978,0.39978,1,8559.303733000024
2026-02-27,put_credit_spread,0.0,0.0,0.0,1,8559.303733000024
2026-02-27,short_straddle,0.0,-51.999817,-51.999817,1,8507.303916000024
2026-03-02,put_credit_spread,0.0,0.0,0.0,1,8507.303916000024
2026-03-02,short_straddle,0.0,-4.80011,-4.80011,1,8502.503806000024
2026-03-03,put_credit_spread,0.0,0.0,0.0,1,8502.503806000024
2026-03-03,short_straddle,50.0,-48.980796,1.019204,1,8503.523010000024
2026-03-04,put_credit_spread,-4.266249999999999,0.0,-4.266249999999999,2,8499.256760000024
2026-03-04,short_straddle,0.0,-103.45742,-103.45742,1,8395.799340000023
2026-03-05,put_credit_spread,0.0,0.0,0.0,1,8395.799340000023
2026-03-05,short_straddle,0.0,-78.999939,-78.999939,1,8316.799401000024
2026-03-06,put_credit_spread,0.0,0.0,0.0,1,8316.799401000024
2026-03-06,short_straddle,0.0,-46.099854,-46.099854,1,8270.699547000024
2026-03-09,put_credit_spread,0.0,0.0,0.0,1,8270.699547000024
2026-03-09,short_straddle,0.0,26.499939,26.499939,1,8297.199486000023
2026-03-10,put_credit_spread,0.0,0.0,0.0,1,8297.199486000023
2026-03-10,short_straddle,0.0,-1.799927,-1.799927,1,8295.399559000023
2026-03-11,put_credit_spread,0.0,0.0,0.0,1,8295.399559000023
2026-03-11,short_straddle,0.0,-28.900146,-28.900146,1,8266.499413000023
2026-03-12,put_credit_spread,0.0,0.0,0.0,1,8266.499413000023
2026-03-12,short_straddle,0.0,-73.299866,-73.299866,1,8193.199547000024
2026-03-13,put_credit_spread,0.0,0.0,0.0,1,8193.199547000024
2026-03-13,short_straddle,0.0,-10.700073,-10.700073,1,8182.499474000024
2026-03-16,put_credit_spread,-492.5,0.0,-492.5,1,7689.999474000024
2026-03-16,short_straddle,0.0,38.899841,38.899841,1,7728.899315000024
2026-03-17,put_credit_spread,92.5,0.0,92.5,1,7821.399315000024
2026-03-17,short_straddle,0.0,6.000061,6.000061,1,7827.399376000024
2026-03-18,put_credit_spread,-110.5,0.0,-110.5,1,7716.899376000024
2026-03-18,short_straddle,-5.891249999999999,-81.314939,-87.206189,2,7629.693187000024
2026-03-19,put_credit_spread,0.0,0.0,0.0,1,7629.693187000024
2026-03-19,short_straddle,-30.0,-2.07477,-32.07477,1,7597.618417000024
2026-03-20,put_credit_spread,0.0,0.0,0.0,1,7597.618417000024
2026-03-20,short_straddle,-2.5,44.250396,41.750396,1,7639.368813000025
2026-03-23,put_credit_spread,0.0,0.0,0.0,1,7639.368813000025
2026-03-23,short_straddle,0.0,-122.449295,-122.449295,1,7516.919518000024
2026-03-24,put_credit_spread,0.0,0.0,0.0,1,7516.919518000024
2026-03-24,short_straddle,0.0,-8.799866,-8.799866,1,7508.119652000024
2026-03-25,put_credit_spread,0.0,0.0,0.0,1,7508.119652000024
2026-03-25,short_straddle,0.0,32.670013,32.670013,1,7540.789665000024
2026-03-26,put_credit_spread,0.0,0.0,0.0,1,7540.789665000024
2026-03-26,short_straddle,0.0,-53.130188,-53.130188,1,7487.659477000024
2026-03-27,put_credit_spread,0.0,0.0,0.0,1,7487.659477000024
2026-03-27,short_straddle,0.0,-87.119812,-87.119812,1,7400.539665000024
2026-03-30,put_credit_spread,-4.63275,0.0,-4.63275,2,7395.906915000024
2026-03-30,short_straddle,0.0,7.369812,7.369812,1,7403.276727000024
2026-03-31,put_credit_spread,0.0,0.0,0.0,1,7403.276727000024
2026-03-31,short_straddle,0.0,122.430054,122.430054,1,7525.706781000024
2026-04-01,put_credit_spread,0.0,0.0,0.0,1,7525.706781000024
2026-04-01,short_straddle,603.0,24.259134,627.259134,1,8152.965915000024
2026-04-02,put_credit_spread,0.0,0.0,0.0,1,8152.965915000024
2026-04-02,short_straddle,34.5,-3.405154,31.094846,1,8184.060761000024
2026-04-06,put_credit_spread,0.0,0.0,0.0,1,8184.060761000024
2026-04-06,short_straddle,0.0,7.149647,7.149647,1,8191.2104080000245
2026-04-07,put_credit_spread,401.48075,0.0,401.48075,1,8592.691158000025
2026-04-07,short_straddle,0.0,-9.789825,-9.789825,1,8582.901333000025
2026-04-08,short_straddle,0.0,146.079987,146.079987,1,8728.981320000024
2026-04-09,short_straddle,0.0,30.139893,30.139893,1,8759.121213000024
2026-04-10,put_credit_spread,-2.182,0.0,-2.182,1,8756.939213000023
2026-04-10,short_straddle,0.0,-29.149933,-29.149933,1,8727.789280000023
2026-04-13,put_credit_spread,0.0,0.0,0.0,1,8727.789280000023
2026-04-13,short_straddle,0.0,31.680054,31.680054,1,8759.469334000023
2026-04-14,put_credit_spread,0.0,0.0,0.0,1,8759.469334000023
2026-04-14,short_straddle,0.0,36.959839,36.959839,1,8796.429173000022
2026-04-15,put_credit_spread,0.0,0.0,0.0,1,8796.429173000022
2026-04-15,short_straddle,-5.6225000000000005,-11.135839,-16.758339,2,8779.670834000022
2026-04-16,put_credit_spread,0.0,0.0,0.0,1,8779.670834000022
2026-04-16,short_straddle,38.0,-2.185335,35.814665,1,8815.485499000022
2026-04-17,put_credit_spread,0.0,0.0,0.0,1,8815.485499000022
2026-04-17,short_straddle,-345.5,69.896667,-275.603333,1,8539.882166000021
2026-04-20,put_credit_spread,0.0,0.0,0.0,1,8539.882166000021
2026-04-20,short_straddle,0.0,-4.608511,-4.608511,1,8535.27365500002
2026-04-21,put_credit_spread,-96.0,0.0,-96.0,1,8439.27365500002
2026-04-21,short_straddle,0.0,-8.910004,-8.910004,1,8430.363651000021
2026-04-22,put_credit_spread,0.0,0.0,0.0,1,8430.363651000021
2026-04-22,short_straddle,0.0,10.200073,10.200073,1,8440.563724000021
2026-04-23,put_credit_spread,0.0,0.0,0.0,1,8440.563724000021
2026-04-23,short_straddle,0.0,-5.280029,-5.280029,1,8435.283695000022
2026-04-24,put_credit_spread,0.0,0.0,0.0,1,8435.283695000022
2026-04-24,short_straddle,0.0,-2.370026,-2.370026,1,8432.913669000021
2026-04-27,put_credit_spread,0.0,0.0,0.0,1,8432.913669000021
2026-04-27,short_straddle,0.0,-1.140015,-1.140015,1,8431.77365400002
2026-04-28,put_credit_spread,0.0,0.0,0.0,1,8431.77365400002
2026-04-28,short_straddle,0.0,-1.229919,-1.229919,1,8430.543735000021
2026-04-29,put_credit_spread,0.0,0.0,0.0,1,8430.543735000021
2026-04-29,short_straddle,0.0,-8.25,-8.25,1,8422.293735000021
2026-04-30,put_credit_spread,0.0,0.0,0.0,1,8422.293735000021
2026-04-30,short_straddle,0.0,23.939941,23.939941,1,8446.233676000022
2026-05-01,put_credit_spread,0.0,0.0,0.0,1,8446.233676000022
2026-05-01,short_straddle,0.0,-4.890015,-4.890015,1,8441.34366100002
2026-05-04,put_credit_spread,0.0,0.0,0.0,1,8441.34366100002
2026-05-04,short_straddle,842.5,-22.254694,820.245306,1,9261.588967000022
2026-05-05,put_credit_spread,0.0,0.0,0.0,1,9261.588967000022
2026-05-05,short_straddle,0.0,85.884315,85.884315,1,9347.47328200002
2026-05-06,put_credit_spread,0.0,0.0,0.0,1,9347.47328200002
2026-05-06,short_straddle,0.0,18.269989,18.269989,1,9365.743271000021
2026-05-07,put_credit_spread,0.0,0.0,0.0,1,9365.743271000021
2026-05-07,short_straddle,0.0,-9.419952,-9.419952,1,9356.323319000021
2026-05-08,put_credit_spread,458.0,0.0,458.0,1,9814.323319000021
2026-05-08,short_straddle,0.0,0.660004,0.660004,1,9814.98332300002
2026-05-11,short_straddle,0.0,2.939941,2.939941,1,9817.923264000021
2026-05-12,short_straddle,0.0,2.340088,2.340088,1,9820.263352000022
2026-05-13,short_straddle,-2.5725,-2.99571,-5.56821,1,9814.695142000022
