run_id,date,strategy,open_trades,margin_used,equity,margin_utilization
sim_2019-02-09_2026-05-21_138e7b4fbb82,2019-02-11,short_straddle,0,0.0,1000000.0,0.0
sim_2019-02-09_2026-05-21_138e7b4fbb82,2019-02-11,put_credit_spread,0,0.0,1000000.0,0.0
sim_2019-02-09_2026-05-21_138e7b4fbb82,2019-02-12,short_straddle,0,0.0,1000000.0,0.0
sim_2019-02-09_2026-05-21_138e7b4fbb82,2019-02-12,put_credit_spread,0,0.0,1000000.0,0.0
sim_2019-02-09_2026-05-21_138e7b4fbb82,2019-02-13,short_straddle,0,0.0,1000000.0,0.0
sim_2019-02-09_2026-05-21_138e7b4fbb82,2019-02-13,put_credit_spread,0,0.0,1000000.0,0.0
sim_2019-02-09_2026-05-21_138e7b4fbb82,2019-02-14,short_straddle,0,0.0,1000000.0,0.0
sim_2019-02-09_2026-05-21_138e7b4fbb82,2019-02-14,put_credit_spread,0,0.0,1000000.0,0.0
sim_2019-02-09_2026-05-21_138e7b4fbb82,2019-02-15,short_straddle,0,0.0,1000000.0,0.0
sim_2019-02-09_2026-05-21_138e7b4fbb82,2019-02-15,put_credit_spread,0,0.0,1000000.0,0.0
sim_2019-02-09_2026-05-21_138e7b4fbb82,2019-02-19,short_straddle,0,0.0,1000000.0,0.0
sim_2019-02-09_2026-05-21_138e7b4fbb82,2019-02-19,put_credit_spread,0,0.0,1000000.0,0.0
sim_2019-02-09_2026-05-21_138e7b4fbb82,2019-02-20,short_straddle,0,0.0,1000000.0,0.0
sim_2019-02-09_2026-05-21_138e7b4fbb82,2019-02-20,put_credit_spread,0,0.0,1000000.0,0.0
sim_2019-02-09_2026-05-21_138e7b4fbb82,2019-02-21,short_straddle,0,0.0,1000000.0,0.0
sim_2019-02-09_2026-05-21_138e7b4fbb82,2019-02-21,put_credit_spread,0,0.0,1000000.0,0.0
sim_2019-02-09_2026-05-21_138e7b4fbb82,2019-02-22,short_straddle,0,0.0,1000000.0,0.0
sim_2019-02-09_2026-05-21_138e7b4fbb82,2019-02-22,put_credit_spread,0,0.0,1000000.0,0.0
sim_2019-02-09_2026-05-21_138e7b4fbb82,2019-02-25,short_straddle,0,0.0,1000000.0,0.0
sim_2019-02-09_2026-05-21_138e7b4fbb82,2019-02-25,put_credit_spread,0,0.0,1000000.0,0.0
sim_2019-02-09_2026-05-21_138e7b4fbb82,2019-02-26,short_straddle,0,0.0,1000000.0,0.0
sim_2019-02-09_2026-05-21_138e7b4fbb82,2019-02-26,put_credit_spread,0,0.0,1000000.0,0.0
sim_2019-02-09_2026-05-21_138e7b4fbb82,2019-02-27,short_straddle,0,0.0,1000000.0,0.0
sim_2019-02-09_2026-05-21_138e7b4fbb82,2019-02-27,put_credit_spread,0,0.0,1000000.0,0.0
sim_2019-02-09_2026-05-21_138e7b4fbb82,2019-02-28,short_straddle,0,0.0,1000000.0,0.0
sim_2019-02-09_2026-05-21_138e7b4fbb82,2019-02-28,put_credit_spread,0,0.0,1000000.0,0.0
sim_2019-02-09_2026-05-21_138e7b4fbb82,2019-03-01,short_straddle,0,0.0,1000000.0,0.0
sim_2019-02-09_2026-05-21_138e7b4fbb82,2019-03-01,put_credit_spread,0,0.0,1000000.0,0.0
sim_2019-02-09_2026-05-21_138e7b4fbb82,2019-03-04,short_straddle,0,0.0,1000000.0,0.0
sim_2019-02-09_2026-05-21_138e7b4fbb82,2019-03-04,put_credit_spread,0,0.0,1000000.0,0.0
sim_2019-02-09_2026-05-21_138e7b4fbb82,2019-03-05,short_straddle,0,0.0,1000000.0,0.0
sim_2019-02-09_2026-05-21_138e7b4fbb82,2019-03-05,put_credit_spread,0,0.0,1000000.0,0.0
sim_2019-02-09_2026-05-21_138e7b4fbb82,2019-03-06,short_straddle,0,0.0,1000000.0,0.0
sim_2019-02-09_2026-05-21_138e7b4fbb82,2019-03-06,put_credit_spread,0,0.0,1000000.0,0.0
sim_2019-02-09_2026-05-21_138e7b4fbb82,2019-03-07,short_straddle,0,0.0,1000000.0,0.0
sim_2019-02-09_2026-05-21_138e7b4fbb82,2019-03-07,put_credit_spread,0,0.0,1000000.0,0.0
sim_2019-02-09_2026-05-21_138e7b4fbb82,2019-03-08,short_straddle,0,0.0,1000000.0,0.0
sim_2019-02-09_2026-05-21_138e7b4fbb82,2019-03-08,put_credit_spread,0,0.0,1000000.0,0.0
sim_2019-02-09_2026-05-21_138e7b4fbb82,2019-03-11,short_straddle,0,0.0,1000000.0,0.0
sim_2019-02-09_2026-05-21_138e7b4fbb82,2019-03-11,put_credit_spread,0,0.0,1000000.0,0.0
sim_2019-02-09_2026-05-21_138e7b4fbb82,2019-03-12,short_straddle,0,0.0,1000000.0,0.0
sim_2019-02-09_2026-05-21_138e7b4fbb82,2019-03-12,put_credit_spread,0,0.0,1000000.0,0.0
sim_2019-02-09_2026-05-21_138e7b4fbb82,2019-03-13,short_straddle,0,0.0,1000000.0,0.0
sim_2019-02-09_2026-05-21_138e7b4fbb82,2019-03-13,put_credit_spread,0,0.0,1000000.0,0.0
sim_2019-02-09_2026-05-21_138e7b4fbb82,2019-03-14,short_straddle,0,0.0,1000000.0,0.0
sim_2019-02-09_2026-05-21_138e7b4fbb82,2019-03-14,put_credit_spread,0,0.0,1000000.0,0.0
sim_2019-02-09_2026-05-21_138e7b4fbb82,2019-03-15,short_straddle,0,0.0,1000000.0,0.0
sim_2019-02-09_2026-05-21_138e7b4fbb82,2019-03-15,put_credit_spread,0,0.0,1000000.0,0.0
sim_2019-02-09_2026-05-21_138e7b4fbb82,2019-03-18,short_straddle,0,0.0,1000000.0,0.0
sim_2019-02-09_2026-05-21_138e7b4fbb82,2019-03-18,put_credit_spread,0,0.0,1000000.0,0.0
sim_2019-02-09_2026-05-21_138e7b4fbb82,2019-03-19,short_straddle,0,0.0,1000000.0,0.0
sim_2019-02-09_2026-05-21_138e7b4fbb82,2019-03-19,put_credit_spread,0,0.0,1000000.0,0.0
sim_2019-02-09_2026-05-21_138e7b4fbb82,2019-03-20,short_straddle,0,0.0,1000000.0,0.0
sim_2019-02-09_2026-05-21_138e7b4fbb82,2019-03-20,put_credit_spread,0,0.0,1000000.0,0.0
sim_2019-02-09_2026-05-21_138e7b4fbb82,2019-03-21,short_straddle,0,0.0,1000000.0,0.0
sim_2019-02-09_2026-05-21_138e7b4fbb82,2019-03-21,put_credit_spread,0,0.0,1000000.0,0.0
sim_2019-02-09_2026-05-21_138e7b4fbb82,2019-03-22,short_straddle,0,0.0,1000000.0,0.0
sim_2019-02-09_2026-05-21_138e7b4fbb82,2019-03-22,put_credit_spread,0,0.0,1000000.0,0.0
sim_2019-02-09_2026-05-21_138e7b4fbb82,2019-03-25,short_straddle,0,0.0,1000000.0,0.0
sim_2019-02-09_2026-05-21_138e7b4fbb82,2019-03-25,put_credit_spread,0,0.0,1000000.0,0.0
sim_2019-02-09_2026-05-21_138e7b4fbb82,2019-03-26,short_straddle,0,0.0,1000000.0,0.0
sim_2019-02-09_2026-05-21_138e7b4fbb82,2019-03-26,put_credit_spread,0,0.0,1000000.0,0.0
sim_2019-02-09_2026-05-21_138e7b4fbb82,2019-03-27,short_straddle,0,0.0,1000000.0,0.0
sim_2019-02-09_2026-05-21_138e7b4fbb82,2019-03-27,put_credit_spread,0,0.0,1000000.0,0.0
sim_2019-02-09_2026-05-21_138e7b4fbb82,2019-03-28,short_straddle,0,0.0,1000000.0,0.0
sim_2019-02-09_2026-05-21_138e7b4fbb82,2019-03-28,put_credit_spread,0,0.0,1000000.0,0.0
sim_2019-02-09_2026-05-21_138e7b4fbb82,2019-03-29,short_straddle,0,0.0,1000000.0,0.0
sim_2019-02-09_2026-05-21_138e7b4fbb82,2019-03-29,put_credit_spread,0,0.0,1000000.0,0.0
sim_2019-02-09_2026-05-21_138e7b4fbb82,2019-04-01,short_straddle,0,0.0,1000000.0,0.0
sim_2019-02-09_2026-05-21_138e7b4fbb82,2019-04-01,put_credit_spread,0,0.0,1000000.0,0.0
sim_2019-02-09_2026-05-21_138e7b4fbb82,2019-04-02,short_straddle,0,0.0,1000000.0,0.0
sim_2019-02-09_2026-05-21_138e7b4fbb82,2019-04-02,put_credit_spread,0,0.0,1000000.0,0.0
sim_2019-02-09_2026-05-21_138e7b4fbb82,2019-04-03,short_straddle,0,0.0,1000000.0,0.0
sim_2019-02-09_2026-05-21_138e7b4fbb82,2019-04-03,put_credit_spread,0,0.0,1000000.0,0.0
sim_2019-02-09_2026-05-21_138e7b4fbb82,2019-04-04,short_straddle,0,0.0,1000000.0,0.0
sim_2019-02-09_2026-05-21_138e7b4fbb82,2019-04-04,put_credit_spread,0,0.0,1000000.0,0.0
sim_2019-02-09_2026-05-21_138e7b4fbb82,2019-04-05,short_straddle,0,0.0,1000000.0,0.0
sim_2019-02-09_2026-05-21_138e7b4fbb82,2019-04-05,put_credit_spread,0,0.0,1000000.0,0.0
sim_2019-02-09_2026-05-21_138e7b4fbb82,2019-04-08,short_straddle,0,0.0,1000000.0,0.0
sim_2019-02-09_2026-05-21_138e7b4fbb82,2019-04-08,put_credit_spread,0,0.0,1000000.0,0.0
sim_2019-02-09_2026-05-21_138e7b4fbb82,2019-04-09,short_straddle,0,0.0,1000000.0,0.0
sim_2019-02-09_2026-05-21_138e7b4fbb82,2019-04-09,put_credit_spread,0,0.0,1000000.0,0.0
sim_2019-02-09_2026-05-21_138e7b4fbb82,2019-04-10,short_straddle,0,0.0,1000000.0,0.0
sim_2019-02-09_2026-05-21_138e7b4fbb82,2019-04-10,put_credit_spread,0,0.0,1000000.0,0.0
sim_2019-02-09_2026-05-21_138e7b4fbb82,2019-04-11,short_straddle,0,0.0,1000000.0,0.0
sim_2019-02-09_2026-05-21_138e7b4fbb82,2019-04-11,put_credit_spread,0,0.0,1000000.0,0.0
sim_2019-02-09_2026-05-21_138e7b4fbb82,2019-04-12,short_straddle,0,0.0,1000000.0,0.0
sim_2019-02-09_2026-05-21_138e7b4fbb82,2019-04-12,put_credit_spread,0,0.0,1000000.0,0.0
sim_2019-02-09_2026-05-21_138e7b4fbb82,2019-04-15,short_straddle,0,0.0,1000000.0,0.0
sim_2019-02-09_2026-05-21_138e7b4fbb82,2019-04-15,put_credit_spread,0,0.0,1000000.0,0.0
sim_2019-02-09_2026-05-21_138e7b4fbb82,2019-04-16,short_straddle,0,0.0,1000000.0,0.0
sim_2019-02-09_2026-05-21_138e7b4fbb82,2019-04-16,put_credit_spread,0,0.0,1000000.0,0.0
sim_2019-02-09_2026-05-21_138e7b4fbb82,2019-04-17,short_straddle,0,0.0,1000000.0,0.0
sim_2019-02-09_2026-05-21_138e7b4fbb82,2019-04-17,put_credit_spread,0,0.0,1000000.0,0.0
sim_2019-02-09_2026-05-21_138e7b4fbb82,2019-04-18,short_straddle,0,0.0,1000000.0,0.0
sim_2019-02-09_2026-05-21_138e7b4fbb82,2019-04-18,put_credit_spread,0,0.0,1000000.0,0.0
sim_2019-02-09_2026-05-21_138e7b4fbb82,2019-04-22,short_straddle,0,0.0,1000000.0,0.0
sim_2019-02-09_2026-05-21_138e7b4fbb82,2019-04-22,put_credit_spread,0,0.0,1000000.0,0.0
sim_2019-02-09_2026-05-21_138e7b4fbb82,2019-04-23,short_straddle,0,0.0,1000000.0,0.0
sim_2019-02-09_2026-05-21_138e7b4fbb82,2019-04-23,put_credit_spread,0,0.0,1000000.0,0.0
sim_2019-02-09_2026-05-21_138e7b4fbb82,2019-04-24,short_straddle,0,0.0,1000000.0,0.0
sim_2019-02-09_2026-05-21_138e7b4fbb82,2019-04-24,put_credit_spread,0,0.0,1000000.0,0.0
sim_2019-02-09_2026-05-21_138e7b4fbb82,2019-04-25,short_straddle,0,0.0,1000000.0,0.0
sim_2019-02-09_2026-05-21_138e7b4fbb82,2019-04-25,put_credit_spread,0,0.0,1000000.0,0.0
sim_2019-02-09_2026-05-21_138e7b4fbb82,2019-04-26,short_straddle,0,0.0,1000000.0,0.0
sim_2019-02-09_2026-05-21_138e7b4fbb82,2019-04-26,put_credit_spread,0,0.0,1000000.0,0.0
sim_2019-02-09_2026-05-21_138e7b4fbb82,2019-04-29,short_straddle,0,0.0,1000000.0,0.0
sim_2019-02-09_2026-05-21_138e7b4fbb82,2019-04-29,put_credit_spread,0,0.0,1000000.0,0.0
sim_2019-02-09_2026-05-21_138e7b4fbb82,2019-04-30,short_straddle,0,0.0,1000000.0,0.0
sim_2019-02-09_2026-05-21_138e7b4fbb82,2019-04-30,put_credit_spread,0,0.0,1000000.0,0.0
sim_2019-02-09_2026-05-21_138e7b4fbb82,2019-05-01,short_straddle,0,0.0,1000000.0,0.0
sim_2019-02-09_2026-05-21_138e7b4fbb82,2019-05-01,put_credit_spread,0,0.0,1000000.0,0.0
sim_2019-02-09_2026-05-21_138e7b4fbb82,2019-05-02,short_straddle,0,0.0,1000000.0,0.0
sim_2019-02-09_2026-05-21_138e7b4fbb82,2019-05-02,put_credit_spread,0,0.0,1000000.0,0.0
sim_2019-02-09_2026-05-21_138e7b4fbb82,2019-05-03,short_straddle,0,0.0,1000000.0,0.0
sim_2019-02-09_2026-05-21_138e7b4fbb82,2019-05-03,put_credit_spread,0,0.0,1000000.0,0.0
sim_2019-02-09_2026-05-21_138e7b4fbb82,2019-05-06,short_straddle,0,0.0,1000000.0,0.0
sim_2019-02-09_2026-05-21_138e7b4fbb82,2019-05-06,put_credit_spread,0,0.0,1000000.0,0.0
sim_2019-02-09_2026-05-21_138e7b4fbb82,2019-05-07,short_straddle,0,0.0,1000000.0,0.0
sim_2019-02-09_2026-05-21_138e7b4fbb82,2019-05-07,put_credit_spread,0,0.0,1000000.0,0.0
sim_2019-02-09_2026-05-21_138e7b4fbb82,2019-05-08,short_straddle,0,0.0,1000000.0,0.0
sim_2019-02-09_2026-05-21_138e7b4fbb82,2019-05-08,put_credit_spread,0,0.0,1000000.0,0.0
sim_2019-02-09_2026-05-21_138e7b4fbb82,2019-05-09,short_straddle,0,0.0,1000000.0,0.0
sim_2019-02-09_2026-05-21_138e7b4fbb82,2019-05-09,put_credit_spread,0,0.0,1000000.0,0.0
sim_2019-02-09_2026-05-21_138e7b4fbb82,2019-05-10,short_straddle,1,4330.900269,999995.46975,0.004331
sim_2019-02-09_2026-05-21_138e7b4fbb82,2019-05-10,put_credit_spread,1,1057.0,999995.46975,0.001057
sim_2019-02-09_2026-05-21_138e7b4fbb82,2019-05-13,short_straddle,1,4330.900269,999995.343015,0.004331
sim_2019-02-09_2026-05-21_138e7b4fbb82,2019-05-13,put_credit_spread,1,1057.0,999995.343015,0.001057
sim_2019-02-09_2026-05-21_138e7b4fbb82,2019-05-14,short_straddle,1,4330.900269,999997.683011,0.004331
sim_2019-02-09_2026-05-21_138e7b4fbb82,2019-05-14,put_credit_spread,1,1057.0,999997.683011,0.001057
sim_2019-02-09_2026-05-21_138e7b4fbb82,2019-05-15,short_straddle,1,4330.900269,999998.793027,0.004331
sim_2019-02-09_2026-05-21_138e7b4fbb82,2019-05-15,put_credit_spread,1,1057.0,999998.793027,0.001057
sim_2019-02-09_2026-05-21_138e7b4fbb82,2019-05-16,short_straddle,1,4330.900269,1000001.033017,0.004331
sim_2019-02-09_2026-05-21_138e7b4fbb82,2019-05-16,put_credit_spread,1,1057.0,1000001.033017,0.001057
sim_2019-02-09_2026-05-21_138e7b4fbb82,2019-05-17,short_straddle,1,4330.900269,999999.313016,0.004331
sim_2019-02-09_2026-05-21_138e7b4fbb82,2019-05-17,put_credit_spread,1,1057.0,999999.313016,0.001057
sim_2019-02-09_2026-05-21_138e7b4fbb82,2019-05-20,short_straddle,1,4330.900269,999998.543027,0.004331
sim_2019-02-09_2026-05-21_138e7b4fbb82,2019-05-20,put_credit_spread,1,1057.0,999998.543027,0.001057
sim_2019-02-09_2026-05-21_138e7b4fbb82,2019-05-21,short_straddle,1,4330.900269,1000000.643003,0.004331
sim_2019-02-09_2026-05-21_138e7b4fbb82,2019-05-21,put_credit_spread,1,1057.0,1000000.643003,0.001057
sim_2019-02-09_2026-05-21_138e7b4fbb82,2019-05-22,short_straddle,1,4330.900269,999999.47302,0.004331
sim_2019-02-09_2026-05-21_138e7b4fbb82,2019-05-22,put_credit_spread,1,1057.0,999999.47302,0.001057
sim_2019-02-09_2026-05-21_138e7b4fbb82,2019-05-23,short_straddle,1,4330.900269,999996.633008,0.004331
sim_2019-02-09_2026-05-21_138e7b4fbb82,2019-05-23,put_credit_spread,1,1057.0,999996.633008,0.001057
sim_2019-02-09_2026-05-21_138e7b4fbb82,2019-05-24,short_straddle,1,4330.900269,999997.993009,0.004331
sim_2019-02-09_2026-05-21_138e7b4fbb82,2019-05-24,put_credit_spread,1,1057.0,999997.993009,0.001057
sim_2019-02-09_2026-05-21_138e7b4fbb82,2019-05-28,short_straddle,1,4330.900269,999995.343015,0.004331
sim_2019-02-09_2026-05-21_138e7b4fbb82,2019-05-28,put_credit_spread,1,1057.0,999995.343015,0.001057
sim_2019-02-09_2026-05-21_138e7b4fbb82,2019-05-29,short_straddle,1,4330.900269,999993.143018,0.004331
sim_2019-02-09_2026-05-21_138e7b4fbb82,2019-05-29,put_credit_spread,1,1057.0,999993.143018,0.001057
sim_2019-02-09_2026-05-21_138e7b4fbb82,2019-05-30,short_straddle,1,4330.900269,999993.743009,0.004331
sim_2019-02-09_2026-05-21_138e7b4fbb82,2019-05-30,put_credit_spread,1,1057.0,999993.743009,0.001057
sim_2019-02-09_2026-05-21_138e7b4fbb82,2019-05-31,short_straddle,1,4330.900269,999990.093015,0.004331
sim_2019-02-09_2026-05-21_138e7b4fbb82,2019-05-31,put_credit_spread,1,1057.0,999990.093015,0.001057
sim_2019-02-09_2026-05-21_138e7b4fbb82,2019-06-03,short_straddle,1,4330.900269,999990.373014,0.004331
sim_2019-02-09_2026-05-21_138e7b4fbb82,2019-06-03,put_credit_spread,1,1057.0,999990.373014,0.001057
sim_2019-02-09_2026-05-21_138e7b4fbb82,2019-06-04,short_straddle,1,4330.900269,999995.523008,0.004331
sim_2019-02-09_2026-05-21_138e7b4fbb82,2019-06-04,put_credit_spread,1,1057.0,999995.523008,0.001057
sim_2019-02-09_2026-05-21_138e7b4fbb82,2019-06-05,short_straddle,0,0.0,999995.041395,0.0
sim_2019-02-09_2026-05-21_138e7b4fbb82,2019-06-05,put_credit_spread,1,1057.0,999995.041395,0.001057
sim_2019-02-09_2026-05-21_138e7b4fbb82,2019-06-06,short_straddle,0,0.0,999995.041395,0.0
sim_2019-02-09_2026-05-21_138e7b4fbb82,2019-06-06,put_credit_spread,1,1057.0,999995.041395,0.001057
sim_2019-02-09_2026-05-21_138e7b4fbb82,2019-06-07,short_straddle,0,0.0,1000186.041395,0.0
sim_2019-02-09_2026-05-21_138e7b4fbb82,2019-06-07,put_credit_spread,0,0.0,1000186.041395,0.0
sim_2019-02-09_2026-05-21_138e7b4fbb82,2019-06-10,short_straddle,0,0.0,1000186.041395,0.0
sim_2019-02-09_2026-05-21_138e7b4fbb82,2019-06-10,put_credit_spread,0,0.0,1000186.041395,0.0
sim_2019-02-09_2026-05-21_138e7b4fbb82,2019-06-11,short_straddle,0,0.0,1000186.041395,0.0
sim_2019-02-09_2026-05-21_138e7b4fbb82,2019-06-11,put_credit_spread,0,0.0,1000186.041395,0.0
sim_2019-02-09_2026-05-21_138e7b4fbb82,2019-06-12,short_straddle,0,0.0,1000186.041395,0.0
sim_2019-02-09_2026-05-21_138e7b4fbb82,2019-06-12,put_credit_spread,0,0.0,1000186.041395,0.0
sim_2019-02-09_2026-05-21_138e7b4fbb82,2019-06-13,short_straddle,0,0.0,1000186.041395,0.0
sim_2019-02-09_2026-05-21_138e7b4fbb82,2019-06-13,put_credit_spread,0,0.0,1000186.041395,0.0
sim_2019-02-09_2026-05-21_138e7b4fbb82,2019-06-14,short_straddle,0,0.0,1000186.041395,0.0
sim_2019-02-09_2026-05-21_138e7b4fbb82,2019-06-14,put_credit_spread,0,0.0,1000186.041395,0.0
sim_2019-02-09_2026-05-21_138e7b4fbb82,2019-06-17,short_straddle,0,0.0,1000186.041395,0.0
sim_2019-02-09_2026-05-21_138e7b4fbb82,2019-06-17,put_credit_spread,0,0.0,1000186.041395,0.0
sim_2019-02-09_2026-05-21_138e7b4fbb82,2019-06-18,short_straddle,0,0.0,1000186.041395,0.0
sim_2019-02-09_2026-05-21_138e7b4fbb82,2019-06-18,put_credit_spread,0,0.0,1000186.041395,0.0
sim_2019-02-09_2026-05-21_138e7b4fbb82,2019-06-19,short_straddle,0,0.0,1000186.041395,0.0
sim_2019-02-09_2026-05-21_138e7b4fbb82,2019-06-19,put_credit_spread,0,0.0,1000186.041395,0.0
sim_2019-02-09_2026-05-21_138e7b4fbb82,2019-06-20,short_straddle,0,0.0,1000186.041395,0.0
sim_2019-02-09_2026-05-21_138e7b4fbb82,2019-06-20,put_credit_spread,0,0.0,1000186.041395,0.0
sim_2019-02-09_2026-05-21_138e7b4fbb82,2019-06-21,short_straddle,0,0.0,1000186.041395,0.0
sim_2019-02-09_2026-05-21_138e7b4fbb82,2019-06-21,put_credit_spread,0,0.0,1000186.041395,0.0
sim_2019-02-09_2026-05-21_138e7b4fbb82,2019-06-24,short_straddle,0,0.0,1000186.041395,0.0
sim_2019-02-09_2026-05-21_138e7b4fbb82,2019-06-24,put_credit_spread,0,0.0,1000186.041395,0.0
sim_2019-02-09_2026-05-21_138e7b4fbb82,2019-06-25,short_straddle,0,0.0,1000186.041395,0.0
sim_2019-02-09_2026-05-21_138e7b4fbb82,2019-06-25,put_credit_spread,0,0.0,1000186.041395,0.0
sim_2019-02-09_2026-05-21_138e7b4fbb82,2019-06-26,short_straddle,0,0.0,1000186.041395,0.0
sim_2019-02-09_2026-05-21_138e7b4fbb82,2019-06-26,put_credit_spread,0,0.0,1000186.041395,0.0
sim_2019-02-09_2026-05-21_138e7b4fbb82,2019-06-27,short_straddle,0,0.0,1000186.041395,0.0
sim_2019-02-09_2026-05-21_138e7b4fbb82,2019-06-27,put_credit_spread,0,0.0,1000186.041395,0.0
sim_2019-02-09_2026-05-21_138e7b4fbb82,2019-06-28,short_straddle,0,0.0,1000186.041395,0.0
sim_2019-02-09_2026-05-21_138e7b4fbb82,2019-06-28,put_credit_spread,0,0.0,1000186.041395,0.0
sim_2019-02-09_2026-05-21_138e7b4fbb82,2019-07-01,short_straddle,0,0.0,1000186.041395,0.0
sim_2019-02-09_2026-05-21_138e7b4fbb82,2019-07-01,put_credit_spread,0,0.0,1000186.041395,0.0
sim_2019-02-09_2026-05-21_138e7b4fbb82,2019-07-02,short_straddle,0,0.0,1000186.041395,0.0
sim_2019-02-09_2026-05-21_138e7b4fbb82,2019-07-02,put_credit_spread,0,0.0,1000186.041395,0.0
sim_2019-02-09_2026-05-21_138e7b4fbb82,2019-07-03,short_straddle,0,0.0,1000186.041395,0.0
sim_2019-02-09_2026-05-21_138e7b4fbb82,2019-07-03,put_credit_spread,0,0.0,1000186.041395,0.0
sim_2019-02-09_2026-05-21_138e7b4fbb82,2019-07-05,short_straddle,0,0.0,1000186.041395,0.0
sim_2019-02-09_2026-05-21_138e7b4fbb82,2019-07-05,put_credit_spread,0,0.0,1000186.041395,0.0
sim_2019-02-09_2026-05-21_138e7b4fbb82,2019-07-08,short_straddle,0,0.0,1000186.041395,0.0
sim_2019-02-09_2026-05-21_138e7b4fbb82,2019-07-08,put_credit_spread,0,0.0,1000186.041395,0.0
sim_2019-02-09_2026-05-21_138e7b4fbb82,2019-07-09,short_straddle,0,0.0,1000186.041395,0.0
sim_2019-02-09_2026-05-21_138e7b4fbb82,2019-07-09,put_credit_spread,0,0.0,1000186.041395,0.0
sim_2019-02-09_2026-05-21_138e7b4fbb82,2019-07-10,short_straddle,0,0.0,1000186.041395,0.0
sim_2019-02-09_2026-05-21_138e7b4fbb82,2019-07-10,put_credit_spread,0,0.0,1000186.041395,0.0
sim_2019-02-09_2026-05-21_138e7b4fbb82,2019-07-11,short_straddle,0,0.0,1000186.041395,0.0
sim_2019-02-09_2026-05-21_138e7b4fbb82,2019-07-11,put_credit_spread,0,0.0,1000186.041395,0.0
sim_2019-02-09_2026-05-21_138e7b4fbb82,2019-07-12,short_straddle,0,0.0,1000186.041395,0.0
sim_2019-02-09_2026-05-21_138e7b4fbb82,2019-07-12,put_credit_spread,0,0.0,1000186.041395,0.0
sim_2019-02-09_2026-05-21_138e7b4fbb82,2019-07-15,short_straddle,0,0.0,1000186.041395,0.0
sim_2019-02-09_2026-05-21_138e7b4fbb82,2019-07-15,put_credit_spread,0,0.0,1000186.041395,0.0
sim_2019-02-09_2026-05-21_138e7b4fbb82,2019-07-16,short_straddle,0,0.0,1000186.041395,0.0
sim_2019-02-09_2026-05-21_138e7b4fbb82,2019-07-16,put_credit_spread,0,0.0,1000186.041395,0.0
sim_2019-02-09_2026-05-21_138e7b4fbb82,2019-07-17,short_straddle,0,0.0,1000186.041395,0.0
sim_2019-02-09_2026-05-21_138e7b4fbb82,2019-07-17,put_credit_spread,0,0.0,1000186.041395,0.0
sim_2019-02-09_2026-05-21_138e7b4fbb82,2019-07-18,short_straddle,0,0.0,1000186.041395,0.0
sim_2019-02-09_2026-05-21_138e7b4fbb82,2019-07-18,put_credit_spread,0,0.0,1000186.041395,0.0
sim_2019-02-09_2026-05-21_138e7b4fbb82,2019-07-19,short_straddle,0,0.0,1000186.041395,0.0
sim_2019-02-09_2026-05-21_138e7b4fbb82,2019-07-19,put_credit_spread,0,0.0,1000186.041395,0.0
sim_2019-02-09_2026-05-21_138e7b4fbb82,2019-07-22,short_straddle,0,0.0,1000186.041395,0.0
sim_2019-02-09_2026-05-21_138e7b4fbb82,2019-07-22,put_credit_spread,0,0.0,1000186.041395,0.0
sim_2019-02-09_2026-05-21_138e7b4fbb82,2019-07-23,short_straddle,0,0.0,1000186.041395,0.0
sim_2019-02-09_2026-05-21_138e7b4fbb82,2019-07-23,put_credit_spread,0,0.0,1000186.041395,0.0
sim_2019-02-09_2026-05-21_138e7b4fbb82,2019-07-24,short_straddle,0,0.0,1000186.041395,0.0
sim_2019-02-09_2026-05-21_138e7b4fbb82,2019-07-24,put_credit_spread,0,0.0,1000186.041395,0.0
sim_2019-02-09_2026-05-21_138e7b4fbb82,2019-07-25,short_straddle,0,0.0,1000186.041395,0.0
sim_2019-02-09_2026-05-21_138e7b4fbb82,2019-07-25,put_credit_spread,0,0.0,1000186.041395,0.0
sim_2019-02-09_2026-05-21_138e7b4fbb82,2019-07-26,short_straddle,0,0.0,1000186.041395,0.0
sim_2019-02-09_2026-05-21_138e7b4fbb82,2019-07-26,put_credit_spread,0,0.0,1000186.041395,0.0
sim_2019-02-09_2026-05-21_138e7b4fbb82,2019-07-29,short_straddle,0,0.0,1000186.041395,0.0
sim_2019-02-09_2026-05-21_138e7b4fbb82,2019-07-29,put_credit_spread,0,0.0,1000186.041395,0.0
sim_2019-02-09_2026-05-21_138e7b4fbb82,2019-07-30,short_straddle,0,0.0,1000186.041395,0.0
sim_2019-02-09_2026-05-21_138e7b4fbb82,2019-07-30,put_credit_spread,0,0.0,1000186.041395,0.0
sim_2019-02-09_2026-05-21_138e7b4fbb82,2019-07-31,short_straddle,0,0.0,1000186.041395,0.0
sim_2019-02-09_2026-05-21_138e7b4fbb82,2019-07-31,put_credit_spread,0,0.0,1000186.041395,0.0
sim_2019-02-09_2026-05-21_138e7b4fbb82,2019-08-01,short_straddle,0,0.0,1000186.041395,0.0
sim_2019-02-09_2026-05-21_138e7b4fbb82,2019-08-01,put_credit_spread,0,0.0,1000186.041395,0.0
sim_2019-02-09_2026-05-21_138e7b4fbb82,2019-08-02,short_straddle,0,0.0,1000186.041395,0.0
sim_2019-02-09_2026-05-21_138e7b4fbb82,2019-08-02,put_credit_spread,0,0.0,1000186.041395,0.0
sim_2019-02-09_2026-05-21_138e7b4fbb82,2019-08-05,short_straddle,0,0.0,1000186.041395,0.0
sim_2019-02-09_2026-05-21_138e7b4fbb82,2019-08-05,put_credit_spread,0,0.0,1000186.041395,0.0
sim_2019-02-09_2026-05-21_138e7b4fbb82,2019-08-06,short_straddle,0,0.0,1000186.041395,0.0
sim_2019-02-09_2026-05-21_138e7b4fbb82,2019-08-06,put_credit_spread,0,0.0,1000186.041395,0.0
sim_2019-02-09_2026-05-21_138e7b4fbb82,2019-08-07,short_straddle,0,0.0,1000186.041395,0.0
sim_2019-02-09_2026-05-21_138e7b4fbb82,2019-08-07,put_credit_spread,0,0.0,1000186.041395,0.0
sim_2019-02-09_2026-05-21_138e7b4fbb82,2019-08-08,short_straddle,0,0.0,1000186.041395,0.0
sim_2019-02-09_2026-05-21_138e7b4fbb82,2019-08-08,put_credit_spread,0,0.0,1000186.041395,0.0
sim_2019-02-09_2026-05-21_138e7b4fbb82,2019-08-09,short_straddle,0,0.0,1000186.041395,0.0
sim_2019-02-09_2026-05-21_138e7b4fbb82,2019-08-09,put_credit_spread,0,0.0,1000186.041395,0.0
sim_2019-02-09_2026-05-21_138e7b4fbb82,2019-08-12,short_straddle,0,0.0,1000186.041395,0.0
sim_2019-02-09_2026-05-21_138e7b4fbb82,2019-08-12,put_credit_spread,0,0.0,1000186.041395,0.0
sim_2019-02-09_2026-05-21_138e7b4fbb82,2019-08-13,short_straddle,0,0.0,1000186.041395,0.0
sim_2019-02-09_2026-05-21_138e7b4fbb82,2019-08-13,put_credit_spread,0,0.0,1000186.041395,0.0
sim_2019-02-09_2026-05-21_138e7b4fbb82,2019-08-14,short_straddle,0,0.0,1000186.041395,0.0
sim_2019-02-09_2026-05-21_138e7b4fbb82,2019-08-14,put_credit_spread,0,0.0,1000186.041395,0.0
sim_2019-02-09_2026-05-21_138e7b4fbb82,2019-08-15,short_straddle,0,0.0,1000186.041395,0.0
sim_2019-02-09_2026-05-21_138e7b4fbb82,2019-08-15,put_credit_spread,0,0.0,1000186.041395,0.0
sim_2019-02-09_2026-05-21_138e7b4fbb82,2019-08-16,short_straddle,0,0.0,1000186.041395,0.0
sim_2019-02-09_2026-05-21_138e7b4fbb82,2019-08-16,put_credit_spread,0,0.0,1000186.041395,0.0
sim_2019-02-09_2026-05-21_138e7b4fbb82,2019-08-19,short_straddle,0,0.0,1000186.041395,0.0
sim_2019-02-09_2026-05-21_138e7b4fbb82,2019-08-19,put_credit_spread,0,0.0,1000186.041395,0.0
sim_2019-02-09_2026-05-21_138e7b4fbb82,2019-08-20,short_straddle,0,0.0,1000186.041395,0.0
sim_2019-02-09_2026-05-21_138e7b4fbb82,2019-08-20,put_credit_spread,0,0.0,1000186.041395,0.0
sim_2019-02-09_2026-05-21_138e7b4fbb82,2019-08-21,short_straddle,0,0.0,1000186.041395,0.0
sim_2019-02-09_2026-05-21_138e7b4fbb82,2019-08-21,put_credit_spread,0,0.0,1000186.041395,0.0
sim_2019-02-09_2026-05-21_138e7b4fbb82,2019-08-22,short_straddle,0,0.0,1000186.041395,0.0
sim_2019-02-09_2026-05-21_138e7b4fbb82,2019-08-22,put_credit_spread,0,0.0,1000186.041395,0.0
sim_2019-02-09_2026-05-21_138e7b4fbb82,2019-08-23,short_straddle,0,0.0,1000186.041395,0.0
sim_2019-02-09_2026-05-21_138e7b4fbb82,2019-08-23,put_credit_spread,0,0.0,1000186.041395,0.0
sim_2019-02-09_2026-05-21_138e7b4fbb82,2019-08-26,short_straddle,0,0.0,1000186.041395,0.0
sim_2019-02-09_2026-05-21_138e7b4fbb82,2019-08-26,put_credit_spread,0,0.0,1000186.041395,0.0
sim_2019-02-09_2026-05-21_138e7b4fbb82,2019-08-27,short_straddle,0,0.0,1000186.041395,0.0
sim_2019-02-09_2026-05-21_138e7b4fbb82,2019-08-27,put_credit_spread,0,0.0,1000186.041395,0.0
sim_2019-02-09_2026-05-21_138e7b4fbb82,2019-08-28,short_straddle,0,0.0,1000186.041395,0.0
sim_2019-02-09_2026-05-21_138e7b4fbb82,2019-08-28,put_credit_spread,0,0.0,1000186.041395,0.0
sim_2019-02-09_2026-05-21_138e7b4fbb82,2019-08-29,short_straddle,0,0.0,1000186.041395,0.0
sim_2019-02-09_2026-05-21_138e7b4fbb82,2019-08-29,put_credit_spread,0,0.0,1000186.041395,0.0
sim_2019-02-09_2026-05-21_138e7b4fbb82,2019-08-30,short_straddle,0,0.0,1000186.041395,0.0
sim_2019-02-09_2026-05-21_138e7b4fbb82,2019-08-30,put_credit_spread,0,0.0,1000186.041395,0.0
sim_2019-02-09_2026-05-21_138e7b4fbb82,2019-09-03,short_straddle,0,0.0,1000186.041395,0.0
sim_2019-02-09_2026-05-21_138e7b4fbb82,2019-09-03,put_credit_spread,0,0.0,1000186.041395,0.0
sim_2019-02-09_2026-05-21_138e7b4fbb82,2019-09-04,short_straddle,0,0.0,1000186.041395,0.0
sim_2019-02-09_2026-05-21_138e7b4fbb82,2019-09-04,put_credit_spread,0,0.0,1000186.041395,0.0
sim_2019-02-09_2026-05-21_138e7b4fbb82,2019-09-05,short_straddle,0,0.0,1000186.041395,0.0
sim_2019-02-09_2026-05-21_138e7b4fbb82,2019-09-05,put_credit_spread,0,0.0,1000186.041395,0.0
sim_2019-02-09_2026-05-21_138e7b4fbb82,2019-09-06,short_straddle,0,0.0,1000186.041395,0.0
sim_2019-02-09_2026-05-21_138e7b4fbb82,2019-09-06,put_credit_spread,0,0.0,1000186.041395,0.0
sim_2019-02-09_2026-05-21_138e7b4fbb82,2019-09-09,short_straddle,0,0.0,1000186.041395,0.0
sim_2019-02-09_2026-05-21_138e7b4fbb82,2019-09-09,put_credit_spread,0,0.0,1000186.041395,0.0
sim_2019-02-09_2026-05-21_138e7b4fbb82,2019-09-10,short_straddle,0,0.0,1000186.041395,0.0
sim_2019-02-09_2026-05-21_138e7b4fbb82,2019-09-10,put_credit_spread,0,0.0,1000186.041395,0.0
sim_2019-02-09_2026-05-21_138e7b4fbb82,2019-09-11,short_straddle,0,0.0,1000186.041395,0.0
sim_2019-02-09_2026-05-21_138e7b4fbb82,2019-09-11,put_credit_spread,0,0.0,1000186.041395,0.0
sim_2019-02-09_2026-05-21_138e7b4fbb82,2019-09-12,short_straddle,0,0.0,1000186.041395,0.0
sim_2019-02-09_2026-05-21_138e7b4fbb82,2019-09-12,put_credit_spread,0,0.0,1000186.041395,0.0
sim_2019-02-09_2026-05-21_138e7b4fbb82,2019-09-13,short_straddle,0,0.0,1000186.041395,0.0
sim_2019-02-09_2026-05-21_138e7b4fbb82,2019-09-13,put_credit_spread,0,0.0,1000186.041395,0.0
sim_2019-02-09_2026-05-21_138e7b4fbb82,2019-09-16,short_straddle,0,0.0,1000186.041395,0.0
sim_2019-02-09_2026-05-21_138e7b4fbb82,2019-09-16,put_credit_spread,0,0.0,1000186.041395,0.0
sim_2019-02-09_2026-05-21_138e7b4fbb82,2019-09-17,short_straddle,0,0.0,1000186.041395,0.0
sim_2019-02-09_2026-05-21_138e7b4fbb82,2019-09-17,put_credit_spread,0,0.0,1000186.041395,0.0
sim_2019-02-09_2026-05-21_138e7b4fbb82,2019-09-18,short_straddle,0,0.0,1000186.041395,0.0
sim_2019-02-09_2026-05-21_138e7b4fbb82,2019-09-18,put_credit_spread,0,0.0,1000186.041395,0.0
sim_2019-02-09_2026-05-21_138e7b4fbb82,2019-09-19,short_straddle,0,0.0,1000186.041395,0.0
sim_2019-02-09_2026-05-21_138e7b4fbb82,2019-09-19,put_credit_spread,0,0.0,1000186.041395,0.0
sim_2019-02-09_2026-05-21_138e7b4fbb82,2019-09-20,short_straddle,0,0.0,1000186.041395,0.0
sim_2019-02-09_2026-05-21_138e7b4fbb82,2019-09-20,put_credit_spread,0,0.0,1000186.041395,0.0
sim_2019-02-09_2026-05-21_138e7b4fbb82,2019-09-23,short_straddle,0,0.0,1000186.041395,0.0
sim_2019-02-09_2026-05-21_138e7b4fbb82,2019-09-23,put_credit_spread,0,0.0,1000186.041395,0.0
sim_2019-02-09_2026-05-21_138e7b4fbb82,2019-09-24,short_straddle,0,0.0,1000186.041395,0.0
sim_2019-02-09_2026-05-21_138e7b4fbb82,2019-09-24,put_credit_spread,0,0.0,1000186.041395,0.0
sim_2019-02-09_2026-05-21_138e7b4fbb82,2019-09-25,short_straddle,0,0.0,1000186.041395,0.0
sim_2019-02-09_2026-05-21_138e7b4fbb82,2019-09-25,put_credit_spread,0,0.0,1000186.041395,0.0
sim_2019-02-09_2026-05-21_138e7b4fbb82,2019-09-26,short_straddle,0,0.0,1000186.041395,0.0
sim_2019-02-09_2026-05-21_138e7b4fbb82,2019-09-26,put_credit_spread,0,0.0,1000186.041395,0.0
sim_2019-02-09_2026-05-21_138e7b4fbb82,2019-09-27,short_straddle,0,0.0,1000186.041395,0.0
sim_2019-02-09_2026-05-21_138e7b4fbb82,2019-09-27,put_credit_spread,0,0.0,1000186.041395,0.0
sim_2019-02-09_2026-05-21_138e7b4fbb82,2019-09-30,short_straddle,0,0.0,1000186.041395,0.0
sim_2019-02-09_2026-05-21_138e7b4fbb82,2019-09-30,put_credit_spread,0,0.0,1000186.041395,0.0
sim_2019-02-09_2026-05-21_138e7b4fbb82,2019-10-01,short_straddle,0,0.0,1000186.041395,0.0
sim_2019-02-09_2026-05-21_138e7b4fbb82,2019-10-01,put_credit_spread,0,0.0,1000186.041395,0.0
sim_2019-02-09_2026-05-21_138e7b4fbb82,2019-10-02,short_straddle,0,0.0,1000186.041395,0.0
sim_2019-02-09_2026-05-21_138e7b4fbb82,2019-10-02,put_credit_spread,0,0.0,1000186.041395,0.0
sim_2019-02-09_2026-05-21_138e7b4fbb82,2019-10-03,short_straddle,0,0.0,1000186.041395,0.0
sim_2019-02-09_2026-05-21_138e7b4fbb82,2019-10-03,put_credit_spread,0,0.0,1000186.041395,0.0
sim_2019-02-09_2026-05-21_138e7b4fbb82,2019-10-04,short_straddle,0,0.0,1000186.041395,0.0
sim_2019-02-09_2026-05-21_138e7b4fbb82,2019-10-04,put_credit_spread,0,0.0,1000186.041395,0.0
sim_2019-02-09_2026-05-21_138e7b4fbb82,2019-10-07,short_straddle,0,0.0,1000186.041395,0.0
sim_2019-02-09_2026-05-21_138e7b4fbb82,2019-10-07,put_credit_spread,0,0.0,1000186.041395,0.0
sim_2019-02-09_2026-05-21_138e7b4fbb82,2019-10-08,short_straddle,0,0.0,1000186.041395,0.0
sim_2019-02-09_2026-05-21_138e7b4fbb82,2019-10-08,put_credit_spread,0,0.0,1000186.041395,0.0
sim_2019-02-09_2026-05-21_138e7b4fbb82,2019-10-09,short_straddle,0,0.0,1000186.041395,0.0
sim_2019-02-09_2026-05-21_138e7b4fbb82,2019-10-09,put_credit_spread,0,0.0,1000186.041395,0.0
sim_2019-02-09_2026-05-21_138e7b4fbb82,2019-10-10,short_straddle,0,0.0,1000186.041395,0.0
sim_2019-02-09_2026-05-21_138e7b4fbb82,2019-10-10,put_credit_spread,0,0.0,1000186.041395,0.0
sim_2019-02-09_2026-05-21_138e7b4fbb82,2019-10-11,short_straddle,0,0.0,1000186.041395,0.0
sim_2019-02-09_2026-05-21_138e7b4fbb82,2019-10-11,put_credit_spread,0,0.0,1000186.041395,0.0
sim_2019-02-09_2026-05-21_138e7b4fbb82,2019-10-14,short_straddle,0,0.0,1000186.041395,0.0
sim_2019-02-09_2026-05-21_138e7b4fbb82,2019-10-14,put_credit_spread,0,0.0,1000186.041395,0.0
sim_2019-02-09_2026-05-21_138e7b4fbb82,2019-10-15,short_straddle,0,0.0,1000186.041395,0.0
sim_2019-02-09_2026-05-21_138e7b4fbb82,2019-10-15,put_credit_spread,0,0.0,1000186.041395,0.0
sim_2019-02-09_2026-05-21_138e7b4fbb82,2019-10-16,short_straddle,0,0.0,1000186.041395,0.0
sim_2019-02-09_2026-05-21_138e7b4fbb82,2019-10-16,put_credit_spread,0,0.0,1000186.041395,0.0
sim_2019-02-09_2026-05-21_138e7b4fbb82,2019-10-17,short_straddle,0,0.0,1000186.041395,0.0
sim_2019-02-09_2026-05-21_138e7b4fbb82,2019-10-17,put_credit_spread,0,0.0,1000186.041395,0.0
sim_2019-02-09_2026-05-21_138e7b4fbb82,2019-10-18,short_straddle,0,0.0,1000186.041395,0.0
sim_2019-02-09_2026-05-21_138e7b4fbb82,2019-10-18,put_credit_spread,0,0.0,1000186.041395,0.0
sim_2019-02-09_2026-05-21_138e7b4fbb82,2019-10-21,short_straddle,0,0.0,1000186.041395,0.0
sim_2019-02-09_2026-05-21_138e7b4fbb82,2019-10-21,put_credit_spread,0,0.0,1000186.041395,0.0
sim_2019-02-09_2026-05-21_138e7b4fbb82,2019-10-22,short_straddle,0,0.0,1000186.041395,0.0
sim_2019-02-09_2026-05-21_138e7b4fbb82,2019-10-22,put_credit_spread,0,0.0,1000186.041395,0.0
sim_2019-02-09_2026-05-21_138e7b4fbb82,2019-10-23,short_straddle,0,0.0,1000186.041395,0.0
sim_2019-02-09_2026-05-21_138e7b4fbb82,2019-10-23,put_credit_spread,0,0.0,1000186.041395,0.0
sim_2019-02-09_2026-05-21_138e7b4fbb82,2019-10-24,short_straddle,0,0.0,1000186.041395,0.0
sim_2019-02-09_2026-05-21_138e7b4fbb82,2019-10-24,put_credit_spread,0,0.0,1000186.041395,0.0
sim_2019-02-09_2026-05-21_138e7b4fbb82,2019-10-25,short_straddle,0,0.0,1000186.041395,0.0
sim_2019-02-09_2026-05-21_138e7b4fbb82,2019-10-25,put_credit_spread,0,0.0,1000186.041395,0.0
sim_2019-02-09_2026-05-21_138e7b4fbb82,2019-10-28,short_straddle,0,0.0,1000186.041395,0.0
sim_2019-02-09_2026-05-21_138e7b4fbb82,2019-10-28,put_credit_spread,0,0.0,1000186.041395,0.0
sim_2019-02-09_2026-05-21_138e7b4fbb82,2019-10-29,short_straddle,0,0.0,1000186.041395,0.0
sim_2019-02-09_2026-05-21_138e7b4fbb82,2019-10-29,put_credit_spread,0,0.0,1000186.041395,0.0
sim_2019-02-09_2026-05-21_138e7b4fbb82,2019-10-30,short_straddle,0,0.0,1000186.041395,0.0
sim_2019-02-09_2026-05-21_138e7b4fbb82,2019-10-30,put_credit_spread,0,0.0,1000186.041395,0.0
sim_2019-02-09_2026-05-21_138e7b4fbb82,2019-10-31,short_straddle,0,0.0,1000186.041395,0.0
sim_2019-02-09_2026-05-21_138e7b4fbb82,2019-10-31,put_credit_spread,0,0.0,1000186.041395,0.0
sim_2019-02-09_2026-05-21_138e7b4fbb82,2019-11-01,short_straddle,0,0.0,1000186.041395,0.0
sim_2019-02-09_2026-05-21_138e7b4fbb82,2019-11-01,put_credit_spread,0,0.0,1000186.041395,0.0
sim_2019-02-09_2026-05-21_138e7b4fbb82,2019-11-04,short_straddle,0,0.0,1000186.041395,0.0
sim_2019-02-09_2026-05-21_138e7b4fbb82,2019-11-04,put_credit_spread,0,0.0,1000186.041395,0.0
sim_2019-02-09_2026-05-21_138e7b4fbb82,2019-11-05,short_straddle,0,0.0,1000186.041395,0.0
sim_2019-02-09_2026-05-21_138e7b4fbb82,2019-11-05,put_credit_spread,0,0.0,1000186.041395,0.0
sim_2019-02-09_2026-05-21_138e7b4fbb82,2019-11-06,short_straddle,0,0.0,1000186.041395,0.0
sim_2019-02-09_2026-05-21_138e7b4fbb82,2019-11-06,put_credit_spread,0,0.0,1000186.041395,0.0
sim_2019-02-09_2026-05-21_138e7b4fbb82,2019-11-07,short_straddle,0,0.0,1000186.041395,0.0
sim_2019-02-09_2026-05-21_138e7b4fbb82,2019-11-07,put_credit_spread,0,0.0,1000186.041395,0.0
sim_2019-02-09_2026-05-21_138e7b4fbb82,2019-11-08,short_straddle,0,0.0,1000186.041395,0.0
sim_2019-02-09_2026-05-21_138e7b4fbb82,2019-11-08,put_credit_spread,0,0.0,1000186.041395,0.0
sim_2019-02-09_2026-05-21_138e7b4fbb82,2019-11-11,short_straddle,0,0.0,1000186.041395,0.0
sim_2019-02-09_2026-05-21_138e7b4fbb82,2019-11-11,put_credit_spread,0,0.0,1000186.041395,0.0
sim_2019-02-09_2026-05-21_138e7b4fbb82,2019-11-12,short_straddle,0,0.0,1000186.041395,0.0
sim_2019-02-09_2026-05-21_138e7b4fbb82,2019-11-12,put_credit_spread,0,0.0,1000186.041395,0.0
sim_2019-02-09_2026-05-21_138e7b4fbb82,2019-11-13,short_straddle,0,0.0,1000186.041395,0.0
sim_2019-02-09_2026-05-21_138e7b4fbb82,2019-11-13,put_credit_spread,0,0.0,1000186.041395,0.0
sim_2019-02-09_2026-05-21_138e7b4fbb82,2019-11-14,short_straddle,0,0.0,1000186.041395,0.0
sim_2019-02-09_2026-05-21_138e7b4fbb82,2019-11-14,put_credit_spread,0,0.0,1000186.041395,0.0
sim_2019-02-09_2026-05-21_138e7b4fbb82,2019-11-15,short_straddle,0,0.0,1000186.041395,0.0
sim_2019-02-09_2026-05-21_138e7b4fbb82,2019-11-15,put_credit_spread,0,0.0,1000186.041395,0.0
sim_2019-02-09_2026-05-21_138e7b4fbb82,2019-11-18,short_straddle,0,0.0,1000186.041395,0.0
sim_2019-02-09_2026-05-21_138e7b4fbb82,2019-11-18,put_credit_spread,0,0.0,1000186.041395,0.0
sim_2019-02-09_2026-05-21_138e7b4fbb82,2019-11-19,short_straddle,0,0.0,1000186.041395,0.0
sim_2019-02-09_2026-05-21_138e7b4fbb82,2019-11-19,put_credit_spread,0,0.0,1000186.041395,0.0
sim_2019-02-09_2026-05-21_138e7b4fbb82,2019-11-20,short_straddle,0,0.0,1000186.041395,0.0
sim_2019-02-09_2026-05-21_138e7b4fbb82,2019-11-20,put_credit_spread,0,0.0,1000186.041395,0.0
sim_2019-02-09_2026-05-21_138e7b4fbb82,2019-11-21,short_straddle,0,0.0,1000186.041395,0.0
sim_2019-02-09_2026-05-21_138e7b4fbb82,2019-11-21,put_credit_spread,0,0.0,1000186.041395,0.0
sim_2019-02-09_2026-05-21_138e7b4fbb82,2019-11-22,short_straddle,0,0.0,1000186.041395,0.0
sim_2019-02-09_2026-05-21_138e7b4fbb82,2019-11-22,put_credit_spread,0,0.0,1000186.041395,0.0
sim_2019-02-09_2026-05-21_138e7b4fbb82,2019-11-25,short_straddle,0,0.0,1000186.041395,0.0
sim_2019-02-09_2026-05-21_138e7b4fbb82,2019-11-25,put_credit_spread,0,0.0,1000186.041395,0.0
sim_2019-02-09_2026-05-21_138e7b4fbb82,2019-11-26,short_straddle,0,0.0,1000186.041395,0.0
sim_2019-02-09_2026-05-21_138e7b4fbb82,2019-11-26,put_credit_spread,0,0.0,1000186.041395,0.0
sim_2019-02-09_2026-05-21_138e7b4fbb82,2019-11-27,short_straddle,0,0.0,1000186.041395,0.0
sim_2019-02-09_2026-05-21_138e7b4fbb82,2019-11-27,put_credit_spread,0,0.0,1000186.041395,0.0
sim_2019-02-09_2026-05-21_138e7b4fbb82,2019-11-29,short_straddle,0,0.0,1000186.041395,0.0
sim_2019-02-09_2026-05-21_138e7b4fbb82,2019-11-29,put_credit_spread,0,0.0,1000186.041395,0.0
sim_2019-02-09_2026-05-21_138e7b4fbb82,2019-12-02,short_straddle,0,0.0,1000186.041395,0.0
sim_2019-02-09_2026-05-21_138e7b4fbb82,2019-12-02,put_credit_spread,0,0.0,1000186.041395,0.0
sim_2019-02-09_2026-05-21_138e7b4fbb82,2019-12-03,short_straddle,0,0.0,1000186.041395,0.0
sim_2019-02-09_2026-05-21_138e7b4fbb82,2019-12-03,put_credit_spread,0,0.0,1000186.041395,0.0
sim_2019-02-09_2026-05-21_138e7b4fbb82,2019-12-04,short_straddle,0,0.0,1000186.041395,0.0
sim_2019-02-09_2026-05-21_138e7b4fbb82,2019-12-04,put_credit_spread,0,0.0,1000186.041395,0.0
sim_2019-02-09_2026-05-21_138e7b4fbb82,2019-12-05,short_straddle,0,0.0,1000186.041395,0.0
sim_2019-02-09_2026-05-21_138e7b4fbb82,2019-12-05,put_credit_spread,0,0.0,1000186.041395,0.0
sim_2019-02-09_2026-05-21_138e7b4fbb82,2019-12-06,short_straddle,0,0.0,1000186.041395,0.0
sim_2019-02-09_2026-05-21_138e7b4fbb82,2019-12-06,put_credit_spread,0,0.0,1000186.041395,0.0
sim_2019-02-09_2026-05-21_138e7b4fbb82,2019-12-09,short_straddle,0,0.0,1000186.041395,0.0
sim_2019-02-09_2026-05-21_138e7b4fbb82,2019-12-09,put_credit_spread,0,0.0,1000186.041395,0.0
sim_2019-02-09_2026-05-21_138e7b4fbb82,2019-12-10,short_straddle,0,0.0,1000186.041395,0.0
sim_2019-02-09_2026-05-21_138e7b4fbb82,2019-12-10,put_credit_spread,0,0.0,1000186.041395,0.0
sim_2019-02-09_2026-05-21_138e7b4fbb82,2019-12-11,short_straddle,0,0.0,1000186.041395,0.0
sim_2019-02-09_2026-05-21_138e7b4fbb82,2019-12-11,put_credit_spread,0,0.0,1000186.041395,0.0
sim_2019-02-09_2026-05-21_138e7b4fbb82,2019-12-12,short_straddle,0,0.0,1000186.041395,0.0
sim_2019-02-09_2026-05-21_138e7b4fbb82,2019-12-12,put_credit_spread,0,0.0,1000186.041395,0.0
sim_2019-02-09_2026-05-21_138e7b4fbb82,2019-12-13,short_straddle,0,0.0,1000186.041395,0.0
sim_2019-02-09_2026-05-21_138e7b4fbb82,2019-12-13,put_credit_spread,0,0.0,1000186.041395,0.0
sim_2019-02-09_2026-05-21_138e7b4fbb82,2019-12-16,short_straddle,0,0.0,1000186.041395,0.0
sim_2019-02-09_2026-05-21_138e7b4fbb82,2019-12-16,put_credit_spread,0,0.0,1000186.041395,0.0
sim_2019-02-09_2026-05-21_138e7b4fbb82,2019-12-17,short_straddle,0,0.0,1000186.041395,0.0
sim_2019-02-09_2026-05-21_138e7b4fbb82,2019-12-17,put_credit_spread,0,0.0,1000186.041395,0.0
sim_2019-02-09_2026-05-21_138e7b4fbb82,2019-12-18,short_straddle,0,0.0,1000186.041395,0.0
sim_2019-02-09_2026-05-21_138e7b4fbb82,2019-12-18,put_credit_spread,0,0.0,1000186.041395,0.0
sim_2019-02-09_2026-05-21_138e7b4fbb82,2019-12-19,short_straddle,0,0.0,1000186.041395,0.0
sim_2019-02-09_2026-05-21_138e7b4fbb82,2019-12-19,put_credit_spread,0,0.0,1000186.041395,0.0
sim_2019-02-09_2026-05-21_138e7b4fbb82,2019-12-20,short_straddle,0,0.0,1000186.041395,0.0
sim_2019-02-09_2026-05-21_138e7b4fbb82,2019-12-20,put_credit_spread,0,0.0,1000186.041395,0.0
sim_2019-02-09_2026-05-21_138e7b4fbb82,2019-12-23,short_straddle,0,0.0,1000186.041395,0.0
sim_2019-02-09_2026-05-21_138e7b4fbb82,2019-12-23,put_credit_spread,0,0.0,1000186.041395,0.0
sim_2019-02-09_2026-05-21_138e7b4fbb82,2019-12-24,short_straddle,0,0.0,1000186.041395,0.0
sim_2019-02-09_2026-05-21_138e7b4fbb82,2019-12-24,put_credit_spread,0,0.0,1000186.041395,0.0
sim_2019-02-09_2026-05-21_138e7b4fbb82,2019-12-26,short_straddle,0,0.0,1000186.041395,0.0
sim_2019-02-09_2026-05-21_138e7b4fbb82,2019-12-26,put_credit_spread,0,0.0,1000186.041395,0.0
sim_2019-02-09_2026-05-21_138e7b4fbb82,2019-12-27,short_straddle,0,0.0,1000186.041395,0.0
sim_2019-02-09_2026-05-21_138e7b4fbb82,2019-12-27,put_credit_spread,0,0.0,1000186.041395,0.0
sim_2019-02-09_2026-05-21_138e7b4fbb82,2019-12-30,short_straddle,0,0.0,1000186.041395,0.0
sim_2019-02-09_2026-05-21_138e7b4fbb82,2019-12-30,put_credit_spread,0,0.0,1000186.041395,0.0
sim_2019-02-09_2026-05-21_138e7b4fbb82,2019-12-31,short_straddle,0,0.0,1000186.041395,0.0
sim_2019-02-09_2026-05-21_138e7b4fbb82,2019-12-31,put_credit_spread,0,0.0,1000186.041395,0.0
sim_2019-02-09_2026-05-21_138e7b4fbb82,2020-01-02,short_straddle,0,0.0,1000186.041395,0.0
sim_2019-02-09_2026-05-21_138e7b4fbb82,2020-01-02,put_credit_spread,0,0.0,1000186.041395,0.0
sim_2019-02-09_2026-05-21_138e7b4fbb82,2020-01-03,short_straddle,0,0.0,1000186.041395,0.0
sim_2019-02-09_2026-05-21_138e7b4fbb82,2020-01-03,put_credit_spread,0,0.0,1000186.041395,0.0
sim_2019-02-09_2026-05-21_138e7b4fbb82,2020-01-06,short_straddle,1,5044.60022,1000181.637895,0.005044
sim_2019-02-09_2026-05-21_138e7b4fbb82,2020-01-06,put_credit_spread,1,1138.0,1000181.637895,0.001138
sim_2019-02-09_2026-05-21_138e7b4fbb82,2020-01-07,short_straddle,1,5044.60022,1000181.066415,0.005044
sim_2019-02-09_2026-05-21_138e7b4fbb82,2020-01-07,put_credit_spread,1,1138.0,1000181.066415,0.001138
sim_2019-02-09_2026-05-21_138e7b4fbb82,2020-01-08,short_straddle,1,5044.60022,1000174.4264,0.005044
sim_2019-02-09_2026-05-21_138e7b4fbb82,2020-01-08,put_credit_spread,1,1138.0,1000174.4264,0.001138
sim_2019-02-09_2026-05-21_138e7b4fbb82,2020-01-09,short_straddle,1,5044.60022,1000165.786385,0.005044
sim_2019-02-09_2026-05-21_138e7b4fbb82,2020-01-09,put_credit_spread,1,1138.0,1000165.786385,0.001138
sim_2019-02-09_2026-05-21_138e7b4fbb82,2020-01-10,short_straddle,1,5044.60022,1000171.066415,0.005044
sim_2019-02-09_2026-05-21_138e7b4fbb82,2020-01-10,put_credit_spread,1,1138.0,1000171.066415,0.001138
sim_2019-02-09_2026-05-21_138e7b4fbb82,2020-01-13,short_straddle,1,5044.60022,1000167.946419,0.005044
sim_2019-02-09_2026-05-21_138e7b4fbb82,2020-01-13,put_credit_spread,1,1138.0,1000167.946419,0.001138
sim_2019-02-09_2026-05-21_138e7b4fbb82,2020-01-14,short_straddle,1,5044.60022,1000167.146371,0.005044
sim_2019-02-09_2026-05-21_138e7b4fbb82,2020-01-14,put_credit_spread,1,1138.0,1000167.146371,0.001138
sim_2019-02-09_2026-05-21_138e7b4fbb82,2020-01-15,short_straddle,1,5044.60022,1000162.626351,0.005044
sim_2019-02-09_2026-05-21_138e7b4fbb82,2020-01-15,put_credit_spread,1,1138.0,1000162.626351,0.001138
sim_2019-02-09_2026-05-21_138e7b4fbb82,2020-01-16,short_straddle,1,5044.60022,1000152.306405,0.005044
sim_2019-02-09_2026-05-21_138e7b4fbb82,2020-01-16,put_credit_spread,1,1138.0,1000152.306405,0.001138
sim_2019-02-09_2026-05-21_138e7b4fbb82,2020-01-17,short_straddle,1,5044.60022,1000107.56178,0.005044
sim_2019-02-09_2026-05-21_138e7b4fbb82,2020-01-17,put_credit_spread,1,1138.0,1000107.56178,0.001138
sim_2019-02-09_2026-05-21_138e7b4fbb82,2020-01-21,short_straddle,1,5044.60022,1000011.823074,0.005045
sim_2019-02-09_2026-05-21_138e7b4fbb82,2020-01-21,put_credit_spread,1,1138.0,1000011.823074,0.001138
sim_2019-02-09_2026-05-21_138e7b4fbb82,2020-01-22,short_straddle,1,5044.60022,1000011.90303,0.005045
sim_2019-02-09_2026-05-21_138e7b4fbb82,2020-01-22,put_credit_spread,1,1138.0,1000011.90303,0.001138
sim_2019-02-09_2026-05-21_138e7b4fbb82,2020-01-23,short_straddle,1,5044.60022,1000012.982986,0.005045
sim_2019-02-09_2026-05-21_138e7b4fbb82,2020-01-23,put_credit_spread,1,1138.0,1000012.982986,0.001138
sim_2019-02-09_2026-05-21_138e7b4fbb82,2020-01-24,short_straddle,1,5044.60022,1000019.943069,0.005044
sim_2019-02-09_2026-05-21_138e7b4fbb82,2020-01-24,put_credit_spread,1,1138.0,1000019.943069,0.001138
sim_2019-02-09_2026-05-21_138e7b4fbb82,2020-01-27,short_straddle,1,5044.60022,1000037.703079,0.005044
sim_2019-02-09_2026-05-21_138e7b4fbb82,2020-01-27,put_credit_spread,1,1138.0,1000037.703079,0.001138
sim_2019-02-09_2026-05-21_138e7b4fbb82,2020-01-28,short_straddle,1,5044.60022,1000029.982986,0.005044
sim_2019-02-09_2026-05-21_138e7b4fbb82,2020-01-28,put_credit_spread,1,1138.0,1000029.982986,0.001138
sim_2019-02-09_2026-05-21_138e7b4fbb82,2020-01-29,short_straddle,1,4788.300171,1000024.565156,0.004788
sim_2019-02-09_2026-05-21_138e7b4fbb82,2020-01-29,put_credit_spread,1,1138.0,1000024.565156,0.001138
sim_2019-02-09_2026-05-21_138e7b4fbb82,2020-01-30,short_straddle,1,4788.300171,1000024.565156,0.004788
sim_2019-02-09_2026-05-21_138e7b4fbb82,2020-01-30,put_credit_spread,1,1138.0,1000024.565156,0.001138
sim_2019-02-09_2026-05-21_138e7b4fbb82,2020-01-31,short_straddle,1,4788.300171,1000057.558896,0.004788
sim_2019-02-09_2026-05-21_138e7b4fbb82,2020-01-31,put_credit_spread,1,1242.5,1000057.558896,0.001242
sim_2019-02-09_2026-05-21_138e7b4fbb82,2020-02-03,short_straddle,1,4788.300171,1000093.297281,0.004788
sim_2019-02-09_2026-05-21_138e7b4fbb82,2020-02-03,put_credit_spread,1,1242.5,1000093.297281,0.001242
sim_2019-02-09_2026-05-21_138e7b4fbb82,2020-02-04,short_straddle,1,4788.300171,1000093.297281,0.004788
sim_2019-02-09_2026-05-21_138e7b4fbb82,2020-02-04,put_credit_spread,1,1242.5,1000093.297281,0.001242
sim_2019-02-09_2026-05-21_138e7b4fbb82,2020-02-05,short_straddle,1,4788.300171,1000093.297281,0.004788
sim_2019-02-09_2026-05-21_138e7b4fbb82,2020-02-05,put_credit_spread,1,1242.5,1000093.297281,0.001242
sim_2019-02-09_2026-05-21_138e7b4fbb82,2020-02-06,short_straddle,1,4788.300171,1000093.297281,0.004788
sim_2019-02-09_2026-05-21_138e7b4fbb82,2020-02-06,put_credit_spread,1,1242.5,1000093.297281,0.001242
sim_2019-02-09_2026-05-21_138e7b4fbb82,2020-02-07,short_straddle,1,4788.300171,1000093.297281,0.004788
sim_2019-02-09_2026-05-21_138e7b4fbb82,2020-02-07,put_credit_spread,1,1242.5,1000093.297281,0.001242
sim_2019-02-09_2026-05-21_138e7b4fbb82,2020-02-10,short_straddle,1,4788.300171,1000093.297281,0.004788
sim_2019-02-09_2026-05-21_138e7b4fbb82,2020-02-10,put_credit_spread,1,1242.5,1000093.297281,0.001242
sim_2019-02-09_2026-05-21_138e7b4fbb82,2020-02-11,short_straddle,1,4788.300171,1000093.297281,0.004788
sim_2019-02-09_2026-05-21_138e7b4fbb82,2020-02-11,put_credit_spread,1,1242.5,1000093.297281,0.001242
sim_2019-02-09_2026-05-21_138e7b4fbb82,2020-02-12,short_straddle,1,4788.300171,1000093.297281,0.004788
sim_2019-02-09_2026-05-21_138e7b4fbb82,2020-02-12,put_credit_spread,1,1242.5,1000093.297281,0.001242
sim_2019-02-09_2026-05-21_138e7b4fbb82,2020-02-13,short_straddle,1,4788.300171,1000093.297281,0.004788
sim_2019-02-09_2026-05-21_138e7b4fbb82,2020-02-13,put_credit_spread,1,1242.5,1000093.297281,0.001242
sim_2019-02-09_2026-05-21_138e7b4fbb82,2020-02-14,short_straddle,1,4788.300171,1000093.297281,0.004788
sim_2019-02-09_2026-05-21_138e7b4fbb82,2020-02-14,put_credit_spread,1,1242.5,1000093.297281,0.001242
sim_2019-02-09_2026-05-21_138e7b4fbb82,2020-02-18,short_straddle,1,4788.300171,1000093.297281,0.004788
sim_2019-02-09_2026-05-21_138e7b4fbb82,2020-02-18,put_credit_spread,1,1242.5,1000093.297281,0.001242
sim_2019-02-09_2026-05-21_138e7b4fbb82,2020-02-19,short_straddle,1,4788.300171,1000093.297281,0.004788
sim_2019-02-09_2026-05-21_138e7b4fbb82,2020-02-19,put_credit_spread,1,1242.5,1000093.297281,0.001242
sim_2019-02-09_2026-05-21_138e7b4fbb82,2020-02-20,short_straddle,1,4788.300171,1000093.297281,0.004788
sim_2019-02-09_2026-05-21_138e7b4fbb82,2020-02-20,put_credit_spread,1,1242.5,1000093.297281,0.001242
sim_2019-02-09_2026-05-21_138e7b4fbb82,2020-02-21,short_straddle,1,4788.300171,1000093.297281,0.004788
sim_2019-02-09_2026-05-21_138e7b4fbb82,2020-02-21,put_credit_spread,1,1242.5,1000093.297281,0.001242
sim_2019-02-09_2026-05-21_138e7b4fbb82,2020-02-24,short_straddle,1,4788.300171,1000093.297281,0.004788
sim_2019-02-09_2026-05-21_138e7b4fbb82,2020-02-24,put_credit_spread,1,1242.5,1000093.297281,0.001242
sim_2019-02-09_2026-05-21_138e7b4fbb82,2020-02-25,short_straddle,1,4788.300171,1000093.297281,0.004788
sim_2019-02-09_2026-05-21_138e7b4fbb82,2020-02-25,put_credit_spread,1,1242.5,1000093.297281,0.001242
sim_2019-02-09_2026-05-21_138e7b4fbb82,2020-02-26,short_straddle,1,3839.799805,1000083.817031,0.003839
sim_2019-02-09_2026-05-21_138e7b4fbb82,2020-02-26,put_credit_spread,1,791.5,1000083.817031,0.000791
sim_2019-02-09_2026-05-21_138e7b4fbb82,2020-02-27,short_straddle,1,3839.799805,1000083.688281,0.003839
sim_2019-02-09_2026-05-21_138e7b4fbb82,2020-02-27,put_credit_spread,1,791.5,1000083.688281,0.000791
sim_2019-02-09_2026-05-21_138e7b4fbb82,2020-02-28,short_straddle,1,3839.799805,999882.628284,0.00384
sim_2019-02-09_2026-05-21_138e7b4fbb82,2020-02-28,put_credit_spread,1,791.5,999882.628284,0.000792
sim_2019-02-09_2026-05-21_138e7b4fbb82,2020-03-02,short_straddle,1,3839.799805,999870.158282,0.00384
sim_2019-02-09_2026-05-21_138e7b4fbb82,2020-03-02,put_credit_spread,1,791.5,999870.158282,0.000792
sim_2019-02-09_2026-05-21_138e7b4fbb82,2020-03-03,short_straddle,1,3839.799805,999877.888293,0.00384
sim_2019-02-09_2026-05-21_138e7b4fbb82,2020-03-03,put_credit_spread,1,791.5,999877.888293,0.000792
sim_2019-02-09_2026-05-21_138e7b4fbb82,2020-03-04,short_straddle,1,3839.799805,999866.298266,0.00384
sim_2019-02-09_2026-05-21_138e7b4fbb82,2020-03-04,put_credit_spread,1,791.5,999866.298266,0.000792
sim_2019-02-09_2026-05-21_138e7b4fbb82,2020-03-05,short_straddle,1,3839.799805,999875.72829,0.00384
sim_2019-02-09_2026-05-21_138e7b4fbb82,2020-03-05,put_credit_spread,1,791.5,999875.72829,0.000792
sim_2019-02-09_2026-05-21_138e7b4fbb82,2020-03-06,short_straddle,1,3839.799805,999878.338275,0.00384
sim_2019-02-09_2026-05-21_138e7b4fbb82,2020-03-06,put_credit_spread,1,791.5,999878.338275,0.000792
sim_2019-02-09_2026-05-21_138e7b4fbb82,2020-03-09,short_straddle,1,3839.799805,999898.46828,0.00384
sim_2019-02-09_2026-05-21_138e7b4fbb82,2020-03-09,put_credit_spread,1,791.5,999898.46828,0.000792
sim_2019-02-09_2026-05-21_138e7b4fbb82,2020-03-10,short_straddle,1,3839.799805,999886.71828,0.00384
sim_2019-02-09_2026-05-21_138e7b4fbb82,2020-03-10,put_credit_spread,1,791.5,999886.71828,0.000792
sim_2019-02-09_2026-05-21_138e7b4fbb82,2020-03-11,short_straddle,1,3839.799805,996455.032605,0.003853
sim_2019-02-09_2026-05-21_138e7b4fbb82,2020-03-11,put_credit_spread,1,791.5,996455.032605,0.000794
sim_2019-02-09_2026-05-21_138e7b4fbb82,2020-03-12,short_straddle,1,3839.799805,998345.053918,0.003846
sim_2019-02-09_2026-05-21_138e7b4fbb82,2020-03-12,put_credit_spread,1,791.5,998345.053918,0.000793
sim_2019-02-09_2026-05-21_138e7b4fbb82,2020-03-13,short_straddle,1,3839.799805,998325.053918,0.003846
sim_2019-02-09_2026-05-21_138e7b4fbb82,2020-03-13,put_credit_spread,1,791.5,998325.053918,0.000793
sim_2019-02-09_2026-05-21_138e7b4fbb82,2020-03-16,short_straddle,1,3839.799805,998354.673913,0.003846
sim_2019-02-09_2026-05-21_138e7b4fbb82,2020-03-16,put_credit_spread,1,791.5,998354.673913,0.000793
sim_2019-02-09_2026-05-21_138e7b4fbb82,2020-03-17,short_straddle,1,3839.799805,998343.693917,0.003846
sim_2019-02-09_2026-05-21_138e7b4fbb82,2020-03-17,put_credit_spread,1,791.5,998343.693917,0.000793
sim_2019-02-09_2026-05-21_138e7b4fbb82,2020-03-18,short_straddle,1,3839.799805,998357.773919,0.003846
sim_2019-02-09_2026-05-21_138e7b4fbb82,2020-03-18,put_credit_spread,1,791.5,998357.773919,0.000793
sim_2019-02-09_2026-05-21_138e7b4fbb82,2020-03-19,short_straddle,1,3839.799805,998355.853921,0.003846
sim_2019-02-09_2026-05-21_138e7b4fbb82,2020-03-19,put_credit_spread,1,791.5,998355.853921,0.000793
sim_2019-02-09_2026-05-21_138e7b4fbb82,2020-03-20,short_straddle,1,3839.799805,998365.263925,0.003846
sim_2019-02-09_2026-05-21_138e7b4fbb82,2020-03-20,put_credit_spread,1,791.5,998365.263925,0.000793
sim_2019-02-09_2026-05-21_138e7b4fbb82,2020-03-23,short_straddle,1,3839.799805,998371.033914,0.003846
sim_2019-02-09_2026-05-21_138e7b4fbb82,2020-03-23,put_credit_spread,1,791.5,998371.033914,0.000793
sim_2019-02-09_2026-05-21_138e7b4fbb82,2020-03-24,short_straddle,1,3839.799805,998350.523919,0.003846
sim_2019-02-09_2026-05-21_138e7b4fbb82,2020-03-24,put_credit_spread,1,791.5,998350.523919,0.000793
sim_2019-02-09_2026-05-21_138e7b4fbb82,2020-03-25,short_straddle,0,0.0,998338.295641,0.0
sim_2019-02-09_2026-05-21_138e7b4fbb82,2020-03-25,put_credit_spread,0,0.0,998338.295641,0.0
sim_2019-02-09_2026-05-21_138e7b4fbb82,2020-03-26,short_straddle,0,0.0,998338.295641,0.0
sim_2019-02-09_2026-05-21_138e7b4fbb82,2020-03-26,put_credit_spread,0,0.0,998338.295641,0.0
sim_2019-02-09_2026-05-21_138e7b4fbb82,2020-03-27,short_straddle,0,0.0,998338.295641,0.0
sim_2019-02-09_2026-05-21_138e7b4fbb82,2020-03-27,put_credit_spread,0,0.0,998338.295641,0.0
sim_2019-02-09_2026-05-21_138e7b4fbb82,2020-03-30,short_straddle,0,0.0,998335.984141,0.0
sim_2019-02-09_2026-05-21_138e7b4fbb82,2020-03-30,put_credit_spread,1,3377.0,998335.984141,0.003383
sim_2019-02-09_2026-05-21_138e7b4fbb82,2020-03-31,short_straddle,0,0.0,998335.984141,0.0
sim_2019-02-09_2026-05-21_138e7b4fbb82,2020-03-31,put_credit_spread,1,3377.0,998335.984141,0.003383
sim_2019-02-09_2026-05-21_138e7b4fbb82,2020-04-01,short_straddle,0,0.0,998335.984141,0.0
sim_2019-02-09_2026-05-21_138e7b4fbb82,2020-04-01,put_credit_spread,1,3377.0,998335.984141,0.003383
sim_2019-02-09_2026-05-21_138e7b4fbb82,2020-04-02,short_straddle,0,0.0,998335.984141,0.0
sim_2019-02-09_2026-05-21_138e7b4fbb82,2020-04-02,put_credit_spread,1,3377.0,998335.984141,0.003383
sim_2019-02-09_2026-05-21_138e7b4fbb82,2020-04-03,short_straddle,0,0.0,998335.984141,0.0
sim_2019-02-09_2026-05-21_138e7b4fbb82,2020-04-03,put_credit_spread,1,3377.0,998335.984141,0.003383
sim_2019-02-09_2026-05-21_138e7b4fbb82,2020-04-06,short_straddle,0,0.0,998335.984141,0.0
sim_2019-02-09_2026-05-21_138e7b4fbb82,2020-04-06,put_credit_spread,1,3377.0,998335.984141,0.003383
sim_2019-02-09_2026-05-21_138e7b4fbb82,2020-04-07,short_straddle,0,0.0,998335.984141,0.0
sim_2019-02-09_2026-05-21_138e7b4fbb82,2020-04-07,put_credit_spread,1,3377.0,998335.984141,0.003383
sim_2019-02-09_2026-05-21_138e7b4fbb82,2020-04-08,short_straddle,0,0.0,998789.484141,0.0
sim_2019-02-09_2026-05-21_138e7b4fbb82,2020-04-08,put_credit_spread,1,3377.0,998789.484141,0.003381
sim_2019-02-09_2026-05-21_138e7b4fbb82,2020-04-09,short_straddle,0,0.0,998789.484141,0.0
sim_2019-02-09_2026-05-21_138e7b4fbb82,2020-04-09,put_credit_spread,1,3377.0,998789.484141,0.003381
sim_2019-02-09_2026-05-21_138e7b4fbb82,2020-04-13,short_straddle,0,0.0,998850.747891,0.0
sim_2019-02-09_2026-05-21_138e7b4fbb82,2020-04-13,put_credit_spread,1,1731.5,998850.747891,0.001733
sim_2019-02-09_2026-05-21_138e7b4fbb82,2020-04-14,short_straddle,0,0.0,998850.747891,0.0
sim_2019-02-09_2026-05-21_138e7b4fbb82,2020-04-14,put_credit_spread,1,1731.5,998850.747891,0.001733
sim_2019-02-09_2026-05-21_138e7b4fbb82,2020-04-15,short_straddle,0,0.0,998850.747891,0.0
sim_2019-02-09_2026-05-21_138e7b4fbb82,2020-04-15,put_credit_spread,1,1731.5,998850.747891,0.001733
sim_2019-02-09_2026-05-21_138e7b4fbb82,2020-04-16,short_straddle,0,0.0,998850.747891,0.0
sim_2019-02-09_2026-05-21_138e7b4fbb82,2020-04-16,put_credit_spread,1,1731.5,998850.747891,0.001733
sim_2019-02-09_2026-05-21_138e7b4fbb82,2020-04-17,short_straddle,1,2733.599854,998847.690391,0.002737
sim_2019-02-09_2026-05-21_138e7b4fbb82,2020-04-17,put_credit_spread,1,1731.5,998847.690391,0.001733
sim_2019-02-09_2026-05-21_138e7b4fbb82,2020-04-20,short_straddle,1,2733.599854,998876.625511,0.002737
sim_2019-02-09_2026-05-21_138e7b4fbb82,2020-04-20,put_credit_spread,1,1731.5,998876.625511,0.001733
sim_2019-02-09_2026-05-21_138e7b4fbb82,2020-04-21,short_straddle,1,2733.599854,998932.103295,0.002737
sim_2019-02-09_2026-05-21_138e7b4fbb82,2020-04-21,put_credit_spread,1,1731.5,998932.103295,0.001733
sim_2019-02-09_2026-05-21_138e7b4fbb82,2020-04-22,short_straddle,1,2733.599854,998982.153328,0.002736
sim_2019-02-09_2026-05-21_138e7b4fbb82,2020-04-22,put_credit_spread,1,1731.5,998982.153328,0.001733
sim_2019-02-09_2026-05-21_138e7b4fbb82,2020-04-23,short_straddle,1,2733.599854,998985.453362,0.002736
sim_2019-02-09_2026-05-21_138e7b4fbb82,2020-04-23,put_credit_spread,1,1731.5,998985.453362,0.001733
sim_2019-02-09_2026-05-21_138e7b4fbb82,2020-04-24,short_straddle,1,2733.599854,999015.813301,0.002736
sim_2019-02-09_2026-05-21_138e7b4fbb82,2020-04-24,put_credit_spread,1,1731.5,999015.813301,0.001733
sim_2019-02-09_2026-05-21_138e7b4fbb82,2020-04-27,short_straddle,1,2733.599854,999054.203362,0.002736
sim_2019-02-09_2026-05-21_138e7b4fbb82,2020-04-27,put_credit_spread,1,1731.5,999054.203362,0.001733
sim_2019-02-09_2026-05-21_138e7b4fbb82,2020-04-28,short_straddle,1,2733.599854,999051.673241,0.002736
sim_2019-02-09_2026-05-21_138e7b4fbb82,2020-04-28,put_credit_spread,1,1731.5,999051.673241,0.001733
sim_2019-02-09_2026-05-21_138e7b4fbb82,2020-04-29,short_straddle,1,2733.599854,999745.668748,0.002734
sim_2019-02-09_2026-05-21_138e7b4fbb82,2020-04-29,put_credit_spread,1,1731.5,999745.668748,0.001732
sim_2019-02-09_2026-05-21_138e7b4fbb82,2020-04-30,short_straddle,1,2733.599854,999643.10668,0.002735
sim_2019-02-09_2026-05-21_138e7b4fbb82,2020-04-30,put_credit_spread,1,1731.5,999643.10668,0.001732
sim_2019-02-09_2026-05-21_138e7b4fbb82,2020-05-01,short_straddle,1,2733.599854,999757.419293,0.002734
sim_2019-02-09_2026-05-21_138e7b4fbb82,2020-05-01,put_credit_spread,1,1731.5,999757.419293,0.001732
sim_2019-02-09_2026-05-21_138e7b4fbb82,2020-05-04,short_straddle,1,2733.599854,999752.750261,0.002734
sim_2019-02-09_2026-05-21_138e7b4fbb82,2020-05-04,put_credit_spread,1,1731.5,999752.750261,0.001732
sim_2019-02-09_2026-05-21_138e7b4fbb82,2020-05-05,short_straddle,1,2733.599854,999767.930315,0.002734
sim_2019-02-09_2026-05-21_138e7b4fbb82,2020-05-05,put_credit_spread,1,1731.5,999767.930315,0.001732
sim_2019-02-09_2026-05-21_138e7b4fbb82,2020-05-06,short_straddle,1,2733.599854,999746.590288,0.002734
sim_2019-02-09_2026-05-21_138e7b4fbb82,2020-05-06,put_credit_spread,1,1731.5,999746.590288,0.001732
sim_2019-02-09_2026-05-21_138e7b4fbb82,2020-05-07,short_straddle,1,2733.599854,999769.140322,0.002734
sim_2019-02-09_2026-05-21_138e7b4fbb82,2020-05-07,put_credit_spread,1,1731.5,999769.140322,0.001732
sim_2019-02-09_2026-05-21_138e7b4fbb82,2020-05-08,short_straddle,1,2733.599854,1000185.315228,0.002733
sim_2019-02-09_2026-05-21_138e7b4fbb82,2020-05-08,put_credit_spread,1,1630.0,1000185.315228,0.00163
sim_2019-02-09_2026-05-21_138e7b4fbb82,2020-05-11,short_straddle,1,2733.599854,1000173.655255,0.002733
sim_2019-02-09_2026-05-21_138e7b4fbb82,2020-05-11,put_credit_spread,1,1630.0,1000173.655255,0.00163
sim_2019-02-09_2026-05-21_138e7b4fbb82,2020-05-12,short_straddle,1,2733.599854,1000124.375302,0.002733
sim_2019-02-09_2026-05-21_138e7b4fbb82,2020-05-12,put_credit_spread,1,1630.0,1000124.375302,0.00163
sim_2019-02-09_2026-05-21_138e7b4fbb82,2020-05-13,short_straddle,1,2918.900146,1000059.733602,0.002919
sim_2019-02-09_2026-05-21_138e7b4fbb82,2020-05-13,put_credit_spread,1,1630.0,1000059.733602,0.00163
sim_2019-02-09_2026-05-21_138e7b4fbb82,2020-05-14,short_straddle,1,2918.900146,1000059.496852,0.002919
sim_2019-02-09_2026-05-21_138e7b4fbb82,2020-05-14,put_credit_spread,1,1630.0,1000059.496852,0.00163
sim_2019-02-09_2026-05-21_138e7b4fbb82,2020-05-15,short_straddle,1,2918.900146,1000059.816859,0.002919
sim_2019-02-09_2026-05-21_138e7b4fbb82,2020-05-15,put_credit_spread,1,1630.0,1000059.816859,0.00163
sim_2019-02-09_2026-05-21_138e7b4fbb82,2020-05-18,short_straddle,1,2918.900146,1000077.856837,0.002919
sim_2019-02-09_2026-05-21_138e7b4fbb82,2020-05-18,put_credit_spread,1,1630.0,1000077.856837,0.00163
sim_2019-02-09_2026-05-21_138e7b4fbb82,2020-05-19,short_straddle,1,2918.900146,1000070.436854,0.002919
sim_2019-02-09_2026-05-21_138e7b4fbb82,2020-05-19,put_credit_spread,1,1630.0,1000070.436854,0.00163
sim_2019-02-09_2026-05-21_138e7b4fbb82,2020-05-20,short_straddle,1,2918.900146,999989.956843,0.002919
sim_2019-02-09_2026-05-21_138e7b4fbb82,2020-05-20,put_credit_spread,1,1630.0,999989.956843,0.00163
sim_2019-02-09_2026-05-21_138e7b4fbb82,2020-05-21,short_straddle,1,2918.900146,999988.53686,0.002919
sim_2019-02-09_2026-05-21_138e7b4fbb82,2020-05-21,put_credit_spread,1,1630.0,999988.53686,0.00163
sim_2019-02-09_2026-05-21_138e7b4fbb82,2020-05-22,short_straddle,1,2918.900146,999965.256862,0.002919
sim_2019-02-09_2026-05-21_138e7b4fbb82,2020-05-22,put_credit_spread,1,1630.0,999965.256862,0.00163
sim_2019-02-09_2026-05-21_138e7b4fbb82,2020-05-26,short_straddle,1,2918.900146,999975.996852,0.002919
sim_2019-02-09_2026-05-21_138e7b4fbb82,2020-05-26,put_credit_spread,1,1630.0,999975.996852,0.00163
sim_2019-02-09_2026-05-21_138e7b4fbb82,2020-05-27,short_straddle,1,2918.900146,999987.03686,0.002919
sim_2019-02-09_2026-05-21_138e7b4fbb82,2020-05-27,put_credit_spread,1,1630.0,999987.03686,0.00163
sim_2019-02-09_2026-05-21_138e7b4fbb82,2020-05-28,short_straddle,1,2918.900146,999984.196864,0.002919
sim_2019-02-09_2026-05-21_138e7b4fbb82,2020-05-28,put_credit_spread,1,1630.0,999984.196864,0.00163
sim_2019-02-09_2026-05-21_138e7b4fbb82,2020-05-29,short_straddle,1,2918.900146,999984.076838,0.002919
sim_2019-02-09_2026-05-21_138e7b4fbb82,2020-05-29,put_credit_spread,1,1630.0,999984.076838,0.00163
sim_2019-02-09_2026-05-21_138e7b4fbb82,2020-06-01,short_straddle,1,2918.900146,999986.03686,0.002919
sim_2019-02-09_2026-05-21_138e7b4fbb82,2020-06-01,put_credit_spread,1,1630.0,999986.03686,0.00163
sim_2019-02-09_2026-05-21_138e7b4fbb82,2020-06-02,short_straddle,1,2918.900146,999991.196864,0.002919
sim_2019-02-09_2026-05-21_138e7b4fbb82,2020-06-02,put_credit_spread,1,1630.0,999991.196864,0.00163
sim_2019-02-09_2026-05-21_138e7b4fbb82,2020-06-03,short_straddle,1,2918.900146,1000001.836879,0.002919
sim_2019-02-09_2026-05-21_138e7b4fbb82,2020-06-03,put_credit_spread,1,1630.0,1000001.836879,0.00163
sim_2019-02-09_2026-05-21_138e7b4fbb82,2020-06-04,short_straddle,1,2918.900146,1000002.156825,0.002919
sim_2019-02-09_2026-05-21_138e7b4fbb82,2020-06-04,put_credit_spread,1,1630.0,1000002.156825,0.00163
sim_2019-02-09_2026-05-21_138e7b4fbb82,2020-06-05,short_straddle,1,2918.900146,1000394.959869,0.002918
sim_2019-02-09_2026-05-21_138e7b4fbb82,2020-06-05,put_credit_spread,1,1466.0,1000394.959869,0.001465
sim_2019-02-09_2026-05-21_138e7b4fbb82,2020-06-08,short_straddle,1,2918.900146,1000404.439849,0.002918
sim_2019-02-09_2026-05-21_138e7b4fbb82,2020-06-08,put_credit_spread,1,1466.0,1000404.439849,0.001465
sim_2019-02-09_2026-05-21_138e7b4fbb82,2020-06-09,short_straddle,1,2918.900146,1000398.639862,0.002918
sim_2019-02-09_2026-05-21_138e7b4fbb82,2020-06-09,put_credit_spread,1,1466.0,1000398.639862,0.001465
sim_2019-02-09_2026-05-21_138e7b4fbb82,2020-06-10,short_straddle,1,3771.699829,1000386.841875,0.00377
sim_2019-02-09_2026-05-21_138e7b4fbb82,2020-06-10,put_credit_spread,1,1466.0,1000386.841875,0.001465
sim_2019-02-09_2026-05-21_138e7b4fbb82,2020-06-11,short_straddle,1,3771.699829,1000386.71586,0.00377
sim_2019-02-09_2026-05-21_138e7b4fbb82,2020-06-11,put_credit_spread,1,1466.0,1000386.71586,0.001465
sim_2019-02-09_2026-05-21_138e7b4fbb82,2020-06-12,short_straddle,1,3771.699829,1000391.425851,0.00377
sim_2019-02-09_2026-05-21_138e7b4fbb82,2020-06-12,put_credit_spread,1,1466.0,1000391.425851,0.001465
sim_2019-02-09_2026-05-21_138e7b4fbb82,2020-06-15,short_straddle,1,3771.699829,1000393.035867,0.00377
sim_2019-02-09_2026-05-21_138e7b4fbb82,2020-06-15,put_credit_spread,1,1466.0,1000393.035867,0.001465
sim_2019-02-09_2026-05-21_138e7b4fbb82,2020-06-16,short_straddle,1,3771.699829,1000398.505868,0.00377
sim_2019-02-09_2026-05-21_138e7b4fbb82,2020-06-16,put_credit_spread,1,1466.0,1000398.505868,0.001465
sim_2019-02-09_2026-05-21_138e7b4fbb82,2020-06-17,short_straddle,1,3771.699829,1000396.505868,0.00377
sim_2019-02-09_2026-05-21_138e7b4fbb82,2020-06-17,put_credit_spread,1,1466.0,1000396.505868,0.001465
sim_2019-02-09_2026-05-21_138e7b4fbb82,2020-06-18,short_straddle,1,3771.699829,1000396.135873,0.00377
sim_2019-02-09_2026-05-21_138e7b4fbb82,2020-06-18,put_credit_spread,1,1466.0,1000396.135873,0.001465
sim_2019-02-09_2026-05-21_138e7b4fbb82,2020-06-19,short_straddle,1,3771.699829,1000393.485849,0.00377
sim_2019-02-09_2026-05-21_138e7b4fbb82,2020-06-19,put_credit_spread,1,1466.0,1000393.485849,0.001465
sim_2019-02-09_2026-05-21_138e7b4fbb82,2020-06-22,short_straddle,1,3771.699829,1000395.005868,0.00377
sim_2019-02-09_2026-05-21_138e7b4fbb82,2020-06-22,put_credit_spread,1,1466.0,1000395.005868,0.001465
sim_2019-02-09_2026-05-21_138e7b4fbb82,2020-06-23,short_straddle,1,3771.699829,1000396.185861,0.00377
sim_2019-02-09_2026-05-21_138e7b4fbb82,2020-06-23,put_credit_spread,1,1466.0,1000396.185861,0.001465
sim_2019-02-09_2026-05-21_138e7b4fbb82,2020-06-24,short_straddle,1,3771.699829,1000307.158446,0.003771
sim_2019-02-09_2026-05-21_138e7b4fbb82,2020-06-24,put_credit_spread,1,1466.0,1000307.158446,0.001466
sim_2019-02-09_2026-05-21_138e7b4fbb82,2020-06-25,short_straddle,1,3771.699829,1000110.135649,0.003771
sim_2019-02-09_2026-05-21_138e7b4fbb82,2020-06-25,put_credit_spread,1,1466.0,1000110.135649,0.001466
sim_2019-02-09_2026-05-21_138e7b4fbb82,2020-06-26,short_straddle,1,3771.699829,999770.309311,0.003773
sim_2019-02-09_2026-05-21_138e7b4fbb82,2020-06-26,put_credit_spread,1,1466.0,999770.309311,0.001466
sim_2019-02-09_2026-05-21_138e7b4fbb82,2020-06-29,short_straddle,1,3771.699829,999289.255285,0.003774
sim_2019-02-09_2026-05-21_138e7b4fbb82,2020-06-29,put_credit_spread,1,1466.0,999289.255285,0.001467
sim_2019-02-09_2026-05-21_138e7b4fbb82,2020-06-30,short_straddle,1,3771.699829,999289.098277,0.003774
sim_2019-02-09_2026-05-21_138e7b4fbb82,2020-06-30,put_credit_spread,0,0.0,999289.098277,0.0
sim_2019-02-09_2026-05-21_138e7b4fbb82,2020-07-01,short_straddle,1,3771.699829,999286.369779,0.003774
sim_2019-02-09_2026-05-21_138e7b4fbb82,2020-07-01,put_credit_spread,1,1863.0,999286.369779,0.001864
sim_2019-02-09_2026-05-21_138e7b4fbb82,2020-07-02,short_straddle,1,3771.699829,999287.479795,0.003774
sim_2019-02-09_2026-05-21_138e7b4fbb82,2020-07-02,put_credit_spread,1,1863.0,999287.479795,0.001864
sim_2019-02-09_2026-05-21_138e7b4fbb82,2020-07-06,short_straddle,1,3771.699829,999428.059781,0.003774
sim_2019-02-09_2026-05-21_138e7b4fbb82,2020-07-06,put_credit_spread,1,1863.0,999428.059781,0.001864
sim_2019-02-09_2026-05-21_138e7b4fbb82,2020-07-07,short_straddle,1,3771.699829,999424.09979,0.003774
sim_2019-02-09_2026-05-21_138e7b4fbb82,2020-07-07,put_credit_spread,1,1863.0,999424.09979,0.001864
sim_2019-02-09_2026-05-21_138e7b4fbb82,2020-07-08,short_straddle,1,3639.400024,999419.845423,0.003642
sim_2019-02-09_2026-05-21_138e7b4fbb82,2020-07-08,put_credit_spread,1,1863.0,999419.845423,0.001864
sim_2019-02-09_2026-05-21_138e7b4fbb82,2020-07-09,short_straddle,1,3639.400024,999419.588183,0.003642
sim_2019-02-09_2026-05-21_138e7b4fbb82,2020-07-09,put_credit_spread,1,1863.0,999419.588183,0.001864
sim_2019-02-09_2026-05-21_138e7b4fbb82,2020-07-10,short_straddle,1,3639.400024,999484.117807,0.003641
sim_2019-02-09_2026-05-21_138e7b4fbb82,2020-07-10,put_credit_spread,1,1863.0,999484.117807,0.001864
sim_2019-02-09_2026-05-21_138e7b4fbb82,2020-07-13,short_straddle,1,3639.400024,999397.27781,0.003642
sim_2019-02-09_2026-05-21_138e7b4fbb82,2020-07-13,put_credit_spread,1,1863.0,999397.27781,0.001864
sim_2019-02-09_2026-05-21_138e7b4fbb82,2020-07-14,short_straddle,1,3639.400024,999413.794479,0.003642
sim_2019-02-09_2026-05-21_138e7b4fbb82,2020-07-14,put_credit_spread,1,1863.0,999413.794479,0.001864
sim_2019-02-09_2026-05-21_138e7b4fbb82,2020-07-15,short_straddle,1,3639.400024,999563.745494,0.003641
sim_2019-02-09_2026-05-21_138e7b4fbb82,2020-07-15,put_credit_spread,1,1973.5,999563.745494,0.001974
sim_2019-02-09_2026-05-21_138e7b4fbb82,2020-07-16,short_straddle,1,3639.400024,999560.865489,0.003641
sim_2019-02-09_2026-05-21_138e7b4fbb82,2020-07-16,put_credit_spread,1,1973.5,999560.865489,0.001974
sim_2019-02-09_2026-05-21_138e7b4fbb82,2020-07-17,short_straddle,1,3639.400024,999531.905467,0.003641
sim_2019-02-09_2026-05-21_138e7b4fbb82,2020-07-17,put_credit_spread,1,1973.5,999531.905467,0.001974
sim_2019-02-09_2026-05-21_138e7b4fbb82,2020-07-20,short_straddle,1,3639.400024,999492.565501,0.003641
sim_2019-02-09_2026-05-21_138e7b4fbb82,2020-07-20,put_credit_spread,1,1973.5,999492.565501,0.001975
sim_2019-02-09_2026-05-21_138e7b4fbb82,2020-07-21,short_straddle,1,3639.400024,999495.605479,0.003641
sim_2019-02-09_2026-05-21_138e7b4fbb82,2020-07-21,put_credit_spread,1,1973.5,999495.605479,0.001974
sim_2019-02-09_2026-05-21_138e7b4fbb82,2020-07-22,short_straddle,1,3639.400024,999498.885508,0.003641
sim_2019-02-09_2026-05-21_138e7b4fbb82,2020-07-22,put_credit_spread,1,1973.5,999498.885508,0.001974
sim_2019-02-09_2026-05-21_138e7b4fbb82,2020-07-23,short_straddle,1,3639.400024,999492.305491,0.003641
sim_2019-02-09_2026-05-21_138e7b4fbb82,2020-07-23,put_credit_spread,1,1973.5,999492.305491,0.001975
sim_2019-02-09_2026-05-21_138e7b4fbb82,2020-07-24,short_straddle,1,3639.400024,999488.305491,0.003641
sim_2019-02-09_2026-05-21_138e7b4fbb82,2020-07-24,put_credit_spread,1,1973.5,999488.305491,0.001975
sim_2019-02-09_2026-05-21_138e7b4fbb82,2020-07-27,short_straddle,1,3639.400024,1000089.203285,0.003639
sim_2019-02-09_2026-05-21_138e7b4fbb82,2020-07-27,put_credit_spread,1,1973.5,1000089.203285,0.001973
sim_2019-02-09_2026-05-21_138e7b4fbb82,2020-07-28,short_straddle,1,3639.400024,1000018.451726,0.003639
sim_2019-02-09_2026-05-21_138e7b4fbb82,2020-07-28,put_credit_spread,1,1973.5,1000018.451726,0.001973
sim_2019-02-09_2026-05-21_138e7b4fbb82,2020-07-29,short_straddle,1,3639.400024,1000021.591741,0.003639
sim_2019-02-09_2026-05-21_138e7b4fbb82,2020-07-29,put_credit_spread,1,1973.5,1000021.591741,0.001973
sim_2019-02-09_2026-05-21_138e7b4fbb82,2020-07-30,short_straddle,1,3639.400024,1000017.151738,0.003639
sim_2019-02-09_2026-05-21_138e7b4fbb82,2020-07-30,put_credit_spread,1,1973.5,1000017.151738,0.001973
sim_2019-02-09_2026-05-21_138e7b4fbb82,2020-07-31,short_straddle,1,3639.400024,1000019.291753,0.003639
sim_2019-02-09_2026-05-21_138e7b4fbb82,2020-07-31,put_credit_spread,1,1973.5,1000019.291753,0.001973
sim_2019-02-09_2026-05-21_138e7b4fbb82,2020-08-03,short_straddle,1,3639.400024,999950.531743,0.00364
sim_2019-02-09_2026-05-21_138e7b4fbb82,2020-08-03,put_credit_spread,1,1973.5,999950.531743,0.001974
sim_2019-02-09_2026-05-21_138e7b4fbb82,2020-08-04,short_straddle,1,3639.400024,999953.911748,0.00364
sim_2019-02-09_2026-05-21_138e7b4fbb82,2020-08-04,put_credit_spread,1,1973.5,999953.911748,0.001974
sim_2019-02-09_2026-05-21_138e7b4fbb82,2020-08-05,short_straddle,1,4232.5,999955.714741,0.004233
sim_2019-02-09_2026-05-21_138e7b4fbb82,2020-08-05,put_credit_spread,1,1973.5,999955.714741,0.001974
sim_2019-02-09_2026-05-21_138e7b4fbb82,2020-08-06,short_straddle,1,4232.5,999955.303891,0.004233
sim_2019-02-09_2026-05-21_138e7b4fbb82,2020-08-06,put_credit_spread,1,1973.5,999955.303891,0.001974
sim_2019-02-09_2026-05-21_138e7b4fbb82,2020-08-07,short_straddle,1,4232.5,999953.143887,0.004233
sim_2019-02-09_2026-05-21_138e7b4fbb82,2020-08-07,put_credit_spread,1,1973.5,999953.143887,0.001974
sim_2019-02-09_2026-05-21_138e7b4fbb82,2020-08-10,short_straddle,1,4232.5,999942.583828,0.004233
sim_2019-02-09_2026-05-21_138e7b4fbb82,2020-08-10,put_credit_spread,1,1973.5,999942.583828,0.001974
sim_2019-02-09_2026-05-21_138e7b4fbb82,2020-08-11,short_straddle,1,4232.5,999945.433865,0.004233
sim_2019-02-09_2026-05-21_138e7b4fbb82,2020-08-11,put_credit_spread,1,1973.5,999945.433865,0.001974
sim_2019-02-09_2026-05-21_138e7b4fbb82,2020-08-12,short_straddle,1,4232.5,999936.883847,0.004233
sim_2019-02-09_2026-05-21_138e7b4fbb82,2020-08-12,put_credit_spread,1,1973.5,999936.883847,0.001974
sim_2019-02-09_2026-05-21_138e7b4fbb82,2020-08-13,short_straddle,1,4232.5,999938.743832,0.004233
sim_2019-02-09_2026-05-21_138e7b4fbb82,2020-08-13,put_credit_spread,1,1973.5,999938.743832,0.001974
sim_2019-02-09_2026-05-21_138e7b4fbb82,2020-08-14,short_straddle,1,4232.5,1000400.498659,0.004231
sim_2019-02-09_2026-05-21_138e7b4fbb82,2020-08-14,put_credit_spread,1,1489.5,1000400.498659,0.001489
sim_2019-02-09_2026-05-21_138e7b4fbb82,2020-08-17,short_straddle,1,4232.5,1000403.048586,0.004231
sim_2019-02-09_2026-05-21_138e7b4fbb82,2020-08-17,put_credit_spread,1,1489.5,1000403.048586,0.001489
sim_2019-02-09_2026-05-21_138e7b4fbb82,2020-08-18,short_straddle,1,4232.5,1000405.298586,0.004231
sim_2019-02-09_2026-05-21_138e7b4fbb82,2020-08-18,put_credit_spread,1,1489.5,1000405.298586,0.001489
sim_2019-02-09_2026-05-21_138e7b4fbb82,2020-08-19,short_straddle,1,4232.5,1000555.614904,0.00423
sim_2019-02-09_2026-05-21_138e7b4fbb82,2020-08-19,put_credit_spread,1,1489.5,1000555.614904,0.001489
sim_2019-02-09_2026-05-21_138e7b4fbb82,2020-08-20,short_straddle,1,4232.5,1000565.133325,0.00423
sim_2019-02-09_2026-05-21_138e7b4fbb82,2020-08-20,put_credit_spread,1,1489.5,1000565.133325,0.001489
sim_2019-02-09_2026-05-21_138e7b4fbb82,2020-08-21,short_straddle,1,4232.5,1000560.873285,0.00423
sim_2019-02-09_2026-05-21_138e7b4fbb82,2020-08-21,put_credit_spread,1,1489.5,1000560.873285,0.001489
sim_2019-02-09_2026-05-21_138e7b4fbb82,2020-08-24,short_straddle,1,4232.5,1000285.292033,0.004231
sim_2019-02-09_2026-05-21_138e7b4fbb82,2020-08-24,put_credit_spread,1,1489.5,1000285.292033,0.001489
sim_2019-02-09_2026-05-21_138e7b4fbb82,2020-08-25,short_straddle,1,4232.5,1000237.880496,0.004231
sim_2019-02-09_2026-05-21_138e7b4fbb82,2020-08-25,put_credit_spread,1,1489.5,1000237.880496,0.001489
sim_2019-02-09_2026-05-21_138e7b4fbb82,2020-08-26,short_straddle,1,4232.5,1000235.450504,0.004232
sim_2019-02-09_2026-05-21_138e7b4fbb82,2020-08-26,put_credit_spread,1,1489.5,1000235.450504,0.001489
sim_2019-02-09_2026-05-21_138e7b4fbb82,2020-08-27,short_straddle,1,4232.5,1000230.620456,0.004232
sim_2019-02-09_2026-05-21_138e7b4fbb82,2020-08-27,put_credit_spread,1,1489.5,1000230.620456,0.001489
sim_2019-02-09_2026-05-21_138e7b4fbb82,2020-08-28,short_straddle,1,4232.5,1000486.519695,0.00423
sim_2019-02-09_2026-05-21_138e7b4fbb82,2020-08-28,put_credit_spread,1,1513.0,1000486.519695,0.001512
sim_2019-02-09_2026-05-21_138e7b4fbb82,2020-08-31,short_straddle,1,4232.5,1000493.779735,0.00423
sim_2019-02-09_2026-05-21_138e7b4fbb82,2020-08-31,put_credit_spread,1,1513.0,1000493.779735,0.001512
sim_2019-02-09_2026-05-21_138e7b4fbb82,2020-09-01,short_straddle,1,4232.5,1000486.249706,0.00423
sim_2019-02-09_2026-05-21_138e7b4fbb82,2020-09-01,put_credit_spread,1,1513.0,1000486.249706,0.001512
sim_2019-02-09_2026-05-21_138e7b4fbb82,2020-09-02,short_straddle,1,4409.199829,1000467.191192,0.004407
sim_2019-02-09_2026-05-21_138e7b4fbb82,2020-09-02,put_credit_spread,1,1513.0,1000467.191192,0.001512
sim_2019-02-09_2026-05-21_138e7b4fbb82,2020-09-03,short_straddle,1,4409.199829,1000466.341172,0.004407
sim_2019-02-09_2026-05-21_138e7b4fbb82,2020-09-03,put_credit_spread,1,1513.0,1000466.341172,0.001512
sim_2019-02-09_2026-05-21_138e7b4fbb82,2020-09-04,short_straddle,1,4409.199829,1000456.921129,0.004407
sim_2019-02-09_2026-05-21_138e7b4fbb82,2020-09-04,put_credit_spread,1,1513.0,1000456.921129,0.001512
sim_2019-02-09_2026-05-21_138e7b4fbb82,2020-09-08,short_straddle,1,4409.199829,1000418.821275,0.004407
sim_2019-02-09_2026-05-21_138e7b4fbb82,2020-09-08,put_credit_spread,1,1513.0,1000418.821275,0.001512
sim_2019-02-09_2026-05-21_138e7b4fbb82,2020-09-09,short_straddle,1,4409.199829,1000445.401231,0.004407
sim_2019-02-09_2026-05-21_138e7b4fbb82,2020-09-09,put_credit_spread,1,1513.0,1000445.401231,0.001512
sim_2019-02-09_2026-05-21_138e7b4fbb82,2020-09-10,short_straddle,1,4409.199829,1000421.041246,0.004407
sim_2019-02-09_2026-05-21_138e7b4fbb82,2020-09-10,put_credit_spread,1,1513.0,1000421.041246,0.001512
sim_2019-02-09_2026-05-21_138e7b4fbb82,2020-09-11,short_straddle,1,4409.199829,1000428.841172,0.004407
sim_2019-02-09_2026-05-21_138e7b4fbb82,2020-09-11,put_credit_spread,1,1513.0,1000428.841172,0.001512
sim_2019-02-09_2026-05-21_138e7b4fbb82,2020-09-14,short_straddle,1,4409.199829,1000621.802902,0.004406
sim_2019-02-09_2026-05-21_138e7b4fbb82,2020-09-14,put_credit_spread,1,1513.0,1000621.802902,0.001512
sim_2019-02-09_2026-05-21_138e7b4fbb82,2020-09-15,short_straddle,1,4409.199829,1000608.973662,0.004407
sim_2019-02-09_2026-05-21_138e7b4fbb82,2020-09-15,put_credit_spread,1,1513.0,1000608.973662,0.001512
sim_2019-02-09_2026-05-21_138e7b4fbb82,2020-09-16,short_straddle,1,4409.199829,1000696.19717,0.004406
sim_2019-02-09_2026-05-21_138e7b4fbb82,2020-09-16,put_credit_spread,1,1513.0,1000696.19717,0.001512
sim_2019-02-09_2026-05-21_138e7b4fbb82,2020-09-17,short_straddle,1,4409.199829,1000781.171879,0.004406
sim_2019-02-09_2026-05-21_138e7b4fbb82,2020-09-17,put_credit_spread,1,1513.0,1000781.171879,0.001512
sim_2019-02-09_2026-05-21_138e7b4fbb82,2020-09-18,short_straddle,1,4409.199829,1000762.871769,0.004406
sim_2019-02-09_2026-05-21_138e7b4fbb82,2020-09-18,put_credit_spread,1,1513.0,1000762.871769,0.001512
sim_2019-02-09_2026-05-21_138e7b4fbb82,2020-09-21,short_straddle,1,4409.199829,1000732.39185,0.004406
sim_2019-02-09_2026-05-21_138e7b4fbb82,2020-09-21,put_credit_spread,1,1513.0,1000732.39185,0.001512
sim_2019-02-09_2026-05-21_138e7b4fbb82,2020-09-22,short_straddle,1,4409.199829,1000740.611821,0.004406
sim_2019-02-09_2026-05-21_138e7b4fbb82,2020-09-22,put_credit_spread,1,1513.0,1000740.611821,0.001512
sim_2019-02-09_2026-05-21_138e7b4fbb82,2020-09-23,short_straddle,1,4409.199829,1000704.976505,0.004406
sim_2019-02-09_2026-05-21_138e7b4fbb82,2020-09-23,put_credit_spread,1,1676.5,1000704.976505,0.001675
sim_2019-02-09_2026-05-21_138e7b4fbb82,2020-09-24,short_straddle,1,4409.199829,1000708.096622,0.004406
sim_2019-02-09_2026-05-21_138e7b4fbb82,2020-09-24,put_credit_spread,1,1676.5,1000708.096622,0.001675
sim_2019-02-09_2026-05-21_138e7b4fbb82,2020-09-25,short_straddle,1,4409.199829,1000677.696659,0.004406
sim_2019-02-09_2026-05-21_138e7b4fbb82,2020-09-25,put_credit_spread,1,1676.5,1000677.696659,0.001675
sim_2019-02-09_2026-05-21_138e7b4fbb82,2020-09-28,short_straddle,1,4262.999878,1000655.372099,0.00426
sim_2019-02-09_2026-05-21_138e7b4fbb82,2020-09-28,put_credit_spread,1,1676.5,1000655.372099,0.001675
sim_2019-02-09_2026-05-21_138e7b4fbb82,2020-09-29,short_straddle,1,4262.999878,1000655.097679,0.00426
sim_2019-02-09_2026-05-21_138e7b4fbb82,2020-09-29,put_credit_spread,1,1676.5,1000655.097679,0.001675
sim_2019-02-09_2026-05-21_138e7b4fbb82,2020-09-30,short_straddle,1,4262.999878,1000661.257652,0.00426
sim_2019-02-09_2026-05-21_138e7b4fbb82,2020-09-30,put_credit_spread,1,1676.5,1000661.257652,0.001675
sim_2019-02-09_2026-05-21_138e7b4fbb82,2020-10-01,short_straddle,1,4262.999878,1000662.537681,0.00426
sim_2019-02-09_2026-05-21_138e7b4fbb82,2020-10-01,put_credit_spread,1,1676.5,1000662.537681,0.001675
sim_2019-02-09_2026-05-21_138e7b4fbb82,2020-10-02,short_straddle,1,4262.999878,1000659.857627,0.00426
sim_2019-02-09_2026-05-21_138e7b4fbb82,2020-10-02,put_credit_spread,1,1676.5,1000659.857627,0.001675
sim_2019-02-09_2026-05-21_138e7b4fbb82,2020-10-05,short_straddle,1,4262.999878,1000669.277671,0.00426
sim_2019-02-09_2026-05-21_138e7b4fbb82,2020-10-05,put_credit_spread,1,1676.5,1000669.277671,0.001675
sim_2019-02-09_2026-05-21_138e7b4fbb82,2020-10-06,short_straddle,1,4262.999878,1000661.697654,0.00426
sim_2019-02-09_2026-05-21_138e7b4fbb82,2020-10-06,put_credit_spread,1,1676.5,1000661.697654,0.001675
sim_2019-02-09_2026-05-21_138e7b4fbb82,2020-10-07,short_straddle,1,4262.999878,1001034.396679,0.004259
sim_2019-02-09_2026-05-21_138e7b4fbb82,2020-10-07,put_credit_spread,1,2098.5,1001034.396679,0.002096
sim_2019-02-09_2026-05-21_138e7b4fbb82,2020-10-08,short_straddle,1,4262.999878,1001037.136669,0.004259
sim_2019-02-09_2026-05-21_138e7b4fbb82,2020-10-08,put_credit_spread,1,2098.5,1001037.136669,0.002096
sim_2019-02-09_2026-05-21_138e7b4fbb82,2020-10-09,short_straddle,1,4262.999878,1001040.416637,0.004259
sim_2019-02-09_2026-05-21_138e7b4fbb82,2020-10-09,put_credit_spread,1,2098.5,1001040.416637,0.002096
sim_2019-02-09_2026-05-21_138e7b4fbb82,2020-10-12,short_straddle,1,4262.999878,1001045.476635,0.004259
sim_2019-02-09_2026-05-21_138e7b4fbb82,2020-10-12,put_credit_spread,1,2098.5,1001045.476635,0.002096
sim_2019-02-09_2026-05-21_138e7b4fbb82,2020-10-13,short_straddle,1,4262.999878,1001042.036632,0.004259
sim_2019-02-09_2026-05-21_138e7b4fbb82,2020-10-13,put_credit_spread,1,2098.5,1001042.036632,0.002096
sim_2019-02-09_2026-05-21_138e7b4fbb82,2020-10-14,short_straddle,1,4262.999878,1001038.816662,0.004259
sim_2019-02-09_2026-05-21_138e7b4fbb82,2020-10-14,put_credit_spread,1,2098.5,1001038.816662,0.002096
sim_2019-02-09_2026-05-21_138e7b4fbb82,2020-10-15,short_straddle,1,4262.999878,1001038.636669,0.004259
sim_2019-02-09_2026-05-21_138e7b4fbb82,2020-10-15,put_credit_spread,1,2098.5,1001038.636669,0.002096
sim_2019-02-09_2026-05-21_138e7b4fbb82,2020-10-16,short_straddle,1,4262.999878,1001040.496654,0.004259
sim_2019-02-09_2026-05-21_138e7b4fbb82,2020-10-16,put_credit_spread,1,2098.5,1001040.496654,0.002096
sim_2019-02-09_2026-05-21_138e7b4fbb82,2020-10-19,short_straddle,1,4262.999878,1001032.616649,0.004259
sim_2019-02-09_2026-05-21_138e7b4fbb82,2020-10-19,put_credit_spread,1,2098.5,1001032.616649,0.002096
sim_2019-02-09_2026-05-21_138e7b4fbb82,2020-10-20,short_straddle,1,4262.999878,1001034.456676,0.004259
sim_2019-02-09_2026-05-21_138e7b4fbb82,2020-10-20,put_credit_spread,1,2098.5,1001034.456676,0.002096
sim_2019-02-09_2026-05-21_138e7b4fbb82,2020-10-21,short_straddle,1,3989.400024,1000964.762184,0.003986
sim_2019-02-09_2026-05-21_138e7b4fbb82,2020-10-21,put_credit_spread,1,2098.5,1000964.762184,0.002096
sim_2019-02-09_2026-05-21_138e7b4fbb82,2020-10-22,short_straddle,1,3989.400024,1000964.336709,0.003986
sim_2019-02-09_2026-05-21_138e7b4fbb82,2020-10-22,put_credit_spread,1,2098.5,1000964.336709,0.002096
sim_2019-02-09_2026-05-21_138e7b4fbb82,2020-10-23,short_straddle,1,3989.400024,1001173.906717,0.003985
sim_2019-02-09_2026-05-21_138e7b4fbb82,2020-10-23,put_credit_spread,1,2098.5,1001173.906717,0.002096
sim_2019-02-09_2026-05-21_138e7b4fbb82,2020-10-26,short_straddle,1,3989.400024,1001154.886728,0.003985
sim_2019-02-09_2026-05-21_138e7b4fbb82,2020-10-26,put_credit_spread,1,2098.5,1001154.886728,0.002096
sim_2019-02-09_2026-05-21_138e7b4fbb82,2020-10-27,short_straddle,1,3989.400024,1001147.866739,0.003985
sim_2019-02-09_2026-05-21_138e7b4fbb82,2020-10-27,put_credit_spread,1,2098.5,1001147.866739,0.002096
sim_2019-02-09_2026-05-21_138e7b4fbb82,2020-10-28,short_straddle,1,3989.400024,1001120.326761,0.003985
sim_2019-02-09_2026-05-21_138e7b4fbb82,2020-10-28,put_credit_spread,1,2098.5,1001120.326761,0.002096
sim_2019-02-09_2026-05-21_138e7b4fbb82,2020-10-29,short_straddle,1,3989.400024,1001123.656717,0.003985
sim_2019-02-09_2026-05-21_138e7b4fbb82,2020-10-29,put_credit_spread,1,2098.5,1001123.656717,0.002096
sim_2019-02-09_2026-05-21_138e7b4fbb82,2020-10-30,short_straddle,1,3989.400024,1001119.06672,0.003985
sim_2019-02-09_2026-05-21_138e7b4fbb82,2020-10-30,put_credit_spread,1,2098.5,1001119.06672,0.002096
sim_2019-02-09_2026-05-21_138e7b4fbb82,2020-11-02,short_straddle,1,3989.400024,1001131.486764,0.003985
sim_2019-02-09_2026-05-21_138e7b4fbb82,2020-11-02,put_credit_spread,1,2098.5,1001131.486764,0.002096
sim_2019-02-09_2026-05-21_138e7b4fbb82,2020-11-03,short_straddle,1,3989.400024,1001147.836709,0.003985
sim_2019-02-09_2026-05-21_138e7b4fbb82,2020-11-03,put_credit_spread,1,2098.5,1001147.836709,0.002096
sim_2019-02-09_2026-05-21_138e7b4fbb82,2020-11-04,short_straddle,1,3989.400024,1001159.416757,0.003985
sim_2019-02-09_2026-05-21_138e7b4fbb82,2020-11-04,put_credit_spread,1,2098.5,1001159.416757,0.002096
sim_2019-02-09_2026-05-21_138e7b4fbb82,2020-11-05,short_straddle,1,3989.400024,1001175.616739,0.003985
sim_2019-02-09_2026-05-21_138e7b4fbb82,2020-11-05,put_credit_spread,1,2098.5,1001175.616739,0.002096
sim_2019-02-09_2026-05-21_138e7b4fbb82,2020-11-06,short_straddle,1,3989.400024,1001372.438981,0.003984
sim_2019-02-09_2026-05-21_138e7b4fbb82,2020-11-06,put_credit_spread,1,1484.5,1001372.438981,0.001482
sim_2019-02-09_2026-05-21_138e7b4fbb82,2020-11-09,short_straddle,1,3989.400024,1001335.438981,0.003984
sim_2019-02-09_2026-05-21_138e7b4fbb82,2020-11-09,put_credit_spread,1,1484.5,1001335.438981,0.001483
sim_2019-02-09_2026-05-21_138e7b4fbb82,2020-11-10,short_straddle,1,3989.400024,1001343.809007,0.003984
sim_2019-02-09_2026-05-21_138e7b4fbb82,2020-11-10,put_credit_spread,1,1484.5,1001343.809007,0.001483
sim_2019-02-09_2026-05-21_138e7b4fbb82,2020-11-11,short_straddle,1,3989.400024,1001342.608934,0.003984
sim_2019-02-09_2026-05-21_138e7b4fbb82,2020-11-11,put_credit_spread,1,1484.5,1001342.608934,0.001483
sim_2019-02-09_2026-05-21_138e7b4fbb82,2020-11-12,short_straddle,1,3989.400024,1001333.428941,0.003984
sim_2019-02-09_2026-05-21_138e7b4fbb82,2020-11-12,put_credit_spread,1,1484.5,1001333.428941,0.001483
sim_2019-02-09_2026-05-21_138e7b4fbb82,2020-11-13,short_straddle,1,3989.400024,1001345.728959,0.003984
sim_2019-02-09_2026-05-21_138e7b4fbb82,2020-11-13,put_credit_spread,1,1484.5,1001345.728959,0.001483
sim_2019-02-09_2026-05-21_138e7b4fbb82,2020-11-16,short_straddle,1,3989.400024,1001360.219011,0.003984
sim_2019-02-09_2026-05-21_138e7b4fbb82,2020-11-16,put_credit_spread,1,1484.5,1001360.219011,0.001482
sim_2019-02-09_2026-05-21_138e7b4fbb82,2020-11-17,short_straddle,1,3989.400024,1001355.20897,0.003984
sim_2019-02-09_2026-05-21_138e7b4fbb82,2020-11-17,put_credit_spread,1,1484.5,1001355.20897,0.001482
sim_2019-02-09_2026-05-21_138e7b4fbb82,2020-11-18,short_straddle,1,4515.200195,1001338.601867,0.004509
sim_2019-02-09_2026-05-21_138e7b4fbb82,2020-11-18,put_credit_spread,1,1484.5,1001338.601867,0.001483
sim_2019-02-09_2026-05-21_138e7b4fbb82,2020-11-19,short_straddle,1,4515.200195,1001338.158872,0.004509
sim_2019-02-09_2026-05-21_138e7b4fbb82,2020-11-19,put_credit_spread,1,1484.5,1001338.158872,0.001483
sim_2019-02-09_2026-05-21_138e7b4fbb82,2020-11-20,short_straddle,1,4515.200195,1001346.558835,0.004509
sim_2019-02-09_2026-05-21_138e7b4fbb82,2020-11-20,put_credit_spread,1,1484.5,1001346.558835,0.001483
sim_2019-02-09_2026-05-21_138e7b4fbb82,2020-11-23,short_straddle,1,4515.200195,1001641.887288,0.004508
sim_2019-02-09_2026-05-21_138e7b4fbb82,2020-11-23,put_credit_spread,1,1048.5,1001641.887288,0.001047
sim_2019-02-09_2026-05-21_138e7b4fbb82,2020-11-24,short_straddle,1,4515.200195,1001628.267354,0.004508
sim_2019-02-09_2026-05-21_138e7b4fbb82,2020-11-24,put_credit_spread,1,1048.5,1001628.267354,0.001047
sim_2019-02-09_2026-05-21_138e7b4fbb82,2020-11-25,short_straddle,1,4515.200195,1001633.337361,0.004508
sim_2019-02-09_2026-05-21_138e7b4fbb82,2020-11-25,put_credit_spread,1,1048.5,1001633.337361,0.001047
sim_2019-02-09_2026-05-21_138e7b4fbb82,2020-11-27,short_straddle,1,4515.200195,1001631.837361,0.004508
sim_2019-02-09_2026-05-21_138e7b4fbb82,2020-11-27,put_credit_spread,1,1048.5,1001631.837361,0.001047
sim_2019-02-09_2026-05-21_138e7b4fbb82,2020-11-30,short_straddle,1,4515.200195,1001639.697346,0.004508
sim_2019-02-09_2026-05-21_138e7b4fbb82,2020-11-30,put_credit_spread,1,1048.5,1001639.697346,0.001047
sim_2019-02-09_2026-05-21_138e7b4fbb82,2020-12-01,short_straddle,1,4515.200195,1001634.237324,0.004508
sim_2019-02-09_2026-05-21_138e7b4fbb82,2020-12-01,put_credit_spread,1,1048.5,1001634.237324,0.001047
sim_2019-02-09_2026-05-21_138e7b4fbb82,2020-12-02,short_straddle,1,4515.200195,1001632.017354,0.004508
sim_2019-02-09_2026-05-21_138e7b4fbb82,2020-12-02,put_credit_spread,1,1048.5,1001632.017354,0.001047
sim_2019-02-09_2026-05-21_138e7b4fbb82,2020-12-03,short_straddle,1,4515.200195,1001629.377339,0.004508
sim_2019-02-09_2026-05-21_138e7b4fbb82,2020-12-03,put_credit_spread,1,1048.5,1001629.377339,0.001047
sim_2019-02-09_2026-05-21_138e7b4fbb82,2020-12-04,short_straddle,1,4515.200195,1001730.287343,0.004507
sim_2019-02-09_2026-05-21_138e7b4fbb82,2020-12-04,put_credit_spread,1,1048.5,1001730.287343,0.001047
sim_2019-02-09_2026-05-21_138e7b4fbb82,2020-12-07,short_straddle,1,4515.200195,1002138.783663,0.004506
sim_2019-02-09_2026-05-21_138e7b4fbb82,2020-12-07,put_credit_spread,1,1048.5,1002138.783663,0.001046
sim_2019-02-09_2026-05-21_138e7b4fbb82,2020-12-08,short_straddle,1,4515.200195,1002176.286607,0.004505
sim_2019-02-09_2026-05-21_138e7b4fbb82,2020-12-08,put_credit_spread,1,1048.5,1002176.286607,0.001046
sim_2019-02-09_2026-05-21_138e7b4fbb82,2020-12-09,short_straddle,1,4515.200195,1002180.246629,0.004505
sim_2019-02-09_2026-05-21_138e7b4fbb82,2020-12-09,put_credit_spread,1,1048.5,1002180.246629,0.001046
sim_2019-02-09_2026-05-21_138e7b4fbb82,2020-12-10,short_straddle,1,4515.200195,1002181.266618,0.004505
sim_2019-02-09_2026-05-21_138e7b4fbb82,2020-12-10,put_credit_spread,1,1048.5,1002181.266618,0.001046
sim_2019-02-09_2026-05-21_138e7b4fbb82,2020-12-11,short_straddle,1,4515.200195,1002180.096666,0.004505
sim_2019-02-09_2026-05-21_138e7b4fbb82,2020-12-11,put_credit_spread,1,1048.5,1002180.096666,0.001046
sim_2019-02-09_2026-05-21_138e7b4fbb82,2020-12-14,short_straddle,1,4515.200195,1002185.586625,0.004505
sim_2019-02-09_2026-05-21_138e7b4fbb82,2020-12-14,put_credit_spread,1,1048.5,1002185.586625,0.001046
sim_2019-02-09_2026-05-21_138e7b4fbb82,2020-12-15,short_straddle,1,4515.200195,1002175.026658,0.004505
sim_2019-02-09_2026-05-21_138e7b4fbb82,2020-12-15,put_credit_spread,1,1048.5,1002175.026658,0.001046
sim_2019-02-09_2026-05-21_138e7b4fbb82,2020-12-16,short_straddle,1,4667.999878,1002170.811187,0.004658
sim_2019-02-09_2026-05-21_138e7b4fbb82,2020-12-16,put_credit_spread,1,1048.5,1002170.811187,0.001046
sim_2019-02-09_2026-05-21_138e7b4fbb82,2020-12-17,short_straddle,1,4667.999878,1002169.293737,0.004658
sim_2019-02-09_2026-05-21_138e7b4fbb82,2020-12-17,put_credit_spread,1,1048.5,1002169.293737,0.001046
sim_2019-02-09_2026-05-21_138e7b4fbb82,2020-12-18,short_straddle,1,4667.999878,1002291.666224,0.004657
sim_2019-02-09_2026-05-21_138e7b4fbb82,2020-12-18,put_credit_spread,1,1452.5,1002291.666224,0.001449
sim_2019-02-09_2026-05-21_138e7b4fbb82,2020-12-21,short_straddle,1,4667.999878,1002310.422234,0.004657
sim_2019-02-09_2026-05-21_138e7b4fbb82,2020-12-21,put_credit_spread,1,1452.5,1002310.422234,0.001449
sim_2019-02-09_2026-05-21_138e7b4fbb82,2020-12-22,short_straddle,1,4667.999878,1002289.722161,0.004657
sim_2019-02-09_2026-05-21_138e7b4fbb82,2020-12-22,put_credit_spread,1,1452.5,1002289.722161,0.001449
sim_2019-02-09_2026-05-21_138e7b4fbb82,2020-12-23,short_straddle,1,4667.999878,1002301.822075,0.004657
sim_2019-02-09_2026-05-21_138e7b4fbb82,2020-12-23,put_credit_spread,1,1452.5,1002301.822075,0.001449
sim_2019-02-09_2026-05-21_138e7b4fbb82,2020-12-24,short_straddle,1,4667.999878,1002309.221978,0.004657
sim_2019-02-09_2026-05-21_138e7b4fbb82,2020-12-24,put_credit_spread,1,1452.5,1002309.221978,0.001449
sim_2019-02-09_2026-05-21_138e7b4fbb82,2020-12-28,short_straddle,1,4667.999878,1002329.022088,0.004657
sim_2019-02-09_2026-05-21_138e7b4fbb82,2020-12-28,put_credit_spread,1,1452.5,1002329.022088,0.001449
sim_2019-02-09_2026-05-21_138e7b4fbb82,2020-12-29,short_straddle,1,4667.999878,1002323.622002,0.004657
sim_2019-02-09_2026-05-21_138e7b4fbb82,2020-12-29,put_credit_spread,1,1452.5,1002323.622002,0.001449
sim_2019-02-09_2026-05-21_138e7b4fbb82,2020-12-30,short_straddle,1,4667.999878,1002330.322137,0.004657
sim_2019-02-09_2026-05-21_138e7b4fbb82,2020-12-30,put_credit_spread,1,1452.5,1002330.322137,0.001449
sim_2019-02-09_2026-05-21_138e7b4fbb82,2020-12-31,short_straddle,1,4667.999878,1002346.922173,0.004657
sim_2019-02-09_2026-05-21_138e7b4fbb82,2020-12-31,put_credit_spread,1,1452.5,1002346.922173,0.001449
sim_2019-02-09_2026-05-21_138e7b4fbb82,2021-01-04,short_straddle,1,4667.999878,1002234.222161,0.004658
sim_2019-02-09_2026-05-21_138e7b4fbb82,2021-01-04,put_credit_spread,1,1452.5,1002234.222161,0.001449
sim_2019-02-09_2026-05-21_138e7b4fbb82,2021-01-05,short_straddle,1,4667.999878,1002249.422051,0.004658
sim_2019-02-09_2026-05-21_138e7b4fbb82,2021-01-05,put_credit_spread,1,1452.5,1002249.422051,0.001449
sim_2019-02-09_2026-05-21_138e7b4fbb82,2021-01-06,short_straddle,1,4667.999878,1002293.122002,0.004657
sim_2019-02-09_2026-05-21_138e7b4fbb82,2021-01-06,put_credit_spread,1,1452.5,1002293.122002,0.001449
sim_2019-02-09_2026-05-21_138e7b4fbb82,2021-01-07,short_straddle,1,4667.999878,1002316.022088,0.004657
sim_2019-02-09_2026-05-21_138e7b4fbb82,2021-01-07,put_credit_spread,1,1452.5,1002316.022088,0.001449
sim_2019-02-09_2026-05-21_138e7b4fbb82,2021-01-08,short_straddle,1,4667.999878,1002321.422173,0.004657
sim_2019-02-09_2026-05-21_138e7b4fbb82,2021-01-08,put_credit_spread,1,1452.5,1002321.422173,0.001449
sim_2019-02-09_2026-05-21_138e7b4fbb82,2021-01-11,short_straddle,1,4667.999878,1002312.722222,0.004657
sim_2019-02-09_2026-05-21_138e7b4fbb82,2021-01-11,put_credit_spread,1,1452.5,1002312.722222,0.001449
sim_2019-02-09_2026-05-21_138e7b4fbb82,2021-01-12,short_straddle,1,4667.999878,1002318.42199,0.004657
sim_2019-02-09_2026-05-21_138e7b4fbb82,2021-01-12,put_credit_spread,1,1452.5,1002318.42199,0.001449
sim_2019-02-09_2026-05-21_138e7b4fbb82,2021-01-13,short_straddle,1,4950.100098,1002310.500236,0.004939
sim_2019-02-09_2026-05-21_138e7b4fbb82,2021-01-13,put_credit_spread,1,1452.5,1002310.500236,0.001449
sim_2019-02-09_2026-05-21_138e7b4fbb82,2021-01-14,short_straddle,1,4950.100098,1002310.345211,0.004939
sim_2019-02-09_2026-05-21_138e7b4fbb82,2021-01-14,put_credit_spread,1,1452.5,1002310.345211,0.001449
sim_2019-02-09_2026-05-21_138e7b4fbb82,2021-01-15,short_straddle,1,4950.100098,1002613.831469,0.004937
sim_2019-02-09_2026-05-21_138e7b4fbb82,2021-01-15,put_credit_spread,1,1182.5,1002613.831469,0.001179
sim_2019-02-09_2026-05-21_138e7b4fbb82,2021-01-19,short_straddle,1,4950.100098,1002615.031481,0.004937
sim_2019-02-09_2026-05-21_138e7b4fbb82,2021-01-19,put_credit_spread,1,1182.5,1002615.031481,0.001179
sim_2019-02-09_2026-05-21_138e7b4fbb82,2021-01-20,short_straddle,1,4950.100098,1002617.481463,0.004937
sim_2019-02-09_2026-05-21_138e7b4fbb82,2021-01-20,put_credit_spread,1,1182.5,1002617.481463,0.001179
sim_2019-02-09_2026-05-21_138e7b4fbb82,2021-01-21,short_straddle,1,4950.100098,1002617.581469,0.004937
sim_2019-02-09_2026-05-21_138e7b4fbb82,2021-01-21,put_credit_spread,1,1182.5,1002617.581469,0.001179
sim_2019-02-09_2026-05-21_138e7b4fbb82,2021-01-22,short_straddle,1,4950.100098,1002615.681475,0.004937
sim_2019-02-09_2026-05-21_138e7b4fbb82,2021-01-22,put_credit_spread,1,1182.5,1002615.681475,0.001179
sim_2019-02-09_2026-05-21_138e7b4fbb82,2021-01-25,short_straddle,1,4950.100098,1002615.361468,0.004937
sim_2019-02-09_2026-05-21_138e7b4fbb82,2021-01-25,put_credit_spread,1,1182.5,1002615.361468,0.001179
sim_2019-02-09_2026-05-21_138e7b4fbb82,2021-01-26,short_straddle,1,4950.100098,1002615.101488,0.004937
sim_2019-02-09_2026-05-21_138e7b4fbb82,2021-01-26,put_credit_spread,1,1182.5,1002615.101488,0.001179
sim_2019-02-09_2026-05-21_138e7b4fbb82,2021-01-27,short_straddle,1,4950.100098,1002608.971483,0.004937
sim_2019-02-09_2026-05-21_138e7b4fbb82,2021-01-27,put_credit_spread,1,1182.5,1002608.971483,0.001179
sim_2019-02-09_2026-05-21_138e7b4fbb82,2021-01-28,short_straddle,1,4950.100098,1002611.781481,0.004937
sim_2019-02-09_2026-05-21_138e7b4fbb82,2021-01-28,put_credit_spread,1,1182.5,1002611.781481,0.001179
sim_2019-02-09_2026-05-21_138e7b4fbb82,2021-01-29,short_straddle,1,4950.100098,1002694.021471,0.004937
sim_2019-02-09_2026-05-21_138e7b4fbb82,2021-01-29,put_credit_spread,1,1182.5,1002694.021471,0.001179
sim_2019-02-09_2026-05-21_138e7b4fbb82,2021-02-01,short_straddle,1,4950.100098,1002674.731463,0.004937
sim_2019-02-09_2026-05-21_138e7b4fbb82,2021-02-01,put_credit_spread,1,1182.5,1002674.731463,0.001179
sim_2019-02-09_2026-05-21_138e7b4fbb82,2021-02-02,short_straddle,1,4950.100098,1002679.531481,0.004937
sim_2019-02-09_2026-05-21_138e7b4fbb82,2021-02-02,put_credit_spread,1,1182.5,1002679.531481,0.001179
sim_2019-02-09_2026-05-21_138e7b4fbb82,2021-02-03,short_straddle,1,4950.100098,1002679.971483,0.004937
sim_2019-02-09_2026-05-21_138e7b4fbb82,2021-02-03,put_credit_spread,1,1182.5,1002679.971483,0.001179
sim_2019-02-09_2026-05-21_138e7b4fbb82,2021-02-04,short_straddle,1,4950.100098,1002683.381487,0.004937
sim_2019-02-09_2026-05-21_138e7b4fbb82,2021-02-04,put_credit_spread,1,1182.5,1002683.381487,0.001179
sim_2019-02-09_2026-05-21_138e7b4fbb82,2021-02-05,short_straddle,1,4950.100098,1002684.251482,0.004937
sim_2019-02-09_2026-05-21_138e7b4fbb82,2021-02-05,put_credit_spread,1,1182.5,1002684.251482,0.001179
sim_2019-02-09_2026-05-21_138e7b4fbb82,2021-02-08,short_straddle,1,4950.100098,1002686.601488,0.004937
sim_2019-02-09_2026-05-21_138e7b4fbb82,2021-02-08,put_credit_spread,1,1182.5,1002686.601488,0.001179
sim_2019-02-09_2026-05-21_138e7b4fbb82,2021-02-09,short_straddle,1,4950.100098,1002686.631487,0.004937
sim_2019-02-09_2026-05-21_138e7b4fbb82,2021-02-09,put_credit_spread,1,1182.5,1002686.631487,0.001179
sim_2019-02-09_2026-05-21_138e7b4fbb82,2021-02-10,short_straddle,1,5107.5,1002681.831724,0.005094
sim_2019-02-09_2026-05-21_138e7b4fbb82,2021-02-10,put_credit_spread,1,1182.5,1002681.831724,0.001179
sim_2019-02-09_2026-05-21_138e7b4fbb82,2021-02-11,short_straddle,1,5107.5,1002681.202364,0.005094
sim_2019-02-09_2026-05-21_138e7b4fbb82,2021-02-11,put_credit_spread,1,1182.5,1002681.202364,0.001179
sim_2019-02-09_2026-05-21_138e7b4fbb82,2021-02-12,short_straddle,1,5107.5,1002779.015927,0.005093
sim_2019-02-09_2026-05-21_138e7b4fbb82,2021-02-12,put_credit_spread,1,1647.0,1002779.015927,0.001642
sim_2019-02-09_2026-05-21_138e7b4fbb82,2021-02-16,short_straddle,1,5107.5,1002781.175839,0.005093
sim_2019-02-09_2026-05-21_138e7b4fbb82,2021-02-16,put_credit_spread,1,1647.0,1002781.175839,0.001642
sim_2019-02-09_2026-05-21_138e7b4fbb82,2021-02-17,short_straddle,1,5107.5,1002785.255917,0.005093
sim_2019-02-09_2026-05-21_138e7b4fbb82,2021-02-17,put_credit_spread,1,1647.0,1002785.255917,0.001642
sim_2019-02-09_2026-05-21_138e7b4fbb82,2021-02-18,short_straddle,1,5107.5,1002781.095883,0.005093
sim_2019-02-09_2026-05-21_138e7b4fbb82,2021-02-18,put_credit_spread,1,1647.0,1002781.095883,0.001642
sim_2019-02-09_2026-05-21_138e7b4fbb82,2021-02-19,short_straddle,1,5107.5,1002778.535947,0.005093
sim_2019-02-09_2026-05-21_138e7b4fbb82,2021-02-19,put_credit_spread,1,1647.0,1002778.535947,0.001642
sim_2019-02-09_2026-05-21_138e7b4fbb82,2021-02-22,short_straddle,1,5107.5,1002779.695859,0.005093
sim_2019-02-09_2026-05-21_138e7b4fbb82,2021-02-22,put_credit_spread,1,1647.0,1002779.695859,0.001642
sim_2019-02-09_2026-05-21_138e7b4fbb82,2021-02-23,short_straddle,1,5107.5,1002780.415952,0.005093
sim_2019-02-09_2026-05-21_138e7b4fbb82,2021-02-23,put_credit_spread,1,1647.0,1002780.415952,0.001642
sim_2019-02-09_2026-05-21_138e7b4fbb82,2021-02-24,short_straddle,1,5107.5,1002796.975888,0.005093
sim_2019-02-09_2026-05-21_138e7b4fbb82,2021-02-24,put_credit_spread,1,1647.0,1002796.975888,0.001642
sim_2019-02-09_2026-05-21_138e7b4fbb82,2021-02-25,short_straddle,1,5107.5,1002774.775937,0.005093
sim_2019-02-09_2026-05-21_138e7b4fbb82,2021-02-25,put_credit_spread,1,1647.0,1002774.775937,0.001642
sim_2019-02-09_2026-05-21_138e7b4fbb82,2021-02-26,short_straddle,1,5107.5,1002596.155942,0.005094
sim_2019-02-09_2026-05-21_138e7b4fbb82,2021-02-26,put_credit_spread,1,1647.0,1002596.155942,0.001643
sim_2019-02-09_2026-05-21_138e7b4fbb82,2021-03-01,short_straddle,1,5107.5,1002880.715878,0.005093
sim_2019-02-09_2026-05-21_138e7b4fbb82,2021-03-01,put_credit_spread,1,1647.0,1002880.715878,0.001642
sim_2019-02-09_2026-05-21_138e7b4fbb82,2021-03-02,short_straddle,1,5107.5,1002875.115903,0.005093
sim_2019-02-09_2026-05-21_138e7b4fbb82,2021-03-02,put_credit_spread,1,1647.0,1002875.115903,0.001642
sim_2019-02-09_2026-05-21_138e7b4fbb82,2021-03-03,short_straddle,1,5107.5,1002870.315854,0.005093
sim_2019-02-09_2026-05-21_138e7b4fbb82,2021-03-03,put_credit_spread,1,1647.0,1002870.315854,0.001642
sim_2019-02-09_2026-05-21_138e7b4fbb82,2021-03-04,short_straddle,1,5107.5,1002856.675839,0.005093
sim_2019-02-09_2026-05-21_138e7b4fbb82,2021-03-04,put_credit_spread,1,1647.0,1002856.675839,0.001642
sim_2019-02-09_2026-05-21_138e7b4fbb82,2021-03-05,short_straddle,1,5107.5,1002879.315854,0.005093
sim_2019-02-09_2026-05-21_138e7b4fbb82,2021-03-05,put_credit_spread,1,1647.0,1002879.315854,0.001642
sim_2019-02-09_2026-05-21_138e7b4fbb82,2021-03-08,short_straddle,1,5107.5,1002891.355893,0.005093
sim_2019-02-09_2026-05-21_138e7b4fbb82,2021-03-08,put_credit_spread,1,1647.0,1002891.355893,0.001642
sim_2019-02-09_2026-05-21_138e7b4fbb82,2021-03-09,short_straddle,1,5107.5,1002892.795834,0.005093
sim_2019-02-09_2026-05-21_138e7b4fbb82,2021-03-09,put_credit_spread,1,1647.0,1002892.795834,0.001642
sim_2019-02-09_2026-05-21_138e7b4fbb82,2021-03-10,short_straddle,1,5054.099731,1002905.731679,0.005039
sim_2019-02-09_2026-05-21_138e7b4fbb82,2021-03-10,put_credit_spread,1,1647.0,1002905.731679,0.001642
sim_2019-02-09_2026-05-21_138e7b4fbb82,2021-03-11,short_straddle,1,5054.099731,1002905.081019,0.005039
sim_2019-02-09_2026-05-21_138e7b4fbb82,2021-03-11,put_credit_spread,1,1647.0,1002905.081019,0.001642
sim_2019-02-09_2026-05-21_138e7b4fbb82,2021-03-12,short_straddle,1,5054.099731,1003066.350313,0.005039
sim_2019-02-09_2026-05-21_138e7b4fbb82,2021-03-12,put_credit_spread,1,1648.5,1003066.350313,0.001643
sim_2019-02-09_2026-05-21_138e7b4fbb82,2021-03-15,short_straddle,1,5054.099731,1003143.518958,0.005038
sim_2019-02-09_2026-05-21_138e7b4fbb82,2021-03-15,put_credit_spread,1,1648.5,1003143.518958,0.001643
sim_2019-02-09_2026-05-21_138e7b4fbb82,2021-03-16,short_straddle,1,5054.099731,1003096.765685,0.005038
sim_2019-02-09_2026-05-21_138e7b4fbb82,2021-03-16,put_credit_spread,1,1648.5,1003096.765685,0.001643
sim_2019-02-09_2026-05-21_138e7b4fbb82,2021-03-17,short_straddle,1,5054.099731,1003104.4057,0.005038
sim_2019-02-09_2026-05-21_138e7b4fbb82,2021-03-17,put_credit_spread,1,1648.5,1003104.4057,0.001643
sim_2019-02-09_2026-05-21_138e7b4fbb82,2021-03-18,short_straddle,1,5054.099731,1003098.765685,0.005038
sim_2019-02-09_2026-05-21_138e7b4fbb82,2021-03-18,put_credit_spread,1,1648.5,1003098.765685,0.001643
sim_2019-02-09_2026-05-21_138e7b4fbb82,2021-03-19,short_straddle,1,5054.099731,1003085.365783,0.005039
sim_2019-02-09_2026-05-21_138e7b4fbb82,2021-03-19,put_credit_spread,1,1648.5,1003085.365783,0.001643
sim_2019-02-09_2026-05-21_138e7b4fbb82,2021-03-22,short_straddle,1,5054.099731,1003090.285705,0.005039
sim_2019-02-09_2026-05-21_138e7b4fbb82,2021-03-22,put_credit_spread,1,1648.5,1003090.285705,0.001643
sim_2019-02-09_2026-05-21_138e7b4fbb82,2021-03-23,short_straddle,1,5054.099731,1003077.565734,0.005039
sim_2019-02-09_2026-05-21_138e7b4fbb82,2021-03-23,put_credit_spread,1,1648.5,1003077.565734,0.001643
sim_2019-02-09_2026-05-21_138e7b4fbb82,2021-03-24,short_straddle,1,5054.099731,1003077.64569,0.005039
sim_2019-02-09_2026-05-21_138e7b4fbb82,2021-03-24,put_credit_spread,1,1648.5,1003077.64569,0.001643
sim_2019-02-09_2026-05-21_138e7b4fbb82,2021-03-25,short_straddle,1,5054.099731,1003086.085754,0.005039
sim_2019-02-09_2026-05-21_138e7b4fbb82,2021-03-25,put_credit_spread,1,1648.5,1003086.085754,0.001643
sim_2019-02-09_2026-05-21_138e7b4fbb82,2021-03-26,short_straddle,1,5054.099731,1003103.765685,0.005038
sim_2019-02-09_2026-05-21_138e7b4fbb82,2021-03-26,put_credit_spread,1,1648.5,1003103.765685,0.001643
sim_2019-02-09_2026-05-21_138e7b4fbb82,2021-03-29,short_straddle,1,5054.099731,1003107.965758,0.005038
sim_2019-02-09_2026-05-21_138e7b4fbb82,2021-03-29,put_credit_spread,1,1648.5,1003107.965758,0.001643
sim_2019-02-09_2026-05-21_138e7b4fbb82,2021-03-30,short_straddle,1,5054.099731,1003104.605773,0.005038
sim_2019-02-09_2026-05-21_138e7b4fbb82,2021-03-30,put_credit_spread,1,1648.5,1003104.605773,0.001643
sim_2019-02-09_2026-05-21_138e7b4fbb82,2021-03-31,short_straddle,1,5054.099731,1003102.045714,0.005038
sim_2019-02-09_2026-05-21_138e7b4fbb82,2021-03-31,put_credit_spread,1,1648.5,1003102.045714,0.001643
sim_2019-02-09_2026-05-21_138e7b4fbb82,2021-04-01,short_straddle,1,5054.099731,1003107.125793,0.005038
sim_2019-02-09_2026-05-21_138e7b4fbb82,2021-04-01,put_credit_spread,1,1648.5,1003107.125793,0.001643
sim_2019-02-09_2026-05-21_138e7b4fbb82,2021-04-05,short_straddle,1,5054.099731,1003122.125793,0.005038
sim_2019-02-09_2026-05-21_138e7b4fbb82,2021-04-05,put_credit_spread,1,1648.5,1003122.125793,0.001643
sim_2019-02-09_2026-05-21_138e7b4fbb82,2021-04-06,short_straddle,1,5054.099731,1003118.805724,0.005038
sim_2019-02-09_2026-05-21_138e7b4fbb82,2021-04-06,put_credit_spread,1,1648.5,1003118.805724,0.001643
sim_2019-02-09_2026-05-21_138e7b4fbb82,2021-04-07,short_straddle,1,5652.399902,1003112.950734,0.005635
sim_2019-02-09_2026-05-21_138e7b4fbb82,2021-04-07,put_credit_spread,1,1648.5,1003112.950734,0.001643
sim_2019-02-09_2026-05-21_138e7b4fbb82,2021-04-08,short_straddle,1,5652.399902,1003112.280474,0.005635
sim_2019-02-09_2026-05-21_138e7b4fbb82,2021-04-08,put_credit_spread,1,1648.5,1003112.280474,0.001643
sim_2019-02-09_2026-05-21_138e7b4fbb82,2021-04-09,short_straddle,1,5652.399902,1003420.612896,0.005633
sim_2019-02-09_2026-05-21_138e7b4fbb82,2021-04-09,put_credit_spread,1,1175.0,1003420.612896,0.001171
sim_2019-02-09_2026-05-21_138e7b4fbb82,2021-04-12,short_straddle,1,5652.399902,1003424.872906,0.005633
sim_2019-02-09_2026-05-21_138e7b4fbb82,2021-04-12,put_credit_spread,1,1175.0,1003424.872906,0.001171
sim_2019-02-09_2026-05-21_138e7b4fbb82,2021-04-13,short_straddle,1,5652.399902,1003421.832989,0.005633
sim_2019-02-09_2026-05-21_138e7b4fbb82,2021-04-13,put_credit_spread,1,1175.0,1003421.832989,0.001171
sim_2019-02-09_2026-05-21_138e7b4fbb82,2021-04-14,short_straddle,1,5652.399902,1003424.79295,0.005633
sim_2019-02-09_2026-05-21_138e7b4fbb82,2021-04-14,put_credit_spread,1,1175.0,1003424.79295,0.001171
sim_2019-02-09_2026-05-21_138e7b4fbb82,2021-04-15,short_straddle,1,5652.399902,1003436.432964,0.005633
sim_2019-02-09_2026-05-21_138e7b4fbb82,2021-04-15,put_credit_spread,1,1175.0,1003436.432964,0.001171
sim_2019-02-09_2026-05-21_138e7b4fbb82,2021-04-16,short_straddle,1,5652.399902,1003442.112896,0.005633
sim_2019-02-09_2026-05-21_138e7b4fbb82,2021-04-16,put_credit_spread,1,1175.0,1003442.112896,0.001171
sim_2019-02-09_2026-05-21_138e7b4fbb82,2021-04-19,short_straddle,1,5652.399902,1003437.672955,0.005633
sim_2019-02-09_2026-05-21_138e7b4fbb82,2021-04-19,put_credit_spread,1,1175.0,1003437.672955,0.001171
sim_2019-02-09_2026-05-21_138e7b4fbb82,2021-04-20,short_straddle,1,5652.399902,1003427.152935,0.005633
sim_2019-02-09_2026-05-21_138e7b4fbb82,2021-04-20,put_credit_spread,1,1175.0,1003427.152935,0.001171
sim_2019-02-09_2026-05-21_138e7b4fbb82,2021-04-21,short_straddle,1,5652.399902,1003391.205606,0.005633
sim_2019-02-09_2026-05-21_138e7b4fbb82,2021-04-21,put_credit_spread,1,1175.0,1003391.205606,0.001171
sim_2019-02-09_2026-05-21_138e7b4fbb82,2021-04-22,short_straddle,1,5652.399902,1003237.825423,0.005634
sim_2019-02-09_2026-05-21_138e7b4fbb82,2021-04-22,put_credit_spread,1,1175.0,1003237.825423,0.001171
sim_2019-02-09_2026-05-21_138e7b4fbb82,2021-04-23,short_straddle,1,5652.399902,1003361.416384,0.005633
sim_2019-02-09_2026-05-21_138e7b4fbb82,2021-04-23,put_credit_spread,1,1175.0,1003361.416384,0.001171
sim_2019-02-09_2026-05-21_138e7b4fbb82,2021-04-26,short_straddle,1,5652.399902,1003328.519226,0.005634
sim_2019-02-09_2026-05-21_138e7b4fbb82,2021-04-26,put_credit_spread,1,1175.0,1003328.519226,0.001171
sim_2019-02-09_2026-05-21_138e7b4fbb82,2021-04-27,short_straddle,1,5652.399902,1003328.359192,0.005634
sim_2019-02-09_2026-05-21_138e7b4fbb82,2021-04-27,put_credit_spread,1,1175.0,1003328.359192,0.001171
sim_2019-02-09_2026-05-21_138e7b4fbb82,2021-04-28,short_straddle,1,5652.399902,1003322.519226,0.005634
sim_2019-02-09_2026-05-21_138e7b4fbb82,2021-04-28,put_credit_spread,1,1175.0,1003322.519226,0.001171
sim_2019-02-09_2026-05-21_138e7b4fbb82,2021-04-29,short_straddle,1,5652.399902,1003331.319275,0.005634
sim_2019-02-09_2026-05-21_138e7b4fbb82,2021-04-29,put_credit_spread,1,1175.0,1003331.319275,0.001171
sim_2019-02-09_2026-05-21_138e7b4fbb82,2021-04-30,short_straddle,1,5652.399902,1003324.799255,0.005634
sim_2019-02-09_2026-05-21_138e7b4fbb82,2021-04-30,put_credit_spread,1,1175.0,1003324.799255,0.001171
sim_2019-02-09_2026-05-21_138e7b4fbb82,2021-05-03,short_straddle,1,5652.399902,1003333.479187,0.005634
sim_2019-02-09_2026-05-21_138e7b4fbb82,2021-05-03,put_credit_spread,1,1175.0,1003333.479187,0.001171
sim_2019-02-09_2026-05-21_138e7b4fbb82,2021-05-04,short_straddle,1,5652.399902,1003334.999206,0.005634
sim_2019-02-09_2026-05-21_138e7b4fbb82,2021-05-04,put_credit_spread,1,1175.0,1003334.999206,0.001171
sim_2019-02-09_2026-05-21_138e7b4fbb82,2021-05-05,short_straddle,1,5750.599976,1003332.449681,0.005732
sim_2019-02-09_2026-05-21_138e7b4fbb82,2021-05-05,put_credit_spread,1,1175.0,1003332.449681,0.001171
sim_2019-02-09_2026-05-21_138e7b4fbb82,2021-05-06,short_straddle,1,5750.599976,1003331.931416,0.005732
sim_2019-02-09_2026-05-21_138e7b4fbb82,2021-05-06,put_credit_spread,1,1175.0,1003331.931416,0.001171
sim_2019-02-09_2026-05-21_138e7b4fbb82,2021-05-07,short_straddle,1,5750.599976,1003490.23043,0.005731
sim_2019-02-09_2026-05-21_138e7b4fbb82,2021-05-07,put_credit_spread,1,1218.0,1003490.23043,0.001214
sim_2019-02-09_2026-05-21_138e7b4fbb82,2021-05-10,short_straddle,1,5750.599976,1003490.650474,0.005731
sim_2019-02-09_2026-05-21_138e7b4fbb82,2021-05-10,put_credit_spread,1,1218.0,1003490.650474,0.001214
sim_2019-02-09_2026-05-21_138e7b4fbb82,2021-05-11,short_straddle,1,5750.599976,1003505.140434,0.005731
sim_2019-02-09_2026-05-21_138e7b4fbb82,2021-05-11,put_credit_spread,1,1218.0,1003505.140434,0.001214
sim_2019-02-09_2026-05-21_138e7b4fbb82,2021-05-12,short_straddle,1,5750.599976,1003525.870445,0.00573
sim_2019-02-09_2026-05-21_138e7b4fbb82,2021-05-12,put_credit_spread,1,1218.0,1003525.870445,0.001214
sim_2019-02-09_2026-05-21_138e7b4fbb82,2021-05-13,short_straddle,1,5750.599976,1003512.520408,0.00573
sim_2019-02-09_2026-05-21_138e7b4fbb82,2021-05-13,put_credit_spread,1,1218.0,1003512.520408,0.001214
sim_2019-02-09_2026-05-21_138e7b4fbb82,2021-05-14,short_straddle,1,5750.599976,1003501.090416,0.005731
sim_2019-02-09_2026-05-21_138e7b4fbb82,2021-05-14,put_credit_spread,1,1218.0,1003501.090416,0.001214
sim_2019-02-09_2026-05-21_138e7b4fbb82,2021-05-17,short_straddle,1,5750.599976,1003502.920463,0.005731
sim_2019-02-09_2026-05-21_138e7b4fbb82,2021-05-17,put_credit_spread,1,1218.0,1003502.920463,0.001214
sim_2019-02-09_2026-05-21_138e7b4fbb82,2021-05-18,short_straddle,1,5750.599976,1003510.540489,0.00573
sim_2019-02-09_2026-05-21_138e7b4fbb82,2021-05-18,put_credit_spread,1,1218.0,1003510.540489,0.001214
sim_2019-02-09_2026-05-21_138e7b4fbb82,2021-05-19,short_straddle,1,5750.599976,1003515.550438,0.00573
sim_2019-02-09_2026-05-21_138e7b4fbb82,2021-05-19,put_credit_spread,1,1218.0,1003515.550438,0.001214
sim_2019-02-09_2026-05-21_138e7b4fbb82,2021-05-20,short_straddle,1,5750.599976,1003509.310478,0.00573
sim_2019-02-09_2026-05-21_138e7b4fbb82,2021-05-20,put_credit_spread,1,1218.0,1003509.310478,0.001214
sim_2019-02-09_2026-05-21_138e7b4fbb82,2021-05-21,short_straddle,1,5750.599976,1003507.750419,0.00573
sim_2019-02-09_2026-05-21_138e7b4fbb82,2021-05-21,put_credit_spread,1,1218.0,1003507.750419,0.001214
sim_2019-02-09_2026-05-21_138e7b4fbb82,2021-05-24,short_straddle,1,5750.599976,1003501.99047,0.005731
sim_2019-02-09_2026-05-21_138e7b4fbb82,2021-05-24,put_credit_spread,1,1218.0,1003501.99047,0.001214
sim_2019-02-09_2026-05-21_138e7b4fbb82,2021-05-25,short_straddle,1,5750.599976,1003504.330467,0.005731
sim_2019-02-09_2026-05-21_138e7b4fbb82,2021-05-25,put_credit_spread,1,1218.0,1003504.330467,0.001214
sim_2019-02-09_2026-05-21_138e7b4fbb82,2021-05-26,short_straddle,1,5750.599976,1003504.060478,0.005731
sim_2019-02-09_2026-05-21_138e7b4fbb82,2021-05-26,put_credit_spread,1,1218.0,1003504.060478,0.001214
sim_2019-02-09_2026-05-21_138e7b4fbb82,2021-05-27,short_straddle,1,5750.599976,1003500.070427,0.005731
sim_2019-02-09_2026-05-21_138e7b4fbb82,2021-05-27,put_credit_spread,1,1218.0,1003500.070427,0.001214
sim_2019-02-09_2026-05-21_138e7b4fbb82,2021-05-28,short_straddle,1,5750.599976,1003496.950401,0.005731
sim_2019-02-09_2026-05-21_138e7b4fbb82,2021-05-28,put_credit_spread,1,1218.0,1003496.950401,0.001214
sim_2019-02-09_2026-05-21_138e7b4fbb82,2021-06-01,short_straddle,1,5750.599976,1003496.26046,0.005731
sim_2019-02-09_2026-05-21_138e7b4fbb82,2021-06-01,put_credit_spread,1,1218.0,1003496.26046,0.001214
sim_2019-02-09_2026-05-21_138e7b4fbb82,2021-06-02,short_straddle,1,5939.699707,1003489.229699,0.005919
sim_2019-02-09_2026-05-21_138e7b4fbb82,2021-06-02,put_credit_spread,1,1218.0,1003489.229699,0.001214
sim_2019-02-09_2026-05-21_138e7b4fbb82,2021-06-03,short_straddle,1,5939.699707,1003488.018629,0.005919
sim_2019-02-09_2026-05-21_138e7b4fbb82,2021-06-03,put_credit_spread,1,1218.0,1003488.018629,0.001214
sim_2019-02-09_2026-05-21_138e7b4fbb82,2021-06-04,short_straddle,1,5939.699707,1003679.089913,0.005918
sim_2019-02-09_2026-05-21_138e7b4fbb82,2021-06-04,put_credit_spread,1,1222.5,1003679.089913,0.001218
sim_2019-02-09_2026-05-21_138e7b4fbb82,2021-06-07,short_straddle,1,5939.699707,1003669.91993,0.005918
sim_2019-02-09_2026-05-21_138e7b4fbb82,2021-06-07,put_credit_spread,1,1222.5,1003669.91993,0.001218
sim_2019-02-09_2026-05-21_138e7b4fbb82,2021-06-08,short_straddle,1,5939.699707,1003668.16993,0.005918
sim_2019-02-09_2026-05-21_138e7b4fbb82,2021-06-08,put_credit_spread,1,1222.5,1003668.16993,0.001218
sim_2019-02-09_2026-05-21_138e7b4fbb82,2021-06-09,short_straddle,1,5939.699707,1003657.320016,0.005918
sim_2019-02-09_2026-05-21_138e7b4fbb82,2021-06-09,put_credit_spread,1,1222.5,1003657.320016,0.001218
sim_2019-02-09_2026-05-21_138e7b4fbb82,2021-06-10,short_straddle,1,5939.699707,1003658.650033,0.005918
sim_2019-02-09_2026-05-21_138e7b4fbb82,2021-06-10,put_credit_spread,1,1222.5,1003658.650033,0.001218
sim_2019-02-09_2026-05-21_138e7b4fbb82,2021-06-11,short_straddle,1,5939.699707,1003659.629922,0.005918
sim_2019-02-09_2026-05-21_138e7b4fbb82,2021-06-11,put_credit_spread,1,1222.5,1003659.629922,0.001218
sim_2019-02-09_2026-05-21_138e7b4fbb82,2021-06-14,short_straddle,1,5939.699707,1003653.88987,0.005918
sim_2019-02-09_2026-05-21_138e7b4fbb82,2021-06-14,put_credit_spread,1,1222.5,1003653.88987,0.001218
sim_2019-02-09_2026-05-21_138e7b4fbb82,2021-06-15,short_straddle,1,5939.699707,1003647.659981,0.005918
sim_2019-02-09_2026-05-21_138e7b4fbb82,2021-06-15,put_credit_spread,1,1222.5,1003647.659981,0.001218
sim_2019-02-09_2026-05-21_138e7b4fbb82,2021-06-16,short_straddle,1,5939.699707,1003629.110024,0.005918
sim_2019-02-09_2026-05-21_138e7b4fbb82,2021-06-16,put_credit_spread,1,1222.5,1003629.110024,0.001218
sim_2019-02-09_2026-05-21_138e7b4fbb82,2021-06-17,short_straddle,1,5939.699707,1003614.339913,0.005918
sim_2019-02-09_2026-05-21_138e7b4fbb82,2021-06-17,put_credit_spread,1,1222.5,1003614.339913,0.001218
sim_2019-02-09_2026-05-21_138e7b4fbb82,2021-06-18,short_straddle,1,5939.699707,1003574.509896,0.005919
sim_2019-02-09_2026-05-21_138e7b4fbb82,2021-06-18,put_credit_spread,1,1222.5,1003574.509896,0.001218
sim_2019-02-09_2026-05-21_138e7b4fbb82,2021-06-21,short_straddle,1,5939.699707,1003615.249947,0.005918
sim_2019-02-09_2026-05-21_138e7b4fbb82,2021-06-21,put_credit_spread,1,1222.5,1003615.249947,0.001218
sim_2019-02-09_2026-05-21_138e7b4fbb82,2021-06-22,short_straddle,1,5939.699707,1003619.940041,0.005918
sim_2019-02-09_2026-05-21_138e7b4fbb82,2021-06-22,put_credit_spread,1,1222.5,1003619.940041,0.001218
sim_2019-02-09_2026-05-21_138e7b4fbb82,2021-06-23,short_straddle,1,5939.699707,1003615.249947,0.005918
sim_2019-02-09_2026-05-21_138e7b4fbb82,2021-06-23,put_credit_spread,1,1222.5,1003615.249947,0.001218
sim_2019-02-09_2026-05-21_138e7b4fbb82,2021-06-24,short_straddle,1,5939.699707,1003637.650033,0.005918
sim_2019-02-09_2026-05-21_138e7b4fbb82,2021-06-24,put_credit_spread,1,1222.5,1003637.650033,0.001218
sim_2019-02-09_2026-05-21_138e7b4fbb82,2021-06-25,short_straddle,1,5939.699707,1003654.940041,0.005918
sim_2019-02-09_2026-05-21_138e7b4fbb82,2021-06-25,put_credit_spread,1,1222.5,1003654.940041,0.001218
sim_2019-02-09_2026-05-21_138e7b4fbb82,2021-06-28,short_straddle,1,6000.999756,1003637.26882,0.005979
sim_2019-02-09_2026-05-21_138e7b4fbb82,2021-06-28,put_credit_spread,1,1222.5,1003637.26882,0.001218
sim_2019-02-09_2026-05-21_138e7b4fbb82,2021-06-29,short_straddle,1,6000.999756,1003636.92596,0.005979
sim_2019-02-09_2026-05-21_138e7b4fbb82,2021-06-29,put_credit_spread,1,1222.5,1003636.92596,0.001218
sim_2019-02-09_2026-05-21_138e7b4fbb82,2021-06-30,short_straddle,1,6000.999756,1003632.745907,0.005979
sim_2019-02-09_2026-05-21_138e7b4fbb82,2021-06-30,put_credit_spread,1,1222.5,1003632.745907,0.001218
sim_2019-02-09_2026-05-21_138e7b4fbb82,2021-07-01,short_straddle,1,6000.999756,1003629.92596,0.005979
sim_2019-02-09_2026-05-21_138e7b4fbb82,2021-07-01,put_credit_spread,1,1222.5,1003629.92596,0.001218
sim_2019-02-09_2026-05-21_138e7b4fbb82,2021-07-02,short_straddle,1,6000.999756,1003800.190676,0.005978
sim_2019-02-09_2026-05-21_138e7b4fbb82,2021-07-02,put_credit_spread,1,1199.5,1003800.190676,0.001195
sim_2019-02-09_2026-05-21_138e7b4fbb82,2021-07-06,short_straddle,1,6000.999756,1003804.430666,0.005978
sim_2019-02-09_2026-05-21_138e7b4fbb82,2021-07-06,put_credit_spread,1,1199.5,1003804.430666,0.001195
sim_2019-02-09_2026-05-21_138e7b4fbb82,2021-07-07,short_straddle,1,6000.999756,1003802.230654,0.005978
sim_2019-02-09_2026-05-21_138e7b4fbb82,2021-07-07,put_credit_spread,1,1199.5,1003802.230654,0.001195
sim_2019-02-09_2026-05-21_138e7b4fbb82,2021-07-08,short_straddle,1,6000.999756,1003807.310671,0.005978
sim_2019-02-09_2026-05-21_138e7b4fbb82,2021-07-08,put_credit_spread,1,1199.5,1003807.310671,0.001195
sim_2019-02-09_2026-05-21_138e7b4fbb82,2021-07-09,short_straddle,1,6000.999756,1003798.610659,0.005978
sim_2019-02-09_2026-05-21_138e7b4fbb82,2021-07-09,put_credit_spread,1,1199.5,1003798.610659,0.001195
sim_2019-02-09_2026-05-21_138e7b4fbb82,2021-07-12,short_straddle,1,6000.999756,1003735.184799,0.005979
sim_2019-02-09_2026-05-21_138e7b4fbb82,2021-07-12,put_credit_spread,1,1199.5,1003735.184799,0.001195
sim_2019-02-09_2026-05-21_138e7b4fbb82,2021-07-13,short_straddle,1,6000.999756,1003666.179368,0.005979
sim_2019-02-09_2026-05-21_138e7b4fbb82,2021-07-13,put_credit_spread,1,1199.5,1003666.179368,0.001195
sim_2019-02-09_2026-05-21_138e7b4fbb82,2021-07-14,short_straddle,1,6000.999756,1003665.359361,0.005979
sim_2019-02-09_2026-05-21_138e7b4fbb82,2021-07-14,put_credit_spread,1,1199.5,1003665.359361,0.001195
sim_2019-02-09_2026-05-21_138e7b4fbb82,2021-07-15,short_straddle,1,6000.999756,1003664.299363,0.005979
sim_2019-02-09_2026-05-21_138e7b4fbb82,2021-07-15,put_credit_spread,1,1199.5,1003664.299363,0.001195
sim_2019-02-09_2026-05-21_138e7b4fbb82,2021-07-16,short_straddle,1,6000.999756,1003670.699388,0.005979
sim_2019-02-09_2026-05-21_138e7b4fbb82,2021-07-16,put_credit_spread,1,1199.5,1003670.699388,0.001195
sim_2019-02-09_2026-05-21_138e7b4fbb82,2021-07-19,short_straddle,1,6000.999756,1003684.419358,0.005979
sim_2019-02-09_2026-05-21_138e7b4fbb82,2021-07-19,put_credit_spread,1,1199.5,1003684.419358,0.001195
sim_2019-02-09_2026-05-21_138e7b4fbb82,2021-07-20,short_straddle,1,6000.999756,1003674.019395,0.005979
sim_2019-02-09_2026-05-21_138e7b4fbb82,2021-07-20,put_credit_spread,1,1199.5,1003674.019395,0.001195
sim_2019-02-09_2026-05-21_138e7b4fbb82,2021-07-21,short_straddle,1,5807.299805,1003662.822398,0.005786
sim_2019-02-09_2026-05-21_138e7b4fbb82,2021-07-21,put_credit_spread,1,1199.5,1003662.822398,0.001195
sim_2019-02-09_2026-05-21_138e7b4fbb82,2021-07-22,short_straddle,1,5807.299805,1003662.474138,0.005786
sim_2019-02-09_2026-05-21_138e7b4fbb82,2021-07-22,put_credit_spread,1,1199.5,1003662.474138,0.001195
sim_2019-02-09_2026-05-21_138e7b4fbb82,2021-07-23,short_straddle,1,5807.299805,1003667.094133,0.005786
sim_2019-02-09_2026-05-21_138e7b4fbb82,2021-07-23,put_credit_spread,1,1199.5,1003667.094133,0.001195
sim_2019-02-09_2026-05-21_138e7b4fbb82,2021-07-26,short_straddle,1,5807.299805,1003668.774125,0.005786
sim_2019-02-09_2026-05-21_138e7b4fbb82,2021-07-26,put_credit_spread,1,1199.5,1003668.774125,0.001195
sim_2019-02-09_2026-05-21_138e7b4fbb82,2021-07-27,short_straddle,1,5807.299805,1003667.194108,0.005786
sim_2019-02-09_2026-05-21_138e7b4fbb82,2021-07-27,put_credit_spread,1,1199.5,1003667.194108,0.001195
sim_2019-02-09_2026-05-21_138e7b4fbb82,2021-07-28,short_straddle,1,5807.299805,1003664.674089,0.005786
sim_2019-02-09_2026-05-21_138e7b4fbb82,2021-07-28,put_credit_spread,1,1199.5,1003664.674089,0.001195
sim_2019-02-09_2026-05-21_138e7b4fbb82,2021-07-29,short_straddle,1,5807.299805,1003667.594133,0.005786
sim_2019-02-09_2026-05-21_138e7b4fbb82,2021-07-29,put_credit_spread,1,1199.5,1003667.594133,0.001195
sim_2019-02-09_2026-05-21_138e7b4fbb82,2021-07-30,short_straddle,1,5807.299805,1003813.41414,0.005785
sim_2019-02-09_2026-05-21_138e7b4fbb82,2021-07-30,put_credit_spread,0,0.0,1003813.41414,0.0
sim_2019-02-09_2026-05-21_138e7b4fbb82,2021-08-02,short_straddle,1,5807.299805,1003809.03963,0.005785
sim_2019-02-09_2026-05-21_138e7b4fbb82,2021-08-02,put_credit_spread,1,1871.0,1003809.03963,0.001864
sim_2019-02-09_2026-05-21_138e7b4fbb82,2021-08-03,short_straddle,1,5807.299805,1003814.519611,0.005785
sim_2019-02-09_2026-05-21_138e7b4fbb82,2021-08-03,put_credit_spread,1,1871.0,1003814.519611,0.001864
sim_2019-02-09_2026-05-21_138e7b4fbb82,2021-08-04,short_straddle,1,5807.299805,1004180.297614,0.005783
sim_2019-02-09_2026-05-21_138e7b4fbb82,2021-08-04,put_credit_spread,1,1871.0,1004180.297614,0.001863
sim_2019-02-09_2026-05-21_138e7b4fbb82,2021-08-05,short_straddle,1,5807.299805,1004177.151704,0.005783
sim_2019-02-09_2026-05-21_138e7b4fbb82,2021-08-05,put_credit_spread,1,1871.0,1004177.151704,0.001863
sim_2019-02-09_2026-05-21_138e7b4fbb82,2021-08-06,short_straddle,1,5807.299805,1004180.111726,0.005783
sim_2019-02-09_2026-05-21_138e7b4fbb82,2021-08-06,put_credit_spread,1,1871.0,1004180.111726,0.001863
sim_2019-02-09_2026-05-21_138e7b4fbb82,2021-08-09,short_straddle,1,5807.299805,1004178.231721,0.005783
sim_2019-02-09_2026-05-21_138e7b4fbb82,2021-08-09,put_credit_spread,1,1871.0,1004178.231721,0.001863
sim_2019-02-09_2026-05-21_138e7b4fbb82,2021-08-10,short_straddle,1,5807.299805,1004181.391755,0.005783
sim_2019-02-09_2026-05-21_138e7b4fbb82,2021-08-10,put_credit_spread,1,1871.0,1004181.391755,0.001863
sim_2019-02-09_2026-05-21_138e7b4fbb82,2021-08-11,short_straddle,1,5807.299805,1004342.811738,0.005782
sim_2019-02-09_2026-05-21_138e7b4fbb82,2021-08-11,put_credit_spread,1,1871.0,1004342.811738,0.001863
sim_2019-02-09_2026-05-21_138e7b4fbb82,2021-08-12,short_straddle,1,5807.299805,1004343.391755,0.005782
sim_2019-02-09_2026-05-21_138e7b4fbb82,2021-08-12,put_credit_spread,1,1871.0,1004343.391755,0.001863
sim_2019-02-09_2026-05-21_138e7b4fbb82,2021-08-13,short_straddle,1,5807.299805,1004369.110762,0.005782
sim_2019-02-09_2026-05-21_138e7b4fbb82,2021-08-13,put_credit_spread,1,1240.5,1004369.110762,0.001235
sim_2019-02-09_2026-05-21_138e7b4fbb82,2021-08-16,short_straddle,1,5807.299805,1004371.470747,0.005782
sim_2019-02-09_2026-05-21_138e7b4fbb82,2021-08-16,put_credit_spread,1,1240.5,1004371.470747,0.001235
sim_2019-02-09_2026-05-21_138e7b4fbb82,2021-08-17,short_straddle,1,5807.299805,1004365.990706,0.005782
sim_2019-02-09_2026-05-21_138e7b4fbb82,2021-08-17,put_credit_spread,1,1240.5,1004365.990706,0.001235
sim_2019-02-09_2026-05-21_138e7b4fbb82,2021-08-18,short_straddle,1,5682.399902,1004353.170603,0.005658
sim_2019-02-09_2026-05-21_138e7b4fbb82,2021-08-18,put_credit_spread,1,1240.5,1004353.170603,0.001235
sim_2019-02-09_2026-05-21_138e7b4fbb82,2021-08-19,short_straddle,1,5682.399902,1004352.646383,0.005658
sim_2019-02-09_2026-05-21_138e7b4fbb82,2021-08-19,put_credit_spread,1,1240.5,1004352.646383,0.001235
sim_2019-02-09_2026-05-21_138e7b4fbb82,2021-08-20,short_straddle,1,5682.399902,1004541.377345,0.005657
sim_2019-02-09_2026-05-21_138e7b4fbb82,2021-08-20,put_credit_spread,1,1240.5,1004541.377345,0.001235
sim_2019-02-09_2026-05-21_138e7b4fbb82,2021-08-23,short_straddle,1,5682.399902,1004549.300304,0.005657
sim_2019-02-09_2026-05-21_138e7b4fbb82,2021-08-23,put_credit_spread,1,1240.5,1004549.300304,0.001235
sim_2019-02-09_2026-05-21_138e7b4fbb82,2021-08-24,short_straddle,1,5682.399902,1004548.43037,0.005657
sim_2019-02-09_2026-05-21_138e7b4fbb82,2021-08-24,put_credit_spread,1,1240.5,1004548.43037,0.001235
sim_2019-02-09_2026-05-21_138e7b4fbb82,2021-08-25,short_straddle,1,5682.399902,1004547.110363,0.005657
sim_2019-02-09_2026-05-21_138e7b4fbb82,2021-08-25,put_credit_spread,1,1240.5,1004547.110363,0.001235
sim_2019-02-09_2026-05-21_138e7b4fbb82,2021-08-26,short_straddle,1,5682.399902,1004553.17033,0.005657
sim_2019-02-09_2026-05-21_138e7b4fbb82,2021-08-26,put_credit_spread,1,1240.5,1004553.17033,0.001235
sim_2019-02-09_2026-05-21_138e7b4fbb82,2021-08-27,short_straddle,1,5682.399902,1004545.940319,0.005657
sim_2019-02-09_2026-05-21_138e7b4fbb82,2021-08-27,put_credit_spread,1,1240.5,1004545.940319,0.001235
sim_2019-02-09_2026-05-21_138e7b4fbb82,2021-08-30,short_straddle,1,5682.399902,1004547.410381,0.005657
sim_2019-02-09_2026-05-21_138e7b4fbb82,2021-08-30,put_credit_spread,1,1240.5,1004547.410381,0.001235
sim_2019-02-09_2026-05-21_138e7b4fbb82,2021-08-31,short_straddle,1,5682.399902,1004547.8903,0.005657
sim_2019-02-09_2026-05-21_138e7b4fbb82,2021-08-31,put_credit_spread,1,1240.5,1004547.8903,0.001235
sim_2019-02-09_2026-05-21_138e7b4fbb82,2021-09-01,short_straddle,1,5682.399902,1004549.000377,0.005657
sim_2019-02-09_2026-05-21_138e7b4fbb82,2021-09-01,put_credit_spread,1,1240.5,1004549.000377,0.001235
sim_2019-02-09_2026-05-21_138e7b4fbb82,2021-09-02,short_straddle,1,5682.399902,1004545.040355,0.005657
sim_2019-02-09_2026-05-21_138e7b4fbb82,2021-09-02,put_credit_spread,1,1240.5,1004545.040355,0.001235
sim_2019-02-09_2026-05-21_138e7b4fbb82,2021-09-03,short_straddle,1,5682.399902,1004547.230297,0.005657
sim_2019-02-09_2026-05-21_138e7b4fbb82,2021-09-03,put_credit_spread,1,1240.5,1004547.230297,0.001235
sim_2019-02-09_2026-05-21_138e7b4fbb82,2021-09-07,short_straddle,1,5682.399902,1004555.330333,0.005657
sim_2019-02-09_2026-05-21_138e7b4fbb82,2021-09-07,put_credit_spread,1,1240.5,1004555.330333,0.001235
sim_2019-02-09_2026-05-21_138e7b4fbb82,2021-09-08,short_straddle,1,5682.399902,1004557.460308,0.005657
sim_2019-02-09_2026-05-21_138e7b4fbb82,2021-09-08,put_credit_spread,1,1240.5,1004557.460308,0.001235
sim_2019-02-09_2026-05-21_138e7b4fbb82,2021-09-09,short_straddle,1,5682.399902,1004561.720348,0.005657
sim_2019-02-09_2026-05-21_138e7b4fbb82,2021-09-09,put_credit_spread,1,1240.5,1004561.720348,0.001235
sim_2019-02-09_2026-05-21_138e7b4fbb82,2021-09-10,short_straddle,1,5682.399902,1004594.855025,0.005656
sim_2019-02-09_2026-05-21_138e7b4fbb82,2021-09-10,put_credit_spread,1,1737.0,1004594.855025,0.001729
sim_2019-02-09_2026-05-21_138e7b4fbb82,2021-09-13,short_straddle,1,5682.399902,1004587.055099,0.005656
sim_2019-02-09_2026-05-21_138e7b4fbb82,2021-09-13,put_credit_spread,1,1737.0,1004587.055099,0.001729
sim_2019-02-09_2026-05-21_138e7b4fbb82,2021-09-14,short_straddle,1,5682.399902,1004595.545058,0.005656
sim_2019-02-09_2026-05-21_138e7b4fbb82,2021-09-14,put_credit_spread,1,1737.0,1004595.545058,0.001729
sim_2019-02-09_2026-05-21_138e7b4fbb82,2021-09-15,short_straddle,1,5866.400146,1004582.85431,0.00584
sim_2019-02-09_2026-05-21_138e7b4fbb82,2021-09-15,put_credit_spread,1,1737.0,1004582.85431,0.001729
sim_2019-02-09_2026-05-21_138e7b4fbb82,2021-09-16,short_straddle,1,5866.400146,1004582.33204,0.00584
sim_2019-02-09_2026-05-21_138e7b4fbb82,2021-09-16,put_credit_spread,1,1737.0,1004582.33204,0.001729
sim_2019-02-09_2026-05-21_138e7b4fbb82,2021-09-17,short_straddle,1,5866.400146,1004589.951974,0.00584
sim_2019-02-09_2026-05-21_138e7b4fbb82,2021-09-17,put_credit_spread,1,1737.0,1004589.951974,0.001729
sim_2019-02-09_2026-05-21_138e7b4fbb82,2021-09-20,short_straddle,1,5866.400146,1004608.672036,0.005839
sim_2019-02-09_2026-05-21_138e7b4fbb82,2021-09-20,put_credit_spread,1,1737.0,1004608.672036,0.001729
sim_2019-02-09_2026-05-21_138e7b4fbb82,2021-09-21,short_straddle,1,5866.400146,1004609.542062,0.005839
sim_2019-02-09_2026-05-21_138e7b4fbb82,2021-09-21,put_credit_spread,1,1737.0,1004609.542062,0.001729
sim_2019-02-09_2026-05-21_138e7b4fbb82,2021-09-22,short_straddle,1,5866.400146,1004599.372018,0.00584
sim_2019-02-09_2026-05-21_138e7b4fbb82,2021-09-22,put_credit_spread,1,1737.0,1004599.372018,0.001729
sim_2019-02-09_2026-05-21_138e7b4fbb82,2021-09-23,short_straddle,1,5866.400146,1004584.192025,0.00584
sim_2019-02-09_2026-05-21_138e7b4fbb82,2021-09-23,put_credit_spread,1,1737.0,1004584.192025,0.001729
sim_2019-02-09_2026-05-21_138e7b4fbb82,2021-09-24,short_straddle,1,5866.400146,1004493.262033,0.00584
sim_2019-02-09_2026-05-21_138e7b4fbb82,2021-09-24,put_credit_spread,1,1737.0,1004493.262033,0.001729
sim_2019-02-09_2026-05-21_138e7b4fbb82,2021-09-27,short_straddle,1,5866.400146,1004486.542062,0.00584
sim_2019-02-09_2026-05-21_138e7b4fbb82,2021-09-27,put_credit_spread,1,1737.0,1004486.542062,0.001729
sim_2019-02-09_2026-05-21_138e7b4fbb82,2021-09-28,short_straddle,1,5866.400146,1004503.611978,0.00584
sim_2019-02-09_2026-05-21_138e7b4fbb82,2021-09-28,put_credit_spread,1,1737.0,1004503.611978,0.001729
sim_2019-02-09_2026-05-21_138e7b4fbb82,2021-09-29,short_straddle,1,5866.400146,1004501.062051,0.00584
sim_2019-02-09_2026-05-21_138e7b4fbb82,2021-09-29,put_credit_spread,1,1737.0,1004501.062051,0.001729
sim_2019-02-09_2026-05-21_138e7b4fbb82,2021-09-30,short_straddle,1,5866.400146,1004517.501993,0.00584
sim_2019-02-09_2026-05-21_138e7b4fbb82,2021-09-30,put_credit_spread,1,1737.0,1004517.501993,0.001729
sim_2019-02-09_2026-05-21_138e7b4fbb82,2021-10-01,short_straddle,1,5866.400146,1004502.83204,0.00584
sim_2019-02-09_2026-05-21_138e7b4fbb82,2021-10-01,put_credit_spread,1,1737.0,1004502.83204,0.001729
sim_2019-02-09_2026-05-21_138e7b4fbb82,2021-10-04,short_straddle,1,5866.400146,1004512.341989,0.00584
sim_2019-02-09_2026-05-21_138e7b4fbb82,2021-10-04,put_credit_spread,1,1737.0,1004512.341989,0.001729
sim_2019-02-09_2026-05-21_138e7b4fbb82,2021-10-05,short_straddle,1,5866.400146,1004502.982003,0.00584
sim_2019-02-09_2026-05-21_138e7b4fbb82,2021-10-05,put_credit_spread,1,1737.0,1004502.982003,0.001729
sim_2019-02-09_2026-05-21_138e7b4fbb82,2021-10-06,short_straddle,1,5866.400146,1004500.012033,0.00584
sim_2019-02-09_2026-05-21_138e7b4fbb82,2021-10-06,put_credit_spread,1,1737.0,1004500.012033,0.001729
sim_2019-02-09_2026-05-21_138e7b4fbb82,2021-10-07,short_straddle,1,5866.400146,1004489.482003,0.00584
sim_2019-02-09_2026-05-21_138e7b4fbb82,2021-10-07,put_credit_spread,1,1737.0,1004489.482003,0.001729
sim_2019-02-09_2026-05-21_138e7b4fbb82,2021-10-08,short_straddle,1,5866.400146,1004843.145522,0.005838
sim_2019-02-09_2026-05-21_138e7b4fbb82,2021-10-08,put_credit_spread,1,1827.0,1004843.145522,0.001818
sim_2019-02-09_2026-05-21_138e7b4fbb82,2021-10-11,short_straddle,1,5866.400146,1004850.795485,0.005838
sim_2019-02-09_2026-05-21_138e7b4fbb82,2021-10-11,put_credit_spread,1,1827.0,1004850.795485,0.001818
sim_2019-02-09_2026-05-21_138e7b4fbb82,2021-10-12,short_straddle,1,5866.400146,1004854.395522,0.005838
sim_2019-02-09_2026-05-21_138e7b4fbb82,2021-10-12,put_credit_spread,1,1827.0,1004854.395522,0.001818
sim_2019-02-09_2026-05-21_138e7b4fbb82,2021-10-13,short_straddle,1,5672.800293,1004848.392139,0.005645
sim_2019-02-09_2026-05-21_138e7b4fbb82,2021-10-13,put_credit_spread,1,1827.0,1004848.392139,0.001818
sim_2019-02-09_2026-05-21_138e7b4fbb82,2021-10-14,short_straddle,1,5672.800293,1004848.392139,0.005645
sim_2019-02-09_2026-05-21_138e7b4fbb82,2021-10-14,put_credit_spread,1,1827.0,1004848.392139,0.001818
sim_2019-02-09_2026-05-21_138e7b4fbb82,2021-10-15,short_straddle,1,5672.800293,1004848.392139,0.005645
sim_2019-02-09_2026-05-21_138e7b4fbb82,2021-10-15,put_credit_spread,1,1827.0,1004848.392139,0.001818
sim_2019-02-09_2026-05-21_138e7b4fbb82,2021-10-18,short_straddle,1,5672.800293,1004848.392139,0.005645
sim_2019-02-09_2026-05-21_138e7b4fbb82,2021-10-18,put_credit_spread,1,1827.0,1004848.392139,0.001818
sim_2019-02-09_2026-05-21_138e7b4fbb82,2021-10-19,short_straddle,1,5672.800293,1004848.392139,0.005645
sim_2019-02-09_2026-05-21_138e7b4fbb82,2021-10-19,put_credit_spread,1,1827.0,1004848.392139,0.001818
sim_2019-02-09_2026-05-21_138e7b4fbb82,2021-10-20,short_straddle,1,5672.800293,1004747.392139,0.005646
sim_2019-02-09_2026-05-21_138e7b4fbb82,2021-10-20,put_credit_spread,1,1827.0,1004747.392139,0.001818
sim_2019-02-09_2026-05-21_138e7b4fbb82,2021-10-21,short_straddle,1,5672.800293,1004747.392139,0.005646
sim_2019-02-09_2026-05-21_138e7b4fbb82,2021-10-21,put_credit_spread,1,1827.0,1004747.392139,0.001818
sim_2019-02-09_2026-05-21_138e7b4fbb82,2021-10-22,short_straddle,1,5672.800293,1004737.892139,0.005646
sim_2019-02-09_2026-05-21_138e7b4fbb82,2021-10-22,put_credit_spread,1,1827.0,1004737.892139,0.001818
sim_2019-02-09_2026-05-21_138e7b4fbb82,2021-10-25,short_straddle,1,5672.800293,1004737.892139,0.005646
sim_2019-02-09_2026-05-21_138e7b4fbb82,2021-10-25,put_credit_spread,1,1827.0,1004737.892139,0.001818
sim_2019-02-09_2026-05-21_138e7b4fbb82,2021-10-26,short_straddle,1,5672.800293,1004737.892139,0.005646
sim_2019-02-09_2026-05-21_138e7b4fbb82,2021-10-26,put_credit_spread,1,1827.0,1004737.892139,0.001818
sim_2019-02-09_2026-05-21_138e7b4fbb82,2021-10-27,short_straddle,1,5672.800293,1004737.892139,0.005646
sim_2019-02-09_2026-05-21_138e7b4fbb82,2021-10-27,put_credit_spread,1,1827.0,1004737.892139,0.001818
sim_2019-02-09_2026-05-21_138e7b4fbb82,2021-10-28,short_straddle,1,5672.800293,1004737.892139,0.005646
sim_2019-02-09_2026-05-21_138e7b4fbb82,2021-10-28,put_credit_spread,1,1827.0,1004737.892139,0.001818
sim_2019-02-09_2026-05-21_138e7b4fbb82,2021-10-29,short_straddle,1,5672.800293,1004354.921169,0.005648
sim_2019-02-09_2026-05-21_138e7b4fbb82,2021-10-29,put_credit_spread,1,1827.0,1004354.921169,0.001819
sim_2019-02-09_2026-05-21_138e7b4fbb82,2021-11-01,short_straddle,1,5672.800293,1004411.114622,0.005648
sim_2019-02-09_2026-05-21_138e7b4fbb82,2021-11-01,put_credit_spread,1,1827.0,1004411.114622,0.001819
sim_2019-02-09_2026-05-21_138e7b4fbb82,2021-11-02,short_straddle,1,5672.800293,1004411.114622,0.005648
sim_2019-02-09_2026-05-21_138e7b4fbb82,2021-11-02,put_credit_spread,1,1827.0,1004411.114622,0.001819
sim_2019-02-09_2026-05-21_138e7b4fbb82,2021-11-03,short_straddle,1,5672.800293,1004411.114622,0.005648
sim_2019-02-09_2026-05-21_138e7b4fbb82,2021-11-03,put_credit_spread,1,1827.0,1004411.114622,0.001819
sim_2019-02-09_2026-05-21_138e7b4fbb82,2021-11-04,short_straddle,1,5672.800293,1004411.114622,0.005648
sim_2019-02-09_2026-05-21_138e7b4fbb82,2021-11-04,put_credit_spread,1,1827.0,1004411.114622,0.001819
sim_2019-02-09_2026-05-21_138e7b4fbb82,2021-11-05,short_straddle,1,5672.800293,1004790.521872,0.005646
sim_2019-02-09_2026-05-21_138e7b4fbb82,2021-11-05,put_credit_spread,1,1164.5,1004790.521872,0.001159
sim_2019-02-09_2026-05-21_138e7b4fbb82,2021-11-08,short_straddle,1,5672.800293,1004772.021872,0.005646
sim_2019-02-09_2026-05-21_138e7b4fbb82,2021-11-08,put_credit_spread,1,1164.5,1004772.021872,0.001159
sim_2019-02-09_2026-05-21_138e7b4fbb82,2021-11-09,short_straddle,1,5672.800293,1004772.021872,0.005646
sim_2019-02-09_2026-05-21_138e7b4fbb82,2021-11-09,put_credit_spread,1,1164.5,1004772.021872,0.001159
sim_2019-02-09_2026-05-21_138e7b4fbb82,2021-11-10,short_straddle,1,6041.400146,1004766.644872,0.006013
sim_2019-02-09_2026-05-21_138e7b4fbb82,2021-11-10,put_credit_spread,1,1164.5,1004766.644872,0.001159
sim_2019-02-09_2026-05-21_138e7b4fbb82,2021-11-11,short_straddle,1,6041.400146,1004766.105682,0.006013
sim_2019-02-09_2026-05-21_138e7b4fbb82,2021-11-11,put_credit_spread,1,1164.5,1004766.105682,0.001159
sim_2019-02-09_2026-05-21_138e7b4fbb82,2021-11-12,short_straddle,1,6041.400146,1004908.087741,0.006012
sim_2019-02-09_2026-05-21_138e7b4fbb82,2021-11-12,put_credit_spread,1,1164.5,1004908.087741,0.001159
sim_2019-02-09_2026-05-21_138e7b4fbb82,2021-11-15,short_straddle,1,6041.400146,1004976.228786,0.006011
sim_2019-02-09_2026-05-21_138e7b4fbb82,2021-11-15,put_credit_spread,1,1164.5,1004976.228786,0.001159
sim_2019-02-09_2026-05-21_138e7b4fbb82,2021-11-16,short_straddle,1,6041.400146,1004975.685891,0.006011
sim_2019-02-09_2026-05-21_138e7b4fbb82,2021-11-16,put_credit_spread,1,1164.5,1004975.685891,0.001159
sim_2019-02-09_2026-05-21_138e7b4fbb82,2021-11-17,short_straddle,1,6041.400146,1004981.92585,0.006011
sim_2019-02-09_2026-05-21_138e7b4fbb82,2021-11-17,put_credit_spread,1,1164.5,1004981.92585,0.001159
sim_2019-02-09_2026-05-21_138e7b4fbb82,2021-11-18,short_straddle,1,6041.400146,1004983.42585,0.006011
sim_2019-02-09_2026-05-21_138e7b4fbb82,2021-11-18,put_credit_spread,1,1164.5,1004983.42585,0.001159
sim_2019-02-09_2026-05-21_138e7b4fbb82,2021-11-19,short_straddle,1,6041.400146,1004919.245858,0.006012
sim_2019-02-09_2026-05-21_138e7b4fbb82,2021-11-19,put_credit_spread,1,1164.5,1004919.245858,0.001159
sim_2019-02-09_2026-05-21_138e7b4fbb82,2021-11-22,short_straddle,1,6041.400146,1004960.875832,0.006012
sim_2019-02-09_2026-05-21_138e7b4fbb82,2021-11-22,put_credit_spread,1,1164.5,1004960.875832,0.001159
sim_2019-02-09_2026-05-21_138e7b4fbb82,2021-11-23,short_straddle,1,6041.400146,1004955.415902,0.006012
sim_2019-02-09_2026-05-21_138e7b4fbb82,2021-11-23,put_credit_spread,1,1164.5,1004955.415902,0.001159
sim_2019-02-09_2026-05-21_138e7b4fbb82,2021-11-24,short_straddle,1,6041.400146,1004955.385872,0.006012
sim_2019-02-09_2026-05-21_138e7b4fbb82,2021-11-24,put_credit_spread,1,1164.5,1004955.385872,0.001159
sim_2019-02-09_2026-05-21_138e7b4fbb82,2021-11-26,short_straddle,1,6041.400146,1004982.415902,0.006011
sim_2019-02-09_2026-05-21_138e7b4fbb82,2021-11-26,put_credit_spread,1,1164.5,1004982.415902,0.001159
sim_2019-02-09_2026-05-21_138e7b4fbb82,2021-11-29,short_straddle,1,6041.400146,1004975.905861,0.006011
sim_2019-02-09_2026-05-21_138e7b4fbb82,2021-11-29,put_credit_spread,1,1164.5,1004975.905861,0.001159
sim_2019-02-09_2026-05-21_138e7b4fbb82,2021-11-30,short_straddle,1,6041.400146,1004994.775887,0.006011
sim_2019-02-09_2026-05-21_138e7b4fbb82,2021-11-30,put_credit_spread,1,1164.5,1004994.775887,0.001159
sim_2019-02-09_2026-05-21_138e7b4fbb82,2021-12-01,short_straddle,1,6041.400146,1005003.816894,0.006011
sim_2019-02-09_2026-05-21_138e7b4fbb82,2021-12-01,put_credit_spread,1,2578.0,1005003.816894,0.002565
sim_2019-02-09_2026-05-21_138e7b4fbb82,2021-12-02,short_straddle,1,6041.400146,1004985.366913,0.006011
sim_2019-02-09_2026-05-21_138e7b4fbb82,2021-12-02,put_credit_spread,1,2578.0,1004985.366913,0.002565
sim_2019-02-09_2026-05-21_138e7b4fbb82,2021-12-03,short_straddle,1,6041.400146,1004986.476898,0.006011
sim_2019-02-09_2026-05-21_138e7b4fbb82,2021-12-03,put_credit_spread,1,2578.0,1004986.476898,0.002565
sim_2019-02-09_2026-05-21_138e7b4fbb82,2021-12-06,short_straddle,1,6041.400146,1004966.736847,0.006012
sim_2019-02-09_2026-05-21_138e7b4fbb82,2021-12-06,put_credit_spread,1,2578.0,1004966.736847,0.002565
sim_2019-02-09_2026-05-21_138e7b4fbb82,2021-12-07,short_straddle,1,6041.400146,1004951.976898,0.006012
sim_2019-02-09_2026-05-21_138e7b4fbb82,2021-12-07,put_credit_spread,1,2578.0,1004951.976898,0.002565
sim_2019-02-09_2026-05-21_138e7b4fbb82,2021-12-08,short_straddle,1,5872.299805,1004945.568663,0.005843
sim_2019-02-09_2026-05-21_138e7b4fbb82,2021-12-08,put_credit_spread,1,2578.0,1004945.568663,0.002565
sim_2019-02-09_2026-05-21_138e7b4fbb82,2021-12-09,short_straddle,1,5872.299805,1004945.568663,0.005843
sim_2019-02-09_2026-05-21_138e7b4fbb82,2021-12-09,put_credit_spread,1,2578.0,1004945.568663,0.002565
sim_2019-02-09_2026-05-21_138e7b4fbb82,2021-12-10,short_straddle,1,5872.299805,1004945.568663,0.005843
sim_2019-02-09_2026-05-21_138e7b4fbb82,2021-12-10,put_credit_spread,1,2578.0,1004945.568663,0.002565
sim_2019-02-09_2026-05-21_138e7b4fbb82,2021-12-13,short_straddle,1,5872.299805,1004945.568663,0.005843
sim_2019-02-09_2026-05-21_138e7b4fbb82,2021-12-13,put_credit_spread,1,2578.0,1004945.568663,0.002565
sim_2019-02-09_2026-05-21_138e7b4fbb82,2021-12-14,short_straddle,1,5872.299805,1004945.568663,0.005843
sim_2019-02-09_2026-05-21_138e7b4fbb82,2021-12-14,put_credit_spread,1,2578.0,1004945.568663,0.002565
sim_2019-02-09_2026-05-21_138e7b4fbb82,2021-12-15,short_straddle,1,5872.299805,1004945.568663,0.005843
sim_2019-02-09_2026-05-21_138e7b4fbb82,2021-12-15,put_credit_spread,1,2578.0,1004945.568663,0.002565
sim_2019-02-09_2026-05-21_138e7b4fbb82,2021-12-16,short_straddle,1,5872.299805,1004945.568663,0.005843
sim_2019-02-09_2026-05-21_138e7b4fbb82,2021-12-16,put_credit_spread,1,2578.0,1004945.568663,0.002565
sim_2019-02-09_2026-05-21_138e7b4fbb82,2021-12-17,short_straddle,1,5872.299805,1004945.568663,0.005843
sim_2019-02-09_2026-05-21_138e7b4fbb82,2021-12-17,put_credit_spread,1,2578.0,1004945.568663,0.002565
sim_2019-02-09_2026-05-21_138e7b4fbb82,2021-12-20,short_straddle,1,5872.299805,1004945.568663,0.005843
sim_2019-02-09_2026-05-21_138e7b4fbb82,2021-12-20,put_credit_spread,1,2578.0,1004945.568663,0.002565
sim_2019-02-09_2026-05-21_138e7b4fbb82,2021-12-21,short_straddle,1,5872.299805,1004945.568663,0.005843
sim_2019-02-09_2026-05-21_138e7b4fbb82,2021-12-21,put_credit_spread,1,2578.0,1004945.568663,0.002565
sim_2019-02-09_2026-05-21_138e7b4fbb82,2021-12-22,short_straddle,1,5872.299805,1004945.568663,0.005843
sim_2019-02-09_2026-05-21_138e7b4fbb82,2021-12-22,put_credit_spread,1,2578.0,1004945.568663,0.002565
sim_2019-02-09_2026-05-21_138e7b4fbb82,2021-12-23,short_straddle,1,5872.299805,1004945.568663,0.005843
sim_2019-02-09_2026-05-21_138e7b4fbb82,2021-12-23,put_credit_spread,1,2578.0,1004945.568663,0.002565
sim_2019-02-09_2026-05-21_138e7b4fbb82,2021-12-27,short_straddle,1,5872.299805,1004945.568663,0.005843
sim_2019-02-09_2026-05-21_138e7b4fbb82,2021-12-27,put_credit_spread,1,2578.0,1004945.568663,0.002565
sim_2019-02-09_2026-05-21_138e7b4fbb82,2021-12-28,short_straddle,1,5872.299805,1004945.568663,0.005843
sim_2019-02-09_2026-05-21_138e7b4fbb82,2021-12-28,put_credit_spread,1,2578.0,1004945.568663,0.002565
sim_2019-02-09_2026-05-21_138e7b4fbb82,2021-12-29,short_straddle,1,5872.299805,1004945.568663,0.005843
sim_2019-02-09_2026-05-21_138e7b4fbb82,2021-12-29,put_credit_spread,1,2578.0,1004945.568663,0.002565
sim_2019-02-09_2026-05-21_138e7b4fbb82,2021-12-30,short_straddle,1,5872.299805,1004945.568663,0.005843
sim_2019-02-09_2026-05-21_138e7b4fbb82,2021-12-30,put_credit_spread,1,2578.0,1004945.568663,0.002565
sim_2019-02-09_2026-05-21_138e7b4fbb82,2021-12-31,short_straddle,1,5872.299805,1005263.453413,0.005842
sim_2019-02-09_2026-05-21_138e7b4fbb82,2021-12-31,put_credit_spread,1,1969.5,1005263.453413,0.001959
sim_2019-02-09_2026-05-21_138e7b4fbb82,2022-01-03,short_straddle,1,5872.299805,1005263.453413,0.005842
sim_2019-02-09_2026-05-21_138e7b4fbb82,2022-01-03,put_credit_spread,1,1969.5,1005263.453413,0.001959
sim_2019-02-09_2026-05-21_138e7b4fbb82,2022-01-04,short_straddle,1,5872.299805,1005263.453413,0.005842
sim_2019-02-09_2026-05-21_138e7b4fbb82,2022-01-04,put_credit_spread,1,1969.5,1005263.453413,0.001959
sim_2019-02-09_2026-05-21_138e7b4fbb82,2022-01-05,short_straddle,1,5961.799927,1005258.149663,0.005931
sim_2019-02-09_2026-05-21_138e7b4fbb82,2022-01-05,put_credit_spread,1,1969.5,1005258.149663,0.001959
sim_2019-02-09_2026-05-21_138e7b4fbb82,2022-01-06,short_straddle,1,5961.799927,1005257.606078,0.005931
sim_2019-02-09_2026-05-21_138e7b4fbb82,2022-01-06,put_credit_spread,1,1969.5,1005257.606078,0.001959
sim_2019-02-09_2026-05-21_138e7b4fbb82,2022-01-07,short_straddle,1,5961.799927,1005257.366027,0.005931
sim_2019-02-09_2026-05-21_138e7b4fbb82,2022-01-07,put_credit_spread,1,1969.5,1005257.366027,0.001959
sim_2019-02-09_2026-05-21_138e7b4fbb82,2022-01-10,short_straddle,1,5961.799927,1005252.80606,0.005931
sim_2019-02-09_2026-05-21_138e7b4fbb82,2022-01-10,put_credit_spread,1,1969.5,1005252.80606,0.001959
sim_2019-02-09_2026-05-21_138e7b4fbb82,2022-01-11,short_straddle,1,5961.799927,1005258.05606,0.005931
sim_2019-02-09_2026-05-21_138e7b4fbb82,2022-01-11,put_credit_spread,1,1969.5,1005258.05606,0.001959
sim_2019-02-09_2026-05-21_138e7b4fbb82,2022-01-12,short_straddle,1,5961.799927,1005324.786071,0.00593
sim_2019-02-09_2026-05-21_138e7b4fbb82,2022-01-12,put_credit_spread,1,1969.5,1005324.786071,0.001959
sim_2019-02-09_2026-05-21_138e7b4fbb82,2022-01-13,short_straddle,1,5961.799927,1005319.536071,0.00593
sim_2019-02-09_2026-05-21_138e7b4fbb82,2022-01-13,put_credit_spread,1,1969.5,1005319.536071,0.001959
sim_2019-02-09_2026-05-21_138e7b4fbb82,2022-01-14,short_straddle,1,5961.799927,1005313.356078,0.00593
sim_2019-02-09_2026-05-21_138e7b4fbb82,2022-01-14,put_credit_spread,1,1969.5,1005313.356078,0.001959
sim_2019-02-09_2026-05-21_138e7b4fbb82,2022-01-18,short_straddle,1,5961.799927,1005297.486052,0.00593
sim_2019-02-09_2026-05-21_138e7b4fbb82,2022-01-18,put_credit_spread,1,1969.5,1005297.486052,0.001959
sim_2019-02-09_2026-05-21_138e7b4fbb82,2022-01-19,short_straddle,1,5961.799927,1005106.647227,0.005932
sim_2019-02-09_2026-05-21_138e7b4fbb82,2022-01-19,put_credit_spread,1,1969.5,1005106.647227,0.001959
sim_2019-02-09_2026-05-21_138e7b4fbb82,2022-01-20,short_straddle,1,5961.799927,1005322.449177,0.00593
sim_2019-02-09_2026-05-21_138e7b4fbb82,2022-01-20,put_credit_spread,1,1969.5,1005322.449177,0.001959
sim_2019-02-09_2026-05-21_138e7b4fbb82,2022-01-21,short_straddle,1,5961.799927,1005307.509236,0.00593
sim_2019-02-09_2026-05-21_138e7b4fbb82,2022-01-21,put_credit_spread,1,1969.5,1005307.509236,0.001959
sim_2019-02-09_2026-05-21_138e7b4fbb82,2022-01-24,short_straddle,1,5961.799927,1004766.73014,0.005934
sim_2019-02-09_2026-05-21_138e7b4fbb82,2022-01-24,put_credit_spread,1,1969.5,1004766.73014,0.00196
sim_2019-02-09_2026-05-21_138e7b4fbb82,2022-01-25,short_straddle,1,5961.799927,1004827.961576,0.005933
sim_2019-02-09_2026-05-21_138e7b4fbb82,2022-01-25,put_credit_spread,1,1969.5,1004827.961576,0.00196
sim_2019-02-09_2026-05-21_138e7b4fbb82,2022-01-26,short_straddle,1,5961.799927,1004819.174826,0.005933
sim_2019-02-09_2026-05-21_138e7b4fbb82,2022-01-26,put_credit_spread,1,2591.5,1004819.174826,0.002579
sim_2019-02-09_2026-05-21_138e7b4fbb82,2022-01-27,short_straddle,1,5961.799927,1004819.444815,0.005933
sim_2019-02-09_2026-05-21_138e7b4fbb82,2022-01-27,put_credit_spread,1,2591.5,1004819.444815,0.002579
sim_2019-02-09_2026-05-21_138e7b4fbb82,2022-01-28,short_straddle,1,5961.799927,1004836.124808,0.005933
sim_2019-02-09_2026-05-21_138e7b4fbb82,2022-01-28,put_credit_spread,1,2591.5,1004836.124808,0.002579
sim_2019-02-09_2026-05-21_138e7b4fbb82,2022-01-31,short_straddle,1,5961.799927,1005080.534811,0.005932
sim_2019-02-09_2026-05-21_138e7b4fbb82,2022-01-31,put_credit_spread,1,2591.5,1005080.534811,0.002578
sim_2019-02-09_2026-05-21_138e7b4fbb82,2022-02-01,short_straddle,1,5961.799927,1005089.114859,0.005932
sim_2019-02-09_2026-05-21_138e7b4fbb82,2022-02-01,put_credit_spread,1,2591.5,1005089.114859,0.002578
sim_2019-02-09_2026-05-21_138e7b4fbb82,2022-02-02,short_straddle,1,5845.599976,1005089.205553,0.005816
sim_2019-02-09_2026-05-21_138e7b4fbb82,2022-02-02,put_credit_spread,1,2591.5,1005089.205553,0.002578
sim_2019-02-09_2026-05-21_138e7b4fbb82,2022-02-03,short_straddle,1,5845.599976,1005089.030063,0.005816
sim_2019-02-09_2026-05-21_138e7b4fbb82,2022-02-03,put_credit_spread,1,2591.5,1005089.030063,0.002578
sim_2019-02-09_2026-05-21_138e7b4fbb82,2022-02-04,short_straddle,1,5845.599976,1005089.140079,0.005816
sim_2019-02-09_2026-05-21_138e7b4fbb82,2022-02-04,put_credit_spread,1,2591.5,1005089.140079,0.002578
sim_2019-02-09_2026-05-21_138e7b4fbb82,2022-02-07,short_straddle,1,5845.599976,1005089.11008,0.005816
sim_2019-02-09_2026-05-21_138e7b4fbb82,2022-02-07,put_credit_spread,1,2591.5,1005089.11008,0.002578
sim_2019-02-09_2026-05-21_138e7b4fbb82,2022-02-08,short_straddle,1,5845.599976,1005085.470065,0.005816
sim_2019-02-09_2026-05-21_138e7b4fbb82,2022-02-08,put_credit_spread,1,2591.5,1005085.470065,0.002578
sim_2019-02-09_2026-05-21_138e7b4fbb82,2022-02-09,short_straddle,1,5845.599976,1005082.34006,0.005816
sim_2019-02-09_2026-05-21_138e7b4fbb82,2022-02-09,put_credit_spread,1,2591.5,1005082.34006,0.002578
sim_2019-02-09_2026-05-21_138e7b4fbb82,2022-02-10,short_straddle,1,5845.599976,1005087.460086,0.005816
sim_2019-02-09_2026-05-21_138e7b4fbb82,2022-02-10,put_credit_spread,1,2591.5,1005087.460086,0.002578
sim_2019-02-09_2026-05-21_138e7b4fbb82,2022-02-11,short_straddle,1,5845.599976,1005092.720065,0.005816
sim_2019-02-09_2026-05-21_138e7b4fbb82,2022-02-11,put_credit_spread,1,2591.5,1005092.720065,0.002578
sim_2019-02-09_2026-05-21_138e7b4fbb82,2022-02-14,short_straddle,1,5845.599976,1005094.120059,0.005816
sim_2019-02-09_2026-05-21_138e7b4fbb82,2022-02-14,put_credit_spread,1,2591.5,1005094.120059,0.002578
sim_2019-02-09_2026-05-21_138e7b4fbb82,2022-02-15,short_straddle,1,5845.599976,1005089.790073,0.005816
sim_2019-02-09_2026-05-21_138e7b4fbb82,2022-02-15,put_credit_spread,1,2591.5,1005089.790073,0.002578
sim_2019-02-09_2026-05-21_138e7b4fbb82,2022-02-16,short_straddle,1,5845.599976,1005090.34006,0.005816
sim_2019-02-09_2026-05-21_138e7b4fbb82,2022-02-16,put_credit_spread,1,2591.5,1005090.34006,0.002578
sim_2019-02-09_2026-05-21_138e7b4fbb82,2022-02-17,short_straddle,1,5845.599976,1005096.330081,0.005816
sim_2019-02-09_2026-05-21_138e7b4fbb82,2022-02-17,put_credit_spread,1,2591.5,1005096.330081,0.002578
sim_2019-02-09_2026-05-21_138e7b4fbb82,2022-02-18,short_straddle,1,5845.599976,1005099.030063,0.005816
sim_2019-02-09_2026-05-21_138e7b4fbb82,2022-02-18,put_credit_spread,1,2591.5,1005099.030063,0.002578
sim_2019-02-09_2026-05-21_138e7b4fbb82,2022-02-22,short_straddle,1,5845.599976,1005104.000064,0.005816
sim_2019-02-09_2026-05-21_138e7b4fbb82,2022-02-22,put_credit_spread,1,2591.5,1005104.000064,0.002578
sim_2019-02-09_2026-05-21_138e7b4fbb82,2022-02-23,short_straddle,1,5845.599976,1005108.490085,0.005816
sim_2019-02-09_2026-05-21_138e7b4fbb82,2022-02-23,put_credit_spread,1,2591.5,1005108.490085,0.002578
sim_2019-02-09_2026-05-21_138e7b4fbb82,2022-02-24,short_straddle,1,5845.599976,1005107.670077,0.005816
sim_2019-02-09_2026-05-21_138e7b4fbb82,2022-02-24,put_credit_spread,1,2591.5,1005107.670077,0.002578
sim_2019-02-09_2026-05-21_138e7b4fbb82,2022-02-25,short_straddle,1,5845.599976,1005271.333565,0.005815
sim_2019-02-09_2026-05-21_138e7b4fbb82,2022-02-25,put_credit_spread,1,1927.0,1005271.333565,0.001917
sim_2019-02-09_2026-05-21_138e7b4fbb82,2022-02-28,short_straddle,1,5845.599976,1005298.033577,0.005815
sim_2019-02-09_2026-05-21_138e7b4fbb82,2022-02-28,put_credit_spread,1,1927.0,1005298.033577,0.001917
sim_2019-02-09_2026-05-21_138e7b4fbb82,2022-03-01,short_straddle,1,5845.599976,1005304.21357,0.005815
sim_2019-02-09_2026-05-21_138e7b4fbb82,2022-03-01,put_credit_spread,1,1927.0,1005304.21357,0.001917
sim_2019-02-09_2026-05-21_138e7b4fbb82,2022-03-02,short_straddle,1,5055.0,1005292.704074,0.005028
sim_2019-02-09_2026-05-21_138e7b4fbb82,2022-03-02,put_credit_spread,1,1927.0,1005292.704074,0.001917
sim_2019-02-09_2026-05-21_138e7b4fbb82,2022-03-03,short_straddle,1,5055.0,1005292.704074,0.005028
sim_2019-02-09_2026-05-21_138e7b4fbb82,2022-03-03,put_credit_spread,1,1927.0,1005292.704074,0.001917
sim_2019-02-09_2026-05-21_138e7b4fbb82,2022-03-04,short_straddle,1,5055.0,1005292.704074,0.005028
sim_2019-02-09_2026-05-21_138e7b4fbb82,2022-03-04,put_credit_spread,1,1927.0,1005292.704074,0.001917
sim_2019-02-09_2026-05-21_138e7b4fbb82,2022-03-07,short_straddle,1,5055.0,1005292.704074,0.005028
sim_2019-02-09_2026-05-21_138e7b4fbb82,2022-03-07,put_credit_spread,1,1927.0,1005292.704074,0.001917
sim_2019-02-09_2026-05-21_138e7b4fbb82,2022-03-08,short_straddle,1,5055.0,1005292.704074,0.005028
sim_2019-02-09_2026-05-21_138e7b4fbb82,2022-03-08,put_credit_spread,1,1927.0,1005292.704074,0.001917
sim_2019-02-09_2026-05-21_138e7b4fbb82,2022-03-09,short_straddle,1,5055.0,1005172.704074,0.005029
sim_2019-02-09_2026-05-21_138e7b4fbb82,2022-03-09,put_credit_spread,1,1927.0,1005172.704074,0.001917
sim_2019-02-09_2026-05-21_138e7b4fbb82,2022-03-10,short_straddle,1,5055.0,1005172.704074,0.005029
sim_2019-02-09_2026-05-21_138e7b4fbb82,2022-03-10,put_credit_spread,1,1927.0,1005172.704074,0.001917
sim_2019-02-09_2026-05-21_138e7b4fbb82,2022-03-11,short_straddle,1,5055.0,1005172.704074,0.005029
sim_2019-02-09_2026-05-21_138e7b4fbb82,2022-03-11,put_credit_spread,1,1927.0,1005172.704074,0.001917
sim_2019-02-09_2026-05-21_138e7b4fbb82,2022-03-14,short_straddle,1,5055.0,1005172.704074,0.005029
sim_2019-02-09_2026-05-21_138e7b4fbb82,2022-03-14,put_credit_spread,1,1927.0,1005172.704074,0.001917
sim_2019-02-09_2026-05-21_138e7b4fbb82,2022-03-15,short_straddle,1,5055.0,1005172.704074,0.005029
sim_2019-02-09_2026-05-21_138e7b4fbb82,2022-03-15,put_credit_spread,1,1927.0,1005172.704074,0.001917
sim_2019-02-09_2026-05-21_138e7b4fbb82,2022-03-16,short_straddle,1,5055.0,1005172.704074,0.005029
sim_2019-02-09_2026-05-21_138e7b4fbb82,2022-03-16,put_credit_spread,1,1927.0,1005172.704074,0.001917
sim_2019-02-09_2026-05-21_138e7b4fbb82,2022-03-17,short_straddle,1,5055.0,1005172.704074,0.005029
sim_2019-02-09_2026-05-21_138e7b4fbb82,2022-03-17,put_credit_spread,1,1927.0,1005172.704074,0.001917
sim_2019-02-09_2026-05-21_138e7b4fbb82,2022-03-18,short_straddle,1,5055.0,1005172.704074,0.005029
sim_2019-02-09_2026-05-21_138e7b4fbb82,2022-03-18,put_credit_spread,1,1927.0,1005172.704074,0.001917
sim_2019-02-09_2026-05-21_138e7b4fbb82,2022-03-21,short_straddle,1,5055.0,1005172.704074,0.005029
sim_2019-02-09_2026-05-21_138e7b4fbb82,2022-03-21,put_credit_spread,1,1927.0,1005172.704074,0.001917
sim_2019-02-09_2026-05-21_138e7b4fbb82,2022-03-22,short_straddle,1,5055.0,1005172.704074,0.005029
sim_2019-02-09_2026-05-21_138e7b4fbb82,2022-03-22,put_credit_spread,1,1927.0,1005172.704074,0.001917
sim_2019-02-09_2026-05-21_138e7b4fbb82,2022-03-23,short_straddle,1,5055.0,1005172.704074,0.005029
sim_2019-02-09_2026-05-21_138e7b4fbb82,2022-03-23,put_credit_spread,1,1927.0,1005172.704074,0.001917
sim_2019-02-09_2026-05-21_138e7b4fbb82,2022-03-24,short_straddle,1,5055.0,1005172.704074,0.005029
sim_2019-02-09_2026-05-21_138e7b4fbb82,2022-03-24,put_credit_spread,1,1927.0,1005172.704074,0.001917
sim_2019-02-09_2026-05-21_138e7b4fbb82,2022-03-25,short_straddle,1,5055.0,1005538.204074,0.005027
sim_2019-02-09_2026-05-21_138e7b4fbb82,2022-03-25,put_credit_spread,0,0.0,1005538.204074,0.0
sim_2019-02-09_2026-05-21_138e7b4fbb82,2022-03-28,short_straddle,1,5055.0,1005536.089574,0.005027
sim_2019-02-09_2026-05-21_138e7b4fbb82,2022-03-28,put_credit_spread,1,1871.0,1005536.089574,0.001861
sim_2019-02-09_2026-05-21_138e7b4fbb82,2022-03-29,short_straddle,0,0.0,1005533.227074,0.0
sim_2019-02-09_2026-05-21_138e7b4fbb82,2022-03-29,put_credit_spread,1,1871.0,1005533.227074,0.001861
sim_2019-02-09_2026-05-21_138e7b4fbb82,2022-03-30,short_straddle,1,5897.399902,1005530.654574,0.005865
sim_2019-02-09_2026-05-21_138e7b4fbb82,2022-03-30,put_credit_spread,1,1871.0,1005530.654574,0.001861
sim_2019-02-09_2026-05-21_138e7b4fbb82,2022-03-31,short_straddle,1,5897.399902,1005530.134329,0.005865
sim_2019-02-09_2026-05-21_138e7b4fbb82,2022-03-31,put_credit_spread,1,1871.0,1005530.134329,0.001861
sim_2019-02-09_2026-05-21_138e7b4fbb82,2022-04-01,short_straddle,1,5897.399902,1005533.674398,0.005865
sim_2019-02-09_2026-05-21_138e7b4fbb82,2022-04-01,put_credit_spread,1,1871.0,1005533.674398,0.001861
sim_2019-02-09_2026-05-21_138e7b4fbb82,2022-04-04,short_straddle,1,5897.399902,1005537.36434,0.005865
sim_2019-02-09_2026-05-21_138e7b4fbb82,2022-04-04,put_credit_spread,1,1871.0,1005537.36434,0.001861
sim_2019-02-09_2026-05-21_138e7b4fbb82,2022-04-05,short_straddle,1,5897.399902,1005528.664358,0.005865
sim_2019-02-09_2026-05-21_138e7b4fbb82,2022-04-05,put_credit_spread,1,1871.0,1005528.664358,0.001861
sim_2019-02-09_2026-05-21_138e7b4fbb82,2022-04-06,short_straddle,1,5897.399902,1005523.894369,0.005865
sim_2019-02-09_2026-05-21_138e7b4fbb82,2022-04-06,put_credit_spread,1,1871.0,1005523.894369,0.001861
sim_2019-02-09_2026-05-21_138e7b4fbb82,2022-04-07,short_straddle,1,5897.399902,1005527.554373,0.005865
sim_2019-02-09_2026-05-21_138e7b4fbb82,2022-04-07,put_credit_spread,1,1871.0,1005527.554373,0.001861
sim_2019-02-09_2026-05-21_138e7b4fbb82,2022-04-08,short_straddle,1,5897.399902,1005531.754354,0.005865
sim_2019-02-09_2026-05-21_138e7b4fbb82,2022-04-08,put_credit_spread,1,1871.0,1005531.754354,0.001861
sim_2019-02-09_2026-05-21_138e7b4fbb82,2022-04-11,short_straddle,1,5897.399902,1005390.244406,0.005866
sim_2019-02-09_2026-05-21_138e7b4fbb82,2022-04-11,put_credit_spread,1,1871.0,1005390.244406,0.001861
sim_2019-02-09_2026-05-21_138e7b4fbb82,2022-04-12,short_straddle,1,5897.399902,1005387.304373,0.005866
sim_2019-02-09_2026-05-21_138e7b4fbb82,2022-04-12,put_credit_spread,1,1871.0,1005387.304373,0.001861
sim_2019-02-09_2026-05-21_138e7b4fbb82,2022-04-13,short_straddle,1,5897.399902,1005397.924398,0.005866
sim_2019-02-09_2026-05-21_138e7b4fbb82,2022-04-13,put_credit_spread,1,1871.0,1005397.924398,0.001861
sim_2019-02-09_2026-05-21_138e7b4fbb82,2022-04-14,short_straddle,1,5897.399902,1005393.514395,0.005866
sim_2019-02-09_2026-05-21_138e7b4fbb82,2022-04-14,put_credit_spread,1,1871.0,1005393.514395,0.001861
sim_2019-02-09_2026-05-21_138e7b4fbb82,2022-04-18,short_straddle,1,5897.399902,1005392.944387,0.005866
sim_2019-02-09_2026-05-21_138e7b4fbb82,2022-04-18,put_credit_spread,1,1871.0,1005392.944387,0.001861
sim_2019-02-09_2026-05-21_138e7b4fbb82,2022-04-19,short_straddle,1,5897.399902,1005408.004354,0.005866
sim_2019-02-09_2026-05-21_138e7b4fbb82,2022-04-19,put_credit_spread,1,1871.0,1005408.004354,0.001861
sim_2019-02-09_2026-05-21_138e7b4fbb82,2022-04-20,short_straddle,1,5897.399902,1005415.234365,0.005866
sim_2019-02-09_2026-05-21_138e7b4fbb82,2022-04-20,put_credit_spread,1,1871.0,1005415.234365,0.001861
sim_2019-02-09_2026-05-21_138e7b4fbb82,2022-04-21,short_straddle,1,5897.399902,1005403.774343,0.005866
sim_2019-02-09_2026-05-21_138e7b4fbb82,2022-04-21,put_credit_spread,1,1871.0,1005403.774343,0.001861
sim_2019-02-09_2026-05-21_138e7b4fbb82,2022-04-22,short_straddle,1,5897.399902,1005256.065487,0.005867
sim_2019-02-09_2026-05-21_138e7b4fbb82,2022-04-22,put_credit_spread,1,1697.5,1005256.065487,0.001689
sim_2019-02-09_2026-05-21_138e7b4fbb82,2022-04-25,short_straddle,1,5897.399902,1005222.935513,0.005867
sim_2019-02-09_2026-05-21_138e7b4fbb82,2022-04-25,put_credit_spread,1,1697.5,1005222.935513,0.001689
sim_2019-02-09_2026-05-21_138e7b4fbb82,2022-04-26,short_straddle,1,5897.399902,1005198.605557,0.005867
sim_2019-02-09_2026-05-21_138e7b4fbb82,2022-04-26,put_credit_spread,1,1697.5,1005198.605557,0.001689
sim_2019-02-09_2026-05-21_138e7b4fbb82,2022-04-27,short_straddle,0,0.0,1005197.273471,0.0
sim_2019-02-09_2026-05-21_138e7b4fbb82,2022-04-27,put_credit_spread,1,1697.5,1005197.273471,0.001689
sim_2019-02-09_2026-05-21_138e7b4fbb82,2022-04-28,short_straddle,0,0.0,1005197.273471,0.0
sim_2019-02-09_2026-05-21_138e7b4fbb82,2022-04-28,put_credit_spread,1,1697.5,1005197.273471,0.001689
sim_2019-02-09_2026-05-21_138e7b4fbb82,2022-04-29,short_straddle,0,0.0,1005197.273471,0.0
sim_2019-02-09_2026-05-21_138e7b4fbb82,2022-04-29,put_credit_spread,1,1697.5,1005197.273471,0.001689
sim_2019-02-09_2026-05-21_138e7b4fbb82,2022-05-02,short_straddle,1,4887.299805,1005194.409721,0.004862
sim_2019-02-09_2026-05-21_138e7b4fbb82,2022-05-02,put_credit_spread,1,1697.5,1005194.409721,0.001689
sim_2019-02-09_2026-05-21_138e7b4fbb82,2022-05-03,short_straddle,1,4887.299805,1005194.244096,0.004862
sim_2019-02-09_2026-05-21_138e7b4fbb82,2022-05-03,put_credit_spread,1,1697.5,1005194.244096,0.001689
sim_2019-02-09_2026-05-21_138e7b4fbb82,2022-05-04,short_straddle,1,4887.299805,1005184.9041,0.004862
sim_2019-02-09_2026-05-21_138e7b4fbb82,2022-05-04,put_credit_spread,1,1697.5,1005184.9041,0.001689
sim_2019-02-09_2026-05-21_138e7b4fbb82,2022-05-05,short_straddle,1,4887.299805,1005195.254106,0.004862
sim_2019-02-09_2026-05-21_138e7b4fbb82,2022-05-05,put_credit_spread,1,1697.5,1005195.254106,0.001689
sim_2019-02-09_2026-05-21_138e7b4fbb82,2022-05-06,short_straddle,1,4887.299805,1005204.924089,0.004862
sim_2019-02-09_2026-05-21_138e7b4fbb82,2022-05-06,put_credit_spread,1,1697.5,1005204.924089,0.001689
sim_2019-02-09_2026-05-21_138e7b4fbb82,2022-05-09,short_straddle,1,4887.299805,1005272.39409,0.004862
sim_2019-02-09_2026-05-21_138e7b4fbb82,2022-05-09,put_credit_spread,1,1697.5,1005272.39409,0.001689
sim_2019-02-09_2026-05-21_138e7b4fbb82,2022-05-10,short_straddle,1,4887.299805,1005273.16411,0.004862
sim_2019-02-09_2026-05-21_138e7b4fbb82,2022-05-10,put_credit_spread,1,1697.5,1005273.16411,0.001689
sim_2019-02-09_2026-05-21_138e7b4fbb82,2022-05-11,short_straddle,1,4887.299805,1005325.913375,0.004861
sim_2019-02-09_2026-05-21_138e7b4fbb82,2022-05-11,put_credit_spread,1,1697.5,1005325.913375,0.001689
sim_2019-02-09_2026-05-21_138e7b4fbb82,2022-05-12,short_straddle,1,4887.299805,1005360.452349,0.004861
sim_2019-02-09_2026-05-21_138e7b4fbb82,2022-05-12,put_credit_spread,1,1697.5,1005360.452349,0.001688
sim_2019-02-09_2026-05-21_138e7b4fbb82,2022-05-13,short_straddle,1,4887.299805,1005355.862352,0.004861
sim_2019-02-09_2026-05-21_138e7b4fbb82,2022-05-13,put_credit_spread,1,1697.5,1005355.862352,0.001688
sim_2019-02-09_2026-05-21_138e7b4fbb82,2022-05-16,short_straddle,1,4887.299805,1005355.312364,0.004861
sim_2019-02-09_2026-05-21_138e7b4fbb82,2022-05-16,put_credit_spread,1,1697.5,1005355.312364,0.001688
sim_2019-02-09_2026-05-21_138e7b4fbb82,2022-05-17,short_straddle,1,4887.299805,1005350.992357,0.004861
sim_2019-02-09_2026-05-21_138e7b4fbb82,2022-05-17,put_credit_spread,1,1697.5,1005350.992357,0.001688
sim_2019-02-09_2026-05-21_138e7b4fbb82,2022-05-18,short_straddle,1,4887.299805,1005360.405875,0.004861
sim_2019-02-09_2026-05-21_138e7b4fbb82,2022-05-18,put_credit_spread,0,0.0,1005360.405875,0.0
sim_2019-02-09_2026-05-21_138e7b4fbb82,2022-05-19,short_straddle,1,4887.299805,1005362.775871,0.004861
sim_2019-02-09_2026-05-21_138e7b4fbb82,2022-05-19,put_credit_spread,0,0.0,1005362.775871,0.0
sim_2019-02-09_2026-05-21_138e7b4fbb82,2022-05-20,short_straddle,1,4887.299805,1005363.53585,0.004861
sim_2019-02-09_2026-05-21_138e7b4fbb82,2022-05-20,put_credit_spread,0,0.0,1005363.53585,0.0
sim_2019-02-09_2026-05-21_138e7b4fbb82,2022-05-23,short_straddle,1,4887.299805,1005354.993367,0.004861
sim_2019-02-09_2026-05-21_138e7b4fbb82,2022-05-23,put_credit_spread,1,1655.0,1005354.993367,0.001646
sim_2019-02-09_2026-05-21_138e7b4fbb82,2022-05-24,short_straddle,1,4887.299805,1005354.443349,0.004861
sim_2019-02-09_2026-05-21_138e7b4fbb82,2022-05-24,put_credit_spread,1,1655.0,1005354.443349,0.001646
sim_2019-02-09_2026-05-21_138e7b4fbb82,2022-05-25,short_straddle,1,4830.599976,1005346.760224,0.004805
sim_2019-02-09_2026-05-21_138e7b4fbb82,2022-05-25,put_credit_spread,1,1655.0,1005346.760224,0.001646
sim_2019-02-09_2026-05-21_138e7b4fbb82,2022-05-26,short_straddle,1,4830.599976,1005346.433774,0.004805
sim_2019-02-09_2026-05-21_138e7b4fbb82,2022-05-26,put_credit_spread,1,1655.0,1005346.433774,0.001646
sim_2019-02-09_2026-05-21_138e7b4fbb82,2022-05-27,short_straddle,1,4830.599976,1005357.673765,0.004805
sim_2019-02-09_2026-05-21_138e7b4fbb82,2022-05-27,put_credit_spread,1,1655.0,1005357.673765,0.001646
sim_2019-02-09_2026-05-21_138e7b4fbb82,2022-05-31,short_straddle,1,4830.599976,1005353.933774,0.004805
sim_2019-02-09_2026-05-21_138e7b4fbb82,2022-05-31,put_credit_spread,1,1655.0,1005353.933774,0.001646
sim_2019-02-09_2026-05-21_138e7b4fbb82,2022-06-01,short_straddle,1,4830.599976,1005263.253721,0.004805
sim_2019-02-09_2026-05-21_138e7b4fbb82,2022-06-01,put_credit_spread,1,1655.0,1005263.253721,0.001646
sim_2019-02-09_2026-05-21_138e7b4fbb82,2022-06-02,short_straddle,1,4830.599976,1005272.073728,0.004805
sim_2019-02-09_2026-05-21_138e7b4fbb82,2022-06-02,put_credit_spread,1,1655.0,1005272.073728,0.001646
sim_2019-02-09_2026-05-21_138e7b4fbb82,2022-06-03,short_straddle,1,4830.599976,1005265.233762,0.004805
sim_2019-02-09_2026-05-21_138e7b4fbb82,2022-06-03,put_credit_spread,1,1655.0,1005265.233762,0.001646
sim_2019-02-09_2026-05-21_138e7b4fbb82,2022-06-06,short_straddle,1,4830.599976,1005265.433774,0.004805
sim_2019-02-09_2026-05-21_138e7b4fbb82,2022-06-06,put_credit_spread,1,1655.0,1005265.433774,0.001646
sim_2019-02-09_2026-05-21_138e7b4fbb82,2022-06-07,short_straddle,1,4830.599976,1005270.873777,0.004805
sim_2019-02-09_2026-05-21_138e7b4fbb82,2022-06-07,put_credit_spread,1,1655.0,1005270.873777,0.001646
sim_2019-02-09_2026-05-21_138e7b4fbb82,2022-06-08,short_straddle,1,4830.599976,1005265.29376,0.004805
sim_2019-02-09_2026-05-21_138e7b4fbb82,2022-06-08,put_credit_spread,1,1655.0,1005265.29376,0.001646
sim_2019-02-09_2026-05-21_138e7b4fbb82,2022-06-09,short_straddle,1,4830.599976,1005252.53375,0.004805
sim_2019-02-09_2026-05-21_138e7b4fbb82,2022-06-09,put_credit_spread,1,1655.0,1005252.53375,0.001646
sim_2019-02-09_2026-05-21_138e7b4fbb82,2022-06-10,short_straddle,1,4830.599976,1005595.457895,0.004804
sim_2019-02-09_2026-05-21_138e7b4fbb82,2022-06-10,put_credit_spread,1,1655.0,1005595.457895,0.001646
sim_2019-02-09_2026-05-21_138e7b4fbb82,2022-06-13,short_straddle,1,4830.599976,1005897.454965,0.004802
sim_2019-02-09_2026-05-21_138e7b4fbb82,2022-06-13,put_credit_spread,1,1655.0,1005897.454965,0.001645
sim_2019-02-09_2026-05-21_138e7b4fbb82,2022-06-14,short_straddle,1,4830.599976,1005894.894967,0.004802
sim_2019-02-09_2026-05-21_138e7b4fbb82,2022-06-14,put_credit_spread,1,1655.0,1005894.894967,0.001645
sim_2019-02-09_2026-05-21_138e7b4fbb82,2022-06-15,short_straddle,1,4830.599976,1005900.755013,0.004802
sim_2019-02-09_2026-05-21_138e7b4fbb82,2022-06-15,put_credit_spread,1,1655.0,1005900.755013,0.001645
sim_2019-02-09_2026-05-21_138e7b4fbb82,2022-06-16,short_straddle,1,4830.599976,1005883.928979,0.004802
sim_2019-02-09_2026-05-21_138e7b4fbb82,2022-06-16,put_credit_spread,0,0.0,1005883.928979,0.0
sim_2019-02-09_2026-05-21_138e7b4fbb82,2022-06-17,short_straddle,1,4830.599976,1005879.469994,0.004802
sim_2019-02-09_2026-05-21_138e7b4fbb82,2022-06-17,put_credit_spread,1,1302.0,1005879.469994,0.001294
sim_2019-02-09_2026-05-21_138e7b4fbb82,2022-06-21,short_straddle,1,4830.599976,1005892.610009,0.004802
sim_2019-02-09_2026-05-21_138e7b4fbb82,2022-06-21,put_credit_spread,1,1302.0,1005892.610009,0.001294
sim_2019-02-09_2026-05-21_138e7b4fbb82,2022-06-22,short_straddle,1,4487.199707,1005885.528352,0.004461
sim_2019-02-09_2026-05-21_138e7b4fbb82,2022-06-22,put_credit_spread,1,1302.0,1005885.528352,0.001294
sim_2019-02-09_2026-05-21_138e7b4fbb82,2022-06-23,short_straddle,1,4487.199707,1005884.761502,0.004461
sim_2019-02-09_2026-05-21_138e7b4fbb82,2022-06-23,put_credit_spread,1,1302.0,1005884.761502,0.001294
sim_2019-02-09_2026-05-21_138e7b4fbb82,2022-06-24,short_straddle,1,4487.199707,1005926.161496,0.004461
sim_2019-02-09_2026-05-21_138e7b4fbb82,2022-06-24,put_credit_spread,1,1302.0,1005926.161496,0.001294
sim_2019-02-09_2026-05-21_138e7b4fbb82,2022-06-27,short_straddle,1,4487.199707,1005922.861478,0.004461
sim_2019-02-09_2026-05-21_138e7b4fbb82,2022-06-27,put_credit_spread,1,1302.0,1005922.861478,0.001294
sim_2019-02-09_2026-05-21_138e7b4fbb82,2022-06-28,short_straddle,1,4487.199707,1005897.761533,0.004461
sim_2019-02-09_2026-05-21_138e7b4fbb82,2022-06-28,put_credit_spread,1,1302.0,1005897.761533,0.001294
sim_2019-02-09_2026-05-21_138e7b4fbb82,2022-06-29,short_straddle,1,4487.199707,1006056.16474,0.00446
sim_2019-02-09_2026-05-21_138e7b4fbb82,2022-06-29,put_credit_spread,1,1545.5,1006056.16474,0.001536
sim_2019-02-09_2026-05-21_138e7b4fbb82,2022-06-30,short_straddle,1,4487.199707,1006045.014838,0.00446
sim_2019-02-09_2026-05-21_138e7b4fbb82,2022-06-30,put_credit_spread,1,1545.5,1006045.014838,0.001536
sim_2019-02-09_2026-05-21_138e7b4fbb82,2022-07-01,short_straddle,1,4487.199707,1006078.164832,0.00446
sim_2019-02-09_2026-05-21_138e7b4fbb82,2022-07-01,put_credit_spread,1,1545.5,1006078.164832,0.001536
sim_2019-02-09_2026-05-21_138e7b4fbb82,2022-07-05,short_straddle,1,4487.199707,1006072.464758,0.00446
sim_2019-02-09_2026-05-21_138e7b4fbb82,2022-07-05,put_credit_spread,1,1545.5,1006072.464758,0.001536
sim_2019-02-09_2026-05-21_138e7b4fbb82,2022-07-06,short_straddle,1,4487.199707,1006075.964819,0.00446
sim_2019-02-09_2026-05-21_138e7b4fbb82,2022-07-06,put_credit_spread,1,1545.5,1006075.964819,0.001536
sim_2019-02-09_2026-05-21_138e7b4fbb82,2022-07-07,short_straddle,1,4487.199707,1006093.664862,0.00446
sim_2019-02-09_2026-05-21_138e7b4fbb82,2022-07-07,put_credit_spread,1,1545.5,1006093.664862,0.001536
sim_2019-02-09_2026-05-21_138e7b4fbb82,2022-07-08,short_straddle,1,4487.199707,1006091.214758,0.00446
sim_2019-02-09_2026-05-21_138e7b4fbb82,2022-07-08,put_credit_spread,1,1545.5,1006091.214758,0.001536
sim_2019-02-09_2026-05-21_138e7b4fbb82,2022-07-11,short_straddle,1,4487.199707,1006600.213312,0.004458
sim_2019-02-09_2026-05-21_138e7b4fbb82,2022-07-11,put_credit_spread,1,1545.5,1006600.213312,0.001535
sim_2019-02-09_2026-05-21_138e7b4fbb82,2022-07-12,short_straddle,1,4487.199707,1006510.508429,0.004458
sim_2019-02-09_2026-05-21_138e7b4fbb82,2022-07-12,put_credit_spread,1,1545.5,1006510.508429,0.001536
sim_2019-02-09_2026-05-21_138e7b4fbb82,2022-07-13,short_straddle,1,4487.199707,1006499.408423,0.004458
sim_2019-02-09_2026-05-21_138e7b4fbb82,2022-07-13,put_credit_spread,1,1545.5,1006499.408423,0.001536
sim_2019-02-09_2026-05-21_138e7b4fbb82,2022-07-14,short_straddle,1,4487.199707,1006492.658393,0.004458
sim_2019-02-09_2026-05-21_138e7b4fbb82,2022-07-14,put_credit_spread,1,1545.5,1006492.658393,0.001536
sim_2019-02-09_2026-05-21_138e7b4fbb82,2022-07-15,short_straddle,1,4487.199707,1006448.458442,0.004458
sim_2019-02-09_2026-05-21_138e7b4fbb82,2022-07-15,put_credit_spread,1,1545.5,1006448.458442,0.001536
sim_2019-02-09_2026-05-21_138e7b4fbb82,2022-07-18,short_straddle,1,4487.199707,1006652.908393,0.004458
sim_2019-02-09_2026-05-21_138e7b4fbb82,2022-07-18,put_credit_spread,1,1545.5,1006652.908393,0.001535
sim_2019-02-09_2026-05-21_138e7b4fbb82,2022-07-19,short_straddle,1,4487.199707,1006690.20835,0.004457
sim_2019-02-09_2026-05-21_138e7b4fbb82,2022-07-19,put_credit_spread,1,1545.5,1006690.20835,0.001535
sim_2019-02-09_2026-05-21_138e7b4fbb82,2022-07-20,short_straddle,1,4964.799805,1006687.316275,0.004932
sim_2019-02-09_2026-05-21_138e7b4fbb82,2022-07-20,put_credit_spread,1,1545.5,1006687.316275,0.001535
sim_2019-02-09_2026-05-21_138e7b4fbb82,2022-07-21,short_straddle,1,4964.799805,1006687.15607,0.004932
sim_2019-02-09_2026-05-21_138e7b4fbb82,2022-07-21,put_credit_spread,1,1545.5,1006687.15607,0.001535
sim_2019-02-09_2026-05-21_138e7b4fbb82,2022-07-22,short_straddle,1,4964.799805,1006820.806063,0.004931
sim_2019-02-09_2026-05-21_138e7b4fbb82,2022-07-22,put_credit_spread,1,1545.5,1006820.806063,0.001535
sim_2019-02-09_2026-05-21_138e7b4fbb82,2022-07-25,short_straddle,1,4964.799805,1006821.706057,0.004931
sim_2019-02-09_2026-05-21_138e7b4fbb82,2022-07-25,put_credit_spread,1,1545.5,1006821.706057,0.001535
sim_2019-02-09_2026-05-21_138e7b4fbb82,2022-07-26,short_straddle,1,4964.799805,1006819.286074,0.004931
sim_2019-02-09_2026-05-21_138e7b4fbb82,2022-07-26,put_credit_spread,1,1545.5,1006819.286074,0.001535
sim_2019-02-09_2026-05-21_138e7b4fbb82,2022-07-27,short_straddle,1,4964.799805,1006823.756076,0.004931
sim_2019-02-09_2026-05-21_138e7b4fbb82,2022-07-27,put_credit_spread,1,1545.5,1006823.756076,0.001535
sim_2019-02-09_2026-05-21_138e7b4fbb82,2022-07-28,short_straddle,1,4964.799805,1006826.976077,0.004931
sim_2019-02-09_2026-05-21_138e7b4fbb82,2022-07-28,put_credit_spread,1,1545.5,1006826.976077,0.001535
sim_2019-02-09_2026-05-21_138e7b4fbb82,2022-07-29,short_straddle,1,4964.799805,1006923.76432,0.004931
sim_2019-02-09_2026-05-21_138e7b4fbb82,2022-07-29,put_credit_spread,1,1666.5,1006923.76432,0.001655
sim_2019-02-09_2026-05-21_138e7b4fbb82,2022-08-01,short_straddle,1,4964.799805,1006923.144324,0.004931
sim_2019-02-09_2026-05-21_138e7b4fbb82,2022-08-01,put_credit_spread,1,1666.5,1006923.144324,0.001655
sim_2019-02-09_2026-05-21_138e7b4fbb82,2022-08-02,short_straddle,1,4964.799805,1006919.144324,0.004931
sim_2019-02-09_2026-05-21_138e7b4fbb82,2022-08-02,put_credit_spread,1,1666.5,1006919.144324,0.001655
sim_2019-02-09_2026-05-21_138e7b4fbb82,2022-08-03,short_straddle,1,4964.799805,1006923.26432,0.004931
sim_2019-02-09_2026-05-21_138e7b4fbb82,2022-08-03,put_credit_spread,1,1666.5,1006923.26432,0.001655
sim_2019-02-09_2026-05-21_138e7b4fbb82,2022-08-04,short_straddle,1,4964.799805,1006922.464301,0.004931
sim_2019-02-09_2026-05-21_138e7b4fbb82,2022-08-04,put_credit_spread,1,1666.5,1006922.464301,0.001655
sim_2019-02-09_2026-05-21_138e7b4fbb82,2022-08-05,short_straddle,1,4964.799805,1006923.074317,0.004931
sim_2019-02-09_2026-05-21_138e7b4fbb82,2022-08-05,put_credit_spread,1,1666.5,1006923.074317,0.001655
sim_2019-02-09_2026-05-21_138e7b4fbb82,2022-08-08,short_straddle,1,4964.799805,1006923.524329,0.004931
sim_2019-02-09_2026-05-21_138e7b4fbb82,2022-08-08,put_credit_spread,1,1666.5,1006923.524329,0.001655
sim_2019-02-09_2026-05-21_138e7b4fbb82,2022-08-09,short_straddle,1,4964.799805,1006923.01432,0.004931
sim_2019-02-09_2026-05-21_138e7b4fbb82,2022-08-09,put_credit_spread,1,1666.5,1006923.01432,0.001655
sim_2019-02-09_2026-05-21_138e7b4fbb82,2022-08-10,short_straddle,1,4964.799805,1006928.304328,0.004931
sim_2019-02-09_2026-05-21_138e7b4fbb82,2022-08-10,put_credit_spread,1,1666.5,1006928.304328,0.001655
sim_2019-02-09_2026-05-21_138e7b4fbb82,2022-08-11,short_straddle,1,4964.799805,1006928.814307,0.004931
sim_2019-02-09_2026-05-21_138e7b4fbb82,2022-08-11,put_credit_spread,1,1666.5,1006928.814307,0.001655
sim_2019-02-09_2026-05-21_138e7b4fbb82,2022-08-12,short_straddle,1,4964.799805,1006932.934302,0.004931
sim_2019-02-09_2026-05-21_138e7b4fbb82,2022-08-12,put_credit_spread,1,1666.5,1006932.934302,0.001655
sim_2019-02-09_2026-05-21_138e7b4fbb82,2022-08-15,short_straddle,1,4964.799805,1006934.474311,0.004931
sim_2019-02-09_2026-05-21_138e7b4fbb82,2022-08-15,put_credit_spread,1,1666.5,1006934.474311,0.001655
sim_2019-02-09_2026-05-21_138e7b4fbb82,2022-08-16,short_straddle,1,4964.799805,1006936.844306,0.004931
sim_2019-02-09_2026-05-21_138e7b4fbb82,2022-08-16,put_credit_spread,1,1666.5,1006936.844306,0.001655
sim_2019-02-09_2026-05-21_138e7b4fbb82,2022-08-17,short_straddle,1,5559.000244,1006929.874228,0.005521
sim_2019-02-09_2026-05-21_138e7b4fbb82,2022-08-17,put_credit_spread,1,1666.5,1006929.874228,0.001655
sim_2019-02-09_2026-05-21_138e7b4fbb82,2022-08-18,short_straddle,1,5559.000244,1006929.703938,0.005521
sim_2019-02-09_2026-05-21_138e7b4fbb82,2022-08-18,put_credit_spread,1,1666.5,1006929.703938,0.001655
sim_2019-02-09_2026-05-21_138e7b4fbb82,2022-08-19,short_straddle,1,5559.000244,1006926.16396,0.005521
sim_2019-02-09_2026-05-21_138e7b4fbb82,2022-08-19,put_credit_spread,1,1666.5,1006926.16396,0.001655
sim_2019-02-09_2026-05-21_138e7b4fbb82,2022-08-22,short_straddle,1,5559.000244,1006919.883961,0.005521
sim_2019-02-09_2026-05-21_138e7b4fbb82,2022-08-22,put_credit_spread,1,1666.5,1006919.883961,0.001655
sim_2019-02-09_2026-05-21_138e7b4fbb82,2022-08-23,short_straddle,1,5559.000244,1006918.233937,0.005521
sim_2019-02-09_2026-05-21_138e7b4fbb82,2022-08-23,put_credit_spread,1,1666.5,1006918.233937,0.001655
sim_2019-02-09_2026-05-21_138e7b4fbb82,2022-08-24,short_straddle,1,5559.000244,1006918.983937,0.005521
sim_2019-02-09_2026-05-21_138e7b4fbb82,2022-08-24,put_credit_spread,1,1666.5,1006918.983937,0.001655
sim_2019-02-09_2026-05-21_138e7b4fbb82,2022-08-25,short_straddle,1,5559.000244,1006922.273945,0.005521
sim_2019-02-09_2026-05-21_138e7b4fbb82,2022-08-25,put_credit_spread,1,1666.5,1006922.273945,0.001655
sim_2019-02-09_2026-05-21_138e7b4fbb82,2022-08-26,short_straddle,1,5559.000244,1007191.452694,0.005519
sim_2019-02-09_2026-05-21_138e7b4fbb82,2022-08-26,put_credit_spread,1,1297.5,1007191.452694,0.001288
sim_2019-02-09_2026-05-21_138e7b4fbb82,2022-08-29,short_straddle,1,5559.000244,1007200.622708,0.005519
sim_2019-02-09_2026-05-21_138e7b4fbb82,2022-08-29,put_credit_spread,1,1297.5,1007200.622708,0.001288
sim_2019-02-09_2026-05-21_138e7b4fbb82,2022-08-30,short_straddle,1,5559.000244,1007197.56271,0.005519
sim_2019-02-09_2026-05-21_138e7b4fbb82,2022-08-30,put_credit_spread,1,1297.5,1007197.56271,0.001288
sim_2019-02-09_2026-05-21_138e7b4fbb82,2022-08-31,short_straddle,1,5559.000244,1007195.172695,0.005519
sim_2019-02-09_2026-05-21_138e7b4fbb82,2022-08-31,put_credit_spread,1,1297.5,1007195.172695,0.001288
sim_2019-02-09_2026-05-21_138e7b4fbb82,2022-09-01,short_straddle,1,5559.000244,1007196.582699,0.005519
sim_2019-02-09_2026-05-21_138e7b4fbb82,2022-09-01,put_credit_spread,1,1297.5,1007196.582699,0.001288
sim_2019-02-09_2026-05-21_138e7b4fbb82,2022-09-02,short_straddle,1,5559.000244,1007193.282711,0.005519
sim_2019-02-09_2026-05-21_138e7b4fbb82,2022-09-02,put_credit_spread,1,1297.5,1007193.282711,0.001288
sim_2019-02-09_2026-05-21_138e7b4fbb82,2022-09-06,short_straddle,1,5559.000244,1007191.722714,0.005519
sim_2019-02-09_2026-05-21_138e7b4fbb82,2022-09-06,put_credit_spread,1,1297.5,1007191.722714,0.001288
sim_2019-02-09_2026-05-21_138e7b4fbb82,2022-09-07,short_straddle,1,5559.000244,1007200.852688,0.005519
sim_2019-02-09_2026-05-21_138e7b4fbb82,2022-09-07,put_credit_spread,1,1297.5,1007200.852688,0.001288
sim_2019-02-09_2026-05-21_138e7b4fbb82,2022-09-08,short_straddle,1,5559.000244,1007202.762692,0.005519
sim_2019-02-09_2026-05-21_138e7b4fbb82,2022-09-08,put_credit_spread,1,1297.5,1007202.762692,0.001288
sim_2019-02-09_2026-05-21_138e7b4fbb82,2022-09-09,short_straddle,1,5559.000244,1007206.8027,0.005519
sim_2019-02-09_2026-05-21_138e7b4fbb82,2022-09-09,put_credit_spread,1,1297.5,1007206.8027,0.001288
sim_2019-02-09_2026-05-21_138e7b4fbb82,2022-09-12,short_straddle,1,5559.000244,1007209.092709,0.005519
sim_2019-02-09_2026-05-21_138e7b4fbb82,2022-09-12,put_credit_spread,1,1297.5,1007209.092709,0.001288
sim_2019-02-09_2026-05-21_138e7b4fbb82,2022-09-13,short_straddle,1,5559.000244,1007196.252713,0.005519
sim_2019-02-09_2026-05-21_138e7b4fbb82,2022-09-13,put_credit_spread,1,1297.5,1007196.252713,0.001288
sim_2019-02-09_2026-05-21_138e7b4fbb82,2022-09-14,short_straddle,1,4736.199951,1007191.051669,0.004702
sim_2019-02-09_2026-05-21_138e7b4fbb82,2022-09-14,put_credit_spread,1,1297.5,1007191.051669,0.001288
sim_2019-02-09_2026-05-21_138e7b4fbb82,2022-09-15,short_straddle,1,4736.199951,1007190.896489,0.004702
sim_2019-02-09_2026-05-21_138e7b4fbb82,2022-09-15,put_credit_spread,1,1297.5,1007190.896489,0.001288
sim_2019-02-09_2026-05-21_138e7b4fbb82,2022-09-16,short_straddle,1,4736.199951,1007188.586492,0.004702
sim_2019-02-09_2026-05-21_138e7b4fbb82,2022-09-16,put_credit_spread,1,1297.5,1007188.586492,0.001288
sim_2019-02-09_2026-05-21_138e7b4fbb82,2022-09-19,short_straddle,1,4736.199951,1007190.686498,0.004702
sim_2019-02-09_2026-05-21_138e7b4fbb82,2022-09-19,put_credit_spread,1,1297.5,1007190.686498,0.001288
sim_2019-02-09_2026-05-21_138e7b4fbb82,2022-09-20,short_straddle,1,4736.199951,1007187.556493,0.004702
sim_2019-02-09_2026-05-21_138e7b4fbb82,2022-09-20,put_credit_spread,1,1297.5,1007187.556493,0.001288
sim_2019-02-09_2026-05-21_138e7b4fbb82,2022-09-21,short_straddle,1,4736.199951,1007178.118251,0.004702
sim_2019-02-09_2026-05-21_138e7b4fbb82,2022-09-21,put_credit_spread,1,1730.0,1007178.118251,0.001718
sim_2019-02-09_2026-05-21_138e7b4fbb82,2022-09-22,short_straddle,1,4736.199951,1007176.828243,0.004702
sim_2019-02-09_2026-05-21_138e7b4fbb82,2022-09-22,put_credit_spread,1,1730.0,1007176.828243,0.001718
sim_2019-02-09_2026-05-21_138e7b4fbb82,2022-09-23,short_straddle,1,4736.199951,1007040.668239,0.004703
sim_2019-02-09_2026-05-21_138e7b4fbb82,2022-09-23,put_credit_spread,1,1730.0,1007040.668239,0.001718
sim_2019-02-09_2026-05-21_138e7b4fbb82,2022-09-26,short_straddle,1,4736.199951,1007084.528255,0.004703
sim_2019-02-09_2026-05-21_138e7b4fbb82,2022-09-26,put_credit_spread,1,1730.0,1007084.528255,0.001718
sim_2019-02-09_2026-05-21_138e7b4fbb82,2022-09-27,short_straddle,1,4736.199951,1007083.108242,0.004703
sim_2019-02-09_2026-05-21_138e7b4fbb82,2022-09-27,put_credit_spread,1,1730.0,1007083.108242,0.001718
sim_2019-02-09_2026-05-21_138e7b4fbb82,2022-09-28,short_straddle,1,4736.199951,1007088.538265,0.004703
sim_2019-02-09_2026-05-21_138e7b4fbb82,2022-09-28,put_credit_spread,1,1730.0,1007088.538265,0.001718
sim_2019-02-09_2026-05-21_138e7b4fbb82,2022-09-29,short_straddle,1,4736.199951,1007084.018245,0.004703
sim_2019-02-09_2026-05-21_138e7b4fbb82,2022-09-29,put_credit_spread,1,1730.0,1007084.018245,0.001718
sim_2019-02-09_2026-05-21_138e7b4fbb82,2022-09-30,short_straddle,1,4736.199951,1007079.108242,0.004703
sim_2019-02-09_2026-05-21_138e7b4fbb82,2022-09-30,put_credit_spread,1,1730.0,1007079.108242,0.001718
sim_2019-02-09_2026-05-21_138e7b4fbb82,2022-10-03,short_straddle,1,4736.199951,1007086.598262,0.004703
sim_2019-02-09_2026-05-21_138e7b4fbb82,2022-10-03,put_credit_spread,1,1730.0,1007086.598262,0.001718
sim_2019-02-09_2026-05-21_138e7b4fbb82,2022-10-04,short_straddle,1,4736.199951,1007094.948268,0.004703
sim_2019-02-09_2026-05-21_138e7b4fbb82,2022-10-04,put_credit_spread,1,1730.0,1007094.948268,0.001718
sim_2019-02-09_2026-05-21_138e7b4fbb82,2022-10-05,short_straddle,1,4736.199951,1007094.598262,0.004703
sim_2019-02-09_2026-05-21_138e7b4fbb82,2022-10-05,put_credit_spread,1,1730.0,1007094.598262,0.001718
sim_2019-02-09_2026-05-21_138e7b4fbb82,2022-10-06,short_straddle,1,4736.199951,1007091.038265,0.004703
sim_2019-02-09_2026-05-21_138e7b4fbb82,2022-10-06,put_credit_spread,1,1730.0,1007091.038265,0.001718
sim_2019-02-09_2026-05-21_138e7b4fbb82,2022-10-07,short_straddle,1,4736.199951,1006968.778255,0.004703
sim_2019-02-09_2026-05-21_138e7b4fbb82,2022-10-07,put_credit_spread,1,1730.0,1006968.778255,0.001718
sim_2019-02-09_2026-05-21_138e7b4fbb82,2022-10-10,short_straddle,1,4736.199951,1006954.268245,0.004703
sim_2019-02-09_2026-05-21_138e7b4fbb82,2022-10-10,put_credit_spread,1,1730.0,1006954.268245,0.001718
sim_2019-02-09_2026-05-21_138e7b4fbb82,2022-10-11,short_straddle,1,4736.199951,1006954.598262,0.004703
sim_2019-02-09_2026-05-21_138e7b4fbb82,2022-10-11,put_credit_spread,1,1730.0,1006954.598262,0.001718
sim_2019-02-09_2026-05-21_138e7b4fbb82,2022-10-12,short_straddle,1,4008.200073,1006948.652177,0.003981
sim_2019-02-09_2026-05-21_138e7b4fbb82,2022-10-12,put_credit_spread,1,1730.0,1006948.652177,0.001718
sim_2019-02-09_2026-05-21_138e7b4fbb82,2022-10-13,short_straddle,1,4008.200073,1006947.750497,0.003981
sim_2019-02-09_2026-05-21_138e7b4fbb82,2022-10-13,put_credit_spread,1,1730.0,1006947.750497,0.001718
sim_2019-02-09_2026-05-21_138e7b4fbb82,2022-10-14,short_straddle,1,4008.200073,1006925.310556,0.003981
sim_2019-02-09_2026-05-21_138e7b4fbb82,2022-10-14,put_credit_spread,1,1730.0,1006925.310556,0.001718
sim_2019-02-09_2026-05-21_138e7b4fbb82,2022-10-17,short_straddle,1,4008.200073,1006956.750497,0.003981
sim_2019-02-09_2026-05-21_138e7b4fbb82,2022-10-17,put_credit_spread,1,1730.0,1006956.750497,0.001718
sim_2019-02-09_2026-05-21_138e7b4fbb82,2022-10-18,short_straddle,1,4008.200073,1006977.210519,0.00398
sim_2019-02-09_2026-05-21_138e7b4fbb82,2022-10-18,put_credit_spread,1,1730.0,1006977.210519,0.001718
sim_2019-02-09_2026-05-21_138e7b4fbb82,2022-10-19,short_straddle,1,4008.200073,1006970.490549,0.00398
sim_2019-02-09_2026-05-21_138e7b4fbb82,2022-10-19,put_credit_spread,1,1730.0,1006970.490549,0.001718
sim_2019-02-09_2026-05-21_138e7b4fbb82,2022-10-20,short_straddle,1,4008.200073,1006964.250497,0.00398
sim_2019-02-09_2026-05-21_138e7b4fbb82,2022-10-20,put_credit_spread,1,1730.0,1006964.250497,0.001718
sim_2019-02-09_2026-05-21_138e7b4fbb82,2022-10-21,short_straddle,1,4008.200073,1007491.670541,0.003978
sim_2019-02-09_2026-05-21_138e7b4fbb82,2022-10-21,put_credit_spread,0,0.0,1007491.670541,0.0
sim_2019-02-09_2026-05-21_138e7b4fbb82,2022-10-24,short_straddle,1,4008.200073,1007514.555439,0.003978
sim_2019-02-09_2026-05-21_138e7b4fbb82,2022-10-24,put_credit_spread,1,1530.0,1007514.555439,0.001519
sim_2019-02-09_2026-05-21_138e7b4fbb82,2022-10-25,short_straddle,1,4008.200073,1007535.195453,0.003978
sim_2019-02-09_2026-05-21_138e7b4fbb82,2022-10-25,put_credit_spread,1,1530.0,1007535.195453,0.001519
sim_2019-02-09_2026-05-21_138e7b4fbb82,2022-10-26,short_straddle,1,4008.200073,1007534.535541,0.003978
sim_2019-02-09_2026-05-21_138e7b4fbb82,2022-10-26,put_credit_spread,1,1530.0,1007534.535541,0.001519
sim_2019-02-09_2026-05-21_138e7b4fbb82,2022-10-27,short_straddle,1,4008.200073,1007547.015461,0.003978
sim_2019-02-09_2026-05-21_138e7b4fbb82,2022-10-27,put_credit_spread,1,1530.0,1007547.015461,0.001519
sim_2019-02-09_2026-05-21_138e7b4fbb82,2022-10-28,short_straddle,1,4008.200073,1007595.735432,0.003978
sim_2019-02-09_2026-05-21_138e7b4fbb82,2022-10-28,put_credit_spread,1,1530.0,1007595.735432,0.001518
sim_2019-02-09_2026-05-21_138e7b4fbb82,2022-10-31,short_straddle,1,4008.200073,1007588.775593,0.003978
sim_2019-02-09_2026-05-21_138e7b4fbb82,2022-10-31,put_credit_spread,1,1530.0,1007588.775593,0.001518
sim_2019-02-09_2026-05-21_138e7b4fbb82,2022-11-01,short_straddle,1,4008.200073,1007582.715534,0.003978
sim_2019-02-09_2026-05-21_138e7b4fbb82,2022-11-01,put_credit_spread,1,1530.0,1007582.715534,0.001518
sim_2019-02-09_2026-05-21_138e7b4fbb82,2022-11-02,short_straddle,1,4008.200073,1007814.804174,0.003977
sim_2019-02-09_2026-05-21_138e7b4fbb82,2022-11-02,put_credit_spread,1,1081.0,1007814.804174,0.001073
sim_2019-02-09_2026-05-21_138e7b4fbb82,2022-11-03,short_straddle,1,4008.200073,1007805.864233,0.003977
sim_2019-02-09_2026-05-21_138e7b4fbb82,2022-11-03,put_credit_spread,1,1081.0,1007805.864233,0.001073
sim_2019-02-09_2026-05-21_138e7b4fbb82,2022-11-04,short_straddle,1,4008.200073,1007831.48435,0.003977
sim_2019-02-09_2026-05-21_138e7b4fbb82,2022-11-04,put_credit_spread,1,1081.0,1007831.48435,0.001073
sim_2019-02-09_2026-05-21_138e7b4fbb82,2022-11-07,short_straddle,1,4008.200073,1007974.664343,0.003976
sim_2019-02-09_2026-05-21_138e7b4fbb82,2022-11-07,put_credit_spread,1,1081.0,1007974.664343,0.001072
sim_2019-02-09_2026-05-21_138e7b4fbb82,2022-11-08,short_straddle,1,4008.200073,1007994.404211,0.003976
sim_2019-02-09_2026-05-21_138e7b4fbb82,2022-11-08,put_credit_spread,1,1081.0,1007994.404211,0.001072
sim_2019-02-09_2026-05-21_138e7b4fbb82,2022-11-09,short_straddle,1,4864.299927,1007949.46947,0.004826
sim_2019-02-09_2026-05-21_138e7b4fbb82,2022-11-09,put_credit_spread,1,1081.0,1007949.46947,0.001072
sim_2019-02-09_2026-05-21_138e7b4fbb82,2022-11-10,short_straddle,1,4864.299927,1007948.62632,0.004826
sim_2019-02-09_2026-05-21_138e7b4fbb82,2022-11-10,put_credit_spread,1,1081.0,1007948.62632,0.001072
sim_2019-02-09_2026-05-21_138e7b4fbb82,2022-11-11,short_straddle,1,4864.299927,1007951.276314,0.004826
sim_2019-02-09_2026-05-21_138e7b4fbb82,2022-11-11,put_credit_spread,1,1081.0,1007951.276314,0.001072
sim_2019-02-09_2026-05-21_138e7b4fbb82,2022-11-14,short_straddle,1,4864.299927,1007941.176216,0.004826
sim_2019-02-09_2026-05-21_138e7b4fbb82,2022-11-14,put_credit_spread,1,1081.0,1007941.176216,0.001072
sim_2019-02-09_2026-05-21_138e7b4fbb82,2022-11-15,short_straddle,1,4864.299927,1007943.376229,0.004826
sim_2019-02-09_2026-05-21_138e7b4fbb82,2022-11-15,put_credit_spread,1,1081.0,1007943.376229,0.001072
sim_2019-02-09_2026-05-21_138e7b4fbb82,2022-11-16,short_straddle,1,4864.299927,1008051.055058,0.004825
sim_2019-02-09_2026-05-21_138e7b4fbb82,2022-11-16,put_credit_spread,1,1268.5,1008051.055058,0.001258
sim_2019-02-09_2026-05-21_138e7b4fbb82,2022-11-17,short_straddle,1,4864.299927,1008051.205052,0.004825
sim_2019-02-09_2026-05-21_138e7b4fbb82,2022-11-17,put_credit_spread,1,1268.5,1008051.205052,0.001258
sim_2019-02-09_2026-05-21_138e7b4fbb82,2022-11-18,short_straddle,1,4864.299927,1008089.554997,0.004825
sim_2019-02-09_2026-05-21_138e7b4fbb82,2022-11-18,put_credit_spread,1,1268.5,1008089.554997,0.001258
sim_2019-02-09_2026-05-21_138e7b4fbb82,2022-11-21,short_straddle,1,4864.299927,1008063.95496,0.004825
sim_2019-02-09_2026-05-21_138e7b4fbb82,2022-11-21,put_credit_spread,1,1268.5,1008063.95496,0.001258
sim_2019-02-09_2026-05-21_138e7b4fbb82,2022-11-22,short_straddle,1,4864.299927,1008083.504979,0.004825
sim_2019-02-09_2026-05-21_138e7b4fbb82,2022-11-22,put_credit_spread,1,1268.5,1008083.504979,0.001258
sim_2019-02-09_2026-05-21_138e7b4fbb82,2022-11-23,short_straddle,1,4864.299927,1008088.455082,0.004825
sim_2019-02-09_2026-05-21_138e7b4fbb82,2022-11-23,put_credit_spread,1,1268.5,1008088.455082,0.001258
sim_2019-02-09_2026-05-21_138e7b4fbb82,2022-11-25,short_straddle,1,4864.299927,1008096.304966,0.004825
sim_2019-02-09_2026-05-21_138e7b4fbb82,2022-11-25,put_credit_spread,1,1268.5,1008096.304966,0.001258
sim_2019-02-09_2026-05-21_138e7b4fbb82,2022-11-28,short_straddle,1,4864.299927,1008138.307823,0.004825
sim_2019-02-09_2026-05-21_138e7b4fbb82,2022-11-28,put_credit_spread,1,1268.5,1008138.307823,0.001258
sim_2019-02-09_2026-05-21_138e7b4fbb82,2022-11-29,short_straddle,1,4864.299927,1008125.712579,0.004825
sim_2019-02-09_2026-05-21_138e7b4fbb82,2022-11-29,put_credit_spread,1,1268.5,1008125.712579,0.001258
sim_2019-02-09_2026-05-21_138e7b4fbb82,2022-11-30,short_straddle,1,4864.299927,1008329.895243,0.004824
sim_2019-02-09_2026-05-21_138e7b4fbb82,2022-11-30,put_credit_spread,1,1819.0,1008329.895243,0.001804
sim_2019-02-09_2026-05-21_138e7b4fbb82,2022-12-01,short_straddle,1,4864.299927,1008321.195292,0.004824
sim_2019-02-09_2026-05-21_138e7b4fbb82,2022-12-01,put_credit_spread,1,1819.0,1008321.195292,0.001804
sim_2019-02-09_2026-05-21_138e7b4fbb82,2022-12-02,short_straddle,1,4864.299927,1008322.845225,0.004824
sim_2019-02-09_2026-05-21_138e7b4fbb82,2022-12-02,put_credit_spread,1,1819.0,1008322.845225,0.001804
sim_2019-02-09_2026-05-21_138e7b4fbb82,2022-12-05,short_straddle,1,4864.299927,1008299.295268,0.004824
sim_2019-02-09_2026-05-21_138e7b4fbb82,2022-12-05,put_credit_spread,1,1819.0,1008299.295268,0.001804
sim_2019-02-09_2026-05-21_138e7b4fbb82,2022-12-06,short_straddle,1,4864.299927,1008281.445231,0.004824
sim_2019-02-09_2026-05-21_138e7b4fbb82,2022-12-06,put_credit_spread,1,1819.0,1008281.445231,0.001804
sim_2019-02-09_2026-05-21_138e7b4fbb82,2022-12-07,short_straddle,1,5301.300049,1008275.008686,0.005258
sim_2019-02-09_2026-05-21_138e7b4fbb82,2022-12-07,put_credit_spread,1,1819.0,1008275.008686,0.001804
sim_2019-02-09_2026-05-21_138e7b4fbb82,2022-12-08,short_straddle,1,5301.300049,1008273.993306,0.005258
sim_2019-02-09_2026-05-21_138e7b4fbb82,2022-12-08,put_credit_spread,1,1819.0,1008273.993306,0.001804
sim_2019-02-09_2026-05-21_138e7b4fbb82,2022-12-09,short_straddle,1,5301.300049,1008255.453328,0.005258
sim_2019-02-09_2026-05-21_138e7b4fbb82,2022-12-09,put_credit_spread,1,1819.0,1008255.453328,0.001804
sim_2019-02-09_2026-05-21_138e7b4fbb82,2022-12-12,short_straddle,1,5301.300049,1008286.953328,0.005258
sim_2019-02-09_2026-05-21_138e7b4fbb82,2022-12-12,put_credit_spread,1,1819.0,1008286.953328,0.001804
sim_2019-02-09_2026-05-21_138e7b4fbb82,2022-12-13,short_straddle,1,5301.300049,1008294.093343,0.005258
sim_2019-02-09_2026-05-21_138e7b4fbb82,2022-12-13,put_credit_spread,1,1819.0,1008294.093343,0.001804
sim_2019-02-09_2026-05-21_138e7b4fbb82,2022-12-14,short_straddle,1,5301.300049,1008284.553365,0.005258
sim_2019-02-09_2026-05-21_138e7b4fbb82,2022-12-14,put_credit_spread,1,1819.0,1008284.553365,0.001804
sim_2019-02-09_2026-05-21_138e7b4fbb82,2022-12-15,short_straddle,1,5301.300049,1008240.033284,0.005258
sim_2019-02-09_2026-05-21_138e7b4fbb82,2022-12-15,put_credit_spread,1,1819.0,1008240.033284,0.001804
sim_2019-02-09_2026-05-21_138e7b4fbb82,2022-12-16,short_straddle,1,5301.300049,1008217.053365,0.005258
sim_2019-02-09_2026-05-21_138e7b4fbb82,2022-12-16,put_credit_spread,1,1819.0,1008217.053365,0.001804
sim_2019-02-09_2026-05-21_138e7b4fbb82,2022-12-19,short_straddle,1,5301.300049,1008207.513387,0.005258
sim_2019-02-09_2026-05-21_138e7b4fbb82,2022-12-19,put_credit_spread,1,1819.0,1008207.513387,0.001804
sim_2019-02-09_2026-05-21_138e7b4fbb82,2022-12-20,short_straddle,1,5301.300049,1008213.513387,0.005258
sim_2019-02-09_2026-05-21_138e7b4fbb82,2022-12-20,put_credit_spread,1,1819.0,1008213.513387,0.001804
sim_2019-02-09_2026-05-21_138e7b4fbb82,2022-12-21,short_straddle,1,5301.300049,1008244.833394,0.005258
sim_2019-02-09_2026-05-21_138e7b4fbb82,2022-12-21,put_credit_spread,1,1819.0,1008244.833394,0.001804
sim_2019-02-09_2026-05-21_138e7b4fbb82,2022-12-22,short_straddle,1,5301.300049,1008224.793416,0.005258
sim_2019-02-09_2026-05-21_138e7b4fbb82,2022-12-22,put_credit_spread,1,1819.0,1008224.793416,0.001804
sim_2019-02-09_2026-05-21_138e7b4fbb82,2022-12-23,short_straddle,1,5301.300049,1008234.813313,0.005258
sim_2019-02-09_2026-05-21_138e7b4fbb82,2022-12-23,put_credit_spread,1,1819.0,1008234.813313,0.001804
sim_2019-02-09_2026-05-21_138e7b4fbb82,2022-12-27,short_straddle,1,5301.300049,1008237.453328,0.005258
sim_2019-02-09_2026-05-21_138e7b4fbb82,2022-12-27,put_credit_spread,1,1819.0,1008237.453328,0.001804
sim_2019-02-09_2026-05-21_138e7b4fbb82,2022-12-28,short_straddle,1,5301.300049,1008210.352151,0.005258
sim_2019-02-09_2026-05-21_138e7b4fbb82,2022-12-28,put_credit_spread,1,1878.5,1008210.352151,0.001863
sim_2019-02-09_2026-05-21_138e7b4fbb82,2022-12-29,short_straddle,1,5301.300049,1008231.292093,0.005258
sim_2019-02-09_2026-05-21_138e7b4fbb82,2022-12-29,put_credit_spread,1,1878.5,1008231.292093,0.001863
sim_2019-02-09_2026-05-21_138e7b4fbb82,2022-12-30,short_straddle,1,5301.300049,1008201.412027,0.005258
sim_2019-02-09_2026-05-21_138e7b4fbb82,2022-12-30,put_credit_spread,1,1878.5,1008201.412027,0.001863
sim_2019-02-09_2026-05-21_138e7b4fbb82,2023-01-03,short_straddle,1,5301.300049,1008200.752115,0.005258
sim_2019-02-09_2026-05-21_138e7b4fbb82,2023-01-03,put_credit_spread,1,1878.5,1008200.752115,0.001863
sim_2019-02-09_2026-05-21_138e7b4fbb82,2023-01-04,short_straddle,1,5256.199951,1008202.383163,0.005213
sim_2019-02-09_2026-05-21_138e7b4fbb82,2023-01-04,put_credit_spread,1,1878.5,1008202.383163,0.001863
sim_2019-02-09_2026-05-21_138e7b4fbb82,2023-01-05,short_straddle,1,5256.199951,1008201.395503,0.005213
sim_2019-02-09_2026-05-21_138e7b4fbb82,2023-01-05,put_credit_spread,1,1878.5,1008201.395503,0.001863
sim_2019-02-09_2026-05-21_138e7b4fbb82,2023-01-06,short_straddle,1,5256.199951,1008243.755488,0.005213
sim_2019-02-09_2026-05-21_138e7b4fbb82,2023-01-06,put_credit_spread,1,1878.5,1008243.755488,0.001863
sim_2019-02-09_2026-05-21_138e7b4fbb82,2023-01-09,short_straddle,1,5256.199951,1008237.815547,0.005213
sim_2019-02-09_2026-05-21_138e7b4fbb82,2023-01-09,put_credit_spread,1,1878.5,1008237.815547,0.001863
sim_2019-02-09_2026-05-21_138e7b4fbb82,2023-01-10,short_straddle,1,5256.199951,1008249.455561,0.005213
sim_2019-02-09_2026-05-21_138e7b4fbb82,2023-01-10,put_credit_spread,1,1878.5,1008249.455561,0.001863
sim_2019-02-09_2026-05-21_138e7b4fbb82,2023-01-11,short_straddle,1,5256.199951,1008264.635554,0.005213
sim_2019-02-09_2026-05-21_138e7b4fbb82,2023-01-11,put_credit_spread,1,1878.5,1008264.635554,0.001863
sim_2019-02-09_2026-05-21_138e7b4fbb82,2023-01-12,short_straddle,1,5256.199951,1008278.075495,0.005213
sim_2019-02-09_2026-05-21_138e7b4fbb82,2023-01-12,put_credit_spread,1,1878.5,1008278.075495,0.001863
sim_2019-02-09_2026-05-21_138e7b4fbb82,2023-01-13,short_straddle,1,5256.199951,1008612.707797,0.005211
sim_2019-02-09_2026-05-21_138e7b4fbb82,2023-01-13,put_credit_spread,1,1199.0,1008612.707797,0.001189
sim_2019-02-09_2026-05-21_138e7b4fbb82,2023-01-17,short_straddle,1,5256.199951,1008589.427767,0.005211
sim_2019-02-09_2026-05-21_138e7b4fbb82,2023-01-17,put_credit_spread,1,1199.0,1008589.427767,0.001189
sim_2019-02-09_2026-05-21_138e7b4fbb82,2023-01-18,short_straddle,1,5256.199951,1008552.287753,0.005212
sim_2019-02-09_2026-05-21_138e7b4fbb82,2023-01-18,put_credit_spread,1,1199.0,1008552.287753,0.001189
sim_2019-02-09_2026-05-21_138e7b4fbb82,2023-01-19,short_straddle,1,5256.199951,1008538.247775,0.005212
sim_2019-02-09_2026-05-21_138e7b4fbb82,2023-01-19,put_credit_spread,1,1199.0,1008538.247775,0.001189
sim_2019-02-09_2026-05-21_138e7b4fbb82,2023-01-20,short_straddle,1,5256.199951,1008556.487826,0.005212
sim_2019-02-09_2026-05-21_138e7b4fbb82,2023-01-20,put_credit_spread,1,1199.0,1008556.487826,0.001189
sim_2019-02-09_2026-05-21_138e7b4fbb82,2023-01-23,short_straddle,1,5256.199951,1008571.487826,0.005212
sim_2019-02-09_2026-05-21_138e7b4fbb82,2023-01-23,put_credit_spread,1,1199.0,1008571.487826,0.001189
sim_2019-02-09_2026-05-21_138e7b4fbb82,2023-01-24,short_straddle,1,5256.199951,1008577.067782,0.005212
sim_2019-02-09_2026-05-21_138e7b4fbb82,2023-01-24,put_credit_spread,1,1199.0,1008577.067782,0.001189
sim_2019-02-09_2026-05-21_138e7b4fbb82,2023-01-25,short_straddle,1,5256.199951,1008578.387789,0.005211
sim_2019-02-09_2026-05-21_138e7b4fbb82,2023-01-25,put_credit_spread,1,1199.0,1008578.387789,0.001189
sim_2019-02-09_2026-05-21_138e7b4fbb82,2023-01-26,short_straddle,1,5256.199951,1008590.627658,0.005211
sim_2019-02-09_2026-05-21_138e7b4fbb82,2023-01-26,put_credit_spread,1,1199.0,1008590.627658,0.001189
sim_2019-02-09_2026-05-21_138e7b4fbb82,2023-01-27,short_straddle,1,5256.199951,1008592.127658,0.005211
sim_2019-02-09_2026-05-21_138e7b4fbb82,2023-01-27,put_credit_spread,1,1199.0,1008592.127658,0.001189
sim_2019-02-09_2026-05-21_138e7b4fbb82,2023-01-30,short_straddle,1,5256.199951,1008576.827731,0.005212
sim_2019-02-09_2026-05-21_138e7b4fbb82,2023-01-30,put_credit_spread,1,1199.0,1008576.827731,0.001189
sim_2019-02-09_2026-05-21_138e7b4fbb82,2023-01-31,short_straddle,1,5256.199951,1008599.447665,0.005211
sim_2019-02-09_2026-05-21_138e7b4fbb82,2023-01-31,put_credit_spread,1,1199.0,1008599.447665,0.001189
sim_2019-02-09_2026-05-21_138e7b4fbb82,2023-02-01,short_straddle,1,5697.399902,1008593.407606,0.005649
sim_2019-02-09_2026-05-21_138e7b4fbb82,2023-02-01,put_credit_spread,1,1199.0,1008593.407606,0.001189
sim_2019-02-09_2026-05-21_138e7b4fbb82,2023-02-02,short_straddle,1,5697.399902,1008592.726746,0.005649
sim_2019-02-09_2026-05-21_138e7b4fbb82,2023-02-02,put_credit_spread,1,1199.0,1008592.726746,0.001189
sim_2019-02-09_2026-05-21_138e7b4fbb82,2023-02-03,short_straddle,1,5697.399902,1008586.926819,0.005649
sim_2019-02-09_2026-05-21_138e7b4fbb82,2023-02-03,put_credit_spread,1,1199.0,1008586.926819,0.001189
sim_2019-02-09_2026-05-21_138e7b4fbb82,2023-02-06,short_straddle,1,5697.399902,1008584.926819,0.005649
sim_2019-02-09_2026-05-21_138e7b4fbb82,2023-02-06,put_credit_spread,1,1199.0,1008584.926819,0.001189
sim_2019-02-09_2026-05-21_138e7b4fbb82,2023-02-07,short_straddle,1,5697.399902,1008597.086731,0.005649
sim_2019-02-09_2026-05-21_138e7b4fbb82,2023-02-07,put_credit_spread,1,1199.0,1008597.086731,0.001189
sim_2019-02-09_2026-05-21_138e7b4fbb82,2023-02-08,short_straddle,1,5697.399902,1008588.686829,0.005649
sim_2019-02-09_2026-05-21_138e7b4fbb82,2023-02-08,put_credit_spread,1,1199.0,1008588.686829,0.001189
sim_2019-02-09_2026-05-21_138e7b4fbb82,2023-02-09,short_straddle,1,5697.399902,1008579.326722,0.005649
sim_2019-02-09_2026-05-21_138e7b4fbb82,2023-02-09,put_credit_spread,1,1199.0,1008579.326722,0.001189
sim_2019-02-09_2026-05-21_138e7b4fbb82,2023-02-10,short_straddle,1,5697.399902,1008782.784069,0.005648
sim_2019-02-09_2026-05-21_138e7b4fbb82,2023-02-10,put_credit_spread,1,1914.5,1008782.784069,0.001898
sim_2019-02-09_2026-05-21_138e7b4fbb82,2023-02-13,short_straddle,1,5697.399902,1008774.063977,0.005648
sim_2019-02-09_2026-05-21_138e7b4fbb82,2023-02-13,put_credit_spread,1,1914.5,1008774.063977,0.001898
sim_2019-02-09_2026-05-21_138e7b4fbb82,2023-02-14,short_straddle,1,5697.399902,1008768.424084,0.005648
sim_2019-02-09_2026-05-21_138e7b4fbb82,2023-02-14,put_credit_spread,1,1914.5,1008768.424084,0.001898
sim_2019-02-09_2026-05-21_138e7b4fbb82,2023-02-15,short_straddle,1,5697.399902,1008770.50404,0.005648
sim_2019-02-09_2026-05-21_138e7b4fbb82,2023-02-15,put_credit_spread,1,1914.5,1008770.50404,0.001898
sim_2019-02-09_2026-05-21_138e7b4fbb82,2023-02-16,short_straddle,1,5697.399902,1008753.424084,0.005648
sim_2019-02-09_2026-05-21_138e7b4fbb82,2023-02-16,put_credit_spread,1,1914.5,1008753.424084,0.001898
sim_2019-02-09_2026-05-21_138e7b4fbb82,2023-02-17,short_straddle,1,5697.399902,1008757.02406,0.005648
sim_2019-02-09_2026-05-21_138e7b4fbb82,2023-02-17,put_credit_spread,1,1914.5,1008757.02406,0.001898
sim_2019-02-09_2026-05-21_138e7b4fbb82,2023-02-21,short_straddle,1,5697.399902,1008728.864025,0.005648
sim_2019-02-09_2026-05-21_138e7b4fbb82,2023-02-21,put_credit_spread,1,1914.5,1008728.864025,0.001898
sim_2019-02-09_2026-05-21_138e7b4fbb82,2023-02-22,short_straddle,1,5697.399902,1008737.943981,0.005648
sim_2019-02-09_2026-05-21_138e7b4fbb82,2023-02-22,put_credit_spread,1,1914.5,1008737.943981,0.001898
sim_2019-02-09_2026-05-21_138e7b4fbb82,2023-02-23,short_straddle,1,5697.399902,1008742.544079,0.005648
sim_2019-02-09_2026-05-21_138e7b4fbb82,2023-02-23,put_credit_spread,1,1914.5,1008742.544079,0.001898
sim_2019-02-09_2026-05-21_138e7b4fbb82,2023-02-24,short_straddle,1,5697.399902,1008709.844006,0.005648
sim_2019-02-09_2026-05-21_138e7b4fbb82,2023-02-24,put_credit_spread,1,1914.5,1008709.844006,0.001898
sim_2019-02-09_2026-05-21_138e7b4fbb82,2023-02-27,short_straddle,1,5697.399902,1008713.604016,0.005648
sim_2019-02-09_2026-05-21_138e7b4fbb82,2023-02-27,put_credit_spread,1,1914.5,1008713.604016,0.001898
sim_2019-02-09_2026-05-21_138e7b4fbb82,2023-02-28,short_straddle,1,5697.399902,1008703.644055,0.005648
sim_2019-02-09_2026-05-21_138e7b4fbb82,2023-02-28,put_credit_spread,1,1914.5,1008703.644055,0.001898
sim_2019-02-09_2026-05-21_138e7b4fbb82,2023-03-01,short_straddle,1,5240.0,1008699.500025,0.005195
sim_2019-02-09_2026-05-21_138e7b4fbb82,2023-03-01,put_credit_spread,1,1914.5,1008699.500025,0.001898
sim_2019-02-09_2026-05-21_138e7b4fbb82,2023-03-02,short_straddle,1,5240.0,1008698.343485,0.005195
sim_2019-02-09_2026-05-21_138e7b4fbb82,2023-03-02,put_credit_spread,1,1914.5,1008698.343485,0.001898
sim_2019-02-09_2026-05-21_138e7b4fbb82,2023-03-03,short_straddle,1,5240.0,1008724.733409,0.005195
sim_2019-02-09_2026-05-21_138e7b4fbb82,2023-03-03,put_credit_spread,1,1914.5,1008724.733409,0.001898
sim_2019-02-09_2026-05-21_138e7b4fbb82,2023-03-06,short_straddle,1,5240.0,1008728.023417,0.005195
sim_2019-02-09_2026-05-21_138e7b4fbb82,2023-03-06,put_credit_spread,1,1914.5,1008728.023417,0.001898
sim_2019-02-09_2026-05-21_138e7b4fbb82,2023-03-07,short_straddle,1,5240.0,1008687.353434,0.005195
sim_2019-02-09_2026-05-21_138e7b4fbb82,2023-03-07,put_credit_spread,1,1914.5,1008687.353434,0.001898
sim_2019-02-09_2026-05-21_138e7b4fbb82,2023-03-08,short_straddle,1,5240.0,1008680.4029,0.005195
sim_2019-02-09_2026-05-21_138e7b4fbb82,2023-03-08,put_credit_spread,1,1635.0,1008680.4029,0.001621
sim_2019-02-09_2026-05-21_138e7b4fbb82,2023-03-09,short_straddle,1,5240.0,1008642.532874,0.005195
sim_2019-02-09_2026-05-21_138e7b4fbb82,2023-03-09,put_credit_spread,1,1635.0,1008642.532874,0.001621
sim_2019-02-09_2026-05-21_138e7b4fbb82,2023-03-10,short_straddle,1,5240.0,1008619.083045,0.005195
sim_2019-02-09_2026-05-21_138e7b4fbb82,2023-03-10,put_credit_spread,1,1635.0,1008619.083045,0.001621
sim_2019-02-09_2026-05-21_138e7b4fbb82,2023-03-13,short_straddle,1,5240.0,1008612.71302,0.005195
sim_2019-02-09_2026-05-21_138e7b4fbb82,2023-03-13,put_credit_spread,1,1635.0,1008612.71302,0.001621
sim_2019-02-09_2026-05-21_138e7b4fbb82,2023-03-14,short_straddle,1,5240.0,1008636.302985,0.005195
sim_2019-02-09_2026-05-21_138e7b4fbb82,2023-03-14,put_credit_spread,1,1635.0,1008636.302985,0.001621
sim_2019-02-09_2026-05-21_138e7b4fbb82,2023-03-15,short_straddle,1,5240.0,1008617.753028,0.005195
sim_2019-02-09_2026-05-21_138e7b4fbb82,2023-03-15,put_credit_spread,1,1635.0,1008617.753028,0.001621
sim_2019-02-09_2026-05-21_138e7b4fbb82,2023-03-16,short_straddle,1,5240.0,1008643.722968,0.005195
sim_2019-02-09_2026-05-21_138e7b4fbb82,2023-03-16,put_credit_spread,1,1635.0,1008643.722968,0.001621
sim_2019-02-09_2026-05-21_138e7b4fbb82,2023-03-17,short_straddle,1,5240.0,1008610.472968,0.005195
sim_2019-02-09_2026-05-21_138e7b4fbb82,2023-03-17,put_credit_spread,1,1635.0,1008610.472968,0.001621
sim_2019-02-09_2026-05-21_138e7b4fbb82,2023-03-20,short_straddle,1,5240.0,1008637.072883,0.005195
sim_2019-02-09_2026-05-21_138e7b4fbb82,2023-03-20,put_credit_spread,1,1635.0,1008637.072883,0.001621
sim_2019-02-09_2026-05-21_138e7b4fbb82,2023-03-21,short_straddle,1,5240.0,1008660.312934,0.005195
sim_2019-02-09_2026-05-21_138e7b4fbb82,2023-03-21,put_credit_spread,1,1635.0,1008660.312934,0.001621
sim_2019-02-09_2026-05-21_138e7b4fbb82,2023-03-22,short_straddle,1,5240.0,1008622.232917,0.005195
sim_2019-02-09_2026-05-21_138e7b4fbb82,2023-03-22,put_credit_spread,1,1635.0,1008622.232917,0.001621
sim_2019-02-09_2026-05-21_138e7b4fbb82,2023-03-23,short_straddle,1,5240.0,1008626.852943,0.005195
sim_2019-02-09_2026-05-21_138e7b4fbb82,2023-03-23,put_credit_spread,1,1635.0,1008626.852943,0.001621
sim_2019-02-09_2026-05-21_138e7b4fbb82,2023-03-24,short_straddle,1,5240.0,1008619.71302,0.005195
sim_2019-02-09_2026-05-21_138e7b4fbb82,2023-03-24,put_credit_spread,1,1635.0,1008619.71302,0.001621
sim_2019-02-09_2026-05-21_138e7b4fbb82,2023-03-27,short_straddle,1,5240.0,1008633.642951,0.005195
sim_2019-02-09_2026-05-21_138e7b4fbb82,2023-03-27,put_credit_spread,1,1635.0,1008633.642951,0.001621
sim_2019-02-09_2026-05-21_138e7b4fbb82,2023-03-28,short_straddle,1,5240.0,1008630.142951,0.005195
sim_2019-02-09_2026-05-21_138e7b4fbb82,2023-03-28,put_credit_spread,1,1635.0,1008630.142951,0.001621
sim_2019-02-09_2026-05-21_138e7b4fbb82,2023-03-29,short_straddle,1,5336.599731,1008646.635594,0.005291
sim_2019-02-09_2026-05-21_138e7b4fbb82,2023-03-29,put_credit_spread,1,1635.0,1008646.635594,0.001621
sim_2019-02-09_2026-05-21_138e7b4fbb82,2023-03-30,short_straddle,1,5336.599731,1008645.485914,0.005291
sim_2019-02-09_2026-05-21_138e7b4fbb82,2023-03-30,put_credit_spread,1,1635.0,1008645.485914,0.001621
sim_2019-02-09_2026-05-21_138e7b4fbb82,2023-03-31,short_straddle,1,5336.599731,1008674.465803,0.005291
sim_2019-02-09_2026-05-21_138e7b4fbb82,2023-03-31,put_credit_spread,1,1635.0,1008674.465803,0.001621
sim_2019-02-09_2026-05-21_138e7b4fbb82,2023-04-03,short_straddle,1,5336.599731,1008697.495863,0.005291
sim_2019-02-09_2026-05-21_138e7b4fbb82,2023-04-03,put_credit_spread,1,1635.0,1008697.495863,0.001621
sim_2019-02-09_2026-05-21_138e7b4fbb82,2023-04-04,short_straddle,1,5336.599731,1008683.705855,0.005291
sim_2019-02-09_2026-05-21_138e7b4fbb82,2023-04-04,put_credit_spread,1,1635.0,1008683.705855,0.001621
sim_2019-02-09_2026-05-21_138e7b4fbb82,2023-04-05,short_straddle,1,5336.599731,1008689.865889,0.005291
sim_2019-02-09_2026-05-21_138e7b4fbb82,2023-04-05,put_credit_spread,1,1635.0,1008689.865889,0.001621
sim_2019-02-09_2026-05-21_138e7b4fbb82,2023-04-06,short_straddle,1,5336.599731,1008970.925795,0.005289
sim_2019-02-09_2026-05-21_138e7b4fbb82,2023-04-06,put_credit_spread,0,0.0,1008970.925795,0.0
sim_2019-02-09_2026-05-21_138e7b4fbb82,2023-04-10,short_straddle,1,5336.599731,1008976.261278,0.005289
sim_2019-02-09_2026-05-21_138e7b4fbb82,2023-04-10,put_credit_spread,1,1131.0,1008976.261278,0.001121
sim_2019-02-09_2026-05-21_138e7b4fbb82,2023-04-11,short_straddle,1,5336.599731,1008982.841295,0.005289
sim_2019-02-09_2026-05-21_138e7b4fbb82,2023-04-11,put_credit_spread,1,1131.0,1008982.841295,0.001121
sim_2019-02-09_2026-05-21_138e7b4fbb82,2023-04-12,short_straddle,1,5336.599731,1008980.811235,0.005289
sim_2019-02-09_2026-05-21_138e7b4fbb82,2023-04-12,put_credit_spread,1,1131.0,1008980.811235,0.001121
sim_2019-02-09_2026-05-21_138e7b4fbb82,2023-04-13,short_straddle,1,5336.599731,1009007.131303,0.005289
sim_2019-02-09_2026-05-21_138e7b4fbb82,2023-04-13,put_credit_spread,1,1131.0,1009007.131303,0.001121
sim_2019-02-09_2026-05-21_138e7b4fbb82,2023-04-14,short_straddle,1,5336.599731,1008996.421312,0.005289
sim_2019-02-09_2026-05-21_138e7b4fbb82,2023-04-14,put_credit_spread,1,1131.0,1008996.421312,0.001121
sim_2019-02-09_2026-05-21_138e7b4fbb82,2023-04-17,short_straddle,1,5336.599731,1009003.981431,0.005289
sim_2019-02-09_2026-05-21_138e7b4fbb82,2023-04-17,put_credit_spread,1,1131.0,1009003.981431,0.001121
sim_2019-02-09_2026-05-21_138e7b4fbb82,2023-04-18,short_straddle,1,5336.599731,1009003.141252,0.005289
sim_2019-02-09_2026-05-21_138e7b4fbb82,2023-04-18,put_credit_spread,1,1131.0,1009003.141252,0.001121
sim_2019-02-09_2026-05-21_138e7b4fbb82,2023-04-19,short_straddle,1,5336.599731,1008997.471269,0.005289
sim_2019-02-09_2026-05-21_138e7b4fbb82,2023-04-19,put_credit_spread,1,1131.0,1008997.471269,0.001121
sim_2019-02-09_2026-05-21_138e7b4fbb82,2023-04-20,short_straddle,1,5336.599731,1008990.191423,0.005289
sim_2019-02-09_2026-05-21_138e7b4fbb82,2023-04-20,put_credit_spread,1,1131.0,1008990.191423,0.001121
sim_2019-02-09_2026-05-21_138e7b4fbb82,2023-04-21,short_straddle,1,5336.599731,1008991.311235,0.005289
sim_2019-02-09_2026-05-21_138e7b4fbb82,2023-04-21,put_credit_spread,1,1131.0,1008991.311235,0.001121
sim_2019-02-09_2026-05-21_138e7b4fbb82,2023-04-24,short_straddle,1,5336.599731,1008995.791337,0.005289
sim_2019-02-09_2026-05-21_138e7b4fbb82,2023-04-24,put_credit_spread,1,1131.0,1008995.791337,0.001121
sim_2019-02-09_2026-05-21_138e7b4fbb82,2023-04-25,short_straddle,1,5336.599731,1008971.851243,0.005289
sim_2019-02-09_2026-05-21_138e7b4fbb82,2023-04-25,put_credit_spread,1,1131.0,1008971.851243,0.001121
sim_2019-02-09_2026-05-21_138e7b4fbb82,2023-04-26,short_straddle,1,5476.500244,1008948.832348,0.005428
sim_2019-02-09_2026-05-21_138e7b4fbb82,2023-04-26,put_credit_spread,1,1131.0,1008948.832348,0.001121
sim_2019-02-09_2026-05-21_138e7b4fbb82,2023-04-27,short_straddle,1,5476.500244,1008947.817748,0.005428
sim_2019-02-09_2026-05-21_138e7b4fbb82,2023-04-27,put_credit_spread,1,1131.0,1008947.817748,0.001121
sim_2019-02-09_2026-05-21_138e7b4fbb82,2023-04-28,short_straddle,1,5476.500244,1008964.797667,0.005428
sim_2019-02-09_2026-05-21_138e7b4fbb82,2023-04-28,put_credit_spread,1,1131.0,1008964.797667,0.001121
sim_2019-02-09_2026-05-21_138e7b4fbb82,2023-05-01,short_straddle,1,5476.500244,1008960.777587,0.005428
sim_2019-02-09_2026-05-21_138e7b4fbb82,2023-05-01,put_credit_spread,1,1131.0,1008960.777587,0.001121
sim_2019-02-09_2026-05-21_138e7b4fbb82,2023-05-02,short_straddle,1,5476.500244,1008939.837645,0.005428
sim_2019-02-09_2026-05-21_138e7b4fbb82,2023-05-02,put_credit_spread,1,1131.0,1008939.837645,0.001121
sim_2019-02-09_2026-05-21_138e7b4fbb82,2023-05-03,short_straddle,1,5476.500244,1008923.277587,0.005428
sim_2019-02-09_2026-05-21_138e7b4fbb82,2023-05-03,put_credit_spread,1,1131.0,1008923.277587,0.001121
sim_2019-02-09_2026-05-21_138e7b4fbb82,2023-05-04,short_straddle,1,5476.500244,1008906.597594,0.005428
sim_2019-02-09_2026-05-21_138e7b4fbb82,2023-05-04,put_credit_spread,1,1131.0,1008906.597594,0.001121
sim_2019-02-09_2026-05-21_138e7b4fbb82,2023-05-05,short_straddle,1,5476.500244,1009103.90974,0.005427
sim_2019-02-09_2026-05-21_138e7b4fbb82,2023-05-05,put_credit_spread,1,1124.0,1009103.90974,0.001114
sim_2019-02-09_2026-05-21_138e7b4fbb82,2023-05-08,short_straddle,1,5476.500244,1009100.849682,0.005427
sim_2019-02-09_2026-05-21_138e7b4fbb82,2023-05-08,put_credit_spread,1,1124.0,1009100.849682,0.001114
sim_2019-02-09_2026-05-21_138e7b4fbb82,2023-05-09,short_straddle,1,5476.500244,1009098.149609,0.005427
sim_2019-02-09_2026-05-21_138e7b4fbb82,2023-05-09,put_credit_spread,1,1124.0,1009098.149609,0.001114
sim_2019-02-09_2026-05-21_138e7b4fbb82,2023-05-10,short_straddle,1,5476.500244,1009096.469616,0.005427
sim_2019-02-09_2026-05-21_138e7b4fbb82,2023-05-10,put_credit_spread,1,1124.0,1009096.469616,0.001114
sim_2019-02-09_2026-05-21_138e7b4fbb82,2023-05-11,short_straddle,1,5476.500244,1009083.509594,0.005427
sim_2019-02-09_2026-05-21_138e7b4fbb82,2023-05-11,put_credit_spread,1,1124.0,1009083.509594,0.001114
sim_2019-02-09_2026-05-21_138e7b4fbb82,2023-05-12,short_straddle,1,5476.500244,1009623.896948,0.005424
sim_2019-02-09_2026-05-21_138e7b4fbb82,2023-05-12,put_credit_spread,1,1124.0,1009623.896948,0.001113
sim_2019-02-09_2026-05-21_138e7b4fbb82,2023-05-15,short_straddle,1,5476.500244,1009621.421914,0.005424
sim_2019-02-09_2026-05-21_138e7b4fbb82,2023-05-15,put_credit_spread,1,1124.0,1009621.421914,0.001113
sim_2019-02-09_2026-05-21_138e7b4fbb82,2023-05-16,short_straddle,1,5476.500244,1009600.902017,0.005424
sim_2019-02-09_2026-05-21_138e7b4fbb82,2023-05-16,put_credit_spread,1,1124.0,1009600.902017,0.001113
sim_2019-02-09_2026-05-21_138e7b4fbb82,2023-05-17,short_straddle,1,5476.500244,1009626.461892,0.005424
sim_2019-02-09_2026-05-21_138e7b4fbb82,2023-05-17,put_credit_spread,1,1124.0,1009626.461892,0.001113
sim_2019-02-09_2026-05-21_138e7b4fbb82,2023-05-18,short_straddle,1,5476.500244,1009635.161965,0.005424
sim_2019-02-09_2026-05-21_138e7b4fbb82,2023-05-18,put_credit_spread,1,1124.0,1009635.161965,0.001113
sim_2019-02-09_2026-05-21_138e7b4fbb82,2023-05-19,short_straddle,1,5476.500244,1009623.941995,0.005424
sim_2019-02-09_2026-05-21_138e7b4fbb82,2023-05-19,put_credit_spread,1,1124.0,1009623.941995,0.001113
sim_2019-02-09_2026-05-21_138e7b4fbb82,2023-05-22,short_straddle,1,5476.500244,1009616.201943,0.005424
sim_2019-02-09_2026-05-21_138e7b4fbb82,2023-05-22,put_credit_spread,1,1124.0,1009616.201943,0.001113
sim_2019-02-09_2026-05-21_138e7b4fbb82,2023-05-23,short_straddle,1,5476.500244,1009602.461892,0.005424
sim_2019-02-09_2026-05-21_138e7b4fbb82,2023-05-23,put_credit_spread,1,1124.0,1009602.461892,0.001113
sim_2019-02-09_2026-05-21_138e7b4fbb82,2023-05-24,short_straddle,1,5390.200195,1009580.973009,0.005339
sim_2019-02-09_2026-05-21_138e7b4fbb82,2023-05-24,put_credit_spread,1,1124.0,1009580.973009,0.001113
sim_2019-02-09_2026-05-21_138e7b4fbb82,2023-05-25,short_straddle,1,5390.200195,1009579.989759,0.005339
sim_2019-02-09_2026-05-21_138e7b4fbb82,2023-05-25,put_credit_spread,1,1124.0,1009579.989759,0.001113
sim_2019-02-09_2026-05-21_138e7b4fbb82,2023-05-26,short_straddle,1,5390.200195,1009598.529737,0.005339
sim_2019-02-09_2026-05-21_138e7b4fbb82,2023-05-26,put_credit_spread,1,1124.0,1009598.529737,0.001113
sim_2019-02-09_2026-05-21_138e7b4fbb82,2023-05-30,short_straddle,1,5390.200195,1009596.609693,0.005339
sim_2019-02-09_2026-05-21_138e7b4fbb82,2023-05-30,put_credit_spread,1,1124.0,1009596.609693,0.001113
sim_2019-02-09_2026-05-21_138e7b4fbb82,2023-05-31,short_straddle,1,5390.200195,1009586.409693,0.005339
sim_2019-02-09_2026-05-21_138e7b4fbb82,2023-05-31,put_credit_spread,1,1776.0,1009586.409693,0.001759
sim_2019-02-09_2026-05-21_138e7b4fbb82,2023-06-01,short_straddle,1,5390.200195,1009594.929773,0.005339
sim_2019-02-09_2026-05-21_138e7b4fbb82,2023-06-01,put_credit_spread,1,1776.0,1009594.929773,0.001759
sim_2019-02-09_2026-05-21_138e7b4fbb82,2023-06-02,short_straddle,1,5390.200195,1009637.709803,0.005339
sim_2019-02-09_2026-05-21_138e7b4fbb82,2023-06-02,put_credit_spread,1,1776.0,1009637.709803,0.001759
sim_2019-02-09_2026-05-21_138e7b4fbb82,2023-06-05,short_straddle,1,5390.200195,1009626.069788,0.005339
sim_2019-02-09_2026-05-21_138e7b4fbb82,2023-06-05,put_credit_spread,1,1776.0,1009626.069788,0.001759
sim_2019-02-09_2026-05-21_138e7b4fbb82,2023-06-06,short_straddle,1,5390.200195,1009626.309839,0.005339
sim_2019-02-09_2026-05-21_138e7b4fbb82,2023-06-06,put_credit_spread,1,1776.0,1009626.309839,0.001759
sim_2019-02-09_2026-05-21_138e7b4fbb82,2023-06-07,short_straddle,1,5390.200195,1009632.309839,0.005339
sim_2019-02-09_2026-05-21_138e7b4fbb82,2023-06-07,put_credit_spread,1,1776.0,1009632.309839,0.001759
sim_2019-02-09_2026-05-21_138e7b4fbb82,2023-06-08,short_straddle,1,5390.200195,1009642.149744,0.005339
sim_2019-02-09_2026-05-21_138e7b4fbb82,2023-06-08,put_credit_spread,1,1776.0,1009642.149744,0.001759
sim_2019-02-09_2026-05-21_138e7b4fbb82,2023-06-09,short_straddle,1,5390.200195,1009644.909693,0.005339
sim_2019-02-09_2026-05-21_138e7b4fbb82,2023-06-09,put_credit_spread,1,1776.0,1009644.909693,0.001759
sim_2019-02-09_2026-05-21_138e7b4fbb82,2023-06-12,short_straddle,1,5390.200195,1009656.309839,0.005339
sim_2019-02-09_2026-05-21_138e7b4fbb82,2023-06-12,put_credit_spread,1,1776.0,1009656.309839,0.001759
sim_2019-02-09_2026-05-21_138e7b4fbb82,2023-06-13,short_straddle,1,5390.200195,1009665.009729,0.005339
sim_2019-02-09_2026-05-21_138e7b4fbb82,2023-06-13,put_credit_spread,1,1776.0,1009665.009729,0.001759
sim_2019-02-09_2026-05-21_138e7b4fbb82,2023-06-14,short_straddle,1,5390.200195,1009651.809839,0.005339
sim_2019-02-09_2026-05-21_138e7b4fbb82,2023-06-14,put_credit_spread,1,1776.0,1009651.809839,0.001759
sim_2019-02-09_2026-05-21_138e7b4fbb82,2023-06-15,short_straddle,1,5390.200195,1009677.909693,0.005339
sim_2019-02-09_2026-05-21_138e7b4fbb82,2023-06-15,put_credit_spread,1,1776.0,1009677.909693,0.001759
sim_2019-02-09_2026-05-21_138e7b4fbb82,2023-06-16,short_straddle,1,5390.200195,1009666.989832,0.005339
sim_2019-02-09_2026-05-21_138e7b4fbb82,2023-06-16,put_credit_spread,1,1776.0,1009666.989832,0.001759
sim_2019-02-09_2026-05-21_138e7b4fbb82,2023-06-20,short_straddle,1,5390.200195,1009652.049707,0.005339
sim_2019-02-09_2026-05-21_138e7b4fbb82,2023-06-20,put_credit_spread,1,1776.0,1009652.049707,0.001759
sim_2019-02-09_2026-05-21_138e7b4fbb82,2023-06-21,short_straddle,1,5916.099854,1009639.830175,0.00586
sim_2019-02-09_2026-05-21_138e7b4fbb82,2023-06-21,put_credit_spread,1,1776.0,1009639.830175,0.001759
sim_2019-02-09_2026-05-21_138e7b4fbb82,2023-06-22,short_straddle,1,5916.099854,1009637.454795,0.00586
sim_2019-02-09_2026-05-21_138e7b4fbb82,2023-06-22,put_credit_spread,1,1776.0,1009637.454795,0.001759
sim_2019-02-09_2026-05-21_138e7b4fbb82,2023-06-23,short_straddle,1,5916.099854,1009606.934897,0.00586
sim_2019-02-09_2026-05-21_138e7b4fbb82,2023-06-23,put_credit_spread,1,1776.0,1009606.934897,0.001759
sim_2019-02-09_2026-05-21_138e7b4fbb82,2023-06-26,short_straddle,1,5916.099854,1009606.655051,0.00586
sim_2019-02-09_2026-05-21_138e7b4fbb82,2023-06-26,put_credit_spread,1,1776.0,1009606.655051,0.001759
sim_2019-02-09_2026-05-21_138e7b4fbb82,2023-06-27,short_straddle,1,5916.099854,1009635.915,0.00586
sim_2019-02-09_2026-05-21_138e7b4fbb82,2023-06-27,put_credit_spread,1,1776.0,1009635.915,0.001759
sim_2019-02-09_2026-05-21_138e7b4fbb82,2023-06-28,short_straddle,1,5916.099854,1009627.514914,0.00586
sim_2019-02-09_2026-05-21_138e7b4fbb82,2023-06-28,put_credit_spread,1,1776.0,1009627.514914,0.001759
sim_2019-02-09_2026-05-21_138e7b4fbb82,2023-06-29,short_straddle,1,5916.099854,1009662.934897,0.005859
sim_2019-02-09_2026-05-21_138e7b4fbb82,2023-06-29,put_credit_spread,1,1776.0,1009662.934897,0.001759
sim_2019-02-09_2026-05-21_138e7b4fbb82,2023-06-30,short_straddle,1,5916.099854,1009920.556431,0.005858
sim_2019-02-09_2026-05-21_138e7b4fbb82,2023-06-30,put_credit_spread,1,623.0,1009920.556431,0.000617
sim_2019-02-09_2026-05-21_138e7b4fbb82,2023-07-03,short_straddle,1,5916.099854,1009923.636449,0.005858
sim_2019-02-09_2026-05-21_138e7b4fbb82,2023-07-03,put_credit_spread,1,623.0,1009923.636449,0.000617
sim_2019-02-09_2026-05-21_138e7b4fbb82,2023-07-05,short_straddle,1,5916.099854,1009905.996312,0.005858
sim_2019-02-09_2026-05-21_138e7b4fbb82,2023-07-05,put_credit_spread,1,623.0,1009905.996312,0.000617
sim_2019-02-09_2026-05-21_138e7b4fbb82,2023-07-06,short_straddle,1,5916.099854,1009855.8765,0.005858
sim_2019-02-09_2026-05-21_138e7b4fbb82,2023-07-06,put_credit_spread,1,623.0,1009855.8765,0.000617
sim_2019-02-09_2026-05-21_138e7b4fbb82,2023-07-07,short_straddle,1,5916.099854,1009830.676244,0.005859
sim_2019-02-09_2026-05-21_138e7b4fbb82,2023-07-07,put_credit_spread,1,623.0,1009830.676244,0.000617
sim_2019-02-09_2026-05-21_138e7b4fbb82,2023-07-10,short_straddle,1,5916.099854,1009860.776158,0.005858
sim_2019-02-09_2026-05-21_138e7b4fbb82,2023-07-10,put_credit_spread,1,623.0,1009860.776158,0.000617
sim_2019-02-09_2026-05-21_138e7b4fbb82,2023-07-11,short_straddle,1,5916.099854,1009903.616551,0.005858
sim_2019-02-09_2026-05-21_138e7b4fbb82,2023-07-11,put_credit_spread,1,623.0,1009903.616551,0.000617
sim_2019-02-09_2026-05-21_138e7b4fbb82,2023-07-12,short_straddle,1,5916.099854,1009929.976414,0.005858
sim_2019-02-09_2026-05-21_138e7b4fbb82,2023-07-12,put_credit_spread,1,623.0,1009929.976414,0.000617
sim_2019-02-09_2026-05-21_138e7b4fbb82,2023-07-13,short_straddle,1,5916.099854,1009934.036534,0.005858
sim_2019-02-09_2026-05-21_138e7b4fbb82,2023-07-13,put_credit_spread,1,623.0,1009934.036534,0.000617
sim_2019-02-09_2026-05-21_138e7b4fbb82,2023-07-14,short_straddle,1,5916.099854,1009951.536534,0.005858
sim_2019-02-09_2026-05-21_138e7b4fbb82,2023-07-14,put_credit_spread,1,623.0,1009951.536534,0.000617
sim_2019-02-09_2026-05-21_138e7b4fbb82,2023-07-17,short_straddle,1,5916.099854,1009961.056431,0.005858
sim_2019-02-09_2026-05-21_138e7b4fbb82,2023-07-17,put_credit_spread,1,623.0,1009961.056431,0.000617
sim_2019-02-09_2026-05-21_138e7b4fbb82,2023-07-18,short_straddle,1,5916.099854,1010013.276158,0.005857
sim_2019-02-09_2026-05-21_138e7b4fbb82,2023-07-18,put_credit_spread,1,623.0,1010013.276158,0.000617
sim_2019-02-09_2026-05-21_138e7b4fbb82,2023-07-19,short_straddle,1,6118.800049,1010021.4778,0.006058
sim_2019-02-09_2026-05-21_138e7b4fbb82,2023-07-19,put_credit_spread,1,623.0,1010021.4778,0.000617
sim_2019-02-09_2026-05-21_138e7b4fbb82,2023-07-20,short_straddle,1,6118.800049,1010020.596725,0.006058
sim_2019-02-09_2026-05-21_138e7b4fbb82,2023-07-20,put_credit_spread,1,623.0,1010020.596725,0.000617
sim_2019-02-09_2026-05-21_138e7b4fbb82,2023-07-21,short_straddle,1,6118.800049,1010019.146835,0.006058
sim_2019-02-09_2026-05-21_138e7b4fbb82,2023-07-21,put_credit_spread,1,623.0,1010019.146835,0.000617
sim_2019-02-09_2026-05-21_138e7b4fbb82,2023-07-24,short_straddle,1,6118.800049,1010028.796798,0.006058
sim_2019-02-09_2026-05-21_138e7b4fbb82,2023-07-24,put_credit_spread,1,623.0,1010028.796798,0.000617
sim_2019-02-09_2026-05-21_138e7b4fbb82,2023-07-25,short_straddle,1,6118.800049,1010030.046798,0.006058
sim_2019-02-09_2026-05-21_138e7b4fbb82,2023-07-25,put_credit_spread,1,623.0,1010030.046798,0.000617
sim_2019-02-09_2026-05-21_138e7b4fbb82,2023-07-26,short_straddle,1,6118.800049,1010034.696762,0.006058
sim_2019-02-09_2026-05-21_138e7b4fbb82,2023-07-26,put_credit_spread,1,623.0,1010034.696762,0.000617
sim_2019-02-09_2026-05-21_138e7b4fbb82,2023-07-27,short_straddle,1,6118.800049,1010022.296707,0.006058
sim_2019-02-09_2026-05-21_138e7b4fbb82,2023-07-27,put_credit_spread,1,623.0,1010022.296707,0.000617
sim_2019-02-09_2026-05-21_138e7b4fbb82,2023-07-28,short_straddle,1,6118.800049,1010091.306567,0.006058
sim_2019-02-09_2026-05-21_138e7b4fbb82,2023-07-28,put_credit_spread,1,619.5,1010091.306567,0.000613
sim_2019-02-09_2026-05-21_138e7b4fbb82,2023-07-31,short_straddle,1,6118.800049,1010096.756548,0.006058
sim_2019-02-09_2026-05-21_138e7b4fbb82,2023-07-31,put_credit_spread,1,619.5,1010096.756548,0.000613
sim_2019-02-09_2026-05-21_138e7b4fbb82,2023-08-01,short_straddle,1,6118.800049,1010099.906573,0.006058
sim_2019-02-09_2026-05-21_138e7b4fbb82,2023-08-01,put_credit_spread,1,619.5,1010099.906573,0.000613
sim_2019-02-09_2026-05-21_138e7b4fbb82,2023-08-02,short_straddle,1,6118.800049,1010082.606463,0.006058
sim_2019-02-09_2026-05-21_138e7b4fbb82,2023-08-02,put_credit_spread,1,619.5,1010082.606463,0.000613
sim_2019-02-09_2026-05-21_138e7b4fbb82,2023-08-03,short_straddle,1,6118.800049,1010078.856463,0.006058
sim_2019-02-09_2026-05-21_138e7b4fbb82,2023-08-03,put_credit_spread,1,619.5,1010078.856463,0.000613
sim_2019-02-09_2026-05-21_138e7b4fbb82,2023-08-04,short_straddle,1,6118.800049,1010301.455181,0.006056
sim_2019-02-09_2026-05-21_138e7b4fbb82,2023-08-04,put_credit_spread,1,619.5,1010301.455181,0.000613
sim_2019-02-09_2026-05-21_138e7b4fbb82,2023-08-07,short_straddle,1,6118.800049,1010304.715943,0.006056
sim_2019-02-09_2026-05-21_138e7b4fbb82,2023-08-07,put_credit_spread,1,619.5,1010304.715943,0.000613
sim_2019-02-09_2026-05-21_138e7b4fbb82,2023-08-08,short_straddle,1,6118.800049,1010296.715912,0.006056
sim_2019-02-09_2026-05-21_138e7b4fbb82,2023-08-08,put_credit_spread,1,619.5,1010296.715912,0.000613
sim_2019-02-09_2026-05-21_138e7b4fbb82,2023-08-09,short_straddle,1,6118.800049,1010288.015961,0.006056
sim_2019-02-09_2026-05-21_138e7b4fbb82,2023-08-09,put_credit_spread,1,619.5,1010288.015961,0.000613
sim_2019-02-09_2026-05-21_138e7b4fbb82,2023-08-10,short_straddle,1,6118.800049,1010291.06604,0.006056
sim_2019-02-09_2026-05-21_138e7b4fbb82,2023-08-10,put_credit_spread,1,619.5,1010291.06604,0.000613
sim_2019-02-09_2026-05-21_138e7b4fbb82,2023-08-11,short_straddle,1,6118.800049,1010296.615967,0.006056
sim_2019-02-09_2026-05-21_138e7b4fbb82,2023-08-11,put_credit_spread,1,619.5,1010296.615967,0.000613
sim_2019-02-09_2026-05-21_138e7b4fbb82,2023-08-14,short_straddle,1,6118.800049,1010297.665924,0.006056
sim_2019-02-09_2026-05-21_138e7b4fbb82,2023-08-14,put_credit_spread,1,619.5,1010297.665924,0.000613
sim_2019-02-09_2026-05-21_138e7b4fbb82,2023-08-15,short_straddle,1,6118.800049,1010279.665894,0.006057
sim_2019-02-09_2026-05-21_138e7b4fbb82,2023-08-15,put_credit_spread,1,619.5,1010279.665894,0.000613
sim_2019-02-09_2026-05-21_138e7b4fbb82,2023-08-16,short_straddle,1,5910.39978,1010264.741487,0.00585
sim_2019-02-09_2026-05-21_138e7b4fbb82,2023-08-16,put_credit_spread,1,619.5,1010264.741487,0.000613
sim_2019-02-09_2026-05-21_138e7b4fbb82,2023-08-17,short_straddle,1,5910.39978,1010263.878837,0.00585
sim_2019-02-09_2026-05-21_138e7b4fbb82,2023-08-17,put_credit_spread,1,619.5,1010263.878837,0.000613
sim_2019-02-09_2026-05-21_138e7b4fbb82,2023-08-18,short_straddle,1,5910.39978,1010264.178825,0.00585
sim_2019-02-09_2026-05-21_138e7b4fbb82,2023-08-18,put_credit_spread,1,619.5,1010264.178825,0.000613
sim_2019-02-09_2026-05-21_138e7b4fbb82,2023-08-21,short_straddle,1,5910.39978,1010261.928916,0.00585
sim_2019-02-09_2026-05-21_138e7b4fbb82,2023-08-21,put_credit_spread,1,619.5,1010261.928916,0.000613
sim_2019-02-09_2026-05-21_138e7b4fbb82,2023-08-22,short_straddle,1,5910.39978,1010253.378807,0.00585
sim_2019-02-09_2026-05-21_138e7b4fbb82,2023-08-22,put_credit_spread,1,619.5,1010253.378807,0.000613
sim_2019-02-09_2026-05-21_138e7b4fbb82,2023-08-23,short_straddle,1,5910.39978,1010258.606782,0.00585
sim_2019-02-09_2026-05-21_138e7b4fbb82,2023-08-23,put_credit_spread,1,1136.5,1010258.606782,0.001125
sim_2019-02-09_2026-05-21_138e7b4fbb82,2023-08-24,short_straddle,1,5910.39978,1010239.606843,0.00585
sim_2019-02-09_2026-05-21_138e7b4fbb82,2023-08-24,put_credit_spread,1,1136.5,1010239.606843,0.001125
sim_2019-02-09_2026-05-21_138e7b4fbb82,2023-08-25,short_straddle,1,5910.39978,1010245.456849,0.00585
sim_2019-02-09_2026-05-21_138e7b4fbb82,2023-08-25,put_credit_spread,1,1136.5,1010245.456849,0.001125
sim_2019-02-09_2026-05-21_138e7b4fbb82,2023-08-28,short_straddle,1,5910.39978,1010229.506807,0.005851
sim_2019-02-09_2026-05-21_138e7b4fbb82,2023-08-28,put_credit_spread,1,1136.5,1010229.506807,0.001125
sim_2019-02-09_2026-05-21_138e7b4fbb82,2023-08-29,short_straddle,1,5910.39978,1010244.056825,0.00585
sim_2019-02-09_2026-05-21_138e7b4fbb82,2023-08-29,put_credit_spread,1,1136.5,1010244.056825,0.001125
sim_2019-02-09_2026-05-21_138e7b4fbb82,2023-08-30,short_straddle,1,5910.39978,1010247.956819,0.00585
sim_2019-02-09_2026-05-21_138e7b4fbb82,2023-08-30,put_credit_spread,1,1136.5,1010247.956819,0.001125
sim_2019-02-09_2026-05-21_138e7b4fbb82,2023-08-31,short_straddle,1,5910.39978,1010240.006837,0.00585
sim_2019-02-09_2026-05-21_138e7b4fbb82,2023-08-31,put_credit_spread,1,1136.5,1010240.006837,0.001125
sim_2019-02-09_2026-05-21_138e7b4fbb82,2023-09-01,short_straddle,1,5910.39978,1010245.856904,0.00585
sim_2019-02-09_2026-05-21_138e7b4fbb82,2023-09-01,put_credit_spread,1,1136.5,1010245.856904,0.001125
sim_2019-02-09_2026-05-21_138e7b4fbb82,2023-09-05,short_straddle,1,5910.39978,1010235.856904,0.005851
sim_2019-02-09_2026-05-21_138e7b4fbb82,2023-09-05,put_credit_spread,1,1136.5,1010235.856904,0.001125
sim_2019-02-09_2026-05-21_138e7b4fbb82,2023-09-06,short_straddle,1,5910.39978,1010351.956849,0.00585
sim_2019-02-09_2026-05-21_138e7b4fbb82,2023-09-06,put_credit_spread,1,1136.5,1010351.956849,0.001125
sim_2019-02-09_2026-05-21_138e7b4fbb82,2023-09-07,short_straddle,1,5910.39978,1010355.406862,0.00585
sim_2019-02-09_2026-05-21_138e7b4fbb82,2023-09-07,put_credit_spread,1,1136.5,1010355.406862,0.001125
sim_2019-02-09_2026-05-21_138e7b4fbb82,2023-09-08,short_straddle,1,5910.39978,1010359.506898,0.00585
sim_2019-02-09_2026-05-21_138e7b4fbb82,2023-09-08,put_credit_spread,1,1136.5,1010359.506898,0.001125
sim_2019-02-09_2026-05-21_138e7b4fbb82,2023-09-11,short_straddle,1,5910.39978,1010363.806825,0.00585
sim_2019-02-09_2026-05-21_138e7b4fbb82,2023-09-11,put_credit_spread,1,1136.5,1010363.806825,0.001125
sim_2019-02-09_2026-05-21_138e7b4fbb82,2023-09-12,short_straddle,1,5910.39978,1010363.006807,0.00585
sim_2019-02-09_2026-05-21_138e7b4fbb82,2023-09-12,put_credit_spread,1,1136.5,1010363.006807,0.001125
sim_2019-02-09_2026-05-21_138e7b4fbb82,2023-09-13,short_straddle,1,6110.999756,1010353.907913,0.006048
sim_2019-02-09_2026-05-21_138e7b4fbb82,2023-09-13,put_credit_spread,1,1136.5,1010353.907913,0.001125
sim_2019-02-09_2026-05-21_138e7b4fbb82,2023-09-14,short_straddle,1,6110.999756,1010353.383003,0.006048
sim_2019-02-09_2026-05-21_138e7b4fbb82,2023-09-14,put_credit_spread,1,1136.5,1010353.383003,0.001125
sim_2019-02-09_2026-05-21_138e7b4fbb82,2023-09-15,short_straddle,1,6110.999756,1010341.98304,0.006048
sim_2019-02-09_2026-05-21_138e7b4fbb82,2023-09-15,put_credit_spread,1,1136.5,1010341.98304,0.001125
sim_2019-02-09_2026-05-21_138e7b4fbb82,2023-09-18,short_straddle,1,6110.999756,1010342.012978,0.006048
sim_2019-02-09_2026-05-21_138e7b4fbb82,2023-09-18,put_credit_spread,1,1136.5,1010342.012978,0.001125
sim_2019-02-09_2026-05-21_138e7b4fbb82,2023-09-19,short_straddle,1,6110.999756,1010338.773018,0.006048
sim_2019-02-09_2026-05-21_138e7b4fbb82,2023-09-19,put_credit_spread,1,1136.5,1010338.773018,0.001125
sim_2019-02-09_2026-05-21_138e7b4fbb82,2023-09-20,short_straddle,1,6110.999756,1010336.523018,0.006048
sim_2019-02-09_2026-05-21_138e7b4fbb82,2023-09-20,put_credit_spread,1,1136.5,1010336.523018,0.001125
sim_2019-02-09_2026-05-21_138e7b4fbb82,2023-09-21,short_straddle,1,6110.999756,1010325.302956,0.006049
sim_2019-02-09_2026-05-21_138e7b4fbb82,2023-09-21,put_credit_spread,1,1136.5,1010325.302956,0.001125
sim_2019-02-09_2026-05-21_138e7b4fbb82,2023-09-22,short_straddle,1,6110.999756,1010389.226706,0.006048
sim_2019-02-09_2026-05-21_138e7b4fbb82,2023-09-22,put_credit_spread,1,1147.5,1010389.226706,0.001136
sim_2019-02-09_2026-05-21_138e7b4fbb82,2023-09-25,short_straddle,1,6110.999756,1010406.426779,0.006048
sim_2019-02-09_2026-05-21_138e7b4fbb82,2023-09-25,put_credit_spread,1,1147.5,1010406.426779,0.001136
sim_2019-02-09_2026-05-21_138e7b4fbb82,2023-09-26,short_straddle,1,6110.999756,1010394.606772,0.006048
sim_2019-02-09_2026-05-21_138e7b4fbb82,2023-09-26,put_credit_spread,1,1147.5,1010394.606772,0.001136
sim_2019-02-09_2026-05-21_138e7b4fbb82,2023-09-27,short_straddle,1,6110.999756,1010392.776724,0.006048
sim_2019-02-09_2026-05-21_138e7b4fbb82,2023-09-27,put_credit_spread,1,1147.5,1010392.776724,0.001136
sim_2019-02-09_2026-05-21_138e7b4fbb82,2023-09-28,short_straddle,1,6110.999756,1010396.346731,0.006048
sim_2019-02-09_2026-05-21_138e7b4fbb82,2023-09-28,put_credit_spread,1,1147.5,1010396.346731,0.001136
sim_2019-02-09_2026-05-21_138e7b4fbb82,2023-09-29,short_straddle,1,6110.999756,1010391.336783,0.006048
sim_2019-02-09_2026-05-21_138e7b4fbb82,2023-09-29,put_credit_spread,1,1147.5,1010391.336783,0.001136
sim_2019-02-09_2026-05-21_138e7b4fbb82,2023-10-02,short_straddle,1,6110.999756,1010388.756735,0.006048
sim_2019-02-09_2026-05-21_138e7b4fbb82,2023-10-02,put_credit_spread,1,1147.5,1010388.756735,0.001136
sim_2019-02-09_2026-05-21_138e7b4fbb82,2023-10-03,short_straddle,1,6110.999756,1010376.426779,0.006048
sim_2019-02-09_2026-05-21_138e7b4fbb82,2023-10-03,put_credit_spread,1,1147.5,1010376.426779,0.001136
sim_2019-02-09_2026-05-21_138e7b4fbb82,2023-10-04,short_straddle,1,6110.999756,1010416.456717,0.006048
sim_2019-02-09_2026-05-21_138e7b4fbb82,2023-10-04,put_credit_spread,1,1147.5,1010416.456717,0.001136
sim_2019-02-09_2026-05-21_138e7b4fbb82,2023-10-05,short_straddle,1,6110.999756,1010416.996786,0.006048
sim_2019-02-09_2026-05-21_138e7b4fbb82,2023-10-05,put_credit_spread,1,1147.5,1010416.996786,0.001136
sim_2019-02-09_2026-05-21_138e7b4fbb82,2023-10-06,short_straddle,1,6110.999756,1010369.286764,0.006048
sim_2019-02-09_2026-05-21_138e7b4fbb82,2023-10-06,put_credit_spread,1,1147.5,1010369.286764,0.001136
sim_2019-02-09_2026-05-21_138e7b4fbb82,2023-10-09,short_straddle,1,6110.999756,1010375.256735,0.006048
sim_2019-02-09_2026-05-21_138e7b4fbb82,2023-10-09,put_credit_spread,1,1147.5,1010375.256735,0.001136
sim_2019-02-09_2026-05-21_138e7b4fbb82,2023-10-10,short_straddle,1,6110.999756,1010379.336783,0.006048
sim_2019-02-09_2026-05-21_138e7b4fbb82,2023-10-10,put_credit_spread,1,1147.5,1010379.336783,0.001136
sim_2019-02-09_2026-05-21_138e7b4fbb82,2023-10-11,short_straddle,1,5783.099976,1010375.670947,0.005724
sim_2019-02-09_2026-05-21_138e7b4fbb82,2023-10-11,put_credit_spread,1,1147.5,1010375.670947,0.001136
sim_2019-02-09_2026-05-21_138e7b4fbb82,2023-10-12,short_straddle,1,5783.099976,1010373.653327,0.005724
sim_2019-02-09_2026-05-21_138e7b4fbb82,2023-10-12,put_credit_spread,1,1147.5,1010373.653327,0.001136
sim_2019-02-09_2026-05-21_138e7b4fbb82,2023-10-13,short_straddle,1,5783.099976,1010378.573371,0.005724
sim_2019-02-09_2026-05-21_138e7b4fbb82,2023-10-13,put_credit_spread,1,1147.5,1010378.573371,0.001136
sim_2019-02-09_2026-05-21_138e7b4fbb82,2023-10-16,short_straddle,1,5783.099976,1010417.093635,0.005723
sim_2019-02-09_2026-05-21_138e7b4fbb82,2023-10-16,put_credit_spread,1,1147.5,1010417.093635,0.001136
sim_2019-02-09_2026-05-21_138e7b4fbb82,2023-10-17,short_straddle,1,5783.099976,1010418.293342,0.005723
sim_2019-02-09_2026-05-21_138e7b4fbb82,2023-10-17,put_credit_spread,1,1147.5,1010418.293342,0.001136
sim_2019-02-09_2026-05-21_138e7b4fbb82,2023-10-18,short_straddle,1,5783.099976,1010377.973518,0.005724
sim_2019-02-09_2026-05-21_138e7b4fbb82,2023-10-18,put_credit_spread,1,1147.5,1010377.973518,0.001136
sim_2019-02-09_2026-05-21_138e7b4fbb82,2023-10-19,short_straddle,1,5783.099976,1010347.853401,0.005724
sim_2019-02-09_2026-05-21_138e7b4fbb82,2023-10-19,put_credit_spread,1,1147.5,1010347.853401,0.001136
sim_2019-02-09_2026-05-21_138e7b4fbb82,2023-10-20,short_straddle,1,5783.099976,1010283.491233,0.005724
sim_2019-02-09_2026-05-21_138e7b4fbb82,2023-10-20,put_credit_spread,1,1276.0,1010283.491233,0.001263
sim_2019-02-09_2026-05-21_138e7b4fbb82,2023-10-23,short_straddle,1,5783.099976,1010244.051291,0.005724
sim_2019-02-09_2026-05-21_138e7b4fbb82,2023-10-23,put_credit_spread,1,1276.0,1010244.051291,0.001263
sim_2019-02-09_2026-05-21_138e7b4fbb82,2023-10-24,short_straddle,1,5783.099976,1010269.491233,0.005724
sim_2019-02-09_2026-05-21_138e7b4fbb82,2023-10-24,put_credit_spread,1,1276.0,1010269.491233,0.001263
sim_2019-02-09_2026-05-21_138e7b4fbb82,2023-10-25,short_straddle,1,5783.099976,1010256.411277,0.005724
sim_2019-02-09_2026-05-21_138e7b4fbb82,2023-10-25,put_credit_spread,1,1276.0,1010256.411277,0.001263
sim_2019-02-09_2026-05-21_138e7b4fbb82,2023-10-26,short_straddle,1,5783.099976,1010226.051291,0.005725
sim_2019-02-09_2026-05-21_138e7b4fbb82,2023-10-26,put_credit_spread,1,1276.0,1010226.051291,0.001263
sim_2019-02-09_2026-05-21_138e7b4fbb82,2023-10-27,short_straddle,1,5783.099976,1010182.491233,0.005725
sim_2019-02-09_2026-05-21_138e7b4fbb82,2023-10-27,put_credit_spread,1,1276.0,1010182.491233,0.001263
sim_2019-02-09_2026-05-21_138e7b4fbb82,2023-10-30,short_straddle,1,5783.099976,1010242.971335,0.005724
sim_2019-02-09_2026-05-21_138e7b4fbb82,2023-10-30,put_credit_spread,1,1276.0,1010242.971335,0.001263
sim_2019-02-09_2026-05-21_138e7b4fbb82,2023-10-31,short_straddle,1,5783.099976,1010257.971335,0.005724
sim_2019-02-09_2026-05-21_138e7b4fbb82,2023-10-31,put_credit_spread,1,1276.0,1010257.971335,0.001263
sim_2019-02-09_2026-05-21_138e7b4fbb82,2023-11-01,short_straddle,1,5783.099976,1010284.371116,0.005724
sim_2019-02-09_2026-05-21_138e7b4fbb82,2023-11-01,put_credit_spread,1,1276.0,1010284.371116,0.001263
sim_2019-02-09_2026-05-21_138e7b4fbb82,2023-11-02,short_straddle,1,5783.099976,1010352.891379,0.005724
sim_2019-02-09_2026-05-21_138e7b4fbb82,2023-11-02,put_credit_spread,1,1276.0,1010352.891379,0.001263
sim_2019-02-09_2026-05-21_138e7b4fbb82,2023-11-03,short_straddle,1,5783.099976,1010379.531028,0.005724
sim_2019-02-09_2026-05-21_138e7b4fbb82,2023-11-03,put_credit_spread,1,1276.0,1010379.531028,0.001263
sim_2019-02-09_2026-05-21_138e7b4fbb82,2023-11-06,short_straddle,1,5783.099976,1010384.691306,0.005724
sim_2019-02-09_2026-05-21_138e7b4fbb82,2023-11-06,put_credit_spread,1,1276.0,1010384.691306,0.001263
sim_2019-02-09_2026-05-21_138e7b4fbb82,2023-11-07,short_straddle,1,5783.099976,1010390.691306,0.005724
sim_2019-02-09_2026-05-21_138e7b4fbb82,2023-11-07,put_credit_spread,1,1276.0,1010390.691306,0.001263
sim_2019-02-09_2026-05-21_138e7b4fbb82,2023-11-08,short_straddle,1,5962.399902,1010378.685675,0.005901
sim_2019-02-09_2026-05-21_138e7b4fbb82,2023-11-08,put_credit_spread,1,1276.0,1010378.685675,0.001263
sim_2019-02-09_2026-05-21_138e7b4fbb82,2023-11-09,short_straddle,1,5962.399902,1010377.668345,0.005901
sim_2019-02-09_2026-05-21_138e7b4fbb82,2023-11-09,put_credit_spread,1,1276.0,1010377.668345,0.001263
sim_2019-02-09_2026-05-21_138e7b4fbb82,2023-11-10,short_straddle,1,5962.399902,1010401.068491,0.005901
sim_2019-02-09_2026-05-21_138e7b4fbb82,2023-11-10,put_credit_spread,1,1276.0,1010401.068491,0.001263
sim_2019-02-09_2026-05-21_138e7b4fbb82,2023-11-13,short_straddle,1,5962.399902,1010404.428477,0.005901
sim_2019-02-09_2026-05-21_138e7b4fbb82,2023-11-13,put_credit_spread,1,1276.0,1010404.428477,0.001263
sim_2019-02-09_2026-05-21_138e7b4fbb82,2023-11-14,short_straddle,1,5962.399902,1010433.528513,0.005901
sim_2019-02-09_2026-05-21_138e7b4fbb82,2023-11-14,put_credit_spread,1,1276.0,1010433.528513,0.001263
sim_2019-02-09_2026-05-21_138e7b4fbb82,2023-11-15,short_straddle,1,5962.399902,1010444.628367,0.005901
sim_2019-02-09_2026-05-21_138e7b4fbb82,2023-11-15,put_credit_spread,1,1276.0,1010444.628367,0.001263
sim_2019-02-09_2026-05-21_138e7b4fbb82,2023-11-16,short_straddle,1,5962.399902,1010443.128367,0.005901
sim_2019-02-09_2026-05-21_138e7b4fbb82,2023-11-16,put_credit_spread,1,1276.0,1010443.128367,0.001263
sim_2019-02-09_2026-05-21_138e7b4fbb82,2023-11-17,short_straddle,1,5962.399902,1010676.550639,0.005899
sim_2019-02-09_2026-05-21_138e7b4fbb82,2023-11-17,put_credit_spread,1,624.5,1010676.550639,0.000618
sim_2019-02-09_2026-05-21_138e7b4fbb82,2023-11-20,short_straddle,1,5962.399902,1010689.090617,0.005899
sim_2019-02-09_2026-05-21_138e7b4fbb82,2023-11-20,put_credit_spread,1,624.5,1010689.090617,0.000618
sim_2019-02-09_2026-05-21_138e7b4fbb82,2023-11-21,short_straddle,1,5962.399902,1010684.890727,0.005899
sim_2019-02-09_2026-05-21_138e7b4fbb82,2023-11-21,put_credit_spread,1,624.5,1010684.890727,0.000618
sim_2019-02-09_2026-05-21_138e7b4fbb82,2023-11-22,short_straddle,1,5962.399902,1010695.330668,0.005899
sim_2019-02-09_2026-05-21_138e7b4fbb82,2023-11-22,put_credit_spread,1,624.5,1010695.330668,0.000618
sim_2019-02-09_2026-05-21_138e7b4fbb82,2023-11-24,short_straddle,1,5962.399902,1010702.77061,0.005899
sim_2019-02-09_2026-05-21_138e7b4fbb82,2023-11-24,put_credit_spread,1,624.5,1010702.77061,0.000618
sim_2019-02-09_2026-05-21_138e7b4fbb82,2023-11-27,short_straddle,1,5962.399902,1010699.890727,0.005899
sim_2019-02-09_2026-05-21_138e7b4fbb82,2023-11-27,put_credit_spread,1,624.5,1010699.890727,0.000618
sim_2019-02-09_2026-05-21_138e7b4fbb82,2023-11-28,short_straddle,1,5962.399902,1010704.630595,0.005899
sim_2019-02-09_2026-05-21_138e7b4fbb82,2023-11-28,put_credit_spread,1,624.5,1010704.630595,0.000618
sim_2019-02-09_2026-05-21_138e7b4fbb82,2023-11-29,short_straddle,1,5962.399902,1010707.870646,0.005899
sim_2019-02-09_2026-05-21_138e7b4fbb82,2023-11-29,put_credit_spread,1,624.5,1010707.870646,0.000618
sim_2019-02-09_2026-05-21_138e7b4fbb82,2023-11-30,short_straddle,1,5962.399902,1010739.970683,0.005899
sim_2019-02-09_2026-05-21_138e7b4fbb82,2023-11-30,put_credit_spread,1,624.5,1010739.970683,0.000618
sim_2019-02-09_2026-05-21_138e7b4fbb82,2023-12-01,short_straddle,1,5962.399902,1010758.27061,0.005899
sim_2019-02-09_2026-05-21_138e7b4fbb82,2023-12-01,put_credit_spread,1,624.5,1010758.27061,0.000618
sim_2019-02-09_2026-05-21_138e7b4fbb82,2023-12-04,short_straddle,1,5962.399902,1010755.810771,0.005899
sim_2019-02-09_2026-05-21_138e7b4fbb82,2023-12-04,put_credit_spread,1,624.5,1010755.810771,0.000618
sim_2019-02-09_2026-05-21_138e7b4fbb82,2023-12-05,short_straddle,1,5962.399902,1010751.430705,0.005899
sim_2019-02-09_2026-05-21_138e7b4fbb82,2023-12-05,put_credit_spread,1,624.5,1010751.430705,0.000618
sim_2019-02-09_2026-05-21_138e7b4fbb82,2023-12-06,short_straddle,1,6379.400024,1010741.35453,0.006312
sim_2019-02-09_2026-05-21_138e7b4fbb82,2023-12-06,put_credit_spread,1,624.5,1010741.35453,0.000618
sim_2019-02-09_2026-05-21_138e7b4fbb82,2023-12-07,short_straddle,1,6379.400024,1010739.90721,0.006312
sim_2019-02-09_2026-05-21_138e7b4fbb82,2023-12-07,put_credit_spread,1,624.5,1010739.90721,0.000618
sim_2019-02-09_2026-05-21_138e7b4fbb82,2023-12-08,short_straddle,1,6379.400024,1010750.227279,0.006312
sim_2019-02-09_2026-05-21_138e7b4fbb82,2023-12-08,put_credit_spread,1,624.5,1010750.227279,0.000618
sim_2019-02-09_2026-05-21_138e7b4fbb82,2023-12-11,short_straddle,1,6379.400024,1010762.787337,0.006311
sim_2019-02-09_2026-05-21_138e7b4fbb82,2023-12-11,put_credit_spread,1,624.5,1010762.787337,0.000618
sim_2019-02-09_2026-05-21_138e7b4fbb82,2023-12-12,short_straddle,1,6379.400024,1010776.547347,0.006311
sim_2019-02-09_2026-05-21_138e7b4fbb82,2023-12-12,put_credit_spread,1,624.5,1010776.547347,0.000618
sim_2019-02-09_2026-05-21_138e7b4fbb82,2023-12-13,short_straddle,1,6379.400024,1010819.18724,0.006311
sim_2019-02-09_2026-05-21_138e7b4fbb82,2023-12-13,put_credit_spread,1,624.5,1010819.18724,0.000618
sim_2019-02-09_2026-05-21_138e7b4fbb82,2023-12-14,short_straddle,1,6379.400024,1010831.90721,0.006311
sim_2019-02-09_2026-05-21_138e7b4fbb82,2023-12-14,put_credit_spread,1,624.5,1010831.90721,0.000618
sim_2019-02-09_2026-05-21_138e7b4fbb82,2023-12-15,short_straddle,1,6379.400024,1010897.776357,0.006311
sim_2019-02-09_2026-05-21_138e7b4fbb82,2023-12-15,put_credit_spread,1,688.0,1010897.776357,0.000681
sim_2019-02-09_2026-05-21_138e7b4fbb82,2023-12-18,short_straddle,1,6379.400024,1010900.576406,0.006311
sim_2019-02-09_2026-05-21_138e7b4fbb82,2023-12-18,put_credit_spread,1,688.0,1010900.576406,0.000681
sim_2019-02-09_2026-05-21_138e7b4fbb82,2023-12-19,short_straddle,1,6379.400024,1010920.736318,0.00631
sim_2019-02-09_2026-05-21_138e7b4fbb82,2023-12-19,put_credit_spread,1,688.0,1010920.736318,0.000681
sim_2019-02-09_2026-05-21_138e7b4fbb82,2023-12-20,short_straddle,1,6379.400024,1010883.13622,0.006311
sim_2019-02-09_2026-05-21_138e7b4fbb82,2023-12-20,put_credit_spread,1,688.0,1010883.13622,0.000681
sim_2019-02-09_2026-05-21_138e7b4fbb82,2023-12-21,short_straddle,1,6379.400024,1010907.776357,0.006311
sim_2019-02-09_2026-05-21_138e7b4fbb82,2023-12-21,put_credit_spread,1,688.0,1010907.776357,0.000681
sim_2019-02-09_2026-05-21_138e7b4fbb82,2023-12-22,short_straddle,1,6379.400024,1010907.13622,0.006311
sim_2019-02-09_2026-05-21_138e7b4fbb82,2023-12-22,put_credit_spread,1,688.0,1010907.13622,0.000681
sim_2019-02-09_2026-05-21_138e7b4fbb82,2023-12-26,short_straddle,1,6379.400024,1010919.536366,0.00631
sim_2019-02-09_2026-05-21_138e7b4fbb82,2023-12-26,put_credit_spread,1,688.0,1010919.536366,0.000681
sim_2019-02-09_2026-05-21_138e7b4fbb82,2023-12-27,short_straddle,1,6379.400024,1010929.216298,0.00631
sim_2019-02-09_2026-05-21_138e7b4fbb82,2023-12-27,put_credit_spread,1,688.0,1010929.216298,0.000681
sim_2019-02-09_2026-05-21_138e7b4fbb82,2023-12-28,short_straddle,1,6379.400024,1010932.976308,0.00631
sim_2019-02-09_2026-05-21_138e7b4fbb82,2023-12-28,put_credit_spread,1,688.0,1010932.976308,0.000681
sim_2019-02-09_2026-05-21_138e7b4fbb82,2023-12-29,short_straddle,1,6379.400024,1010931.696279,0.00631
sim_2019-02-09_2026-05-21_138e7b4fbb82,2023-12-29,put_credit_spread,1,688.0,1010931.696279,0.000681
sim_2019-02-09_2026-05-21_138e7b4fbb82,2024-01-02,short_straddle,1,6379.400024,1010933.456288,0.00631
sim_2019-02-09_2026-05-21_138e7b4fbb82,2024-01-02,put_credit_spread,1,688.0,1010933.456288,0.000681
sim_2019-02-09_2026-05-21_138e7b4fbb82,2024-01-03,short_straddle,1,6476.699829,1010903.993159,0.006407
sim_2019-02-09_2026-05-21_138e7b4fbb82,2024-01-03,put_credit_spread,1,688.0,1010903.993159,0.000681
sim_2019-02-09_2026-05-21_138e7b4fbb82,2024-01-04,short_straddle,1,6476.699829,1010902.120459,0.006407
sim_2019-02-09_2026-05-21_138e7b4fbb82,2024-01-04,put_credit_spread,1,688.0,1010902.120459,0.000681
sim_2019-02-09_2026-05-21_138e7b4fbb82,2024-01-05,short_straddle,1,6476.699829,1010903.12052,0.006407
sim_2019-02-09_2026-05-21_138e7b4fbb82,2024-01-05,put_credit_spread,1,688.0,1010903.12052,0.000681
sim_2019-02-09_2026-05-21_138e7b4fbb82,2024-01-08,short_straddle,1,6476.699829,1010925.120337,0.006407
sim_2019-02-09_2026-05-21_138e7b4fbb82,2024-01-08,put_credit_spread,1,688.0,1010925.120337,0.000681
sim_2019-02-09_2026-05-21_138e7b4fbb82,2024-01-09,short_straddle,1,6476.699829,1010908.520301,0.006407
sim_2019-02-09_2026-05-21_138e7b4fbb82,2024-01-09,put_credit_spread,1,688.0,1010908.520301,0.000681
sim_2019-02-09_2026-05-21_138e7b4fbb82,2024-01-10,short_straddle,1,6476.699829,1010926.220496,0.006407
sim_2019-02-09_2026-05-21_138e7b4fbb82,2024-01-10,put_credit_spread,1,688.0,1010926.220496,0.000681
sim_2019-02-09_2026-05-21_138e7b4fbb82,2024-01-11,short_straddle,1,6476.699829,1010928.420508,0.006407
sim_2019-02-09_2026-05-21_138e7b4fbb82,2024-01-11,put_credit_spread,1,688.0,1010928.420508,0.000681
sim_2019-02-09_2026-05-21_138e7b4fbb82,2024-01-12,short_straddle,1,6476.699829,1010973.78091,0.006406
sim_2019-02-09_2026-05-21_138e7b4fbb82,2024-01-12,put_credit_spread,1,621.0,1010973.78091,0.000614
sim_2019-02-09_2026-05-21_138e7b4fbb82,2024-01-16,short_straddle,1,6476.699829,1010951.28091,0.006407
sim_2019-02-09_2026-05-21_138e7b4fbb82,2024-01-16,put_credit_spread,1,621.0,1010951.28091,0.000614
sim_2019-02-09_2026-05-21_138e7b4fbb82,2024-01-17,short_straddle,1,6476.699829,1010941.880886,0.006407
sim_2019-02-09_2026-05-21_138e7b4fbb82,2024-01-17,put_credit_spread,1,621.0,1010941.880886,0.000614
sim_2019-02-09_2026-05-21_138e7b4fbb82,2024-01-18,short_straddle,1,6476.699829,1010962.780849,0.006406
sim_2019-02-09_2026-05-21_138e7b4fbb82,2024-01-18,put_credit_spread,1,621.0,1010962.780849,0.000614
sim_2019-02-09_2026-05-21_138e7b4fbb82,2024-01-19,short_straddle,1,6476.699829,1011000.680935,0.006406
sim_2019-02-09_2026-05-21_138e7b4fbb82,2024-01-19,put_credit_spread,1,621.0,1011000.680935,0.000614
sim_2019-02-09_2026-05-21_138e7b4fbb82,2024-01-22,short_straddle,1,6476.699829,1011015.380947,0.006406
sim_2019-02-09_2026-05-21_138e7b4fbb82,2024-01-22,put_credit_spread,1,621.0,1011015.380947,0.000614
sim_2019-02-09_2026-05-21_138e7b4fbb82,2024-01-23,short_straddle,1,6476.699829,1011005.080959,0.006406
sim_2019-02-09_2026-05-21_138e7b4fbb82,2024-01-23,put_credit_spread,1,621.0,1011005.080959,0.000614
sim_2019-02-09_2026-05-21_138e7b4fbb82,2024-01-24,short_straddle,1,6476.699829,1010995.580837,0.006406
sim_2019-02-09_2026-05-21_138e7b4fbb82,2024-01-24,put_credit_spread,1,621.0,1010995.580837,0.000614
sim_2019-02-09_2026-05-21_138e7b4fbb82,2024-01-25,short_straddle,1,6476.699829,1011019.480984,0.006406
sim_2019-02-09_2026-05-21_138e7b4fbb82,2024-01-25,put_credit_spread,1,621.0,1011019.480984,0.000614
sim_2019-02-09_2026-05-21_138e7b4fbb82,2024-01-26,short_straddle,1,6476.699829,1011025.580837,0.006406
sim_2019-02-09_2026-05-21_138e7b4fbb82,2024-01-26,put_credit_spread,1,621.0,1011025.580837,0.000614
sim_2019-02-09_2026-05-21_138e7b4fbb82,2024-01-29,short_straddle,1,6476.699829,1011172.208349,0.006405
sim_2019-02-09_2026-05-21_138e7b4fbb82,2024-01-29,put_credit_spread,1,704.5,1011172.208349,0.000697
sim_2019-02-09_2026-05-21_138e7b4fbb82,2024-01-30,short_straddle,1,6476.699829,1011184.008276,0.006405
sim_2019-02-09_2026-05-21_138e7b4fbb82,2024-01-30,put_credit_spread,1,704.5,1011184.008276,0.000697
sim_2019-02-09_2026-05-21_138e7b4fbb82,2024-01-31,short_straddle,1,6639.899902,1011145.903975,0.006567
sim_2019-02-09_2026-05-21_138e7b4fbb82,2024-01-31,put_credit_spread,1,704.5,1011145.903975,0.000697
sim_2019-02-09_2026-05-21_138e7b4fbb82,2024-02-01,short_straddle,1,6639.899902,1011143.978475,0.006567
sim_2019-02-09_2026-05-21_138e7b4fbb82,2024-02-01,put_credit_spread,1,704.5,1011143.978475,0.000697
sim_2019-02-09_2026-05-21_138e7b4fbb82,2024-02-02,short_straddle,1,6639.899902,1011157.178548,0.006567
sim_2019-02-09_2026-05-21_138e7b4fbb82,2024-02-02,put_credit_spread,1,704.5,1011157.178548,0.000697
sim_2019-02-09_2026-05-21_138e7b4fbb82,2024-02-05,short_straddle,1,6639.899902,1011128.77828,0.006567
sim_2019-02-09_2026-05-21_138e7b4fbb82,2024-02-05,put_credit_spread,1,704.5,1011128.77828,0.000697
sim_2019-02-09_2026-05-21_138e7b4fbb82,2024-02-06,short_straddle,1,6639.899902,1011143.77828,0.006567
sim_2019-02-09_2026-05-21_138e7b4fbb82,2024-02-06,put_credit_spread,1,704.5,1011143.77828,0.000697
sim_2019-02-09_2026-05-21_138e7b4fbb82,2024-02-07,short_straddle,1,6639.899902,1011159.678548,0.006567
sim_2019-02-09_2026-05-21_138e7b4fbb82,2024-02-07,put_credit_spread,1,704.5,1011159.678548,0.000697
sim_2019-02-09_2026-05-21_138e7b4fbb82,2024-02-08,short_straddle,1,6639.899902,1011166.478475,0.006567
sim_2019-02-09_2026-05-21_138e7b4fbb82,2024-02-08,put_credit_spread,1,704.5,1011166.478475,0.000697
sim_2019-02-09_2026-05-21_138e7b4fbb82,2024-02-09,short_straddle,1,6639.899902,1011160.178426,0.006567
sim_2019-02-09_2026-05-21_138e7b4fbb82,2024-02-09,put_credit_spread,1,704.5,1011160.178426,0.000697
sim_2019-02-09_2026-05-21_138e7b4fbb82,2024-02-12,short_straddle,1,6639.899902,1011174.078267,0.006567
sim_2019-02-09_2026-05-21_138e7b4fbb82,2024-02-12,put_credit_spread,1,704.5,1011174.078267,0.000697
sim_2019-02-09_2026-05-21_138e7b4fbb82,2024-02-13,short_straddle,1,6639.899902,1011121.178487,0.006567
sim_2019-02-09_2026-05-21_138e7b4fbb82,2024-02-13,put_credit_spread,1,704.5,1011121.178487,0.000697
sim_2019-02-09_2026-05-21_138e7b4fbb82,2024-02-14,short_straddle,1,6639.899902,1011135.878499,0.006567
sim_2019-02-09_2026-05-21_138e7b4fbb82,2024-02-14,put_credit_spread,1,704.5,1011135.878499,0.000697
sim_2019-02-09_2026-05-21_138e7b4fbb82,2024-02-15,short_straddle,1,6639.899902,1011175.478414,0.006567
sim_2019-02-09_2026-05-21_138e7b4fbb82,2024-02-15,put_credit_spread,1,704.5,1011175.478414,0.000697
sim_2019-02-09_2026-05-21_138e7b4fbb82,2024-02-16,short_straddle,1,6639.899902,1011154.878438,0.006567
sim_2019-02-09_2026-05-21_138e7b4fbb82,2024-02-16,put_credit_spread,1,704.5,1011154.878438,0.000697
sim_2019-02-09_2026-05-21_138e7b4fbb82,2024-02-20,short_straddle,1,6639.899902,1011149.878438,0.006567
sim_2019-02-09_2026-05-21_138e7b4fbb82,2024-02-20,put_credit_spread,1,704.5,1011149.878438,0.000697
sim_2019-02-09_2026-05-21_138e7b4fbb82,2024-02-21,short_straddle,1,6639.899902,1011153.478292,0.006567
sim_2019-02-09_2026-05-21_138e7b4fbb82,2024-02-21,put_credit_spread,1,704.5,1011153.478292,0.000697
sim_2019-02-09_2026-05-21_138e7b4fbb82,2024-02-22,short_straddle,1,6639.899902,1011198.378499,0.006566
sim_2019-02-09_2026-05-21_138e7b4fbb82,2024-02-22,put_credit_spread,1,704.5,1011198.378499,0.000697
sim_2019-02-09_2026-05-21_138e7b4fbb82,2024-02-23,short_straddle,1,6639.899902,1011297.215152,0.006566
sim_2019-02-09_2026-05-21_138e7b4fbb82,2024-02-23,put_credit_spread,1,1373.5,1011297.215152,0.001358
sim_2019-02-09_2026-05-21_138e7b4fbb82,2024-02-26,short_straddle,1,6639.899902,1011291.515078,0.006566
sim_2019-02-09_2026-05-21_138e7b4fbb82,2024-02-26,put_credit_spread,1,1373.5,1011291.515078,0.001358
sim_2019-02-09_2026-05-21_138e7b4fbb82,2024-02-27,short_straddle,1,6639.899902,1011281.015201,0.006566
sim_2019-02-09_2026-05-21_138e7b4fbb82,2024-02-27,put_credit_spread,1,1373.5,1011281.015201,0.001358
sim_2019-02-09_2026-05-21_138e7b4fbb82,2024-02-28,short_straddle,0,0.0,1011275.973475,0.0
sim_2019-02-09_2026-05-21_138e7b4fbb82,2024-02-28,put_credit_spread,1,1373.5,1011275.973475,0.001358
sim_2019-02-09_2026-05-21_138e7b4fbb82,2024-02-29,short_straddle,0,0.0,1011275.973475,0.0
sim_2019-02-09_2026-05-21_138e7b4fbb82,2024-02-29,put_credit_spread,1,1373.5,1011275.973475,0.001358
sim_2019-02-09_2026-05-21_138e7b4fbb82,2024-03-01,short_straddle,1,6988.699951,1011273.554725,0.006911
sim_2019-02-09_2026-05-21_138e7b4fbb82,2024-03-01,put_credit_spread,1,1373.5,1011273.554725,0.001358
sim_2019-02-09_2026-05-21_138e7b4fbb82,2024-03-04,short_straddle,1,6988.699951,1011272.96938,0.006911
sim_2019-02-09_2026-05-21_138e7b4fbb82,2024-03-04,put_credit_spread,1,1373.5,1011272.96938,0.001358
sim_2019-02-09_2026-05-21_138e7b4fbb82,2024-03-05,short_straddle,1,6988.699951,1011260.849354,0.006911
sim_2019-02-09_2026-05-21_138e7b4fbb82,2024-03-05,put_credit_spread,1,1373.5,1011260.849354,0.001358
sim_2019-02-09_2026-05-21_138e7b4fbb82,2024-03-06,short_straddle,1,6988.699951,1011263.819325,0.006911
sim_2019-02-09_2026-05-21_138e7b4fbb82,2024-03-06,put_credit_spread,1,1373.5,1011263.819325,0.001358
sim_2019-02-09_2026-05-21_138e7b4fbb82,2024-03-07,short_straddle,1,6988.699951,1011267.629384,0.006911
sim_2019-02-09_2026-05-21_138e7b4fbb82,2024-03-07,put_credit_spread,1,1373.5,1011267.629384,0.001358
sim_2019-02-09_2026-05-21_138e7b4fbb82,2024-03-08,short_straddle,1,6988.699951,1011266.249318,0.006911
sim_2019-02-09_2026-05-21_138e7b4fbb82,2024-03-08,put_credit_spread,1,1373.5,1011266.249318,0.001358
sim_2019-02-09_2026-05-21_138e7b4fbb82,2024-03-11,short_straddle,1,6988.699951,1011267.539387,0.006911
sim_2019-02-09_2026-05-21_138e7b4fbb82,2024-03-11,put_credit_spread,1,1373.5,1011267.539387,0.001358
sim_2019-02-09_2026-05-21_138e7b4fbb82,2024-03-12,short_straddle,1,6988.699951,1011274.649373,0.006911
sim_2019-02-09_2026-05-21_138e7b4fbb82,2024-03-12,put_credit_spread,1,1373.5,1011274.649373,0.001358
sim_2019-02-09_2026-05-21_138e7b4fbb82,2024-03-13,short_straddle,1,6988.699951,1011401.548131,0.00691
sim_2019-02-09_2026-05-21_138e7b4fbb82,2024-03-13,put_credit_spread,1,1373.5,1011401.548131,0.001358
sim_2019-02-09_2026-05-21_138e7b4fbb82,2024-03-14,short_straddle,1,6988.699951,1011400.008067,0.00691
sim_2019-02-09_2026-05-21_138e7b4fbb82,2024-03-14,put_credit_spread,1,1373.5,1011400.008067,0.001358
sim_2019-02-09_2026-05-21_138e7b4fbb82,2024-03-15,short_straddle,1,6988.699951,1011390.798045,0.00691
sim_2019-02-09_2026-05-21_138e7b4fbb82,2024-03-15,put_credit_spread,1,1373.5,1011390.798045,0.001358
sim_2019-02-09_2026-05-21_138e7b4fbb82,2024-03-18,short_straddle,1,6988.699951,1011392.988078,0.00691
sim_2019-02-09_2026-05-21_138e7b4fbb82,2024-03-18,put_credit_spread,1,1373.5,1011392.988078,0.001358
sim_2019-02-09_2026-05-21_138e7b4fbb82,2024-03-19,short_straddle,1,6988.699951,1011402.498026,0.00691
sim_2019-02-09_2026-05-21_138e7b4fbb82,2024-03-19,put_credit_spread,1,1373.5,1011402.498026,0.001358
sim_2019-02-09_2026-05-21_138e7b4fbb82,2024-03-20,short_straddle,1,6988.699951,1011414.768015,0.00691
sim_2019-02-09_2026-05-21_138e7b4fbb82,2024-03-20,put_credit_spread,1,1373.5,1011414.768015,0.001358
sim_2019-02-09_2026-05-21_138e7b4fbb82,2024-03-21,short_straddle,1,6988.699951,1011423.048045,0.00691
sim_2019-02-09_2026-05-21_138e7b4fbb82,2024-03-21,put_credit_spread,1,1373.5,1011423.048045,0.001358
sim_2019-02-09_2026-05-21_138e7b4fbb82,2024-03-22,short_straddle,1,6988.699951,1011537.888041,0.006909
sim_2019-02-09_2026-05-21_138e7b4fbb82,2024-03-22,put_credit_spread,0,0.0,1011537.888041,0.0
sim_2019-02-09_2026-05-21_138e7b4fbb82,2024-03-25,short_straddle,1,6988.699951,1011531.109331,0.006909
sim_2019-02-09_2026-05-21_138e7b4fbb82,2024-03-25,put_credit_spread,1,722.5,1011531.109331,0.000714
sim_2019-02-09_2026-05-21_138e7b4fbb82,2024-03-26,short_straddle,0,0.0,1011527.864288,0.0
sim_2019-02-09_2026-05-21_138e7b4fbb82,2024-03-26,put_credit_spread,1,722.5,1011527.864288,0.000714
sim_2019-02-09_2026-05-21_138e7b4fbb82,2024-03-27,short_straddle,1,7041.199951,1011525.409288,0.006961
sim_2019-02-09_2026-05-21_138e7b4fbb82,2024-03-27,put_credit_spread,1,722.5,1011525.409288,0.000714
sim_2019-02-09_2026-05-21_138e7b4fbb82,2024-03-28,short_straddle,1,7041.199951,1011523.221608,0.006961
sim_2019-02-09_2026-05-21_138e7b4fbb82,2024-03-28,put_credit_spread,1,722.5,1011523.221608,0.000714
sim_2019-02-09_2026-05-21_138e7b4fbb82,2024-04-01,short_straddle,1,7041.199951,1011496.491353,0.006961
sim_2019-02-09_2026-05-21_138e7b4fbb82,2024-04-01,put_credit_spread,1,722.5,1011496.491353,0.000714
sim_2019-02-09_2026-05-21_138e7b4fbb82,2024-04-02,short_straddle,1,7041.199951,1011455.791554,0.006961
sim_2019-02-09_2026-05-21_138e7b4fbb82,2024-04-02,put_credit_spread,1,722.5,1011455.791554,0.000714
sim_2019-02-09_2026-05-21_138e7b4fbb82,2024-04-03,short_straddle,1,7041.199951,1011451.721608,0.006961
sim_2019-02-09_2026-05-21_138e7b4fbb82,2024-04-03,put_credit_spread,1,722.5,1011451.721608,0.000714
sim_2019-02-09_2026-05-21_138e7b4fbb82,2024-04-04,short_straddle,1,7041.199951,1011394.08138,0.006962
sim_2019-02-09_2026-05-21_138e7b4fbb82,2024-04-04,put_credit_spread,1,722.5,1011394.08138,0.000714
sim_2019-02-09_2026-05-21_138e7b4fbb82,2024-04-05,short_straddle,1,7041.199951,1011425.321339,0.006962
sim_2019-02-09_2026-05-21_138e7b4fbb82,2024-04-05,put_credit_spread,1,722.5,1011425.321339,0.000714
sim_2019-02-09_2026-05-21_138e7b4fbb82,2024-04-08,short_straddle,1,7041.199951,1011427.961568,0.006962
sim_2019-02-09_2026-05-21_138e7b4fbb82,2024-04-08,put_credit_spread,1,722.5,1011427.961568,0.000714
sim_2019-02-09_2026-05-21_138e7b4fbb82,2024-04-09,short_straddle,1,7041.199951,1011425.10146,0.006962
sim_2019-02-09_2026-05-21_138e7b4fbb82,2024-04-09,put_credit_spread,1,722.5,1011425.10146,0.000714
sim_2019-02-09_2026-05-21_138e7b4fbb82,2024-04-10,short_straddle,1,7041.199951,1011377.471608,0.006962
sim_2019-02-09_2026-05-21_138e7b4fbb82,2024-04-10,put_credit_spread,1,722.5,1011377.471608,0.000714
sim_2019-02-09_2026-05-21_138e7b4fbb82,2024-04-11,short_straddle,1,7041.199951,1011377.801595,0.006962
sim_2019-02-09_2026-05-21_138e7b4fbb82,2024-04-11,put_credit_spread,1,722.5,1011377.801595,0.000714
sim_2019-02-09_2026-05-21_138e7b4fbb82,2024-04-12,short_straddle,1,7041.199951,1011326.431447,0.006962
sim_2019-02-09_2026-05-21_138e7b4fbb82,2024-04-12,put_credit_spread,1,722.5,1011326.431447,0.000714
sim_2019-02-09_2026-05-21_138e7b4fbb82,2024-04-15,short_straddle,1,7041.199951,1011298.271474,0.006963
sim_2019-02-09_2026-05-21_138e7b4fbb82,2024-04-15,put_credit_spread,1,722.5,1011298.271474,0.000714
sim_2019-02-09_2026-05-21_138e7b4fbb82,2024-04-16,short_straddle,1,7041.199951,1011305.641621,0.006962
sim_2019-02-09_2026-05-21_138e7b4fbb82,2024-04-16,put_credit_spread,1,722.5,1011305.641621,0.000714
sim_2019-02-09_2026-05-21_138e7b4fbb82,2024-04-17,short_straddle,1,7041.199951,1011295.665385,0.006963
sim_2019-02-09_2026-05-21_138e7b4fbb82,2024-04-17,put_credit_spread,1,1285.0,1011295.665385,0.001271
sim_2019-02-09_2026-05-21_138e7b4fbb82,2024-04-18,short_straddle,1,7041.199951,1011299.95521,0.006963
sim_2019-02-09_2026-05-21_138e7b4fbb82,2024-04-18,put_credit_spread,1,1285.0,1011299.95521,0.001271
sim_2019-02-09_2026-05-21_138e7b4fbb82,2024-04-19,short_straddle,1,7041.199951,1011366.015116,0.006962
sim_2019-02-09_2026-05-21_138e7b4fbb82,2024-04-19,put_credit_spread,1,1285.0,1011366.015116,0.001271
sim_2019-02-09_2026-05-21_138e7b4fbb82,2024-04-22,short_straddle,1,7041.199951,1011394.285197,0.006962
sim_2019-02-09_2026-05-21_138e7b4fbb82,2024-04-22,put_credit_spread,1,1285.0,1011394.285197,0.001271
sim_2019-02-09_2026-05-21_138e7b4fbb82,2024-04-23,short_straddle,1,7041.199951,1011423.43513,0.006962
sim_2019-02-09_2026-05-21_138e7b4fbb82,2024-04-23,put_credit_spread,1,1285.0,1011423.43513,0.00127
sim_2019-02-09_2026-05-21_138e7b4fbb82,2024-04-24,short_straddle,1,6581.300049,1011409.932107,0.006507
sim_2019-02-09_2026-05-21_138e7b4fbb82,2024-04-24,put_credit_spread,1,1285.0,1011409.932107,0.001271
sim_2019-02-09_2026-05-21_138e7b4fbb82,2024-04-25,short_straddle,1,6581.300049,1011408.217967,0.006507
sim_2019-02-09_2026-05-21_138e7b4fbb82,2024-04-25,put_credit_spread,1,1285.0,1011408.217967,0.001271
sim_2019-02-09_2026-05-21_138e7b4fbb82,2024-04-26,short_straddle,1,6581.300049,1011420.727825,0.006507
sim_2019-02-09_2026-05-21_138e7b4fbb82,2024-04-26,put_credit_spread,1,1285.0,1011420.727825,0.00127
sim_2019-02-09_2026-05-21_138e7b4fbb82,2024-04-29,short_straddle,1,6581.300049,1011585.870137,0.006506
sim_2019-02-09_2026-05-21_138e7b4fbb82,2024-04-29,put_credit_spread,1,1285.0,1011585.870137,0.00127
sim_2019-02-09_2026-05-21_138e7b4fbb82,2024-04-30,short_straddle,1,6581.300049,1011556.763962,0.006506
sim_2019-02-09_2026-05-21_138e7b4fbb82,2024-04-30,put_credit_spread,1,1285.0,1011556.763962,0.00127
sim_2019-02-09_2026-05-21_138e7b4fbb82,2024-05-01,short_straddle,1,6581.300049,1011498.60405,0.006506
sim_2019-02-09_2026-05-21_138e7b4fbb82,2024-05-01,put_credit_spread,1,1285.0,1011498.60405,0.00127
sim_2019-02-09_2026-05-21_138e7b4fbb82,2024-05-02,short_straddle,1,6581.300049,1011528.664017,0.006506
sim_2019-02-09_2026-05-21_138e7b4fbb82,2024-05-02,put_credit_spread,1,1285.0,1011528.664017,0.00127
sim_2019-02-09_2026-05-21_138e7b4fbb82,2024-05-03,short_straddle,1,6581.300049,1011553.023819,0.006506
sim_2019-02-09_2026-05-21_138e7b4fbb82,2024-05-03,put_credit_spread,1,1285.0,1011553.023819,0.00127
sim_2019-02-09_2026-05-21_138e7b4fbb82,2024-05-06,short_straddle,1,6581.300049,1011565.644028,0.006506
sim_2019-02-09_2026-05-21_138e7b4fbb82,2024-05-06,put_credit_spread,1,1285.0,1011565.644028,0.00127
sim_2019-02-09_2026-05-21_138e7b4fbb82,2024-05-07,short_straddle,1,6581.300049,1011568.25383,0.006506
sim_2019-02-09_2026-05-21_138e7b4fbb82,2024-05-07,put_credit_spread,1,1285.0,1011568.25383,0.00127
sim_2019-02-09_2026-05-21_138e7b4fbb82,2024-05-08,short_straddle,1,6581.300049,1011583.914017,0.006506
sim_2019-02-09_2026-05-21_138e7b4fbb82,2024-05-08,put_credit_spread,1,1285.0,1011583.914017,0.00127
sim_2019-02-09_2026-05-21_138e7b4fbb82,2024-05-09,short_straddle,1,6581.300049,1011615.593918,0.006506
sim_2019-02-09_2026-05-21_138e7b4fbb82,2024-05-09,put_credit_spread,1,1285.0,1011615.593918,0.00127
sim_2019-02-09_2026-05-21_138e7b4fbb82,2024-05-10,short_straddle,1,6581.300049,1011626.213852,0.006506
sim_2019-02-09_2026-05-21_138e7b4fbb82,2024-05-10,put_credit_spread,1,1285.0,1011626.213852,0.00127
sim_2019-02-09_2026-05-21_138e7b4fbb82,2024-05-13,short_straddle,1,6581.300049,1011619.733841,0.006506
sim_2019-02-09_2026-05-21_138e7b4fbb82,2024-05-13,put_credit_spread,1,1285.0,1011619.733841,0.00127
sim_2019-02-09_2026-05-21_138e7b4fbb82,2024-05-14,short_straddle,1,6581.300049,1011629.813797,0.006506
sim_2019-02-09_2026-05-21_138e7b4fbb82,2024-05-14,put_credit_spread,1,1285.0,1011629.813797,0.00127
sim_2019-02-09_2026-05-21_138e7b4fbb82,2024-05-15,short_straddle,1,6581.300049,1011663.113907,0.006505
sim_2019-02-09_2026-05-21_138e7b4fbb82,2024-05-15,put_credit_spread,1,1285.0,1011663.113907,0.00127
sim_2019-02-09_2026-05-21_138e7b4fbb82,2024-05-16,short_straddle,1,6581.300049,1011662.483841,0.006505
sim_2019-02-09_2026-05-21_138e7b4fbb82,2024-05-16,put_credit_spread,1,1285.0,1011662.483841,0.00127
sim_2019-02-09_2026-05-21_138e7b4fbb82,2024-05-17,short_straddle,1,6581.300049,1011919.607528,0.006504
sim_2019-02-09_2026-05-21_138e7b4fbb82,2024-05-17,put_credit_spread,1,727.0,1011919.607528,0.000718
sim_2019-02-09_2026-05-21_138e7b4fbb82,2024-05-20,short_straddle,1,6581.300049,1011902.957473,0.006504
sim_2019-02-09_2026-05-21_138e7b4fbb82,2024-05-20,put_credit_spread,1,727.0,1011902.957473,0.000718
sim_2019-02-09_2026-05-21_138e7b4fbb82,2024-05-21,short_straddle,1,6581.300049,1011909.077407,0.006504
sim_2019-02-09_2026-05-21_138e7b4fbb82,2024-05-21,put_credit_spread,1,727.0,1011909.077407,0.000718
sim_2019-02-09_2026-05-21_138e7b4fbb82,2024-05-22,short_straddle,1,7058.200073,1011883.297481,0.006975
sim_2019-02-09_2026-05-21_138e7b4fbb82,2024-05-22,put_credit_spread,1,727.0,1011883.297481,0.000718
sim_2019-02-09_2026-05-21_138e7b4fbb82,2024-05-23,short_straddle,1,7058.200073,1011881.930171,0.006975
sim_2019-02-09_2026-05-21_138e7b4fbb82,2024-05-23,put_credit_spread,1,727.0,1011881.930171,0.000718
sim_2019-02-09_2026-05-21_138e7b4fbb82,2024-05-24,short_straddle,1,7058.200073,1011881.790248,0.006975
sim_2019-02-09_2026-05-21_138e7b4fbb82,2024-05-24,put_credit_spread,1,727.0,1011881.790248,0.000718
sim_2019-02-09_2026-05-21_138e7b4fbb82,2024-05-28,short_straddle,1,7058.200073,1011867.510188,0.006975
sim_2019-02-09_2026-05-21_138e7b4fbb82,2024-05-28,put_credit_spread,1,727.0,1011867.510188,0.000718
sim_2019-02-09_2026-05-21_138e7b4fbb82,2024-05-29,short_straddle,1,7058.200073,1011839.370051,0.006976
sim_2019-02-09_2026-05-21_138e7b4fbb82,2024-05-29,put_credit_spread,1,727.0,1011839.370051,0.000718
sim_2019-02-09_2026-05-21_138e7b4fbb82,2024-05-30,short_straddle,1,7058.200073,1011817.670222,0.006976
sim_2019-02-09_2026-05-21_138e7b4fbb82,2024-05-30,put_credit_spread,1,727.0,1011817.670222,0.000719
sim_2019-02-09_2026-05-21_138e7b4fbb82,2024-05-31,short_straddle,1,7058.200073,1011860.020137,0.006975
sim_2019-02-09_2026-05-21_138e7b4fbb82,2024-05-31,put_credit_spread,1,727.0,1011860.020137,0.000718
sim_2019-02-09_2026-05-21_138e7b4fbb82,2024-06-03,short_straddle,1,7058.200073,1011850.990077,0.006976
sim_2019-02-09_2026-05-21_138e7b4fbb82,2024-06-03,put_credit_spread,1,727.0,1011850.990077,0.000718
sim_2019-02-09_2026-05-21_138e7b4fbb82,2024-06-04,short_straddle,1,7058.200073,1011859.880214,0.006975
sim_2019-02-09_2026-05-21_138e7b4fbb82,2024-06-04,put_credit_spread,1,727.0,1011859.880214,0.000718
sim_2019-02-09_2026-05-21_138e7b4fbb82,2024-06-05,short_straddle,1,7058.200073,1011867.020137,0.006975
sim_2019-02-09_2026-05-21_138e7b4fbb82,2024-06-05,put_credit_spread,1,727.0,1011867.020137,0.000718
sim_2019-02-09_2026-05-21_138e7b4fbb82,2024-06-06,short_straddle,1,7058.200073,1011872.620051,0.006975
sim_2019-02-09_2026-05-21_138e7b4fbb82,2024-06-06,put_credit_spread,1,727.0,1011872.620051,0.000718
sim_2019-02-09_2026-05-21_138e7b4fbb82,2024-06-07,short_straddle,1,7058.200073,1011866.740077,0.006975
sim_2019-02-09_2026-05-21_138e7b4fbb82,2024-06-07,put_credit_spread,1,727.0,1011866.740077,0.000718
sim_2019-02-09_2026-05-21_138e7b4fbb82,2024-06-10,short_straddle,1,7058.200073,1011840.73822,0.006976
sim_2019-02-09_2026-05-21_138e7b4fbb82,2024-06-10,put_credit_spread,1,727.0,1011840.73822,0.000718
sim_2019-02-09_2026-05-21_138e7b4fbb82,2024-06-11,short_straddle,1,7058.200073,1011936.218245,0.006975
sim_2019-02-09_2026-05-21_138e7b4fbb82,2024-06-11,put_credit_spread,1,727.0,1011936.218245,0.000718
sim_2019-02-09_2026-05-21_138e7b4fbb82,2024-06-12,short_straddle,1,7058.200073,1011930.176253,0.006975
sim_2019-02-09_2026-05-21_138e7b4fbb82,2024-06-12,put_credit_spread,1,709.0,1011930.176253,0.000701
sim_2019-02-09_2026-05-21_138e7b4fbb82,2024-06-13,short_straddle,1,7058.200073,1011924.50627,0.006975
sim_2019-02-09_2026-05-21_138e7b4fbb82,2024-06-13,put_credit_spread,1,709.0,1011924.50627,0.000701
sim_2019-02-09_2026-05-21_138e7b4fbb82,2024-06-14,short_straddle,1,7058.200073,1011921.566176,0.006975
sim_2019-02-09_2026-05-21_138e7b4fbb82,2024-06-14,put_credit_spread,1,709.0,1011921.566176,0.000701
sim_2019-02-09_2026-05-21_138e7b4fbb82,2024-06-17,short_straddle,1,7058.200073,1011936.406142,0.006975
sim_2019-02-09_2026-05-21_138e7b4fbb82,2024-06-17,put_credit_spread,1,709.0,1011936.406142,0.000701
sim_2019-02-09_2026-05-21_138e7b4fbb82,2024-06-18,short_straddle,1,7058.200073,1011940.326339,0.006975
sim_2019-02-09_2026-05-21_138e7b4fbb82,2024-06-18,put_credit_spread,1,709.0,1011940.326339,0.000701
sim_2019-02-09_2026-05-21_138e7b4fbb82,2024-06-20,short_straddle,0,0.0,1011957.019792,0.0
sim_2019-02-09_2026-05-21_138e7b4fbb82,2024-06-20,put_credit_spread,1,709.0,1011957.019792,0.000701
sim_2019-02-09_2026-05-21_138e7b4fbb82,2024-06-21,short_straddle,1,6866.799927,1011954.539792,0.006786
sim_2019-02-09_2026-05-21_138e7b4fbb82,2024-06-21,put_credit_spread,1,709.0,1011954.539792,0.000701
sim_2019-02-09_2026-05-21_138e7b4fbb82,2024-06-24,short_straddle,1,6866.799927,1011952.372902,0.006786
sim_2019-02-09_2026-05-21_138e7b4fbb82,2024-06-24,put_credit_spread,1,709.0,1011952.372902,0.000701
sim_2019-02-09_2026-05-21_138e7b4fbb82,2024-06-25,short_straddle,1,6866.799927,1011919.812661,0.006786
sim_2019-02-09_2026-05-21_138e7b4fbb82,2024-06-25,put_credit_spread,1,709.0,1011919.812661,0.000701
sim_2019-02-09_2026-05-21_138e7b4fbb82,2024-06-26,short_straddle,1,6866.799927,1011922.232674,0.006786
sim_2019-02-09_2026-05-21_138e7b4fbb82,2024-06-26,put_credit_spread,1,709.0,1011922.232674,0.000701
sim_2019-02-09_2026-05-21_138e7b4fbb82,2024-06-27,short_straddle,1,6866.799927,1011925.752755,0.006786
sim_2019-02-09_2026-05-21_138e7b4fbb82,2024-06-27,put_credit_spread,1,709.0,1011925.752755,0.000701
sim_2019-02-09_2026-05-21_138e7b4fbb82,2024-06-28,short_straddle,1,6866.799927,1011921.022835,0.006786
sim_2019-02-09_2026-05-21_138e7b4fbb82,2024-06-28,put_credit_spread,1,709.0,1011921.022835,0.000701
sim_2019-02-09_2026-05-21_138e7b4fbb82,2024-07-01,short_straddle,1,6866.799927,1011924.652688,0.006786
sim_2019-02-09_2026-05-21_138e7b4fbb82,2024-07-01,put_credit_spread,1,709.0,1011924.652688,0.000701
sim_2019-02-09_2026-05-21_138e7b4fbb82,2024-07-02,short_straddle,1,6866.799927,1011944.782875,0.006786
sim_2019-02-09_2026-05-21_138e7b4fbb82,2024-07-02,put_credit_spread,1,709.0,1011944.782875,0.000701
sim_2019-02-09_2026-05-21_138e7b4fbb82,2024-07-03,short_straddle,1,6866.799927,1011939.722634,0.006786
sim_2019-02-09_2026-05-21_138e7b4fbb82,2024-07-03,put_credit_spread,1,709.0,1011939.722634,0.000701
sim_2019-02-09_2026-05-21_138e7b4fbb82,2024-07-05,short_straddle,1,6866.799927,1011949.292916,0.006786
sim_2019-02-09_2026-05-21_138e7b4fbb82,2024-07-05,put_credit_spread,1,709.0,1011949.292916,0.000701
sim_2019-02-09_2026-05-21_138e7b4fbb82,2024-07-08,short_straddle,1,6866.799927,1011946.652688,0.006786
sim_2019-02-09_2026-05-21_138e7b4fbb82,2024-07-08,put_credit_spread,1,709.0,1011946.652688,0.000701
sim_2019-02-09_2026-05-21_138e7b4fbb82,2024-07-09,short_straddle,1,6866.799927,1011940.932808,0.006786
sim_2019-02-09_2026-05-21_138e7b4fbb82,2024-07-09,put_credit_spread,1,709.0,1011940.932808,0.000701
sim_2019-02-09_2026-05-21_138e7b4fbb82,2024-07-10,short_straddle,1,6866.799927,1011988.452889,0.006785
sim_2019-02-09_2026-05-21_138e7b4fbb82,2024-07-10,put_credit_spread,1,709.0,1011988.452889,0.000701
sim_2019-02-09_2026-05-21_138e7b4fbb82,2024-07-11,short_straddle,1,6866.799927,1011992.522835,0.006785
sim_2019-02-09_2026-05-21_138e7b4fbb82,2024-07-11,put_credit_spread,1,709.0,1011992.522835,0.000701
sim_2019-02-09_2026-05-21_138e7b4fbb82,2024-07-12,short_straddle,1,6866.799927,1012109.063862,0.006785
sim_2019-02-09_2026-05-21_138e7b4fbb82,2024-07-12,put_credit_spread,1,752.0,1012109.063862,0.000743
sim_2019-02-09_2026-05-21_138e7b4fbb82,2024-07-15,short_straddle,1,6866.799927,1012131.50362,0.006784
sim_2019-02-09_2026-05-21_138e7b4fbb82,2024-07-15,put_credit_spread,1,752.0,1012131.50362,0.000743
sim_2019-02-09_2026-05-21_138e7b4fbb82,2024-07-16,short_straddle,1,6866.799927,1012211.803822,0.006784
sim_2019-02-09_2026-05-21_138e7b4fbb82,2024-07-16,put_credit_spread,1,752.0,1012211.803822,0.000743
sim_2019-02-09_2026-05-21_138e7b4fbb82,2024-07-17,short_straddle,1,7063.599854,1012229.440586,0.006978
sim_2019-02-09_2026-05-21_138e7b4fbb82,2024-07-17,put_credit_spread,1,752.0,1012229.440586,0.000743
sim_2019-02-09_2026-05-21_138e7b4fbb82,2024-07-18,short_straddle,1,7063.599854,1012227.813706,0.006978
sim_2019-02-09_2026-05-21_138e7b4fbb82,2024-07-18,put_credit_spread,1,752.0,1012227.813706,0.000743
sim_2019-02-09_2026-05-21_138e7b4fbb82,2024-07-19,short_straddle,1,7063.599854,1012197.653794,0.006978
sim_2019-02-09_2026-05-21_138e7b4fbb82,2024-07-19,put_credit_spread,1,752.0,1012197.653794,0.000743
sim_2019-02-09_2026-05-21_138e7b4fbb82,2024-07-22,short_straddle,1,7063.599854,1012257.851973,0.006978
sim_2019-02-09_2026-05-21_138e7b4fbb82,2024-07-22,put_credit_spread,1,752.0,1012257.851973,0.000743
sim_2019-02-09_2026-05-21_138e7b4fbb82,2024-07-23,short_straddle,1,7063.599854,1012275.026618,0.006978
sim_2019-02-09_2026-05-21_138e7b4fbb82,2024-07-23,put_credit_spread,1,752.0,1012275.026618,0.000743
sim_2019-02-09_2026-05-21_138e7b4fbb82,2024-07-24,short_straddle,1,7063.599854,1012236.466803,0.006978
sim_2019-02-09_2026-05-21_138e7b4fbb82,2024-07-24,put_credit_spread,1,752.0,1012236.466803,0.000743
sim_2019-02-09_2026-05-21_138e7b4fbb82,2024-07-25,short_straddle,1,7063.599854,1012243.026618,0.006978
sim_2019-02-09_2026-05-21_138e7b4fbb82,2024-07-25,put_credit_spread,1,752.0,1012243.026618,0.000743
sim_2019-02-09_2026-05-21_138e7b4fbb82,2024-07-26,short_straddle,1,7063.599854,1012294.866706,0.006978
sim_2019-02-09_2026-05-21_138e7b4fbb82,2024-07-26,put_credit_spread,1,752.0,1012294.866706,0.000743
sim_2019-02-09_2026-05-21_138e7b4fbb82,2024-07-29,short_straddle,1,7063.599854,1012291.186774,0.006978
sim_2019-02-09_2026-05-21_138e7b4fbb82,2024-07-29,put_credit_spread,1,752.0,1012291.186774,0.000743
sim_2019-02-09_2026-05-21_138e7b4fbb82,2024-07-30,short_straddle,1,7063.599854,1012306.386725,0.006978
sim_2019-02-09_2026-05-21_138e7b4fbb82,2024-07-30,put_credit_spread,1,752.0,1012306.386725,0.000743
sim_2019-02-09_2026-05-21_138e7b4fbb82,2024-07-31,short_straddle,1,7063.599854,1012315.026618,0.006978
sim_2019-02-09_2026-05-21_138e7b4fbb82,2024-07-31,put_credit_spread,1,752.0,1012315.026618,0.000743
sim_2019-02-09_2026-05-21_138e7b4fbb82,2024-08-01,short_straddle,1,7063.599854,1012272.946784,0.006978
sim_2019-02-09_2026-05-21_138e7b4fbb82,2024-08-01,put_credit_spread,1,752.0,1012272.946784,0.000743
sim_2019-02-09_2026-05-21_138e7b4fbb82,2024-08-02,short_straddle,1,7063.599854,1012224.146735,0.006978
sim_2019-02-09_2026-05-21_138e7b4fbb82,2024-08-02,put_credit_spread,1,752.0,1012224.146735,0.000743
sim_2019-02-09_2026-05-21_138e7b4fbb82,2024-08-05,short_straddle,1,7063.599854,1012141.586677,0.006979
sim_2019-02-09_2026-05-21_138e7b4fbb82,2024-08-05,put_credit_spread,1,752.0,1012141.586677,0.000743
sim_2019-02-09_2026-05-21_138e7b4fbb82,2024-08-06,short_straddle,1,7063.599854,1012166.786628,0.006979
sim_2019-02-09_2026-05-21_138e7b4fbb82,2024-08-06,put_credit_spread,1,752.0,1012166.786628,0.000743
sim_2019-02-09_2026-05-21_138e7b4fbb82,2024-08-07,short_straddle,1,7063.599854,1012147.217608,0.006979
sim_2019-02-09_2026-05-21_138e7b4fbb82,2024-08-07,put_credit_spread,0,0.0,1012147.217608,0.0
sim_2019-02-09_2026-05-21_138e7b4fbb82,2024-08-08,short_straddle,1,7063.599854,1012201.217608,0.006978
sim_2019-02-09_2026-05-21_138e7b4fbb82,2024-08-08,put_credit_spread,0,0.0,1012201.217608,0.0
sim_2019-02-09_2026-05-21_138e7b4fbb82,2024-08-09,short_straddle,1,7063.599854,1012206.257647,0.006978
sim_2019-02-09_2026-05-21_138e7b4fbb82,2024-08-09,put_credit_spread,0,0.0,1012206.257647,0.0
sim_2019-02-09_2026-05-21_138e7b4fbb82,2024-08-12,short_straddle,1,7063.599854,1012193.115358,0.006979
sim_2019-02-09_2026-05-21_138e7b4fbb82,2024-08-12,put_credit_spread,1,1395.5,1012193.115358,0.001379
sim_2019-02-09_2026-05-21_138e7b4fbb82,2024-08-13,short_straddle,1,7063.599854,1012225.275514,0.006978
sim_2019-02-09_2026-05-21_138e7b4fbb82,2024-08-13,put_credit_spread,1,1395.5,1012225.275514,0.001379
sim_2019-02-09_2026-05-21_138e7b4fbb82,2024-08-14,short_straddle,1,6841.799927,1012236.937807,0.006759
sim_2019-02-09_2026-05-21_138e7b4fbb82,2024-08-14,put_credit_spread,1,1395.5,1012236.937807,0.001379
sim_2019-02-09_2026-05-21_138e7b4fbb82,2024-08-15,short_straddle,1,6841.799927,1012234.299587,0.006759
sim_2019-02-09_2026-05-21_138e7b4fbb82,2024-08-15,put_credit_spread,1,1395.5,1012234.299587,0.001379
sim_2019-02-09_2026-05-21_138e7b4fbb82,2024-08-16,short_straddle,1,6841.799927,1012245.479396,0.006759
sim_2019-02-09_2026-05-21_138e7b4fbb82,2024-08-16,put_credit_spread,1,1395.5,1012245.479396,0.001379
sim_2019-02-09_2026-05-21_138e7b4fbb82,2024-08-19,short_straddle,1,6841.799927,1012276.289333,0.006759
sim_2019-02-09_2026-05-21_138e7b4fbb82,2024-08-19,put_credit_spread,1,1395.5,1012276.289333,0.001379
sim_2019-02-09_2026-05-21_138e7b4fbb82,2024-08-20,short_straddle,1,6841.799927,1012269.139492,0.006759
sim_2019-02-09_2026-05-21_138e7b4fbb82,2024-08-20,put_credit_spread,1,1395.5,1012269.139492,0.001379
sim_2019-02-09_2026-05-21_138e7b4fbb82,2024-08-21,short_straddle,1,6841.799927,1012171.729396,0.00676
sim_2019-02-09_2026-05-21_138e7b4fbb82,2024-08-21,put_credit_spread,1,1395.5,1012171.729396,0.001379
sim_2019-02-09_2026-05-21_138e7b4fbb82,2024-08-22,short_straddle,1,6841.799927,1012152.099666,0.00676
sim_2019-02-09_2026-05-21_138e7b4fbb82,2024-08-22,put_credit_spread,1,1395.5,1012152.099666,0.001379
sim_2019-02-09_2026-05-21_138e7b4fbb82,2024-08-23,short_straddle,1,6841.799927,1012204.649349,0.006759
sim_2019-02-09_2026-05-21_138e7b4fbb82,2024-08-23,put_credit_spread,1,1395.5,1012204.649349,0.001379
sim_2019-02-09_2026-05-21_138e7b4fbb82,2024-08-26,short_straddle,1,6841.799927,1012214.219539,0.006759
sim_2019-02-09_2026-05-21_138e7b4fbb82,2024-08-26,put_credit_spread,1,1395.5,1012214.219539,0.001379
sim_2019-02-09_2026-05-21_138e7b4fbb82,2024-08-27,short_straddle,1,6841.799927,1012216.429714,0.006759
sim_2019-02-09_2026-05-21_138e7b4fbb82,2024-08-27,put_credit_spread,1,1395.5,1012216.429714,0.001379
sim_2019-02-09_2026-05-21_138e7b4fbb82,2024-08-28,short_straddle,1,6841.799927,1012196.279476,0.006759
sim_2019-02-09_2026-05-21_138e7b4fbb82,2024-08-28,put_credit_spread,1,1395.5,1012196.279476,0.001379
sim_2019-02-09_2026-05-21_138e7b4fbb82,2024-08-29,short_straddle,1,6841.799927,1012229.689571,0.006759
sim_2019-02-09_2026-05-21_138e7b4fbb82,2024-08-29,put_credit_spread,1,1395.5,1012229.689571,0.001379
sim_2019-02-09_2026-05-21_138e7b4fbb82,2024-08-30,short_straddle,1,6841.799927,1011640.605852,0.006763
sim_2019-02-09_2026-05-21_138e7b4fbb82,2024-08-30,put_credit_spread,1,1395.5,1011640.605852,0.001379
sim_2019-02-09_2026-05-21_138e7b4fbb82,2024-09-03,short_straddle,1,6841.799927,1011119.237579,0.006767
sim_2019-02-09_2026-05-21_138e7b4fbb82,2024-09-03,put_credit_spread,1,1395.5,1011119.237579,0.00138
sim_2019-02-09_2026-05-21_138e7b4fbb82,2024-09-04,short_straddle,1,6841.799927,1011121.447753,0.006767
sim_2019-02-09_2026-05-21_138e7b4fbb82,2024-09-04,put_credit_spread,1,1395.5,1011121.447753,0.00138
sim_2019-02-09_2026-05-21_138e7b4fbb82,2024-09-05,short_straddle,1,6841.799927,1011095.967468,0.006767
sim_2019-02-09_2026-05-21_138e7b4fbb82,2024-09-05,put_credit_spread,1,1395.5,1011095.967468,0.00138
sim_2019-02-09_2026-05-21_138e7b4fbb82,2024-09-06,short_straddle,1,6841.799927,1011355.597595,0.006765
sim_2019-02-09_2026-05-21_138e7b4fbb82,2024-09-06,put_credit_spread,0,0.0,1011355.597595,0.0
sim_2019-02-09_2026-05-21_138e7b4fbb82,2024-09-09,short_straddle,1,6841.799927,1011413.01867,0.006765
sim_2019-02-09_2026-05-21_138e7b4fbb82,2024-09-09,put_credit_spread,1,1362.5,1011413.01867,0.001347
sim_2019-02-09_2026-05-21_138e7b4fbb82,2024-09-10,short_straddle,1,6841.799927,1011402.748956,0.006765
sim_2019-02-09_2026-05-21_138e7b4fbb82,2024-09-10,put_credit_spread,1,1362.5,1011402.748956,0.001347
sim_2019-02-09_2026-05-21_138e7b4fbb82,2024-09-11,short_straddle,1,6937.89978,1011407.712681,0.00686
sim_2019-02-09_2026-05-21_138e7b4fbb82,2024-09-11,put_credit_spread,1,1362.5,1011407.712681,0.001347
sim_2019-02-09_2026-05-21_138e7b4fbb82,2024-09-12,short_straddle,1,6937.89978,1011406.476771,0.00686
sim_2019-02-09_2026-05-21_138e7b4fbb82,2024-09-12,put_credit_spread,1,1362.5,1011406.476771,0.001347
sim_2019-02-09_2026-05-21_138e7b4fbb82,2024-09-13,short_straddle,1,6937.89978,1011424.296778,0.00686
sim_2019-02-09_2026-05-21_138e7b4fbb82,2024-09-13,put_credit_spread,1,1362.5,1011424.296778,0.001347
sim_2019-02-09_2026-05-21_138e7b4fbb82,2024-09-16,short_straddle,1,6937.89978,1011230.923953,0.006861
sim_2019-02-09_2026-05-21_138e7b4fbb82,2024-09-16,put_credit_spread,1,1362.5,1011230.923953,0.001347
sim_2019-02-09_2026-05-21_138e7b4fbb82,2024-09-17,short_straddle,1,6937.89978,1011218.373478,0.006861
sim_2019-02-09_2026-05-21_138e7b4fbb82,2024-09-17,put_credit_spread,1,1362.5,1011218.373478,0.001347
sim_2019-02-09_2026-05-21_138e7b4fbb82,2024-09-18,short_straddle,1,6937.89978,1011130.453434,0.006862
sim_2019-02-09_2026-05-21_138e7b4fbb82,2024-09-18,put_credit_spread,1,1362.5,1011130.453434,0.001348
sim_2019-02-09_2026-05-21_138e7b4fbb82,2024-09-19,short_straddle,1,6937.89978,1011161.773441,0.006861
sim_2019-02-09_2026-05-21_138e7b4fbb82,2024-09-19,put_credit_spread,1,1362.5,1011161.773441,0.001347
sim_2019-02-09_2026-05-21_138e7b4fbb82,2024-09-20,short_straddle,1,6937.89978,1011156.733463,0.006861
sim_2019-02-09_2026-05-21_138e7b4fbb82,2024-09-20,put_credit_spread,1,1362.5,1011156.733463,0.001347
sim_2019-02-09_2026-05-21_138e7b4fbb82,2024-09-23,short_straddle,1,6937.89978,1011159.973331,0.006861
sim_2019-02-09_2026-05-21_138e7b4fbb82,2024-09-23,put_credit_spread,1,1362.5,1011159.973331,0.001347
sim_2019-02-09_2026-05-21_138e7b4fbb82,2024-09-24,short_straddle,1,6937.89978,1011166.093449,0.006861
sim_2019-02-09_2026-05-21_138e7b4fbb82,2024-09-24,put_credit_spread,1,1362.5,1011166.093449,0.001347
sim_2019-02-09_2026-05-21_138e7b4fbb82,2024-09-25,short_straddle,1,6937.89978,1011148.03339,0.006861
sim_2019-02-09_2026-05-21_138e7b4fbb82,2024-09-25,put_credit_spread,1,1362.5,1011148.03339,0.001347
sim_2019-02-09_2026-05-21_138e7b4fbb82,2024-09-26,short_straddle,1,6937.89978,1011163.03339,0.006861
sim_2019-02-09_2026-05-21_138e7b4fbb82,2024-09-26,put_credit_spread,1,1362.5,1011163.03339,0.001347
sim_2019-02-09_2026-05-21_138e7b4fbb82,2024-09-27,short_straddle,1,6937.89978,1011171.013492,0.006861
sim_2019-02-09_2026-05-21_138e7b4fbb82,2024-09-27,put_credit_spread,1,1362.5,1011171.013492,0.001347
sim_2019-02-09_2026-05-21_138e7b4fbb82,2024-09-30,short_straddle,1,6937.89978,1011172.03339,0.006861
sim_2019-02-09_2026-05-21_138e7b4fbb82,2024-09-30,put_credit_spread,1,1362.5,1011172.03339,0.001347
sim_2019-02-09_2026-05-21_138e7b4fbb82,2024-10-01,short_straddle,1,6937.89978,1011162.313419,0.006861
sim_2019-02-09_2026-05-21_138e7b4fbb82,2024-10-01,put_credit_spread,1,1362.5,1011162.313419,0.001347
sim_2019-02-09_2026-05-21_138e7b4fbb82,2024-10-02,short_straddle,1,6937.89978,1011164.773441,0.006861
sim_2019-02-09_2026-05-21_138e7b4fbb82,2024-10-02,put_credit_spread,1,1362.5,1011164.773441,0.001347
sim_2019-02-09_2026-05-21_138e7b4fbb82,2024-10-03,short_straddle,1,6937.89978,1011153.193485,0.006861
sim_2019-02-09_2026-05-21_138e7b4fbb82,2024-10-03,put_credit_spread,1,1362.5,1011153.193485,0.001347
sim_2019-02-09_2026-05-21_138e7b4fbb82,2024-10-04,short_straddle,1,6937.89978,1011488.681441,0.006859
sim_2019-02-09_2026-05-21_138e7b4fbb82,2024-10-04,put_credit_spread,1,1516.0,1011488.681441,0.001499
sim_2019-02-09_2026-05-21_138e7b4fbb82,2024-10-07,short_straddle,1,6937.89978,1011465.881331,0.006859
sim_2019-02-09_2026-05-21_138e7b4fbb82,2024-10-07,put_credit_spread,1,1516.0,1011465.881331,0.001499
sim_2019-02-09_2026-05-21_138e7b4fbb82,2024-10-08,short_straddle,1,6937.89978,1011473.021346,0.006859
sim_2019-02-09_2026-05-21_138e7b4fbb82,2024-10-08,put_credit_spread,1,1516.0,1011473.021346,0.001499
sim_2019-02-09_2026-05-21_138e7b4fbb82,2024-10-09,short_straddle,1,7003.499756,1011491.773446,0.006924
sim_2019-02-09_2026-05-21_138e7b4fbb82,2024-10-09,put_credit_spread,1,1516.0,1011491.773446,0.001499
sim_2019-02-09_2026-05-21_138e7b4fbb82,2024-10-10,short_straddle,1,7003.499756,1011475.287136,0.006924
sim_2019-02-09_2026-05-21_138e7b4fbb82,2024-10-10,put_credit_spread,1,1516.0,1011475.287136,0.001499
sim_2019-02-09_2026-05-21_138e7b4fbb82,2024-10-11,short_straddle,1,7003.499756,1011503.348457,0.006924
sim_2019-02-09_2026-05-21_138e7b4fbb82,2024-10-11,put_credit_spread,1,1516.0,1011503.348457,0.001499
sim_2019-02-09_2026-05-21_138e7b4fbb82,2024-10-14,short_straddle,1,7003.499756,1011522.78849,0.006924
sim_2019-02-09_2026-05-21_138e7b4fbb82,2024-10-14,put_credit_spread,1,1516.0,1011522.78849,0.001499
sim_2019-02-09_2026-05-21_138e7b4fbb82,2024-10-15,short_straddle,1,7003.499756,1011492.638435,0.006924
sim_2019-02-09_2026-05-21_138e7b4fbb82,2024-10-15,put_credit_spread,1,1516.0,1011492.638435,0.001499
sim_2019-02-09_2026-05-21_138e7b4fbb82,2024-10-16,short_straddle,1,7003.499756,1011521.258369,0.006924
sim_2019-02-09_2026-05-21_138e7b4fbb82,2024-10-16,put_credit_spread,1,1516.0,1011521.258369,0.001499
sim_2019-02-09_2026-05-21_138e7b4fbb82,2024-10-17,short_straddle,1,7003.499756,1011680.184218,0.006923
sim_2019-02-09_2026-05-21_138e7b4fbb82,2024-10-17,put_credit_spread,1,1548.0,1011680.184218,0.00153
sim_2019-02-09_2026-05-21_138e7b4fbb82,2024-10-18,short_straddle,1,7003.499756,1011700.89424,0.006923
sim_2019-02-09_2026-05-21_138e7b4fbb82,2024-10-18,put_credit_spread,1,1548.0,1011700.89424,0.00153
sim_2019-02-09_2026-05-21_138e7b4fbb82,2024-10-21,short_straddle,1,7003.499756,1011671.464064,0.006923
sim_2019-02-09_2026-05-21_138e7b4fbb82,2024-10-21,put_credit_spread,1,1548.0,1011671.464064,0.00153
sim_2019-02-09_2026-05-21_138e7b4fbb82,2024-10-22,short_straddle,1,7003.499756,1011670.924086,0.006923
sim_2019-02-09_2026-05-21_138e7b4fbb82,2024-10-22,put_credit_spread,1,1548.0,1011670.924086,0.00153
sim_2019-02-09_2026-05-21_138e7b4fbb82,2024-10-23,short_straddle,1,7003.499756,1011943.735761,0.006921
sim_2019-02-09_2026-05-21_138e7b4fbb82,2024-10-23,put_credit_spread,1,1548.0,1011943.735761,0.00153
sim_2019-02-09_2026-05-21_138e7b4fbb82,2024-10-24,short_straddle,1,7003.499756,1011944.164981,0.006921
sim_2019-02-09_2026-05-21_138e7b4fbb82,2024-10-24,put_credit_spread,1,1548.0,1011944.164981,0.00153
sim_2019-02-09_2026-05-21_138e7b4fbb82,2024-10-25,short_straddle,1,7003.499756,1011920.405124,0.006921
sim_2019-02-09_2026-05-21_138e7b4fbb82,2024-10-25,put_credit_spread,1,1548.0,1011920.405124,0.00153
sim_2019-02-09_2026-05-21_138e7b4fbb82,2024-10-28,short_straddle,1,7003.499756,1011946.775058,0.006921
sim_2019-02-09_2026-05-21_138e7b4fbb82,2024-10-28,put_credit_spread,1,1548.0,1011946.775058,0.00153
sim_2019-02-09_2026-05-21_138e7b4fbb82,2024-10-29,short_straddle,1,7003.499756,1011932.644992,0.006921
sim_2019-02-09_2026-05-21_138e7b4fbb82,2024-10-29,put_credit_spread,1,1548.0,1011932.644992,0.00153
sim_2019-02-09_2026-05-21_138e7b4fbb82,2024-10-30,short_straddle,1,7003.499756,1011925.894992,0.006921
sim_2019-02-09_2026-05-21_138e7b4fbb82,2024-10-30,put_credit_spread,1,1548.0,1011925.894992,0.00153
sim_2019-02-09_2026-05-21_138e7b4fbb82,2024-10-31,short_straddle,1,7003.499756,1011889.175113,0.006921
sim_2019-02-09_2026-05-21_138e7b4fbb82,2024-10-31,put_credit_spread,1,1548.0,1011889.175113,0.00153
sim_2019-02-09_2026-05-21_138e7b4fbb82,2024-11-01,short_straddle,1,7003.499756,1011913.925113,0.006921
sim_2019-02-09_2026-05-21_138e7b4fbb82,2024-11-01,put_credit_spread,1,1548.0,1011913.925113,0.00153
sim_2019-02-09_2026-05-21_138e7b4fbb82,2024-11-04,short_straddle,1,7003.499756,1011892.594882,0.006921
sim_2019-02-09_2026-05-21_138e7b4fbb82,2024-11-04,put_credit_spread,1,1548.0,1011892.594882,0.00153
sim_2019-02-09_2026-05-21_138e7b4fbb82,2024-11-05,short_straddle,1,7003.499756,1011930.844882,0.006921
sim_2019-02-09_2026-05-21_138e7b4fbb82,2024-11-05,put_credit_spread,1,1548.0,1011930.844882,0.00153
sim_2019-02-09_2026-05-21_138e7b4fbb82,2024-11-06,short_straddle,1,7437.10022,1012057.993806,0.007348
sim_2019-02-09_2026-05-21_138e7b4fbb82,2024-11-06,put_credit_spread,1,1548.0,1012057.993806,0.00153
sim_2019-02-09_2026-05-21_138e7b4fbb82,2024-11-07,short_straddle,1,7437.10022,1012170.369466,0.007348
sim_2019-02-09_2026-05-21_138e7b4fbb82,2024-11-07,put_credit_spread,1,1548.0,1012170.369466,0.001529
sim_2019-02-09_2026-05-21_138e7b4fbb82,2024-11-08,short_straddle,1,7437.10022,1012202.569004,0.007347
sim_2019-02-09_2026-05-21_138e7b4fbb82,2024-11-08,put_credit_spread,1,1548.0,1012202.569004,0.001529
sim_2019-02-09_2026-05-21_138e7b4fbb82,2024-11-11,short_straddle,1,7437.10022,1012231.569248,0.007347
sim_2019-02-09_2026-05-21_138e7b4fbb82,2024-11-11,put_credit_spread,1,1548.0,1012231.569248,0.001529
sim_2019-02-09_2026-05-21_138e7b4fbb82,2024-11-12,short_straddle,1,7437.10022,1012195.369297,0.007347
sim_2019-02-09_2026-05-21_138e7b4fbb82,2024-11-12,put_credit_spread,1,1548.0,1012195.369297,0.001529
sim_2019-02-09_2026-05-21_138e7b4fbb82,2024-11-13,short_straddle,1,7437.10022,1012199.569126,0.007347
sim_2019-02-09_2026-05-21_138e7b4fbb82,2024-11-13,put_credit_spread,1,1548.0,1012199.569126,0.001529
sim_2019-02-09_2026-05-21_138e7b4fbb82,2024-11-14,short_straddle,1,7437.10022,1012178.469273,0.007348
sim_2019-02-09_2026-05-21_138e7b4fbb82,2024-11-14,put_credit_spread,1,1548.0,1012178.469273,0.001529
sim_2019-02-09_2026-05-21_138e7b4fbb82,2024-11-15,short_straddle,1,7437.10022,1012375.479248,0.007346
sim_2019-02-09_2026-05-21_138e7b4fbb82,2024-11-15,put_credit_spread,1,1620.0,1012375.479248,0.0016
sim_2019-02-09_2026-05-21_138e7b4fbb82,2024-11-18,short_straddle,1,7437.10022,1012374.279175,0.007346
sim_2019-02-09_2026-05-21_138e7b4fbb82,2024-11-18,put_credit_spread,1,1620.0,1012374.279175,0.0016
sim_2019-02-09_2026-05-21_138e7b4fbb82,2024-11-19,short_straddle,1,7437.10022,1012360.779114,0.007346
sim_2019-02-09_2026-05-21_138e7b4fbb82,2024-11-19,put_credit_spread,1,1620.0,1012360.779114,0.0016
sim_2019-02-09_2026-05-21_138e7b4fbb82,2024-11-20,short_straddle,1,7437.10022,1012375.279236,0.007346
sim_2019-02-09_2026-05-21_138e7b4fbb82,2024-11-20,put_credit_spread,1,1620.0,1012375.279236,0.0016
sim_2019-02-09_2026-05-21_138e7b4fbb82,2024-11-21,short_straddle,1,7437.10022,1012422.079163,0.007346
sim_2019-02-09_2026-05-21_138e7b4fbb82,2024-11-21,put_credit_spread,1,1620.0,1012422.079163,0.0016
sim_2019-02-09_2026-05-21_138e7b4fbb82,2024-11-22,short_straddle,1,7437.10022,1012463.979187,0.007346
sim_2019-02-09_2026-05-21_138e7b4fbb82,2024-11-22,put_credit_spread,1,1620.0,1012463.979187,0.0016
sim_2019-02-09_2026-05-21_138e7b4fbb82,2024-11-25,short_straddle,1,7437.10022,1012507.979126,0.007345
sim_2019-02-09_2026-05-21_138e7b4fbb82,2024-11-25,put_credit_spread,1,1620.0,1012507.979126,0.0016
sim_2019-02-09_2026-05-21_138e7b4fbb82,2024-11-26,short_straddle,1,7437.10022,1012521.1792,0.007345
sim_2019-02-09_2026-05-21_138e7b4fbb82,2024-11-26,put_credit_spread,1,1620.0,1012521.1792,0.0016
sim_2019-02-09_2026-05-21_138e7b4fbb82,2024-11-27,short_straddle,1,7437.10022,1012509.779053,0.007345
sim_2019-02-09_2026-05-21_138e7b4fbb82,2024-11-27,put_credit_spread,1,1620.0,1012509.779053,0.0016
sim_2019-02-09_2026-05-21_138e7b4fbb82,2024-11-29,short_straddle,1,7437.10022,1012533.279114,0.007345
sim_2019-02-09_2026-05-21_138e7b4fbb82,2024-11-29,put_credit_spread,1,1620.0,1012533.279114,0.0016
sim_2019-02-09_2026-05-21_138e7b4fbb82,2024-12-02,short_straddle,1,7437.10022,1012519.779053,0.007345
sim_2019-02-09_2026-05-21_138e7b4fbb82,2024-12-02,put_credit_spread,1,1620.0,1012519.779053,0.0016
sim_2019-02-09_2026-05-21_138e7b4fbb82,2024-12-03,short_straddle,1,7437.10022,1012511.279297,0.007345
sim_2019-02-09_2026-05-21_138e7b4fbb82,2024-12-03,put_credit_spread,1,1620.0,1012511.279297,0.0016
sim_2019-02-09_2026-05-21_138e7b4fbb82,2024-12-04,short_straddle,1,7978.800049,1012534.408225,0.00788
sim_2019-02-09_2026-05-21_138e7b4fbb82,2024-12-04,put_credit_spread,1,1620.0,1012534.408225,0.0016
sim_2019-02-09_2026-05-21_138e7b4fbb82,2024-12-05,short_straddle,1,7978.800049,1012532.38921,0.00788
sim_2019-02-09_2026-05-21_138e7b4fbb82,2024-12-05,put_credit_spread,1,1620.0,1012532.38921,0.0016
sim_2019-02-09_2026-05-21_138e7b4fbb82,2024-12-06,short_straddle,1,7978.800049,1012518.709034,0.00788
sim_2019-02-09_2026-05-21_138e7b4fbb82,2024-12-06,put_credit_spread,1,1620.0,1012518.709034,0.0016
sim_2019-02-09_2026-05-21_138e7b4fbb82,2024-12-09,short_straddle,1,7978.800049,1012500.078968,0.00788
sim_2019-02-09_2026-05-21_138e7b4fbb82,2024-12-09,put_credit_spread,1,1620.0,1012500.078968,0.0016
sim_2019-02-09_2026-05-21_138e7b4fbb82,2024-12-10,short_straddle,1,7978.800049,1012487.569111,0.00788
sim_2019-02-09_2026-05-21_138e7b4fbb82,2024-12-10,put_credit_spread,1,1620.0,1012487.569111,0.0016
sim_2019-02-09_2026-05-21_138e7b4fbb82,2024-12-11,short_straddle,1,7978.800049,1012476.949177,0.00788
sim_2019-02-09_2026-05-21_138e7b4fbb82,2024-12-11,put_credit_spread,1,1620.0,1012476.949177,0.0016
sim_2019-02-09_2026-05-21_138e7b4fbb82,2024-12-12,short_straddle,1,7978.800049,1012456.78899,0.007881
sim_2019-02-09_2026-05-21_138e7b4fbb82,2024-12-12,put_credit_spread,1,1620.0,1012456.78899,0.0016
sim_2019-02-09_2026-05-21_138e7b4fbb82,2024-12-13,short_straddle,1,7978.800049,1012622.603795,0.007879
sim_2019-02-09_2026-05-21_138e7b4fbb82,2024-12-13,put_credit_spread,1,1429.5,1012622.603795,0.001412
sim_2019-02-09_2026-05-21_138e7b4fbb82,2024-12-16,short_straddle,1,7978.800049,1012613.603795,0.007879
sim_2019-02-09_2026-05-21_138e7b4fbb82,2024-12-16,put_credit_spread,1,1429.5,1012613.603795,0.001412
sim_2019-02-09_2026-05-21_138e7b4fbb82,2024-12-17,short_straddle,1,7978.800049,1012588.403905,0.00788
sim_2019-02-09_2026-05-21_138e7b4fbb82,2024-12-17,put_credit_spread,1,1429.5,1012588.403905,0.001412
sim_2019-02-09_2026-05-21_138e7b4fbb82,2024-12-18,short_straddle,1,7978.800049,1010672.46707,0.007895
sim_2019-02-09_2026-05-21_138e7b4fbb82,2024-12-18,put_credit_spread,1,1429.5,1010672.46707,0.001414
sim_2019-02-09_2026-05-21_138e7b4fbb82,2024-12-19,short_straddle,1,7978.800049,1010624.075318,0.007895
sim_2019-02-09_2026-05-21_138e7b4fbb82,2024-12-19,put_credit_spread,1,1429.5,1010624.075318,0.001414
sim_2019-02-09_2026-05-21_138e7b4fbb82,2024-12-20,short_straddle,1,7978.800049,1010660.165405,0.007895
sim_2019-02-09_2026-05-21_138e7b4fbb82,2024-12-20,put_credit_spread,1,1429.5,1010660.165405,0.001414
sim_2019-02-09_2026-05-21_138e7b4fbb82,2024-12-23,short_straddle,1,7978.800049,1010663.31546,0.007895
sim_2019-02-09_2026-05-21_138e7b4fbb82,2024-12-23,put_credit_spread,1,1429.5,1010663.31546,0.001414
sim_2019-02-09_2026-05-21_138e7b4fbb82,2024-12-24,short_straddle,1,7978.800049,1010660.305329,0.007895
sim_2019-02-09_2026-05-21_138e7b4fbb82,2024-12-24,put_credit_spread,1,1429.5,1010660.305329,0.001414
sim_2019-02-09_2026-05-21_138e7b4fbb82,2024-12-26,short_straddle,1,7978.800049,1010666.695252,0.007895
sim_2019-02-09_2026-05-21_138e7b4fbb82,2024-12-26,put_credit_spread,1,1429.5,1010666.695252,0.001414
sim_2019-02-09_2026-05-21_138e7b4fbb82,2024-12-27,short_straddle,1,7978.800049,1010637.805329,0.007895
sim_2019-02-09_2026-05-21_138e7b4fbb82,2024-12-27,put_credit_spread,1,1429.5,1010637.805329,0.001414
sim_2019-02-09_2026-05-21_138e7b4fbb82,2024-12-30,short_straddle,0,0.0,1010594.402765,0.0
sim_2019-02-09_2026-05-21_138e7b4fbb82,2024-12-30,put_credit_spread,1,1429.5,1010594.402765,0.001415
sim_2019-02-09_2026-05-21_138e7b4fbb82,2024-12-31,short_straddle,0,0.0,1010594.402765,0.0
sim_2019-02-09_2026-05-21_138e7b4fbb82,2024-12-31,put_credit_spread,1,1429.5,1010594.402765,0.001415
sim_2019-02-09_2026-05-21_138e7b4fbb82,2025-01-02,short_straddle,1,7145.999756,1010591.737765,0.007071
sim_2019-02-09_2026-05-21_138e7b4fbb82,2025-01-02,put_credit_spread,1,1429.5,1010591.737765,0.001415
sim_2019-02-09_2026-05-21_138e7b4fbb82,2025-01-03,short_straddle,1,7145.999756,1010590.029125,0.007071
sim_2019-02-09_2026-05-21_138e7b4fbb82,2025-01-03,put_credit_spread,1,1429.5,1010590.029125,0.001415
sim_2019-02-09_2026-05-21_138e7b4fbb82,2025-01-06,short_straddle,1,7145.999756,1010589.789134,0.007071
sim_2019-02-09_2026-05-21_138e7b4fbb82,2025-01-06,put_credit_spread,1,1429.5,1010589.789134,0.001415
sim_2019-02-09_2026-05-21_138e7b4fbb82,2025-01-07,short_straddle,1,7145.999756,1010575.388988,0.007071
sim_2019-02-09_2026-05-21_138e7b4fbb82,2025-01-07,put_credit_spread,1,1429.5,1010575.388988,0.001415
sim_2019-02-09_2026-05-21_138e7b4fbb82,2025-01-08,short_straddle,1,7145.999756,1010577.575884,0.007071
sim_2019-02-09_2026-05-21_138e7b4fbb82,2025-01-08,put_credit_spread,1,1529.5,1010577.575884,0.001513
sim_2019-02-09_2026-05-21_138e7b4fbb82,2025-01-10,short_straddle,1,7145.999756,1010523.175738,0.007072
sim_2019-02-09_2026-05-21_138e7b4fbb82,2025-01-10,put_credit_spread,1,1529.5,1010523.175738,0.001514
sim_2019-02-09_2026-05-21_138e7b4fbb82,2025-01-13,short_straddle,1,7145.999756,1010558.215777,0.007071
sim_2019-02-09_2026-05-21_138e7b4fbb82,2025-01-13,put_credit_spread,1,1529.5,1010558.215777,0.001514
sim_2019-02-09_2026-05-21_138e7b4fbb82,2025-01-14,short_straddle,1,7145.999756,1010575.735797,0.007071
sim_2019-02-09_2026-05-21_138e7b4fbb82,2025-01-14,put_credit_spread,1,1529.5,1010575.735797,0.001513
sim_2019-02-09_2026-05-21_138e7b4fbb82,2025-01-15,short_straddle,1,7145.999756,1010685.730367,0.00707
sim_2019-02-09_2026-05-21_138e7b4fbb82,2025-01-15,put_credit_spread,1,1529.5,1010685.730367,0.001513
sim_2019-02-09_2026-05-21_138e7b4fbb82,2025-01-16,short_straddle,1,7145.999756,1010639.980656,0.007071
sim_2019-02-09_2026-05-21_138e7b4fbb82,2025-01-16,put_credit_spread,1,1529.5,1010639.980656,0.001513
sim_2019-02-09_2026-05-21_138e7b4fbb82,2025-01-17,short_straddle,1,7145.999756,1010665.260685,0.007071
sim_2019-02-09_2026-05-21_138e7b4fbb82,2025-01-17,put_credit_spread,1,1529.5,1010665.260685,0.001513
sim_2019-02-09_2026-05-21_138e7b4fbb82,2025-01-21,short_straddle,1,7145.999756,1010708.300724,0.00707
sim_2019-02-09_2026-05-21_138e7b4fbb82,2025-01-21,put_credit_spread,1,1529.5,1010708.300724,0.001513
sim_2019-02-09_2026-05-21_138e7b4fbb82,2025-01-22,short_straddle,1,7145.999756,1010717.740665,0.00707
sim_2019-02-09_2026-05-21_138e7b4fbb82,2025-01-22,put_credit_spread,1,1529.5,1010717.740665,0.001513
sim_2019-02-09_2026-05-21_138e7b4fbb82,2025-01-23,short_straddle,1,7145.999756,1010642.040714,0.007071
sim_2019-02-09_2026-05-21_138e7b4fbb82,2025-01-23,put_credit_spread,1,1529.5,1010642.040714,0.001513
sim_2019-02-09_2026-05-21_138e7b4fbb82,2025-01-24,short_straddle,1,7145.999756,1010937.871136,0.007069
sim_2019-02-09_2026-05-21_138e7b4fbb82,2025-01-24,put_credit_spread,1,1634.0,1010937.871136,0.001616
sim_2019-02-09_2026-05-21_138e7b4fbb82,2025-01-27,short_straddle,1,7145.999756,1010961.871136,0.007069
sim_2019-02-09_2026-05-21_138e7b4fbb82,2025-01-27,put_credit_spread,1,1634.0,1010961.871136,0.001616
sim_2019-02-09_2026-05-21_138e7b4fbb82,2025-01-28,short_straddle,1,7145.999756,1010972.191205,0.007068
sim_2019-02-09_2026-05-21_138e7b4fbb82,2025-01-28,put_credit_spread,1,1634.0,1010972.191205,0.001616
sim_2019-02-09_2026-05-21_138e7b4fbb82,2025-01-29,short_straddle,1,7693.599854,1010955.303897,0.00761
sim_2019-02-09_2026-05-21_138e7b4fbb82,2025-01-29,put_credit_spread,1,1634.0,1010955.303897,0.001616
sim_2019-02-09_2026-05-21_138e7b4fbb82,2025-01-30,short_straddle,1,7693.599854,1010952.835387,0.00761
sim_2019-02-09_2026-05-21_138e7b4fbb82,2025-01-30,put_credit_spread,1,1634.0,1010952.835387,0.001616
sim_2019-02-09_2026-05-21_138e7b4fbb82,2025-01-31,short_straddle,1,7693.599854,1010915.105467,0.007611
sim_2019-02-09_2026-05-21_138e7b4fbb82,2025-01-31,put_credit_spread,1,1634.0,1010915.105467,0.001616
sim_2019-02-09_2026-05-21_138e7b4fbb82,2025-02-03,short_straddle,1,7693.599854,1010902.785185,0.007611
sim_2019-02-09_2026-05-21_138e7b4fbb82,2025-02-03,put_credit_spread,1,1634.0,1010902.785185,0.001616
sim_2019-02-09_2026-05-21_138e7b4fbb82,2025-02-04,short_straddle,1,7693.599854,1010916.645293,0.007611
sim_2019-02-09_2026-05-21_138e7b4fbb82,2025-02-04,put_credit_spread,1,1634.0,1010916.645293,0.001616
sim_2019-02-09_2026-05-21_138e7b4fbb82,2025-02-05,short_straddle,1,7693.599854,1010951.185454,0.00761
sim_2019-02-09_2026-05-21_138e7b4fbb82,2025-02-05,put_credit_spread,1,1634.0,1010951.185454,0.001616
sim_2019-02-09_2026-05-21_138e7b4fbb82,2025-02-06,short_straddle,1,7693.599854,1010936.775145,0.00761
sim_2019-02-09_2026-05-21_138e7b4fbb82,2025-02-06,put_credit_spread,1,1634.0,1010936.775145,0.001616
sim_2019-02-09_2026-05-21_138e7b4fbb82,2025-02-07,short_straddle,1,7693.599854,1010851.635252,0.007611
sim_2019-02-09_2026-05-21_138e7b4fbb82,2025-02-07,put_credit_spread,1,1634.0,1010851.635252,0.001616
sim_2019-02-09_2026-05-21_138e7b4fbb82,2025-02-10,short_straddle,1,7693.599854,1010869.895293,0.007611
sim_2019-02-09_2026-05-21_138e7b4fbb82,2025-02-10,put_credit_spread,1,1634.0,1010869.895293,0.001616
sim_2019-02-09_2026-05-21_138e7b4fbb82,2025-02-11,short_straddle,1,7693.599854,1010884.525145,0.007611
sim_2019-02-09_2026-05-21_138e7b4fbb82,2025-02-11,put_credit_spread,1,1634.0,1010884.525145,0.001616
sim_2019-02-09_2026-05-21_138e7b4fbb82,2025-02-12,short_straddle,1,7693.599854,1010857.24536,0.007611
sim_2019-02-09_2026-05-21_138e7b4fbb82,2025-02-12,put_credit_spread,1,1634.0,1010857.24536,0.001616
sim_2019-02-09_2026-05-21_138e7b4fbb82,2025-02-13,short_straddle,1,7693.599854,1011411.057263,0.007607
sim_2019-02-09_2026-05-21_138e7b4fbb82,2025-02-13,put_credit_spread,1,1634.0,1011411.057263,0.001616
sim_2019-02-09_2026-05-21_138e7b4fbb82,2025-02-14,short_straddle,1,7693.599854,1011401.122781,0.007607
sim_2019-02-09_2026-05-21_138e7b4fbb82,2025-02-14,put_credit_spread,1,1634.0,1011401.122781,0.001616
sim_2019-02-09_2026-05-21_138e7b4fbb82,2025-02-18,short_straddle,1,7693.599854,1011402.552835,0.007607
sim_2019-02-09_2026-05-21_138e7b4fbb82,2025-02-18,put_credit_spread,1,1634.0,1011402.552835,0.001616
sim_2019-02-09_2026-05-21_138e7b4fbb82,2025-02-19,short_straddle,1,7693.599854,1011410.802835,0.007607
sim_2019-02-09_2026-05-21_138e7b4fbb82,2025-02-19,put_credit_spread,1,1634.0,1011410.802835,0.001616
sim_2019-02-09_2026-05-21_138e7b4fbb82,2025-02-20,short_straddle,1,7693.599854,1011363.722848,0.007607
sim_2019-02-09_2026-05-21_138e7b4fbb82,2025-02-20,put_credit_spread,1,1634.0,1011363.722848,0.001616
sim_2019-02-09_2026-05-21_138e7b4fbb82,2025-02-21,short_straddle,1,7693.599854,1011388.436259,0.007607
sim_2019-02-09_2026-05-21_138e7b4fbb82,2025-02-21,put_credit_spread,1,1493.5,1011388.436259,0.001477
sim_2019-02-09_2026-05-21_138e7b4fbb82,2025-02-24,short_straddle,1,7693.599854,1011383.616313,0.007607
sim_2019-02-09_2026-05-21_138e7b4fbb82,2025-02-24,put_credit_spread,1,1493.5,1011383.616313,0.001477
sim_2019-02-09_2026-05-21_138e7b4fbb82,2025-02-25,short_straddle,1,7693.599854,1011401.21638,0.007607
sim_2019-02-09_2026-05-21_138e7b4fbb82,2025-02-25,put_credit_spread,1,1493.5,1011401.21638,0.001477
sim_2019-02-09_2026-05-21_138e7b4fbb82,2025-02-26,short_straddle,1,7261.799927,1011374.057416,0.00718
sim_2019-02-09_2026-05-21_138e7b4fbb82,2025-02-26,put_credit_spread,1,1493.5,1011374.057416,0.001477
sim_2019-02-09_2026-05-21_138e7b4fbb82,2025-02-27,short_straddle,1,7261.799927,1011372.976541,0.00718
sim_2019-02-09_2026-05-21_138e7b4fbb82,2025-02-27,put_credit_spread,1,1493.5,1011372.976541,0.001477
sim_2019-02-09_2026-05-21_138e7b4fbb82,2025-02-28,short_straddle,1,7261.799927,1011403.076486,0.00718
sim_2019-02-09_2026-05-21_138e7b4fbb82,2025-02-28,put_credit_spread,1,1493.5,1011403.076486,0.001477
sim_2019-02-09_2026-05-21_138e7b4fbb82,2025-03-03,short_straddle,1,7261.799927,1011371.676492,0.00718
sim_2019-02-09_2026-05-21_138e7b4fbb82,2025-03-03,put_credit_spread,1,1493.5,1011371.676492,0.001477
sim_2019-02-09_2026-05-21_138e7b4fbb82,2025-03-04,short_straddle,1,7261.799927,1011339.076547,0.00718
sim_2019-02-09_2026-05-21_138e7b4fbb82,2025-03-04,put_credit_spread,1,1493.5,1011339.076547,0.001477
sim_2019-02-09_2026-05-21_138e7b4fbb82,2025-03-05,short_straddle,1,7261.799927,1011363.576517,0.00718
sim_2019-02-09_2026-05-21_138e7b4fbb82,2025-03-05,put_credit_spread,1,1493.5,1011363.576517,0.001477
sim_2019-02-09_2026-05-21_138e7b4fbb82,2025-03-06,short_straddle,1,7261.799927,1011340.72648,0.00718
sim_2019-02-09_2026-05-21_138e7b4fbb82,2025-03-06,put_credit_spread,1,1493.5,1011340.72648,0.001477
sim_2019-02-09_2026-05-21_138e7b4fbb82,2025-03-07,short_straddle,1,7261.799927,1011352.52656,0.00718
sim_2019-02-09_2026-05-21_138e7b4fbb82,2025-03-07,put_credit_spread,1,1493.5,1011352.52656,0.001477
sim_2019-02-09_2026-05-21_138e7b4fbb82,2025-03-10,short_straddle,1,7261.799927,1011308.676462,0.007181
sim_2019-02-09_2026-05-21_138e7b4fbb82,2025-03-10,put_credit_spread,1,1493.5,1011308.676462,0.001477
sim_2019-02-09_2026-05-21_138e7b4fbb82,2025-03-11,short_straddle,1,7261.799927,1011284.926462,0.007181
sim_2019-02-09_2026-05-21_138e7b4fbb82,2025-03-11,put_credit_spread,1,1493.5,1011284.926462,0.001477
sim_2019-02-09_2026-05-21_138e7b4fbb82,2025-03-12,short_straddle,1,7261.799927,1011280.976572,0.007181
sim_2019-02-09_2026-05-21_138e7b4fbb82,2025-03-12,put_credit_spread,1,1493.5,1011280.976572,0.001477
sim_2019-02-09_2026-05-21_138e7b4fbb82,2025-03-13,short_straddle,1,7261.799927,1011255.126505,0.007181
sim_2019-02-09_2026-05-21_138e7b4fbb82,2025-03-13,put_credit_spread,1,1493.5,1011255.126505,0.001477
sim_2019-02-09_2026-05-21_138e7b4fbb82,2025-03-14,short_straddle,1,7261.799927,1011288.026437,0.007181
sim_2019-02-09_2026-05-21_138e7b4fbb82,2025-03-14,put_credit_spread,1,1493.5,1011288.026437,0.001477
sim_2019-02-09_2026-05-21_138e7b4fbb82,2025-03-17,short_straddle,1,7261.799927,1011307.276468,0.007181
sim_2019-02-09_2026-05-21_138e7b4fbb82,2025-03-17,put_credit_spread,1,1493.5,1011307.276468,0.001477
sim_2019-02-09_2026-05-21_138e7b4fbb82,2025-03-18,short_straddle,1,7261.799927,1011293.876505,0.007181
sim_2019-02-09_2026-05-21_138e7b4fbb82,2025-03-18,put_credit_spread,1,1493.5,1011293.876505,0.001477
sim_2019-02-09_2026-05-21_138e7b4fbb82,2025-03-19,short_straddle,1,7261.799927,1011309.082578,0.007181
sim_2019-02-09_2026-05-21_138e7b4fbb82,2025-03-19,put_credit_spread,1,1427.5,1011309.082578,0.001412
sim_2019-02-09_2026-05-21_138e7b4fbb82,2025-03-20,short_straddle,1,7261.799927,1011310.082486,0.007181
sim_2019-02-09_2026-05-21_138e7b4fbb82,2025-03-20,put_credit_spread,1,1427.5,1011310.082486,0.001412
sim_2019-02-09_2026-05-21_138e7b4fbb82,2025-03-21,short_straddle,1,7261.799927,1011286.082486,0.007181
sim_2019-02-09_2026-05-21_138e7b4fbb82,2025-03-21,put_credit_spread,1,1427.5,1011286.082486,0.001412
sim_2019-02-09_2026-05-21_138e7b4fbb82,2025-03-24,short_straddle,1,7261.799927,1011315.432462,0.007181
sim_2019-02-09_2026-05-21_138e7b4fbb82,2025-03-24,put_credit_spread,1,1427.5,1011315.432462,0.001412
sim_2019-02-09_2026-05-21_138e7b4fbb82,2025-03-25,short_straddle,1,7261.799927,1011317.082547,0.007181
sim_2019-02-09_2026-05-21_138e7b4fbb82,2025-03-25,put_credit_spread,1,1427.5,1011317.082547,0.001412
sim_2019-02-09_2026-05-21_138e7b4fbb82,2025-03-26,short_straddle,1,7132.10022,1011302.683241,0.007052
sim_2019-02-09_2026-05-21_138e7b4fbb82,2025-03-26,put_credit_spread,1,1427.5,1011302.683241,0.001412
sim_2019-02-09_2026-05-21_138e7b4fbb82,2025-03-27,short_straddle,1,7132.10022,1011299.299721,0.007052
sim_2019-02-09_2026-05-21_138e7b4fbb82,2025-03-27,put_credit_spread,1,1427.5,1011299.299721,0.001412
sim_2019-02-09_2026-05-21_138e7b4fbb82,2025-03-28,short_straddle,1,7132.10022,1011149.270263,0.007053
sim_2019-02-09_2026-05-21_138e7b4fbb82,2025-03-28,put_credit_spread,1,1427.5,1011149.270263,0.001412
sim_2019-02-09_2026-05-21_138e7b4fbb82,2025-03-31,short_straddle,1,7132.10022,1011154.851123,0.007053
sim_2019-02-09_2026-05-21_138e7b4fbb82,2025-03-31,put_credit_spread,1,1427.5,1011154.851123,0.001412
sim_2019-02-09_2026-05-21_138e7b4fbb82,2025-04-01,short_straddle,1,7132.10022,1011150.210986,0.007053
sim_2019-02-09_2026-05-21_138e7b4fbb82,2025-04-01,put_credit_spread,1,1427.5,1011150.210986,0.001412
sim_2019-02-09_2026-05-21_138e7b4fbb82,2025-04-02,short_straddle,1,7132.10022,1011189.251025,0.007053
sim_2019-02-09_2026-05-21_138e7b4fbb82,2025-04-02,put_credit_spread,1,1427.5,1011189.251025,0.001412
sim_2019-02-09_2026-05-21_138e7b4fbb82,2025-04-03,short_straddle,1,7132.10022,1010920.291064,0.007055
sim_2019-02-09_2026-05-21_138e7b4fbb82,2025-04-03,put_credit_spread,1,1427.5,1010920.291064,0.001412
sim_2019-02-09_2026-05-21_138e7b4fbb82,2025-04-04,short_straddle,1,7132.10022,1010568.291064,0.007058
sim_2019-02-09_2026-05-21_138e7b4fbb82,2025-04-04,put_credit_spread,1,1427.5,1010568.291064,0.001413
sim_2019-02-09_2026-05-21_138e7b4fbb82,2025-04-07,short_straddle,1,7132.10022,1010509.891162,0.007058
sim_2019-02-09_2026-05-21_138e7b4fbb82,2025-04-07,put_credit_spread,1,1427.5,1010509.891162,0.001413
sim_2019-02-09_2026-05-21_138e7b4fbb82,2025-04-08,short_straddle,1,7132.10022,1007048.80954,0.007082
sim_2019-02-09_2026-05-21_138e7b4fbb82,2025-04-08,put_credit_spread,1,1427.5,1007048.80954,0.001418
sim_2019-02-09_2026-05-21_138e7b4fbb82,2025-04-09,short_straddle,1,7132.10022,1004333.486482,0.007101
sim_2019-02-09_2026-05-21_138e7b4fbb82,2025-04-09,put_credit_spread,1,1427.5,1004333.486482,0.001421
sim_2019-02-09_2026-05-21_138e7b4fbb82,2025-04-10,short_straddle,1,7132.10022,1004167.08658,0.007103
sim_2019-02-09_2026-05-21_138e7b4fbb82,2025-04-10,put_credit_spread,1,1427.5,1004167.08658,0.001422
sim_2019-02-09_2026-05-21_138e7b4fbb82,2025-04-11,short_straddle,1,7132.10022,1004266.766756,0.007102
sim_2019-02-09_2026-05-21_138e7b4fbb82,2025-04-11,put_credit_spread,1,1427.5,1004266.766756,0.001421
sim_2019-02-09_2026-05-21_138e7b4fbb82,2025-04-14,short_straddle,1,7132.10022,1004322.926912,0.007101
sim_2019-02-09_2026-05-21_138e7b4fbb82,2025-04-14,put_credit_spread,1,1427.5,1004322.926912,0.001421
sim_2019-02-09_2026-05-21_138e7b4fbb82,2025-04-15,short_straddle,1,7132.10022,1004291.22206,0.007102
sim_2019-02-09_2026-05-21_138e7b4fbb82,2025-04-15,put_credit_spread,1,3102.5,1004291.22206,0.003089
sim_2019-02-09_2026-05-21_138e7b4fbb82,2025-04-16,short_straddle,1,7132.10022,1003986.682021,0.007104
sim_2019-02-09_2026-05-21_138e7b4fbb82,2025-04-16,put_credit_spread,1,3102.5,1003986.682021,0.00309
sim_2019-02-09_2026-05-21_138e7b4fbb82,2025-04-17,short_straddle,1,7132.10022,1003840.121963,0.007105
sim_2019-02-09_2026-05-21_138e7b4fbb82,2025-04-17,put_credit_spread,1,3102.5,1003840.121963,0.003091
sim_2019-02-09_2026-05-21_138e7b4fbb82,2025-04-21,short_straddle,1,7132.10022,1003684.282119,0.007106
sim_2019-02-09_2026-05-21_138e7b4fbb82,2025-04-21,put_credit_spread,1,3102.5,1003684.282119,0.003091
sim_2019-02-09_2026-05-21_138e7b4fbb82,2025-04-22,short_straddle,1,7132.10022,1003848.282119,0.007105
sim_2019-02-09_2026-05-21_138e7b4fbb82,2025-04-22,put_credit_spread,1,3102.5,1003848.282119,0.003091
sim_2019-02-09_2026-05-21_138e7b4fbb82,2025-04-23,short_straddle,1,5853.200073,1003902.335476,0.00583
sim_2019-02-09_2026-05-21_138e7b4fbb82,2025-04-23,put_credit_spread,1,3102.5,1003902.335476,0.00309
sim_2019-02-09_2026-05-21_138e7b4fbb82,2025-04-24,short_straddle,1,5853.200073,1003900.932046,0.00583
sim_2019-02-09_2026-05-21_138e7b4fbb82,2025-04-24,put_credit_spread,1,3102.5,1003900.932046,0.00309
sim_2019-02-09_2026-05-21_138e7b4fbb82,2025-04-25,short_straddle,1,5853.200073,1003901.211892,0.00583
sim_2019-02-09_2026-05-21_138e7b4fbb82,2025-04-25,put_credit_spread,1,3102.5,1003901.211892,0.00309
sim_2019-02-09_2026-05-21_138e7b4fbb82,2025-04-28,short_straddle,1,5853.200073,1003909.961892,0.00583
sim_2019-02-09_2026-05-21_138e7b4fbb82,2025-04-28,put_credit_spread,1,3102.5,1003909.961892,0.00309
sim_2019-02-09_2026-05-21_138e7b4fbb82,2025-04-29,short_straddle,1,5853.200073,1003724.541909,0.005831
sim_2019-02-09_2026-05-21_138e7b4fbb82,2025-04-29,put_credit_spread,1,3102.5,1003724.541909,0.003091
sim_2019-02-09_2026-05-21_138e7b4fbb82,2025-04-30,short_straddle,1,5853.200073,1004407.951943,0.005828
sim_2019-02-09_2026-05-21_138e7b4fbb82,2025-04-30,put_credit_spread,1,3102.5,1004407.951943,0.003089
sim_2019-02-09_2026-05-21_138e7b4fbb82,2025-05-01,short_straddle,1,5853.200073,1004411.512063,0.005827
sim_2019-02-09_2026-05-21_138e7b4fbb82,2025-05-01,put_credit_spread,1,3102.5,1004411.512063,0.003089
sim_2019-02-09_2026-05-21_138e7b4fbb82,2025-05-02,short_straddle,1,5853.200073,1004450.852029,0.005827
sim_2019-02-09_2026-05-21_138e7b4fbb82,2025-05-02,put_credit_spread,1,3102.5,1004450.852029,0.003089
sim_2019-02-09_2026-05-21_138e7b4fbb82,2025-05-05,short_straddle,1,5853.200073,1004445.392037,0.005827
sim_2019-02-09_2026-05-21_138e7b4fbb82,2025-05-05,put_credit_spread,1,3102.5,1004445.392037,0.003089
sim_2019-02-09_2026-05-21_138e7b4fbb82,2025-05-06,short_straddle,1,5853.200073,1004417.2519,0.005827
sim_2019-02-09_2026-05-21_138e7b4fbb82,2025-05-06,put_credit_spread,1,3102.5,1004417.2519,0.003089
sim_2019-02-09_2026-05-21_138e7b4fbb82,2025-05-07,short_straddle,1,5853.200073,1004436.921883,0.005827
sim_2019-02-09_2026-05-21_138e7b4fbb82,2025-05-07,put_credit_spread,1,3102.5,1004436.921883,0.003089
sim_2019-02-09_2026-05-21_138e7b4fbb82,2025-05-08,short_straddle,1,5853.200073,1004456.732003,0.005827
sim_2019-02-09_2026-05-21_138e7b4fbb82,2025-05-08,put_credit_spread,1,3102.5,1004456.732003,0.003089
sim_2019-02-09_2026-05-21_138e7b4fbb82,2025-05-09,short_straddle,1,5853.200073,1004531.520832,0.005827
sim_2019-02-09_2026-05-21_138e7b4fbb82,2025-05-09,put_credit_spread,1,3102.5,1004531.520832,0.003089
sim_2019-02-09_2026-05-21_138e7b4fbb82,2025-05-12,short_straddle,1,5853.200073,1005344.857416,0.005822
sim_2019-02-09_2026-05-21_138e7b4fbb82,2025-05-12,put_credit_spread,1,3102.5,1005344.857416,0.003086
sim_2019-02-09_2026-05-21_138e7b4fbb82,2025-05-13,short_straddle,1,5853.200073,1005325.817408,0.005822
sim_2019-02-09_2026-05-21_138e7b4fbb82,2025-05-13,put_credit_spread,1,3102.5,1005325.817408,0.003086
sim_2019-02-09_2026-05-21_138e7b4fbb82,2025-05-14,short_straddle,1,5853.200073,1005319.097254,0.005822
sim_2019-02-09_2026-05-21_138e7b4fbb82,2025-05-14,put_credit_spread,1,3102.5,1005319.097254,0.003086
sim_2019-02-09_2026-05-21_138e7b4fbb82,2025-05-15,short_straddle,1,5853.200073,1005339.607416,0.005822
sim_2019-02-09_2026-05-21_138e7b4fbb82,2025-05-15,put_credit_spread,1,3102.5,1005339.607416,0.003086
sim_2019-02-09_2026-05-21_138e7b4fbb82,2025-05-16,short_straddle,1,5853.200073,1005542.494254,0.005821
sim_2019-02-09_2026-05-21_138e7b4fbb82,2025-05-16,put_credit_spread,1,1494.0,1005542.494254,0.001486
sim_2019-02-09_2026-05-21_138e7b4fbb82,2025-05-19,short_straddle,1,5853.200073,1005552.924399,0.005821
sim_2019-02-09_2026-05-21_138e7b4fbb82,2025-05-19,put_credit_spread,1,1494.0,1005552.924399,0.001486
sim_2019-02-09_2026-05-21_138e7b4fbb82,2025-05-20,short_straddle,1,5853.200073,1005545.434348,0.005821
sim_2019-02-09_2026-05-21_138e7b4fbb82,2025-05-20,put_credit_spread,1,1494.0,1005545.434348,0.001486
sim_2019-02-09_2026-05-21_138e7b4fbb82,2025-05-21,short_straddle,1,6805.0,1005480.660214,0.006768
sim_2019-02-09_2026-05-21_138e7b4fbb82,2025-05-21,put_credit_spread,1,1494.0,1005480.660214,0.001486
sim_2019-02-09_2026-05-21_138e7b4fbb82,2025-05-22,short_straddle,1,6805.0,1005542.113164,0.006767
sim_2019-02-09_2026-05-21_138e7b4fbb82,2025-05-22,put_credit_spread,1,1494.0,1005542.113164,0.001486
sim_2019-02-09_2026-05-21_138e7b4fbb82,2025-05-23,short_straddle,1,6805.0,1005529.454895,0.006768
sim_2019-02-09_2026-05-21_138e7b4fbb82,2025-05-23,put_credit_spread,1,1494.0,1005529.454895,0.001486
sim_2019-02-09_2026-05-21_138e7b4fbb82,2025-05-27,short_straddle,1,6805.0,1005559.534974,0.006767
sim_2019-02-09_2026-05-21_138e7b4fbb82,2025-05-27,put_credit_spread,1,1494.0,1005559.534974,0.001486
sim_2019-02-09_2026-05-21_138e7b4fbb82,2025-05-28,short_straddle,1,6805.0,1005549.815003,0.006767
sim_2019-02-09_2026-05-21_138e7b4fbb82,2025-05-28,put_credit_spread,1,1494.0,1005549.815003,0.001486
sim_2019-02-09_2026-05-21_138e7b4fbb82,2025-05-29,short_straddle,1,6805.0,1005553.974915,0.006767
sim_2019-02-09_2026-05-21_138e7b4fbb82,2025-05-29,put_credit_spread,1,1494.0,1005553.974915,0.001486
sim_2019-02-09_2026-05-21_138e7b4fbb82,2025-05-30,short_straddle,1,6805.0,1005555.534974,0.006767
sim_2019-02-09_2026-05-21_138e7b4fbb82,2025-05-30,put_credit_spread,1,1494.0,1005555.534974,0.001486
sim_2019-02-09_2026-05-21_138e7b4fbb82,2025-06-02,short_straddle,1,6805.0,1005558.974915,0.006767
sim_2019-02-09_2026-05-21_138e7b4fbb82,2025-06-02,put_credit_spread,1,1494.0,1005558.974915,0.001486
sim_2019-02-09_2026-05-21_138e7b4fbb82,2025-06-03,short_straddle,1,6805.0,1005568.174988,0.006767
sim_2019-02-09_2026-05-21_138e7b4fbb82,2025-06-03,put_credit_spread,1,1494.0,1005568.174988,0.001486
sim_2019-02-09_2026-05-21_138e7b4fbb82,2025-06-04,short_straddle,1,6805.0,1005563.894959,0.006767
sim_2019-02-09_2026-05-21_138e7b4fbb82,2025-06-04,put_credit_spread,1,1494.0,1005563.894959,0.001486
sim_2019-02-09_2026-05-21_138e7b4fbb82,2025-06-05,short_straddle,1,6805.0,1005560.014954,0.006767
sim_2019-02-09_2026-05-21_138e7b4fbb82,2025-06-05,put_credit_spread,1,1494.0,1005560.014954,0.001486
sim_2019-02-09_2026-05-21_138e7b4fbb82,2025-06-06,short_straddle,1,6805.0,1005577.654969,0.006767
sim_2019-02-09_2026-05-21_138e7b4fbb82,2025-06-06,put_credit_spread,1,1494.0,1005577.654969,0.001486
sim_2019-02-09_2026-05-21_138e7b4fbb82,2025-06-09,short_straddle,1,6805.0,1005577.574891,0.006767
sim_2019-02-09_2026-05-21_138e7b4fbb82,2025-06-09,put_credit_spread,1,1494.0,1005577.574891,0.001486
sim_2019-02-09_2026-05-21_138e7b4fbb82,2025-06-10,short_straddle,1,6805.0,1005582.574891,0.006767
sim_2019-02-09_2026-05-21_138e7b4fbb82,2025-06-10,put_credit_spread,1,1494.0,1005582.574891,0.001486
sim_2019-02-09_2026-05-21_138e7b4fbb82,2025-06-11,short_straddle,1,6805.0,1005582.534974,0.006767
sim_2019-02-09_2026-05-21_138e7b4fbb82,2025-06-11,put_credit_spread,1,1494.0,1005582.534974,0.001486
sim_2019-02-09_2026-05-21_138e7b4fbb82,2025-06-12,short_straddle,1,6805.0,1005586.09491,0.006767
sim_2019-02-09_2026-05-21_138e7b4fbb82,2025-06-12,put_credit_spread,1,1494.0,1005586.09491,0.001486
sim_2019-02-09_2026-05-21_138e7b4fbb82,2025-06-13,short_straddle,1,6805.0,1005757.231189,0.006766
sim_2019-02-09_2026-05-21_138e7b4fbb82,2025-06-13,put_credit_spread,1,2112.5,1005757.231189,0.0021
sim_2019-02-09_2026-05-21_138e7b4fbb82,2025-06-16,short_straddle,1,6805.0,1005711.611194,0.006766
sim_2019-02-09_2026-05-21_138e7b4fbb82,2025-06-16,put_credit_spread,1,2112.5,1005711.611194,0.002101
sim_2019-02-09_2026-05-21_138e7b4fbb82,2025-06-17,short_straddle,1,6805.0,1005698.931141,0.006766
sim_2019-02-09_2026-05-21_138e7b4fbb82,2025-06-17,put_credit_spread,1,2112.5,1005698.931141,0.002101
sim_2019-02-09_2026-05-21_138e7b4fbb82,2025-06-18,short_straddle,1,6966.799927,1005691.506755,0.006927
sim_2019-02-09_2026-05-21_138e7b4fbb82,2025-06-18,put_credit_spread,1,2112.5,1005691.506755,0.002101
sim_2019-02-09_2026-05-21_138e7b4fbb82,2025-06-20,short_straddle,1,6966.799927,1005691.084995,0.006927
sim_2019-02-09_2026-05-21_138e7b4fbb82,2025-06-20,put_credit_spread,1,2112.5,1005691.084995,0.002101
sim_2019-02-09_2026-05-21_138e7b4fbb82,2025-06-23,short_straddle,1,6966.799927,1005670.504977,0.006928
sim_2019-02-09_2026-05-21_138e7b4fbb82,2025-06-23,put_credit_spread,1,2112.5,1005670.504977,0.002101
sim_2019-02-09_2026-05-21_138e7b4fbb82,2025-06-24,short_straddle,1,6966.799927,1005976.144992,0.006925
sim_2019-02-09_2026-05-21_138e7b4fbb82,2025-06-24,put_credit_spread,1,2112.5,1005976.144992,0.0021
sim_2019-02-09_2026-05-21_138e7b4fbb82,2025-06-25,short_straddle,1,6966.799927,1005974.284946,0.006925
sim_2019-02-09_2026-05-21_138e7b4fbb82,2025-06-25,put_credit_spread,1,2112.5,1005974.284946,0.0021
sim_2019-02-09_2026-05-21_138e7b4fbb82,2025-06-26,short_straddle,1,6966.799927,1005966.42496,0.006925
sim_2019-02-09_2026-05-21_138e7b4fbb82,2025-06-26,put_credit_spread,1,2112.5,1005966.42496,0.0021
sim_2019-02-09_2026-05-21_138e7b4fbb82,2025-06-27,short_straddle,1,6966.799927,1005974.564975,0.006925
sim_2019-02-09_2026-05-21_138e7b4fbb82,2025-06-27,put_credit_spread,1,2112.5,1005974.564975,0.0021
sim_2019-02-09_2026-05-21_138e7b4fbb82,2025-06-30,short_straddle,1,6966.799927,1006066.763963,0.006925
sim_2019-02-09_2026-05-21_138e7b4fbb82,2025-06-30,put_credit_spread,1,1603.0,1006066.763963,0.001593
sim_2019-02-09_2026-05-21_138e7b4fbb82,2025-07-01,short_straddle,1,6966.799927,1006075.244004,0.006925
sim_2019-02-09_2026-05-21_138e7b4fbb82,2025-07-01,put_credit_spread,1,1603.0,1006075.244004,0.001593
sim_2019-02-09_2026-05-21_138e7b4fbb82,2025-07-02,short_straddle,1,6966.799927,1006074.883958,0.006925
sim_2019-02-09_2026-05-21_138e7b4fbb82,2025-07-02,put_credit_spread,1,1603.0,1006074.883958,0.001593
sim_2019-02-09_2026-05-21_138e7b4fbb82,2025-07-03,short_straddle,1,6966.799927,1006081.643968,0.006925
sim_2019-02-09_2026-05-21_138e7b4fbb82,2025-07-03,put_credit_spread,1,1603.0,1006081.643968,0.001593
sim_2019-02-09_2026-05-21_138e7b4fbb82,2025-07-07,short_straddle,1,6966.799927,1006073.463975,0.006925
sim_2019-02-09_2026-05-21_138e7b4fbb82,2025-07-07,put_credit_spread,1,1603.0,1006073.463975,0.001593
sim_2019-02-09_2026-05-21_138e7b4fbb82,2025-07-08,short_straddle,1,6966.799927,1006070.223985,0.006925
sim_2019-02-09_2026-05-21_138e7b4fbb82,2025-07-08,put_credit_spread,1,1603.0,1006070.223985,0.001593
sim_2019-02-09_2026-05-21_138e7b4fbb82,2025-07-09,short_straddle,1,6966.799927,1006074.503953,0.006925
sim_2019-02-09_2026-05-21_138e7b4fbb82,2025-07-09,put_credit_spread,1,1603.0,1006074.503953,0.001593
sim_2019-02-09_2026-05-21_138e7b4fbb82,2025-07-10,short_straddle,1,6966.799927,1006078.463975,0.006925
sim_2019-02-09_2026-05-21_138e7b4fbb82,2025-07-10,put_credit_spread,1,1603.0,1006078.463975,0.001593
sim_2019-02-09_2026-05-21_138e7b4fbb82,2025-07-11,short_straddle,1,6966.799927,1006072.60399,0.006925
sim_2019-02-09_2026-05-21_138e7b4fbb82,2025-07-11,put_credit_spread,1,1603.0,1006072.60399,0.001593
sim_2019-02-09_2026-05-21_138e7b4fbb82,2025-07-14,short_straddle,1,6966.799927,1006074.623948,0.006925
sim_2019-02-09_2026-05-21_138e7b4fbb82,2025-07-14,put_credit_spread,1,1603.0,1006074.623948,0.001593
sim_2019-02-09_2026-05-21_138e7b4fbb82,2025-07-15,short_straddle,1,6966.799927,1006065.763963,0.006925
sim_2019-02-09_2026-05-21_138e7b4fbb82,2025-07-15,put_credit_spread,1,1603.0,1006065.763963,0.001593
sim_2019-02-09_2026-05-21_138e7b4fbb82,2025-07-16,short_straddle,1,7379.699707,1006064.262836,0.007335
sim_2019-02-09_2026-05-21_138e7b4fbb82,2025-07-16,put_credit_spread,1,1603.0,1006064.262836,0.001593
sim_2019-02-09_2026-05-21_138e7b4fbb82,2025-07-17,short_straddle,1,7379.699707,1006060.701076,0.007335
sim_2019-02-09_2026-05-21_138e7b4fbb82,2025-07-17,put_credit_spread,1,1603.0,1006060.701076,0.001593
sim_2019-02-09_2026-05-21_138e7b4fbb82,2025-07-18,short_straddle,1,7379.699707,1006029.341212,0.007335
sim_2019-02-09_2026-05-21_138e7b4fbb82,2025-07-18,put_credit_spread,1,1603.0,1006029.341212,0.001593
sim_2019-02-09_2026-05-21_138e7b4fbb82,2025-07-21,short_straddle,1,7379.699707,1006032.221095,0.007335
sim_2019-02-09_2026-05-21_138e7b4fbb82,2025-07-21,put_credit_spread,1,1603.0,1006032.221095,0.001593
sim_2019-02-09_2026-05-21_138e7b4fbb82,2025-07-22,short_straddle,1,7379.699707,1006056.540919,0.007335
sim_2019-02-09_2026-05-21_138e7b4fbb82,2025-07-22,put_credit_spread,1,1603.0,1006056.540919,0.001593
sim_2019-02-09_2026-05-21_138e7b4fbb82,2025-07-23,short_straddle,1,7379.699707,1006140.540919,0.007335
sim_2019-02-09_2026-05-21_138e7b4fbb82,2025-07-23,put_credit_spread,1,1603.0,1006140.540919,0.001593
sim_2019-02-09_2026-05-21_138e7b4fbb82,2025-07-24,short_straddle,1,7379.699707,1006090.940822,0.007335
sim_2019-02-09_2026-05-21_138e7b4fbb82,2025-07-24,put_credit_spread,1,1603.0,1006090.940822,0.001593
sim_2019-02-09_2026-05-21_138e7b4fbb82,2025-07-25,short_straddle,1,7379.699707,1006314.40838,0.007333
sim_2019-02-09_2026-05-21_138e7b4fbb82,2025-07-25,put_credit_spread,1,1615.0,1006314.40838,0.001605
sim_2019-02-09_2026-05-21_138e7b4fbb82,2025-07-28,short_straddle,1,7379.699707,1006303.528498,0.007333
sim_2019-02-09_2026-05-21_138e7b4fbb82,2025-07-28,put_credit_spread,1,1615.0,1006303.528498,0.001605
sim_2019-02-09_2026-05-21_138e7b4fbb82,2025-07-29,short_straddle,1,7379.699707,1006273.768732,0.007334
sim_2019-02-09_2026-05-21_138e7b4fbb82,2025-07-29,put_credit_spread,1,1615.0,1006273.768732,0.001605
sim_2019-02-09_2026-05-21_138e7b4fbb82,2025-07-30,short_straddle,1,7379.699707,1006246.248712,0.007334
sim_2019-02-09_2026-05-21_138e7b4fbb82,2025-07-30,put_credit_spread,1,1615.0,1006246.248712,0.001605
sim_2019-02-09_2026-05-21_138e7b4fbb82,2025-07-31,short_straddle,1,7379.699707,1006191.368341,0.007334
sim_2019-02-09_2026-05-21_138e7b4fbb82,2025-07-31,put_credit_spread,1,1615.0,1006191.368341,0.001605
sim_2019-02-09_2026-05-21_138e7b4fbb82,2025-08-01,short_straddle,1,7379.699707,1006101.608576,0.007335
sim_2019-02-09_2026-05-21_138e7b4fbb82,2025-08-01,put_credit_spread,1,1615.0,1006101.608576,0.001605
sim_2019-02-09_2026-05-21_138e7b4fbb82,2025-08-04,short_straddle,1,7379.699707,1006199.048517,0.007334
sim_2019-02-09_2026-05-21_138e7b4fbb82,2025-08-04,put_credit_spread,1,1615.0,1006199.048517,0.001605
sim_2019-02-09_2026-05-21_138e7b4fbb82,2025-08-05,short_straddle,1,7379.699707,1006188.328791,0.007334
sim_2019-02-09_2026-05-21_138e7b4fbb82,2025-08-05,put_credit_spread,1,1615.0,1006188.328791,0.001605
sim_2019-02-09_2026-05-21_138e7b4fbb82,2025-08-06,short_straddle,1,7379.699707,1006201.608576,0.007334
sim_2019-02-09_2026-05-21_138e7b4fbb82,2025-08-06,put_credit_spread,1,1615.0,1006201.608576,0.001605
sim_2019-02-09_2026-05-21_138e7b4fbb82,2025-08-07,short_straddle,1,7379.699707,1006006.108576,0.007336
sim_2019-02-09_2026-05-21_138e7b4fbb82,2025-08-07,put_credit_spread,1,1615.0,1006006.108576,0.001605
sim_2019-02-09_2026-05-21_138e7b4fbb82,2025-08-08,short_straddle,1,7379.699707,1006041.308771,0.007335
sim_2019-02-09_2026-05-21_138e7b4fbb82,2025-08-08,put_credit_spread,1,1615.0,1006041.308771,0.001605
sim_2019-02-09_2026-05-21_138e7b4fbb82,2025-08-11,short_straddle,1,7379.699707,1006028.748712,0.007335
sim_2019-02-09_2026-05-21_138e7b4fbb82,2025-08-11,put_credit_spread,1,1615.0,1006028.748712,0.001605
sim_2019-02-09_2026-05-21_138e7b4fbb82,2025-08-12,short_straddle,1,7379.699707,1006103.468439,0.007335
sim_2019-02-09_2026-05-21_138e7b4fbb82,2025-08-12,put_credit_spread,1,1615.0,1006103.468439,0.001605
sim_2019-02-09_2026-05-21_138e7b4fbb82,2025-08-13,short_straddle,1,7788.400269,1006170.379661,0.007741
sim_2019-02-09_2026-05-21_138e7b4fbb82,2025-08-13,put_credit_spread,1,1615.0,1006170.379661,0.001605
sim_2019-02-09_2026-05-21_138e7b4fbb82,2025-08-14,short_straddle,1,7788.400269,1006215.409281,0.00774
sim_2019-02-09_2026-05-21_138e7b4fbb82,2025-08-14,put_credit_spread,1,1615.0,1006215.409281,0.001605
sim_2019-02-09_2026-05-21_138e7b4fbb82,2025-08-15,short_straddle,1,7788.400269,1006219.254462,0.00774
sim_2019-02-09_2026-05-21_138e7b4fbb82,2025-08-15,put_credit_spread,1,1615.0,1006219.254462,0.001605
sim_2019-02-09_2026-05-21_138e7b4fbb82,2025-08-18,short_straddle,1,7788.400269,1006266.729827,0.00774
sim_2019-02-09_2026-05-21_138e7b4fbb82,2025-08-18,put_credit_spread,1,1615.0,1006266.729827,0.001605
sim_2019-02-09_2026-05-21_138e7b4fbb82,2025-08-19,short_straddle,1,7788.400269,1006268.665369,0.00774
sim_2019-02-09_2026-05-21_138e7b4fbb82,2025-08-19,put_credit_spread,1,1615.0,1006268.665369,0.001605
sim_2019-02-09_2026-05-21_138e7b4fbb82,2025-08-20,short_straddle,1,7788.400269,1006269.365137,0.00774
sim_2019-02-09_2026-05-21_138e7b4fbb82,2025-08-20,put_credit_spread,1,1615.0,1006269.365137,0.001605
sim_2019-02-09_2026-05-21_138e7b4fbb82,2025-08-21,short_straddle,1,7788.400269,1006255.265406,0.00774
sim_2019-02-09_2026-05-21_138e7b4fbb82,2025-08-21,put_credit_spread,1,1615.0,1006255.265406,0.001605
sim_2019-02-09_2026-05-21_138e7b4fbb82,2025-08-22,short_straddle,1,7788.400269,1006664.57618,0.007737
sim_2019-02-09_2026-05-21_138e7b4fbb82,2025-08-22,put_credit_spread,1,1721.5,1006664.57618,0.00171
sim_2019-02-09_2026-05-21_138e7b4fbb82,2025-08-25,short_straddle,1,7788.400269,1006628.876107,0.007737
sim_2019-02-09_2026-05-21_138e7b4fbb82,2025-08-25,put_credit_spread,1,1721.5,1006628.876107,0.00171
sim_2019-02-09_2026-05-21_138e7b4fbb82,2025-08-26,short_straddle,1,7788.400269,1006643.075936,0.007737
sim_2019-02-09_2026-05-21_138e7b4fbb82,2025-08-26,put_credit_spread,1,1721.5,1006643.075936,0.00171
sim_2019-02-09_2026-05-21_138e7b4fbb82,2025-08-27,short_straddle,1,7788.400269,1006658.476021,0.007737
sim_2019-02-09_2026-05-21_138e7b4fbb82,2025-08-27,put_credit_spread,1,1721.5,1006658.476021,0.00171
sim_2019-02-09_2026-05-21_138e7b4fbb82,2025-08-28,short_straddle,1,7788.400269,1006666.076119,0.007737
sim_2019-02-09_2026-05-21_138e7b4fbb82,2025-08-28,put_credit_spread,1,1721.5,1006666.076119,0.00171
sim_2019-02-09_2026-05-21_138e7b4fbb82,2025-08-29,short_straddle,1,7788.400269,1006659.075997,0.007737
sim_2019-02-09_2026-05-21_138e7b4fbb82,2025-08-29,put_credit_spread,1,1721.5,1006659.075997,0.00171
sim_2019-02-09_2026-05-21_138e7b4fbb82,2025-09-02,short_straddle,1,7788.400269,1006634.275887,0.007737
sim_2019-02-09_2026-05-21_138e7b4fbb82,2025-09-02,put_credit_spread,1,1721.5,1006634.275887,0.00171
sim_2019-02-09_2026-05-21_138e7b4fbb82,2025-09-03,short_straddle,1,7788.400269,1006630.776131,0.007737
sim_2019-02-09_2026-05-21_138e7b4fbb82,2025-09-03,put_credit_spread,1,1721.5,1006630.776131,0.00171
sim_2019-02-09_2026-05-21_138e7b4fbb82,2025-09-04,short_straddle,1,7788.400269,1006757.675912,0.007736
sim_2019-02-09_2026-05-21_138e7b4fbb82,2025-09-04,put_credit_spread,1,1721.5,1006757.675912,0.00171
sim_2019-02-09_2026-05-21_138e7b4fbb82,2025-09-05,short_straddle,1,7788.400269,1006737.075936,0.007736
sim_2019-02-09_2026-05-21_138e7b4fbb82,2025-09-05,put_credit_spread,1,1721.5,1006737.075936,0.00171
sim_2019-02-09_2026-05-21_138e7b4fbb82,2025-09-08,short_straddle,1,7788.400269,1006701.676156,0.007737
sim_2019-02-09_2026-05-21_138e7b4fbb82,2025-09-08,put_credit_spread,1,1721.5,1006701.676156,0.00171
sim_2019-02-09_2026-05-21_138e7b4fbb82,2025-09-09,short_straddle,1,7788.400269,1006719.776131,0.007736
sim_2019-02-09_2026-05-21_138e7b4fbb82,2025-09-09,put_credit_spread,1,1721.5,1006719.776131,0.00171
sim_2019-02-09_2026-05-21_138e7b4fbb82,2025-09-10,short_straddle,1,7886.099854,1006691.53006,0.007834
sim_2019-02-09_2026-05-21_138e7b4fbb82,2025-09-10,put_credit_spread,1,1721.5,1006691.53006,0.00171
sim_2019-02-09_2026-05-21_138e7b4fbb82,2025-09-11,short_straddle,1,7886.099854,1006691.53006,0.007834
sim_2019-02-09_2026-05-21_138e7b4fbb82,2025-09-11,put_credit_spread,1,1721.5,1006691.53006,0.00171
sim_2019-02-09_2026-05-21_138e7b4fbb82,2025-09-12,short_straddle,1,7886.099854,1006691.53006,0.007834
sim_2019-02-09_2026-05-21_138e7b4fbb82,2025-09-12,put_credit_spread,1,1721.5,1006691.53006,0.00171
sim_2019-02-09_2026-05-21_138e7b4fbb82,2025-09-15,short_straddle,1,7886.099854,1006691.53006,0.007834
sim_2019-02-09_2026-05-21_138e7b4fbb82,2025-09-15,put_credit_spread,1,1721.5,1006691.53006,0.00171
sim_2019-02-09_2026-05-21_138e7b4fbb82,2025-09-16,short_straddle,1,7886.099854,1006691.53006,0.007834
sim_2019-02-09_2026-05-21_138e7b4fbb82,2025-09-16,put_credit_spread,1,1721.5,1006691.53006,0.00171
sim_2019-02-09_2026-05-21_138e7b4fbb82,2025-09-17,short_straddle,1,7886.099854,1006691.53006,0.007834
sim_2019-02-09_2026-05-21_138e7b4fbb82,2025-09-17,put_credit_spread,1,1721.5,1006691.53006,0.00171
sim_2019-02-09_2026-05-21_138e7b4fbb82,2025-09-18,short_straddle,1,7886.099854,1006691.53006,0.007834
sim_2019-02-09_2026-05-21_138e7b4fbb82,2025-09-18,put_credit_spread,1,1721.5,1006691.53006,0.00171
sim_2019-02-09_2026-05-21_138e7b4fbb82,2025-09-19,short_straddle,1,7886.099854,1006824.42981,0.007833
sim_2019-02-09_2026-05-21_138e7b4fbb82,2025-09-19,put_credit_spread,1,1699.5,1006824.42981,0.001688
sim_2019-02-09_2026-05-21_138e7b4fbb82,2025-09-22,short_straddle,1,7886.099854,1006849.92981,0.007832
sim_2019-02-09_2026-05-21_138e7b4fbb82,2025-09-22,put_credit_spread,1,1699.5,1006849.92981,0.001688
sim_2019-02-09_2026-05-21_138e7b4fbb82,2025-09-23,short_straddle,1,7886.099854,1006849.92981,0.007832
sim_2019-02-09_2026-05-21_138e7b4fbb82,2025-09-23,put_credit_spread,1,1699.5,1006849.92981,0.001688
sim_2019-02-09_2026-05-21_138e7b4fbb82,2025-09-24,short_straddle,1,7886.099854,1006901.439921,0.007832
sim_2019-02-09_2026-05-21_138e7b4fbb82,2025-09-24,put_credit_spread,1,1699.5,1006901.439921,0.001688
sim_2019-02-09_2026-05-21_138e7b4fbb82,2025-09-25,short_straddle,1,7886.099854,1006830.471179,0.007833
sim_2019-02-09_2026-05-21_138e7b4fbb82,2025-09-25,put_credit_spread,1,1699.5,1006830.471179,0.001688
sim_2019-02-09_2026-05-21_138e7b4fbb82,2025-09-26,short_straddle,1,7886.099854,1006830.471179,0.007833
sim_2019-02-09_2026-05-21_138e7b4fbb82,2025-09-26,put_credit_spread,1,1699.5,1006830.471179,0.001688
sim_2019-02-09_2026-05-21_138e7b4fbb82,2025-09-29,short_straddle,1,7886.099854,1006830.471179,0.007833
sim_2019-02-09_2026-05-21_138e7b4fbb82,2025-09-29,put_credit_spread,1,1699.5,1006830.471179,0.001688
sim_2019-02-09_2026-05-21_138e7b4fbb82,2025-09-30,short_straddle,1,7886.099854,1006907.471179,0.007832
sim_2019-02-09_2026-05-21_138e7b4fbb82,2025-09-30,put_credit_spread,1,1699.5,1006907.471179,0.001688
sim_2019-02-09_2026-05-21_138e7b4fbb82,2025-10-01,short_straddle,1,7886.099854,1006907.471179,0.007832
sim_2019-02-09_2026-05-21_138e7b4fbb82,2025-10-01,put_credit_spread,1,1699.5,1006907.471179,0.001688
sim_2019-02-09_2026-05-21_138e7b4fbb82,2025-10-02,short_straddle,1,7886.099854,1006907.471179,0.007832
sim_2019-02-09_2026-05-21_138e7b4fbb82,2025-10-02,put_credit_spread,1,1699.5,1006907.471179,0.001688
sim_2019-02-09_2026-05-21_138e7b4fbb82,2025-10-03,short_straddle,1,7886.099854,1006907.471179,0.007832
sim_2019-02-09_2026-05-21_138e7b4fbb82,2025-10-03,put_credit_spread,1,1699.5,1006907.471179,0.001688
sim_2019-02-09_2026-05-21_138e7b4fbb82,2025-10-06,short_straddle,1,7886.099854,1006907.471179,0.007832
sim_2019-02-09_2026-05-21_138e7b4fbb82,2025-10-06,put_credit_spread,1,1699.5,1006907.471179,0.001688
sim_2019-02-09_2026-05-21_138e7b4fbb82,2025-10-07,short_straddle,1,7886.099854,1006907.471179,0.007832
sim_2019-02-09_2026-05-21_138e7b4fbb82,2025-10-07,put_credit_spread,1,1699.5,1006907.471179,0.001688
sim_2019-02-09_2026-05-21_138e7b4fbb82,2025-10-08,short_straddle,1,7866.400146,1006902.157679,0.007812
sim_2019-02-09_2026-05-21_138e7b4fbb82,2025-10-08,put_credit_spread,1,1699.5,1006902.157679,0.001688
sim_2019-02-09_2026-05-21_138e7b4fbb82,2025-10-09,short_straddle,1,7866.400146,1006946.230679,0.007812
sim_2019-02-09_2026-05-21_138e7b4fbb82,2025-10-09,put_credit_spread,1,1699.5,1006946.230679,0.001688
sim_2019-02-09_2026-05-21_138e7b4fbb82,2025-10-10,short_straddle,1,7866.400146,1006675.290473,0.007814
sim_2019-02-09_2026-05-21_138e7b4fbb82,2025-10-10,put_credit_spread,1,1699.5,1006675.290473,0.001688
sim_2019-02-09_2026-05-21_138e7b4fbb82,2025-10-13,short_straddle,1,7866.400146,1006437.874589,0.007816
sim_2019-02-09_2026-05-21_138e7b4fbb82,2025-10-13,put_credit_spread,1,1699.5,1006437.874589,0.001689
sim_2019-02-09_2026-05-21_138e7b4fbb82,2025-10-14,short_straddle,1,7866.400146,1006454.114579,0.007816
sim_2019-02-09_2026-05-21_138e7b4fbb82,2025-10-14,put_credit_spread,1,1699.5,1006454.114579,0.001689
sim_2019-02-09_2026-05-21_138e7b4fbb82,2025-10-15,short_straddle,1,7866.400146,1006454.114579,0.007816
sim_2019-02-09_2026-05-21_138e7b4fbb82,2025-10-15,put_credit_spread,1,1699.5,1006454.114579,0.001689
sim_2019-02-09_2026-05-21_138e7b4fbb82,2025-10-16,short_straddle,1,7866.400146,1006428.914628,0.007816
sim_2019-02-09_2026-05-21_138e7b4fbb82,2025-10-16,put_credit_spread,1,1699.5,1006428.914628,0.001689
sim_2019-02-09_2026-05-21_138e7b4fbb82,2025-10-17,short_straddle,1,7866.400146,1006540.502887,0.007815
sim_2019-02-09_2026-05-21_138e7b4fbb82,2025-10-17,put_credit_spread,1,2406.5,1006540.502887,0.002391
sim_2019-02-09_2026-05-21_138e7b4fbb82,2025-10-20,short_straddle,1,7866.400146,1006582.422809,0.007815
sim_2019-02-09_2026-05-21_138e7b4fbb82,2025-10-20,put_credit_spread,1,2406.5,1006582.422809,0.002391
sim_2019-02-09_2026-05-21_138e7b4fbb82,2025-10-21,short_straddle,1,7866.400146,1006600.022907,0.007815
sim_2019-02-09_2026-05-21_138e7b4fbb82,2025-10-21,put_credit_spread,1,2406.5,1006600.022907,0.002391
sim_2019-02-09_2026-05-21_138e7b4fbb82,2025-10-22,short_straddle,1,7866.400146,1007164.071327,0.00781
sim_2019-02-09_2026-05-21_138e7b4fbb82,2025-10-22,put_credit_spread,1,2406.5,1007164.071327,0.002389
sim_2019-02-09_2026-05-21_138e7b4fbb82,2025-10-23,short_straddle,1,7866.400146,1007169.176787,0.00781
sim_2019-02-09_2026-05-21_138e7b4fbb82,2025-10-23,put_credit_spread,1,2406.5,1007169.176787,0.002389
sim_2019-02-09_2026-05-21_138e7b4fbb82,2025-10-24,short_straddle,1,7866.400146,1007208.53665,0.00781
sim_2019-02-09_2026-05-21_138e7b4fbb82,2025-10-24,put_credit_spread,1,2406.5,1007208.53665,0.002389
sim_2019-02-09_2026-05-21_138e7b4fbb82,2025-10-27,short_straddle,1,7866.400146,1007055.559992,0.007811
sim_2019-02-09_2026-05-21_138e7b4fbb82,2025-10-27,put_credit_spread,1,2406.5,1007055.559992,0.00239
sim_2019-02-09_2026-05-21_138e7b4fbb82,2025-10-28,short_straddle,1,7866.400146,1007152.714772,0.007811
sim_2019-02-09_2026-05-21_138e7b4fbb82,2025-10-28,put_credit_spread,1,2406.5,1007152.714772,0.002389
sim_2019-02-09_2026-05-21_138e7b4fbb82,2025-10-29,short_straddle,1,7866.400146,1007146.474782,0.007811
sim_2019-02-09_2026-05-21_138e7b4fbb82,2025-10-29,put_credit_spread,1,2406.5,1007146.474782,0.002389
sim_2019-02-09_2026-05-21_138e7b4fbb82,2025-10-30,short_straddle,1,7866.400146,1007135.594899,0.007811
sim_2019-02-09_2026-05-21_138e7b4fbb82,2025-10-30,put_credit_spread,1,2406.5,1007135.594899,0.002389
sim_2019-02-09_2026-05-21_138e7b4fbb82,2025-10-31,short_straddle,1,7866.400146,1007140.874929,0.007811
sim_2019-02-09_2026-05-21_138e7b4fbb82,2025-10-31,put_credit_spread,1,2406.5,1007140.874929,0.002389
sim_2019-02-09_2026-05-21_138e7b4fbb82,2025-11-03,short_straddle,1,7866.400146,1006963.774831,0.007812
sim_2019-02-09_2026-05-21_138e7b4fbb82,2025-11-03,put_credit_spread,1,2406.5,1006963.774831,0.00239
sim_2019-02-09_2026-05-21_138e7b4fbb82,2025-11-04,short_straddle,1,7866.400146,1006943.214772,0.007812
sim_2019-02-09_2026-05-21_138e7b4fbb82,2025-11-04,put_credit_spread,1,2406.5,1006943.214772,0.00239
sim_2019-02-09_2026-05-21_138e7b4fbb82,2025-11-05,short_straddle,1,7902.199707,1006953.582014,0.007848
sim_2019-02-09_2026-05-21_138e7b4fbb82,2025-11-05,put_credit_spread,1,2406.5,1006953.582014,0.00239
sim_2019-02-09_2026-05-21_138e7b4fbb82,2025-11-06,short_straddle,1,7902.199707,1006951.939534,0.007848
sim_2019-02-09_2026-05-21_138e7b4fbb82,2025-11-06,put_credit_spread,1,2406.5,1006951.939534,0.00239
sim_2019-02-09_2026-05-21_138e7b4fbb82,2025-11-07,short_straddle,1,7902.199707,1006955.99944,0.007848
sim_2019-02-09_2026-05-21_138e7b4fbb82,2025-11-07,put_credit_spread,1,2406.5,1006955.99944,0.00239
sim_2019-02-09_2026-05-21_138e7b4fbb82,2025-11-10,short_straddle,1,7902.199707,1006983.719594,0.007847
sim_2019-02-09_2026-05-21_138e7b4fbb82,2025-11-10,put_credit_spread,1,2406.5,1006983.719594,0.00239
sim_2019-02-09_2026-05-21_138e7b4fbb82,2025-11-11,short_straddle,1,7902.199707,1007022.849568,0.007847
sim_2019-02-09_2026-05-21_138e7b4fbb82,2025-11-11,put_credit_spread,1,2406.5,1007022.849568,0.00239
sim_2019-02-09_2026-05-21_138e7b4fbb82,2025-11-12,short_straddle,1,7902.199707,1007046.299611,0.007847
sim_2019-02-09_2026-05-21_138e7b4fbb82,2025-11-12,put_credit_spread,1,2406.5,1007046.299611,0.00239
sim_2019-02-09_2026-05-21_138e7b4fbb82,2025-11-13,short_straddle,1,7902.199707,1006990.159474,0.007847
sim_2019-02-09_2026-05-21_138e7b4fbb82,2025-11-13,put_credit_spread,1,2406.5,1006990.159474,0.00239
sim_2019-02-09_2026-05-21_138e7b4fbb82,2025-11-14,short_straddle,1,7902.199707,1007468.417457,0.007844
sim_2019-02-09_2026-05-21_138e7b4fbb82,2025-11-14,put_credit_spread,1,2376.0,1007468.417457,0.002358
sim_2019-02-09_2026-05-21_138e7b4fbb82,2025-11-17,short_straddle,1,7902.199707,1007255.057594,0.007845
sim_2019-02-09_2026-05-21_138e7b4fbb82,2025-11-17,put_credit_spread,1,2376.0,1007255.057594,0.002359
sim_2019-02-09_2026-05-21_138e7b4fbb82,2025-11-18,short_straddle,1,7902.199707,1007219.917457,0.007846
sim_2019-02-09_2026-05-21_138e7b4fbb82,2025-11-18,put_credit_spread,1,2376.0,1007219.917457,0.002359
sim_2019-02-09_2026-05-21_138e7b4fbb82,2025-11-19,short_straddle,1,7902.199707,1007223.137611,0.007846
sim_2019-02-09_2026-05-21_138e7b4fbb82,2025-11-19,put_credit_spread,1,2376.0,1007223.137611,0.002359
sim_2019-02-09_2026-05-21_138e7b4fbb82,2025-11-20,short_straddle,1,7902.199707,1007197.517585,0.007846
sim_2019-02-09_2026-05-21_138e7b4fbb82,2025-11-20,put_credit_spread,1,2376.0,1007197.517585,0.002359
sim_2019-02-09_2026-05-21_138e7b4fbb82,2025-11-21,short_straddle,1,7902.199707,1007228.807594,0.007845
sim_2019-02-09_2026-05-21_138e7b4fbb82,2025-11-21,put_credit_spread,1,2376.0,1007228.807594,0.002359
sim_2019-02-09_2026-05-21_138e7b4fbb82,2025-11-24,short_straddle,1,7902.199707,1007241.89756,0.007845
sim_2019-02-09_2026-05-21_138e7b4fbb82,2025-11-24,put_credit_spread,1,2376.0,1007241.89756,0.002359
sim_2019-02-09_2026-05-21_138e7b4fbb82,2025-11-25,short_straddle,1,7902.199707,1007595.077491,0.007843
sim_2019-02-09_2026-05-21_138e7b4fbb82,2025-11-25,put_credit_spread,1,2376.0,1007595.077491,0.002358
sim_2019-02-09_2026-05-21_138e7b4fbb82,2025-11-26,short_straddle,1,7902.199707,1007617.267585,0.007842
sim_2019-02-09_2026-05-21_138e7b4fbb82,2025-11-26,put_credit_spread,1,2376.0,1007617.267585,0.002358
sim_2019-02-09_2026-05-21_138e7b4fbb82,2025-11-28,short_straddle,1,7902.199707,1007637.077491,0.007842
sim_2019-02-09_2026-05-21_138e7b4fbb82,2025-11-28,put_credit_spread,1,2376.0,1007637.077491,0.002358
sim_2019-02-09_2026-05-21_138e7b4fbb82,2025-12-01,short_straddle,1,7902.199707,1007578.557594,0.007843
sim_2019-02-09_2026-05-21_138e7b4fbb82,2025-12-01,put_credit_spread,1,2376.0,1007578.557594,0.002358
sim_2019-02-09_2026-05-21_138e7b4fbb82,2025-12-02,short_straddle,1,7902.199707,1007592.137611,0.007843
sim_2019-02-09_2026-05-21_138e7b4fbb82,2025-12-02,put_credit_spread,1,2376.0,1007592.137611,0.002358
sim_2019-02-09_2026-05-21_138e7b4fbb82,2025-12-03,short_straddle,1,8250.700073,1007614.060883,0.008188
sim_2019-02-09_2026-05-21_138e7b4fbb82,2025-12-03,put_credit_spread,1,2376.0,1007614.060883,0.002358
sim_2019-02-09_2026-05-21_138e7b4fbb82,2025-12-04,short_straddle,1,8250.700073,1007623.342278,0.008188
sim_2019-02-09_2026-05-21_138e7b4fbb82,2025-12-04,put_credit_spread,1,2376.0,1007623.342278,0.002358
sim_2019-02-09_2026-05-21_138e7b4fbb82,2025-12-05,short_straddle,1,8250.700073,1007618.782199,0.008188
sim_2019-02-09_2026-05-21_138e7b4fbb82,2025-12-05,put_credit_spread,1,2376.0,1007618.782199,0.002358
sim_2019-02-09_2026-05-21_138e7b4fbb82,2025-12-08,short_straddle,1,8250.700073,1007611.262179,0.008188
sim_2019-02-09_2026-05-21_138e7b4fbb82,2025-12-08,put_credit_spread,1,2376.0,1007611.262179,0.002358
sim_2019-02-09_2026-05-21_138e7b4fbb82,2025-12-09,short_straddle,1,8250.700073,1007604.342257,0.008188
sim_2019-02-09_2026-05-21_138e7b4fbb82,2025-12-09,put_credit_spread,1,2376.0,1007604.342257,0.002358
sim_2019-02-09_2026-05-21_138e7b4fbb82,2025-12-10,short_straddle,1,8250.700073,1007624.062228,0.008188
sim_2019-02-09_2026-05-21_138e7b4fbb82,2025-12-10,put_credit_spread,1,2376.0,1007624.062228,0.002358
sim_2019-02-09_2026-05-21_138e7b4fbb82,2025-12-11,short_straddle,1,8250.700073,1007650.142184,0.008188
sim_2019-02-09_2026-05-21_138e7b4fbb82,2025-12-11,put_credit_spread,1,2376.0,1007650.142184,0.002358
sim_2019-02-09_2026-05-21_138e7b4fbb82,2025-12-12,short_straddle,1,8250.700073,1007860.654929,0.008186
sim_2019-02-09_2026-05-21_138e7b4fbb82,2025-12-12,put_credit_spread,1,1785.5,1007860.654929,0.001772
sim_2019-02-09_2026-05-21_138e7b4fbb82,2025-12-15,short_straddle,1,8250.700073,1008095.685212,0.008184
sim_2019-02-09_2026-05-21_138e7b4fbb82,2025-12-15,put_credit_spread,1,1785.5,1008095.685212,0.001771
sim_2019-02-09_2026-05-21_138e7b4fbb82,2025-12-16,short_straddle,1,8250.700073,1008129.198306,0.008184
sim_2019-02-09_2026-05-21_138e7b4fbb82,2025-12-16,put_credit_spread,1,1785.5,1008129.198306,0.001771
sim_2019-02-09_2026-05-21_138e7b4fbb82,2025-12-17,short_straddle,1,8250.700073,1008060.319382,0.008185
sim_2019-02-09_2026-05-21_138e7b4fbb82,2025-12-17,put_credit_spread,1,1785.5,1008060.319382,0.001771
sim_2019-02-09_2026-05-21_138e7b4fbb82,2025-12-18,short_straddle,1,8250.700073,1008182.338872,0.008184
sim_2019-02-09_2026-05-21_138e7b4fbb82,2025-12-18,put_credit_spread,1,1785.5,1008182.338872,0.001771
sim_2019-02-09_2026-05-21_138e7b4fbb82,2025-12-19,short_straddle,1,8250.700073,1008183.13769,0.008184
sim_2019-02-09_2026-05-21_138e7b4fbb82,2025-12-19,put_credit_spread,1,1785.5,1008183.13769,0.001771
sim_2019-02-09_2026-05-21_138e7b4fbb82,2025-12-22,short_straddle,1,8250.700073,1008192.37768,0.008184
sim_2019-02-09_2026-05-21_138e7b4fbb82,2025-12-22,put_credit_spread,1,1785.5,1008192.37768,0.001771
sim_2019-02-09_2026-05-21_138e7b4fbb82,2025-12-23,short_straddle,1,8250.700073,1008195.457758,0.008184
sim_2019-02-09_2026-05-21_138e7b4fbb82,2025-12-23,put_credit_spread,1,1785.5,1008195.457758,0.001771
sim_2019-02-09_2026-05-21_138e7b4fbb82,2025-12-24,short_straddle,1,8250.700073,1008206.577754,0.008184
sim_2019-02-09_2026-05-21_138e7b4fbb82,2025-12-24,put_credit_spread,1,1785.5,1008206.577754,0.001771
sim_2019-02-09_2026-05-21_138e7b4fbb82,2025-12-26,short_straddle,1,8250.700073,1008206.65771,0.008184
sim_2019-02-09_2026-05-21_138e7b4fbb82,2025-12-26,put_credit_spread,1,1785.5,1008206.65771,0.001771
sim_2019-02-09_2026-05-21_138e7b4fbb82,2025-12-29,short_straddle,1,8586.799927,1008116.94977,0.008518
sim_2019-02-09_2026-05-21_138e7b4fbb82,2025-12-29,put_credit_spread,1,1785.5,1008116.94977,0.001771
sim_2019-02-09_2026-05-21_138e7b4fbb82,2025-12-30,short_straddle,1,8586.799927,1008115.98259,0.008518
sim_2019-02-09_2026-05-21_138e7b4fbb82,2025-12-30,put_credit_spread,1,1785.5,1008115.98259,0.001771
sim_2019-02-09_2026-05-21_138e7b4fbb82,2025-12-31,short_straddle,1,8586.799927,1008103.902634,0.008518
sim_2019-02-09_2026-05-21_138e7b4fbb82,2025-12-31,put_credit_spread,1,1785.5,1008103.902634,0.001771
sim_2019-02-09_2026-05-21_138e7b4fbb82,2026-01-02,short_straddle,1,8586.799927,1008116.142624,0.008518
sim_2019-02-09_2026-05-21_138e7b4fbb82,2026-01-02,put_credit_spread,1,1785.5,1008116.142624,0.001771
sim_2019-02-09_2026-05-21_138e7b4fbb82,2026-01-05,short_straddle,1,8586.799927,1008140.702561,0.008517
sim_2019-02-09_2026-05-21_138e7b4fbb82,2026-01-05,put_credit_spread,1,1785.5,1008140.702561,0.001771
sim_2019-02-09_2026-05-21_138e7b4fbb82,2026-01-06,short_straddle,1,8586.799927,1007840.449991,0.00852
sim_2019-02-09_2026-05-21_138e7b4fbb82,2026-01-06,put_credit_spread,1,1785.5,1007840.449991,0.001772
sim_2019-02-09_2026-05-21_138e7b4fbb82,2026-01-07,short_straddle,1,8586.799927,1007863.810767,0.00852
sim_2019-02-09_2026-05-21_138e7b4fbb82,2026-01-07,put_credit_spread,1,1785.5,1007863.810767,0.001772
sim_2019-02-09_2026-05-21_138e7b4fbb82,2026-01-08,short_straddle,1,8586.799927,1007941.479324,0.008519
sim_2019-02-09_2026-05-21_138e7b4fbb82,2026-01-08,put_credit_spread,1,1785.5,1007941.479324,0.001771
sim_2019-02-09_2026-05-21_138e7b4fbb82,2026-01-09,short_straddle,1,8586.799927,1008055.484455,0.008518
sim_2019-02-09_2026-05-21_138e7b4fbb82,2026-01-09,put_credit_spread,1,1801.5,1008055.484455,0.001787
sim_2019-02-09_2026-05-21_138e7b4fbb82,2026-01-12,short_straddle,1,8586.799927,1008095.663658,0.008518
sim_2019-02-09_2026-05-21_138e7b4fbb82,2026-01-12,put_credit_spread,1,1801.5,1008095.663658,0.001787
sim_2019-02-09_2026-05-21_138e7b4fbb82,2026-01-13,short_straddle,1,8586.799927,1008079.823692,0.008518
sim_2019-02-09_2026-05-21_138e7b4fbb82,2026-01-13,put_credit_spread,1,1801.5,1008079.823692,0.001787
sim_2019-02-09_2026-05-21_138e7b4fbb82,2026-01-14,short_straddle,1,8586.799927,1008078.383629,0.008518
sim_2019-02-09_2026-05-21_138e7b4fbb82,2026-01-14,put_credit_spread,1,1801.5,1008078.383629,0.001787
sim_2019-02-09_2026-05-21_138e7b4fbb82,2026-01-15,short_straddle,1,8586.799927,1008089.983726,0.008518
sim_2019-02-09_2026-05-21_138e7b4fbb82,2026-01-15,put_credit_spread,1,1801.5,1008089.983726,0.001787
sim_2019-02-09_2026-05-21_138e7b4fbb82,2026-01-16,short_straddle,1,8586.799927,1008085.743736,0.008518
sim_2019-02-09_2026-05-21_138e7b4fbb82,2026-01-16,put_credit_spread,1,1801.5,1008085.743736,0.001787
sim_2019-02-09_2026-05-21_138e7b4fbb82,2026-01-20,short_straddle,1,8586.799927,1007810.583702,0.00852
sim_2019-02-09_2026-05-21_138e7b4fbb82,2026-01-20,put_credit_spread,1,1801.5,1007810.583702,0.001788
sim_2019-02-09_2026-05-21_138e7b4fbb82,2026-01-21,short_straddle,1,8295.999756,1007827.871034,0.008232
sim_2019-02-09_2026-05-21_138e7b4fbb82,2026-01-21,put_credit_spread,1,1801.5,1007827.871034,0.001788
sim_2019-02-09_2026-05-21_138e7b4fbb82,2026-01-22,short_straddle,1,8295.999756,1007826.389964,0.008232
sim_2019-02-09_2026-05-21_138e7b4fbb82,2026-01-22,put_credit_spread,1,1801.5,1007826.389964,0.001788
sim_2019-02-09_2026-05-21_138e7b4fbb82,2026-01-23,short_straddle,1,8295.999756,1007916.59351,0.008231
sim_2019-02-09_2026-05-21_138e7b4fbb82,2026-01-23,put_credit_spread,1,1801.5,1007916.59351,0.001787
sim_2019-02-09_2026-05-21_138e7b4fbb82,2026-01-26,short_straddle,1,8295.999756,1007925.242435,0.008231
sim_2019-02-09_2026-05-21_138e7b4fbb82,2026-01-26,put_credit_spread,1,1801.5,1007925.242435,0.001787
sim_2019-02-09_2026-05-21_138e7b4fbb82,2026-01-27,short_straddle,1,8295.999756,1007901.242435,0.008231
sim_2019-02-09_2026-05-21_138e7b4fbb82,2026-01-27,put_credit_spread,1,1801.5,1007901.242435,0.001787
sim_2019-02-09_2026-05-21_138e7b4fbb82,2026-01-28,short_straddle,1,8295.999756,1007901.662479,0.008231
sim_2019-02-09_2026-05-21_138e7b4fbb82,2026-01-28,put_credit_spread,1,1801.5,1007901.662479,0.001787
sim_2019-02-09_2026-05-21_138e7b4fbb82,2026-01-29,short_straddle,1,8295.999756,1007902.142398,0.008231
sim_2019-02-09_2026-05-21_138e7b4fbb82,2026-01-29,put_credit_spread,1,1801.5,1007902.142398,0.001787
sim_2019-02-09_2026-05-21_138e7b4fbb82,2026-01-30,short_straddle,1,8295.999756,1007895.062442,0.008231
sim_2019-02-09_2026-05-21_138e7b4fbb82,2026-01-30,put_credit_spread,1,1801.5,1007895.062442,0.001787
sim_2019-02-09_2026-05-21_138e7b4fbb82,2026-02-02,short_straddle,1,8295.999756,1007925.062442,0.008231
sim_2019-02-09_2026-05-21_138e7b4fbb82,2026-02-02,put_credit_spread,1,1801.5,1007925.062442,0.001787
sim_2019-02-09_2026-05-21_138e7b4fbb82,2026-02-03,short_straddle,1,8295.999756,1007914.742435,0.008231
sim_2019-02-09_2026-05-21_138e7b4fbb82,2026-02-03,put_credit_spread,1,1801.5,1007914.742435,0.001787
sim_2019-02-09_2026-05-21_138e7b4fbb82,2026-02-04,short_straddle,1,8295.999756,1007929.382449,0.008231
sim_2019-02-09_2026-05-21_138e7b4fbb82,2026-02-04,put_credit_spread,1,1801.5,1007929.382449,0.001787
sim_2019-02-09_2026-05-21_138e7b4fbb82,2026-02-05,short_straddle,1,8295.999756,1007894.342471,0.008231
sim_2019-02-09_2026-05-21_138e7b4fbb82,2026-02-05,put_credit_spread,1,1801.5,1007894.342471,0.001787
sim_2019-02-09_2026-05-21_138e7b4fbb82,2026-02-06,short_straddle,1,8295.999756,1008273.650797,0.008228
sim_2019-02-09_2026-05-21_138e7b4fbb82,2026-02-06,put_credit_spread,1,1721.0,1008273.650797,0.001707
sim_2019-02-09_2026-05-21_138e7b4fbb82,2026-02-09,short_straddle,1,8295.999756,1008413.207867,0.008227
sim_2019-02-09_2026-05-21_138e7b4fbb82,2026-02-09,put_credit_spread,1,1721.0,1008413.207867,0.001707
sim_2019-02-09_2026-05-21_138e7b4fbb82,2026-02-10,short_straddle,1,8295.999756,1008437.881871,0.008227
sim_2019-02-09_2026-05-21_138e7b4fbb82,2026-02-10,put_credit_spread,1,1721.0,1008437.881871,0.001707
sim_2019-02-09_2026-05-21_138e7b4fbb82,2026-02-11,short_straddle,1,8295.999756,1008434.461827,0.008227
sim_2019-02-09_2026-05-21_138e7b4fbb82,2026-02-11,put_credit_spread,1,1721.0,1008434.461827,0.001707
sim_2019-02-09_2026-05-21_138e7b4fbb82,2026-02-12,short_straddle,1,8295.999756,1008394.501988,0.008227
sim_2019-02-09_2026-05-21_138e7b4fbb82,2026-02-12,put_credit_spread,1,1721.0,1008394.501988,0.001707
sim_2019-02-09_2026-05-21_138e7b4fbb82,2026-02-13,short_straddle,1,8295.999756,1008398.161901,0.008227
sim_2019-02-09_2026-05-21_138e7b4fbb82,2026-02-13,put_credit_spread,1,1721.0,1008398.161901,0.001707
sim_2019-02-09_2026-05-21_138e7b4fbb82,2026-02-17,short_straddle,1,8295.999756,1008284.081945,0.008228
sim_2019-02-09_2026-05-21_138e7b4fbb82,2026-02-17,put_credit_spread,1,1721.0,1008284.081945,0.001707
sim_2019-02-09_2026-05-21_138e7b4fbb82,2026-02-18,short_straddle,1,8145.0,1008283.881658,0.008078
sim_2019-02-09_2026-05-21_138e7b4fbb82,2026-02-18,put_credit_spread,1,1721.0,1008283.881658,0.001707
sim_2019-02-09_2026-05-21_138e7b4fbb82,2026-02-19,short_straddle,1,8145.0,1008320.640088,0.008078
sim_2019-02-09_2026-05-21_138e7b4fbb82,2026-02-19,put_credit_spread,1,1721.0,1008320.640088,0.001707
sim_2019-02-09_2026-05-21_138e7b4fbb82,2026-02-20,short_straddle,1,8145.0,1008571.503753,0.008076
sim_2019-02-09_2026-05-21_138e7b4fbb82,2026-02-20,put_credit_spread,1,1721.0,1008571.503753,0.001706
sim_2019-02-09_2026-05-21_138e7b4fbb82,2026-02-23,short_straddle,1,8145.0,1008490.803985,0.008076
sim_2019-02-09_2026-05-21_138e7b4fbb82,2026-02-23,put_credit_spread,1,1721.0,1008490.803985,0.001707
sim_2019-02-09_2026-05-21_138e7b4fbb82,2026-02-24,short_straddle,1,8145.0,1008528.603973,0.008076
sim_2019-02-09_2026-05-21_138e7b4fbb82,2026-02-24,put_credit_spread,1,1721.0,1008528.603973,0.001706
sim_2019-02-09_2026-05-21_138e7b4fbb82,2026-02-25,short_straddle,1,8145.0,1008558.903961,0.008076
sim_2019-02-09_2026-05-21_138e7b4fbb82,2026-02-25,put_credit_spread,1,1721.0,1008558.903961,0.001706
sim_2019-02-09_2026-05-21_138e7b4fbb82,2026-02-26,short_straddle,1,8145.0,1008559.303741,0.008076
sim_2019-02-09_2026-05-21_138e7b4fbb82,2026-02-26,put_credit_spread,1,1721.0,1008559.303741,0.001706
sim_2019-02-09_2026-05-21_138e7b4fbb82,2026-02-27,short_straddle,1,8145.0,1008507.303924,0.008076
sim_2019-02-09_2026-05-21_138e7b4fbb82,2026-02-27,put_credit_spread,1,1721.0,1008507.303924,0.001706
sim_2019-02-09_2026-05-21_138e7b4fbb82,2026-03-02,short_straddle,1,8145.0,1008502.503814,0.008076
sim_2019-02-09_2026-05-21_138e7b4fbb82,2026-03-02,put_credit_spread,1,1721.0,1008502.503814,0.001706
sim_2019-02-09_2026-05-21_138e7b4fbb82,2026-03-03,short_straddle,1,8145.0,1008503.523018,0.008076
sim_2019-02-09_2026-05-21_138e7b4fbb82,2026-03-03,put_credit_spread,1,1721.0,1008503.523018,0.001706
sim_2019-02-09_2026-05-21_138e7b4fbb82,2026-03-04,short_straddle,1,8145.0,1008395.799348,0.008077
sim_2019-02-09_2026-05-21_138e7b4fbb82,2026-03-04,put_credit_spread,1,2287.0,1008395.799348,0.002268
sim_2019-02-09_2026-05-21_138e7b4fbb82,2026-03-05,short_straddle,1,8145.0,1008316.799409,0.008078
sim_2019-02-09_2026-05-21_138e7b4fbb82,2026-03-05,put_credit_spread,1,2287.0,1008316.799409,0.002268
sim_2019-02-09_2026-05-21_138e7b4fbb82,2026-03-06,short_straddle,1,8145.0,1008270.699555,0.008078
sim_2019-02-09_2026-05-21_138e7b4fbb82,2026-03-06,put_credit_spread,1,2287.0,1008270.699555,0.002268
sim_2019-02-09_2026-05-21_138e7b4fbb82,2026-03-09,short_straddle,1,8145.0,1008297.199494,0.008078
sim_2019-02-09_2026-05-21_138e7b4fbb82,2026-03-09,put_credit_spread,1,2287.0,1008297.199494,0.002268
sim_2019-02-09_2026-05-21_138e7b4fbb82,2026-03-10,short_straddle,1,8145.0,1008295.399568,0.008078
sim_2019-02-09_2026-05-21_138e7b4fbb82,2026-03-10,put_credit_spread,1,2287.0,1008295.399568,0.002268
sim_2019-02-09_2026-05-21_138e7b4fbb82,2026-03-11,short_straddle,1,8145.0,1008266.499421,0.008078
sim_2019-02-09_2026-05-21_138e7b4fbb82,2026-03-11,put_credit_spread,1,2287.0,1008266.499421,0.002268
sim_2019-02-09_2026-05-21_138e7b4fbb82,2026-03-12,short_straddle,1,8145.0,1008193.199555,0.008079
sim_2019-02-09_2026-05-21_138e7b4fbb82,2026-03-12,put_credit_spread,1,2287.0,1008193.199555,0.002268
sim_2019-02-09_2026-05-21_138e7b4fbb82,2026-03-13,short_straddle,1,8145.0,1008182.499482,0.008079
sim_2019-02-09_2026-05-21_138e7b4fbb82,2026-03-13,put_credit_spread,1,2287.0,1008182.499482,0.002268
sim_2019-02-09_2026-05-21_138e7b4fbb82,2026-03-16,short_straddle,1,8145.0,1007728.899323,0.008083
sim_2019-02-09_2026-05-21_138e7b4fbb82,2026-03-16,put_credit_spread,1,2287.0,1007728.899323,0.002269
sim_2019-02-09_2026-05-21_138e7b4fbb82,2026-03-17,short_straddle,1,8145.0,1007827.399385,0.008082
sim_2019-02-09_2026-05-21_138e7b4fbb82,2026-03-17,put_credit_spread,1,2287.0,1007827.399385,0.002269
sim_2019-02-09_2026-05-21_138e7b4fbb82,2026-03-18,short_straddle,1,7090.0,1007629.693196,0.007036
sim_2019-02-09_2026-05-21_138e7b4fbb82,2026-03-18,put_credit_spread,1,2287.0,1007629.693196,0.00227
sim_2019-02-09_2026-05-21_138e7b4fbb82,2026-03-19,short_straddle,1,7090.0,1007597.618426,0.007037
sim_2019-02-09_2026-05-21_138e7b4fbb82,2026-03-19,put_credit_spread,1,2287.0,1007597.618426,0.00227
sim_2019-02-09_2026-05-21_138e7b4fbb82,2026-03-20,short_straddle,1,7090.0,1007639.368822,0.007036
sim_2019-02-09_2026-05-21_138e7b4fbb82,2026-03-20,put_credit_spread,1,2287.0,1007639.368822,0.00227
sim_2019-02-09_2026-05-21_138e7b4fbb82,2026-03-23,short_straddle,1,7090.0,1007516.919527,0.007037
sim_2019-02-09_2026-05-21_138e7b4fbb82,2026-03-23,put_credit_spread,1,2287.0,1007516.919527,0.00227
sim_2019-02-09_2026-05-21_138e7b4fbb82,2026-03-24,short_straddle,1,7090.0,1007508.119661,0.007037
sim_2019-02-09_2026-05-21_138e7b4fbb82,2026-03-24,put_credit_spread,1,2287.0,1007508.119661,0.00227
sim_2019-02-09_2026-05-21_138e7b4fbb82,2026-03-25,short_straddle,1,7090.0,1007540.789675,0.007037
sim_2019-02-09_2026-05-21_138e7b4fbb82,2026-03-25,put_credit_spread,1,2287.0,1007540.789675,0.00227
sim_2019-02-09_2026-05-21_138e7b4fbb82,2026-03-26,short_straddle,1,7090.0,1007487.659487,0.007037
sim_2019-02-09_2026-05-21_138e7b4fbb82,2026-03-26,put_credit_spread,1,2287.0,1007487.659487,0.00227
sim_2019-02-09_2026-05-21_138e7b4fbb82,2026-03-27,short_straddle,1,7090.0,1007400.539675,0.007038
sim_2019-02-09_2026-05-21_138e7b4fbb82,2026-03-27,put_credit_spread,1,2287.0,1007400.539675,0.00227
sim_2019-02-09_2026-05-21_138e7b4fbb82,2026-03-30,short_straddle,1,7090.0,1007403.276737,0.007038
sim_2019-02-09_2026-05-21_138e7b4fbb82,2026-03-30,put_credit_spread,1,3058.0,1007403.276737,0.003036
sim_2019-02-09_2026-05-21_138e7b4fbb82,2026-03-31,short_straddle,1,7090.0,1007525.70679,0.007037
sim_2019-02-09_2026-05-21_138e7b4fbb82,2026-03-31,put_credit_spread,1,3058.0,1007525.70679,0.003035
sim_2019-02-09_2026-05-21_138e7b4fbb82,2026-04-01,short_straddle,1,7090.0,1008152.965924,0.007033
sim_2019-02-09_2026-05-21_138e7b4fbb82,2026-04-01,put_credit_spread,1,3058.0,1008152.965924,0.003033
sim_2019-02-09_2026-05-21_138e7b4fbb82,2026-04-02,short_straddle,1,7090.0,1008184.06077,0.007032
sim_2019-02-09_2026-05-21_138e7b4fbb82,2026-04-02,put_credit_spread,1,3058.0,1008184.06077,0.003033
sim_2019-02-09_2026-05-21_138e7b4fbb82,2026-04-06,short_straddle,1,7090.0,1008191.210418,0.007032
sim_2019-02-09_2026-05-21_138e7b4fbb82,2026-04-06,put_credit_spread,1,3058.0,1008191.210418,0.003033
sim_2019-02-09_2026-05-21_138e7b4fbb82,2026-04-07,short_straddle,1,7090.0,1008582.901342,0.00703
sim_2019-02-09_2026-05-21_138e7b4fbb82,2026-04-07,put_credit_spread,0,0.0,1008582.901342,0.0
sim_2019-02-09_2026-05-21_138e7b4fbb82,2026-04-08,short_straddle,1,7090.0,1008728.981329,0.007029
sim_2019-02-09_2026-05-21_138e7b4fbb82,2026-04-08,put_credit_spread,0,0.0,1008728.981329,0.0
sim_2019-02-09_2026-05-21_138e7b4fbb82,2026-04-09,short_straddle,1,7090.0,1008759.121221,0.007028
sim_2019-02-09_2026-05-21_138e7b4fbb82,2026-04-09,put_credit_spread,0,0.0,1008759.121221,0.0
sim_2019-02-09_2026-05-21_138e7b4fbb82,2026-04-10,short_straddle,1,7090.0,1008727.789288,0.007029
sim_2019-02-09_2026-05-21_138e7b4fbb82,2026-04-10,put_credit_spread,1,2636.0,1008727.789288,0.002613
sim_2019-02-09_2026-05-21_138e7b4fbb82,2026-04-13,short_straddle,1,7090.0,1008759.469342,0.007028
sim_2019-02-09_2026-05-21_138e7b4fbb82,2026-04-13,put_credit_spread,1,2636.0,1008759.469342,0.002613
sim_2019-02-09_2026-05-21_138e7b4fbb82,2026-04-14,short_straddle,1,7090.0,1008796.429181,0.007028
sim_2019-02-09_2026-05-21_138e7b4fbb82,2026-04-14,put_credit_spread,1,2636.0,1008796.429181,0.002613
sim_2019-02-09_2026-05-21_138e7b4fbb82,2026-04-15,short_straddle,1,8014.400024,1008779.670842,0.007945
sim_2019-02-09_2026-05-21_138e7b4fbb82,2026-04-15,put_credit_spread,1,2636.0,1008779.670842,0.002613
sim_2019-02-09_2026-05-21_138e7b4fbb82,2026-04-16,short_straddle,1,8014.400024,1008815.485507,0.007944
sim_2019-02-09_2026-05-21_138e7b4fbb82,2026-04-16,put_credit_spread,1,2636.0,1008815.485507,0.002613
sim_2019-02-09_2026-05-21_138e7b4fbb82,2026-04-17,short_straddle,1,8014.400024,1008539.882174,0.007947
sim_2019-02-09_2026-05-21_138e7b4fbb82,2026-04-17,put_credit_spread,1,2636.0,1008539.882174,0.002614
sim_2019-02-09_2026-05-21_138e7b4fbb82,2026-04-20,short_straddle,1,8014.400024,1008535.273663,0.007947
sim_2019-02-09_2026-05-21_138e7b4fbb82,2026-04-20,put_credit_spread,1,2636.0,1008535.273663,0.002614
sim_2019-02-09_2026-05-21_138e7b4fbb82,2026-04-21,short_straddle,1,8014.400024,1008430.363659,0.007947
sim_2019-02-09_2026-05-21_138e7b4fbb82,2026-04-21,put_credit_spread,1,2636.0,1008430.363659,0.002614
sim_2019-02-09_2026-05-21_138e7b4fbb82,2026-04-22,short_straddle,1,8014.400024,1008440.563732,0.007947
sim_2019-02-09_2026-05-21_138e7b4fbb82,2026-04-22,put_credit_spread,1,2636.0,1008440.563732,0.002614
sim_2019-02-09_2026-05-21_138e7b4fbb82,2026-04-23,short_straddle,1,8014.400024,1008435.283703,0.007947
sim_2019-02-09_2026-05-21_138e7b4fbb82,2026-04-23,put_credit_spread,1,2636.0,1008435.283703,0.002614
sim_2019-02-09_2026-05-21_138e7b4fbb82,2026-04-24,short_straddle,1,8014.400024,1008432.913677,0.007947
sim_2019-02-09_2026-05-21_138e7b4fbb82,2026-04-24,put_credit_spread,1,2636.0,1008432.913677,0.002614
sim_2019-02-09_2026-05-21_138e7b4fbb82,2026-04-27,short_straddle,1,8014.400024,1008431.773663,0.007947
sim_2019-02-09_2026-05-21_138e7b4fbb82,2026-04-27,put_credit_spread,1,2636.0,1008431.773663,0.002614
sim_2019-02-09_2026-05-21_138e7b4fbb82,2026-04-28,short_straddle,1,8014.400024,1008430.543743,0.007947
sim_2019-02-09_2026-05-21_138e7b4fbb82,2026-04-28,put_credit_spread,1,2636.0,1008430.543743,0.002614
sim_2019-02-09_2026-05-21_138e7b4fbb82,2026-04-29,short_straddle,1,8014.400024,1008422.293743,0.007947
sim_2019-02-09_2026-05-21_138e7b4fbb82,2026-04-29,put_credit_spread,1,2636.0,1008422.293743,0.002614
sim_2019-02-09_2026-05-21_138e7b4fbb82,2026-04-30,short_straddle,1,8014.400024,1008446.233685,0.007947
sim_2019-02-09_2026-05-21_138e7b4fbb82,2026-04-30,put_credit_spread,1,2636.0,1008446.233685,0.002614
sim_2019-02-09_2026-05-21_138e7b4fbb82,2026-05-01,short_straddle,1,8014.400024,1008441.34367,0.007947
sim_2019-02-09_2026-05-21_138e7b4fbb82,2026-05-01,put_credit_spread,1,2636.0,1008441.34367,0.002614
sim_2019-02-09_2026-05-21_138e7b4fbb82,2026-05-04,short_straddle,1,8014.400024,1009261.588976,0.007941
sim_2019-02-09_2026-05-21_138e7b4fbb82,2026-05-04,put_credit_spread,1,2636.0,1009261.588976,0.002612
sim_2019-02-09_2026-05-21_138e7b4fbb82,2026-05-05,short_straddle,1,8014.400024,1009347.473291,0.00794
sim_2019-02-09_2026-05-21_138e7b4fbb82,2026-05-05,put_credit_spread,1,2636.0,1009347.473291,0.002612
sim_2019-02-09_2026-05-21_138e7b4fbb82,2026-05-06,short_straddle,1,8014.400024,1009365.74328,0.00794
sim_2019-02-09_2026-05-21_138e7b4fbb82,2026-05-06,put_credit_spread,1,2636.0,1009365.74328,0.002612
sim_2019-02-09_2026-05-21_138e7b4fbb82,2026-05-07,short_straddle,1,8014.400024,1009356.323328,0.00794
sim_2019-02-09_2026-05-21_138e7b4fbb82,2026-05-07,put_credit_spread,1,2636.0,1009356.323328,0.002612
sim_2019-02-09_2026-05-21_138e7b4fbb82,2026-05-08,short_straddle,1,8014.400024,1009812.850831,0.007937
sim_2019-02-09_2026-05-21_138e7b4fbb82,2026-05-08,put_credit_spread,1,1735.0,1009812.850831,0.001718
sim_2019-02-09_2026-05-21_138e7b4fbb82,2026-05-11,short_straddle,1,8014.400024,1009815.790773,0.007936
sim_2019-02-09_2026-05-21_138e7b4fbb82,2026-05-11,put_credit_spread,1,1735.0,1009815.790773,0.001718
sim_2019-02-09_2026-05-21_138e7b4fbb82,2026-05-12,short_straddle,1,8014.400024,1009818.130861,0.007936
sim_2019-02-09_2026-05-21_138e7b4fbb82,2026-05-12,put_credit_spread,1,1735.0,1009818.130861,0.001718
sim_2019-02-09_2026-05-21_138e7b4fbb82,2026-05-13,short_straddle,0,0.0,1009812.562651,0.0
sim_2019-02-09_2026-05-21_138e7b4fbb82,2026-05-13,put_credit_spread,1,1735.0,1009812.562651,0.001718
sim_2019-02-09_2026-05-21_138e7b4fbb82,2026-05-14,short_straddle,0,0.0,1009812.562651,0.0
sim_2019-02-09_2026-05-21_138e7b4fbb82,2026-05-14,put_credit_spread,1,1735.0,1009812.562651,0.001718
sim_2019-02-09_2026-05-21_138e7b4fbb82,2026-05-15,short_straddle,1,8224.899902,1009809.721401,0.008145
sim_2019-02-09_2026-05-21_138e7b4fbb82,2026-05-15,put_credit_spread,1,1735.0,1009809.721401,0.001718
sim_2019-02-09_2026-05-21_138e7b4fbb82,2026-05-18,short_straddle,1,8224.899902,1009806.490836,0.008145
sim_2019-02-09_2026-05-21_138e7b4fbb82,2026-05-18,put_credit_spread,1,1735.0,1009806.490836,0.001718
sim_2019-02-09_2026-05-21_138e7b4fbb82,2026-05-19,short_straddle,1,8224.899902,1009767.100851,0.008145
sim_2019-02-09_2026-05-21_138e7b4fbb82,2026-05-19,put_credit_spread,1,1735.0,1009767.100851,0.001718
sim_2019-02-09_2026-05-21_138e7b4fbb82,2026-05-20,short_straddle,1,8224.899902,1009848.480582,0.008145
sim_2019-02-09_2026-05-21_138e7b4fbb82,2026-05-20,put_credit_spread,1,1735.0,1009848.480582,0.001718
sim_2019-02-09_2026-05-21_138e7b4fbb82,2026-05-21,short_straddle,1,8224.899902,1009885.790518,0.008144
sim_2019-02-09_2026-05-21_138e7b4fbb82,2026-05-21,put_credit_spread,1,1735.0,1009885.790518,0.001718
