run_id,date,strategy,symbol,expiration,strike_short,strike_long,vix_close,iv_current,hv_current,vrp,candidate_score,is_eligible,fail_reason
sim_2019-02-09_2026-05-21_7bc84efae62c,2019-02-11,short_straddle,GLD,,,,15.970000267028809,,,,0.0,False,missing_candidate_legs
sim_2019-02-09_2026-05-21_7bc84efae62c,2019-02-11,put_credit_spread,GLD,,,,15.970000267028809,,,,0.0,False,missing_candidate_legs
sim_2019-02-09_2026-05-21_7bc84efae62c,2019-02-12,short_straddle,GLD,,,,15.43000030517578,,,,0.0,False,missing_candidate_legs
sim_2019-02-09_2026-05-21_7bc84efae62c,2019-02-12,put_credit_spread,GLD,,,,15.43000030517578,,,,0.0,False,missing_candidate_legs
sim_2019-02-09_2026-05-21_7bc84efae62c,2019-02-13,short_straddle,GLD,,,,15.649999618530272,,,,0.0,False,missing_candidate_legs
sim_2019-02-09_2026-05-21_7bc84efae62c,2019-02-13,put_credit_spread,GLD,,,,15.649999618530272,,,,0.0,False,missing_candidate_legs
sim_2019-02-09_2026-05-21_7bc84efae62c,2019-02-14,short_straddle,GLD,,,,16.219999313354492,,,,0.0,False,missing_candidate_legs
sim_2019-02-09_2026-05-21_7bc84efae62c,2019-02-14,put_credit_spread,GLD,,,,16.219999313354492,,,,0.0,False,missing_candidate_legs
sim_2019-02-09_2026-05-21_7bc84efae62c,2019-02-15,short_straddle,GLD,,,,14.90999984741211,,,,0.0,False,missing_candidate_legs
sim_2019-02-09_2026-05-21_7bc84efae62c,2019-02-15,put_credit_spread,GLD,,,,14.90999984741211,,,,0.0,False,missing_candidate_legs
sim_2019-02-09_2026-05-21_7bc84efae62c,2019-02-19,short_straddle,GLD,,,,14.880000114440918,,,,0.0,False,missing_candidate_legs
sim_2019-02-09_2026-05-21_7bc84efae62c,2019-02-19,put_credit_spread,GLD,,,,14.880000114440918,,,,0.0,False,missing_candidate_legs
sim_2019-02-09_2026-05-21_7bc84efae62c,2019-02-20,short_straddle,GLD,,,,14.020000457763672,,,,0.0,False,missing_candidate_legs
sim_2019-02-09_2026-05-21_7bc84efae62c,2019-02-20,put_credit_spread,GLD,,,,14.020000457763672,,,,0.0,False,missing_candidate_legs
sim_2019-02-09_2026-05-21_7bc84efae62c,2019-02-21,short_straddle,GLD,,,,14.460000038146973,,,,0.0,False,missing_candidate_legs
sim_2019-02-09_2026-05-21_7bc84efae62c,2019-02-21,put_credit_spread,GLD,,,,14.460000038146973,,,,0.0,False,missing_candidate_legs
sim_2019-02-09_2026-05-21_7bc84efae62c,2019-02-22,short_straddle,GLD,,,,13.510000228881836,,,,0.0,False,missing_candidate_legs
sim_2019-02-09_2026-05-21_7bc84efae62c,2019-02-22,put_credit_spread,GLD,,,,13.510000228881836,,,,0.0,False,missing_candidate_legs
sim_2019-02-09_2026-05-21_7bc84efae62c,2019-02-25,short_straddle,GLD,,,,14.850000381469728,,,,0.0,False,missing_candidate_legs
sim_2019-02-09_2026-05-21_7bc84efae62c,2019-02-25,put_credit_spread,GLD,,,,14.850000381469728,,,,0.0,False,missing_candidate_legs
sim_2019-02-09_2026-05-21_7bc84efae62c,2019-02-26,short_straddle,GLD,,,,15.170000076293944,,,,0.0,False,missing_candidate_legs
sim_2019-02-09_2026-05-21_7bc84efae62c,2019-02-26,put_credit_spread,GLD,,,,15.170000076293944,,,,0.0,False,missing_candidate_legs
sim_2019-02-09_2026-05-21_7bc84efae62c,2019-02-27,short_straddle,GLD,,,,14.699999809265137,,,,0.0,False,missing_candidate_legs
sim_2019-02-09_2026-05-21_7bc84efae62c,2019-02-27,put_credit_spread,GLD,,,,14.699999809265137,,,,0.0,False,missing_candidate_legs
sim_2019-02-09_2026-05-21_7bc84efae62c,2019-02-28,short_straddle,GLD,,,,14.779999732971191,,,,0.0,False,missing_candidate_legs
sim_2019-02-09_2026-05-21_7bc84efae62c,2019-02-28,put_credit_spread,GLD,,,,14.779999732971191,,,,0.0,False,missing_candidate_legs
sim_2019-02-09_2026-05-21_7bc84efae62c,2019-03-01,short_straddle,GLD,,,,13.56999969482422,,,,0.0,False,missing_candidate_legs
sim_2019-02-09_2026-05-21_7bc84efae62c,2019-03-01,put_credit_spread,GLD,,,,13.56999969482422,,,,0.0,False,missing_candidate_legs
sim_2019-02-09_2026-05-21_7bc84efae62c,2019-03-04,short_straddle,GLD,,,,14.630000114440918,,,,0.0,False,missing_candidate_legs
sim_2019-02-09_2026-05-21_7bc84efae62c,2019-03-04,put_credit_spread,GLD,,,,14.630000114440918,,,,0.0,False,missing_candidate_legs
sim_2019-02-09_2026-05-21_7bc84efae62c,2019-03-05,short_straddle,GLD,,,,14.739999771118164,,,,0.0,False,missing_candidate_legs
sim_2019-02-09_2026-05-21_7bc84efae62c,2019-03-05,put_credit_spread,GLD,,,,14.739999771118164,,,,0.0,False,missing_candidate_legs
sim_2019-02-09_2026-05-21_7bc84efae62c,2019-03-06,short_straddle,GLD,,,,15.739999771118164,,,,0.0,False,missing_candidate_legs
sim_2019-02-09_2026-05-21_7bc84efae62c,2019-03-06,put_credit_spread,GLD,,,,15.739999771118164,,,,0.0,False,missing_candidate_legs
sim_2019-02-09_2026-05-21_7bc84efae62c,2019-03-07,short_straddle,GLD,,,,16.59000015258789,,,,0.0,False,missing_candidate_legs
sim_2019-02-09_2026-05-21_7bc84efae62c,2019-03-07,put_credit_spread,GLD,,,,16.59000015258789,,,,0.0,False,missing_candidate_legs
sim_2019-02-09_2026-05-21_7bc84efae62c,2019-03-08,short_straddle,GLD,,,,16.049999237060547,,,,0.0,False,missing_candidate_legs
sim_2019-02-09_2026-05-21_7bc84efae62c,2019-03-08,put_credit_spread,GLD,,,,16.049999237060547,,,,0.0,False,missing_candidate_legs
sim_2019-02-09_2026-05-21_7bc84efae62c,2019-03-11,short_straddle,GLD,,,,14.329999923706056,,,,0.0,False,missing_candidate_legs
sim_2019-02-09_2026-05-21_7bc84efae62c,2019-03-11,put_credit_spread,GLD,,,,14.329999923706056,,,,0.0,False,missing_candidate_legs
sim_2019-02-09_2026-05-21_7bc84efae62c,2019-03-12,short_straddle,GLD,,,,13.770000457763672,,,,0.0,False,missing_candidate_legs
sim_2019-02-09_2026-05-21_7bc84efae62c,2019-03-12,put_credit_spread,GLD,,,,13.770000457763672,,,,0.0,False,missing_candidate_legs
sim_2019-02-09_2026-05-21_7bc84efae62c,2019-03-13,short_straddle,GLD,,,,13.40999984741211,,,,0.0,False,missing_candidate_legs
sim_2019-02-09_2026-05-21_7bc84efae62c,2019-03-13,put_credit_spread,GLD,,,,13.40999984741211,,,,0.0,False,missing_candidate_legs
sim_2019-02-09_2026-05-21_7bc84efae62c,2019-03-14,short_straddle,GLD,,,,13.5,,,,0.0,False,missing_candidate_legs
sim_2019-02-09_2026-05-21_7bc84efae62c,2019-03-14,put_credit_spread,GLD,,,,13.5,,,,0.0,False,missing_candidate_legs
sim_2019-02-09_2026-05-21_7bc84efae62c,2019-03-15,short_straddle,GLD,,,,12.880000114440918,,,,0.0,False,missing_candidate_legs
sim_2019-02-09_2026-05-21_7bc84efae62c,2019-03-15,put_credit_spread,GLD,,,,12.880000114440918,,,,0.0,False,missing_candidate_legs
sim_2019-02-09_2026-05-21_7bc84efae62c,2019-03-18,short_straddle,GLD,,,,13.100000381469728,,,,0.0,False,missing_candidate_legs
sim_2019-02-09_2026-05-21_7bc84efae62c,2019-03-18,put_credit_spread,GLD,,,,13.100000381469728,,,,0.0,False,missing_candidate_legs
sim_2019-02-09_2026-05-21_7bc84efae62c,2019-03-19,short_straddle,GLD,,,,13.5600004196167,,,,0.0,False,missing_candidate_legs
sim_2019-02-09_2026-05-21_7bc84efae62c,2019-03-19,put_credit_spread,GLD,,,,13.5600004196167,,,,0.0,False,missing_candidate_legs
sim_2019-02-09_2026-05-21_7bc84efae62c,2019-03-20,short_straddle,GLD,,,,13.90999984741211,,,,0.0,False,missing_candidate_legs
sim_2019-02-09_2026-05-21_7bc84efae62c,2019-03-20,put_credit_spread,GLD,,,,13.90999984741211,,,,0.0,False,missing_candidate_legs
sim_2019-02-09_2026-05-21_7bc84efae62c,2019-03-21,short_straddle,GLD,,,,13.630000114440918,,,,0.0,False,missing_candidate_legs
sim_2019-02-09_2026-05-21_7bc84efae62c,2019-03-21,put_credit_spread,GLD,,,,13.630000114440918,,,,0.0,False,missing_candidate_legs
sim_2019-02-09_2026-05-21_7bc84efae62c,2019-03-22,short_straddle,GLD,,,,16.479999542236328,,,,0.0,False,missing_candidate_legs
sim_2019-02-09_2026-05-21_7bc84efae62c,2019-03-22,put_credit_spread,GLD,,,,16.479999542236328,,,,0.0,False,missing_candidate_legs
sim_2019-02-09_2026-05-21_7bc84efae62c,2019-03-25,short_straddle,GLD,,,,16.329999923706055,,,,0.0,False,missing_candidate_legs
sim_2019-02-09_2026-05-21_7bc84efae62c,2019-03-25,put_credit_spread,GLD,,,,16.329999923706055,,,,0.0,False,missing_candidate_legs
sim_2019-02-09_2026-05-21_7bc84efae62c,2019-03-26,short_straddle,GLD,,,,14.68000030517578,,,,0.0,False,missing_candidate_legs
sim_2019-02-09_2026-05-21_7bc84efae62c,2019-03-26,put_credit_spread,GLD,,,,14.68000030517578,,,,0.0,False,missing_candidate_legs
sim_2019-02-09_2026-05-21_7bc84efae62c,2019-03-27,short_straddle,GLD,,,,15.149999618530272,,,,0.0,False,missing_candidate_legs
sim_2019-02-09_2026-05-21_7bc84efae62c,2019-03-27,put_credit_spread,GLD,,,,15.149999618530272,,,,0.0,False,missing_candidate_legs
sim_2019-02-09_2026-05-21_7bc84efae62c,2019-03-28,short_straddle,GLD,,,,14.43000030517578,,,,0.0,False,missing_candidate_legs
sim_2019-02-09_2026-05-21_7bc84efae62c,2019-03-28,put_credit_spread,GLD,,,,14.43000030517578,,,,0.0,False,missing_candidate_legs
sim_2019-02-09_2026-05-21_7bc84efae62c,2019-03-29,short_straddle,GLD,,,,13.710000038146973,,,,0.0,False,missing_candidate_legs
sim_2019-02-09_2026-05-21_7bc84efae62c,2019-03-29,put_credit_spread,GLD,,,,13.710000038146973,,,,0.0,False,missing_candidate_legs
sim_2019-02-09_2026-05-21_7bc84efae62c,2019-04-01,short_straddle,GLD,,,,13.399999618530272,,,,0.0,False,missing_candidate_legs
sim_2019-02-09_2026-05-21_7bc84efae62c,2019-04-01,put_credit_spread,GLD,,,,13.399999618530272,,,,0.0,False,missing_candidate_legs
sim_2019-02-09_2026-05-21_7bc84efae62c,2019-04-02,short_straddle,GLD,,,,13.359999656677246,,,,0.0,False,missing_candidate_legs
sim_2019-02-09_2026-05-21_7bc84efae62c,2019-04-02,put_credit_spread,GLD,,,,13.359999656677246,,,,0.0,False,missing_candidate_legs
sim_2019-02-09_2026-05-21_7bc84efae62c,2019-04-03,short_straddle,GLD,,,,13.739999771118164,,,,0.0,False,missing_candidate_legs
sim_2019-02-09_2026-05-21_7bc84efae62c,2019-04-03,put_credit_spread,GLD,,,,13.739999771118164,,,,0.0,False,missing_candidate_legs
sim_2019-02-09_2026-05-21_7bc84efae62c,2019-04-04,short_straddle,GLD,,,,13.579999923706056,,,,0.0,False,missing_candidate_legs
sim_2019-02-09_2026-05-21_7bc84efae62c,2019-04-04,put_credit_spread,GLD,,,,13.579999923706056,,,,0.0,False,missing_candidate_legs
sim_2019-02-09_2026-05-21_7bc84efae62c,2019-04-05,short_straddle,GLD,,,,12.81999969482422,,,,0.0,False,missing_candidate_legs
sim_2019-02-09_2026-05-21_7bc84efae62c,2019-04-05,put_credit_spread,GLD,,,,12.81999969482422,,,,0.0,False,missing_candidate_legs
sim_2019-02-09_2026-05-21_7bc84efae62c,2019-04-08,short_straddle,GLD,,,,13.18000030517578,,,,0.0,False,missing_candidate_legs
sim_2019-02-09_2026-05-21_7bc84efae62c,2019-04-08,put_credit_spread,GLD,,,,13.18000030517578,,,,0.0,False,missing_candidate_legs
sim_2019-02-09_2026-05-21_7bc84efae62c,2019-04-09,short_straddle,GLD,,,,14.279999732971191,,,,0.0,False,missing_candidate_legs
sim_2019-02-09_2026-05-21_7bc84efae62c,2019-04-09,put_credit_spread,GLD,,,,14.279999732971191,,,,0.0,False,missing_candidate_legs
sim_2019-02-09_2026-05-21_7bc84efae62c,2019-04-10,short_straddle,GLD,,,,13.300000190734863,,,,0.0,False,missing_candidate_legs
sim_2019-02-09_2026-05-21_7bc84efae62c,2019-04-10,put_credit_spread,GLD,,,,13.300000190734863,,,,0.0,False,missing_candidate_legs
sim_2019-02-09_2026-05-21_7bc84efae62c,2019-04-11,short_straddle,GLD,,,,13.020000457763672,,,,0.0,False,missing_candidate_legs
sim_2019-02-09_2026-05-21_7bc84efae62c,2019-04-11,put_credit_spread,GLD,,,,13.020000457763672,,,,0.0,False,missing_candidate_legs
sim_2019-02-09_2026-05-21_7bc84efae62c,2019-04-12,short_straddle,GLD,,,,12.010000228881836,,,,0.0,False,missing_candidate_legs
sim_2019-02-09_2026-05-21_7bc84efae62c,2019-04-12,put_credit_spread,GLD,,,,12.010000228881836,,,,0.0,False,missing_candidate_legs
sim_2019-02-09_2026-05-21_7bc84efae62c,2019-04-15,short_straddle,GLD,,,,12.31999969482422,,,,0.0,False,missing_candidate_legs
sim_2019-02-09_2026-05-21_7bc84efae62c,2019-04-15,put_credit_spread,GLD,,,,12.31999969482422,,,,0.0,False,missing_candidate_legs
sim_2019-02-09_2026-05-21_7bc84efae62c,2019-04-16,short_straddle,GLD,,,,12.18000030517578,,,,0.0,False,missing_candidate_legs
sim_2019-02-09_2026-05-21_7bc84efae62c,2019-04-16,put_credit_spread,GLD,,,,12.18000030517578,,,,0.0,False,missing_candidate_legs
sim_2019-02-09_2026-05-21_7bc84efae62c,2019-04-17,short_straddle,GLD,,,,12.600000381469728,,,,0.0,False,missing_candidate_legs
sim_2019-02-09_2026-05-21_7bc84efae62c,2019-04-17,put_credit_spread,GLD,,,,12.600000381469728,,,,0.0,False,missing_candidate_legs
sim_2019-02-09_2026-05-21_7bc84efae62c,2019-04-18,short_straddle,GLD,,,,12.09000015258789,,,,0.0,False,missing_candidate_legs
sim_2019-02-09_2026-05-21_7bc84efae62c,2019-04-18,put_credit_spread,GLD,,,,12.09000015258789,,,,0.0,False,missing_candidate_legs
sim_2019-02-09_2026-05-21_7bc84efae62c,2019-04-22,short_straddle,GLD,,,,12.420000076293944,,,,0.0,False,missing_candidate_legs
sim_2019-02-09_2026-05-21_7bc84efae62c,2019-04-22,put_credit_spread,GLD,,,,12.420000076293944,,,,0.0,False,missing_candidate_legs
sim_2019-02-09_2026-05-21_7bc84efae62c,2019-04-23,short_straddle,GLD,,,,12.279999732971191,,,,0.0,False,missing_candidate_legs
sim_2019-02-09_2026-05-21_7bc84efae62c,2019-04-23,put_credit_spread,GLD,,,,12.279999732971191,,,,0.0,False,missing_candidate_legs
sim_2019-02-09_2026-05-21_7bc84efae62c,2019-04-24,short_straddle,GLD,,,,13.140000343322754,,,,0.0,False,missing_candidate_legs
sim_2019-02-09_2026-05-21_7bc84efae62c,2019-04-24,put_credit_spread,GLD,,,,13.140000343322754,,,,0.0,False,missing_candidate_legs
sim_2019-02-09_2026-05-21_7bc84efae62c,2019-04-25,short_straddle,GLD,,,,13.25,,,,0.0,False,missing_candidate_legs
sim_2019-02-09_2026-05-21_7bc84efae62c,2019-04-25,put_credit_spread,GLD,,,,13.25,,,,0.0,False,missing_candidate_legs
sim_2019-02-09_2026-05-21_7bc84efae62c,2019-04-26,short_straddle,GLD,,,,12.729999542236328,,,,0.0,False,missing_candidate_legs
sim_2019-02-09_2026-05-21_7bc84efae62c,2019-04-26,put_credit_spread,GLD,,,,12.729999542236328,,,,0.0,False,missing_candidate_legs
sim_2019-02-09_2026-05-21_7bc84efae62c,2019-04-29,short_straddle,GLD,,,,13.109999656677246,,,,0.0,False,missing_candidate_legs
sim_2019-02-09_2026-05-21_7bc84efae62c,2019-04-29,put_credit_spread,GLD,,,,13.109999656677246,,,,0.0,False,missing_candidate_legs
sim_2019-02-09_2026-05-21_7bc84efae62c,2019-04-30,short_straddle,GLD,,,,13.119999885559082,,,,0.0,False,missing_candidate_legs
sim_2019-02-09_2026-05-21_7bc84efae62c,2019-04-30,put_credit_spread,GLD,,,,13.119999885559082,,,,0.0,False,missing_candidate_legs
sim_2019-02-09_2026-05-21_7bc84efae62c,2019-05-01,short_straddle,GLD,,,,14.800000190734863,,,,0.0,False,missing_candidate_legs
sim_2019-02-09_2026-05-21_7bc84efae62c,2019-05-01,put_credit_spread,GLD,,,,14.800000190734863,,,,0.0,False,missing_candidate_legs
sim_2019-02-09_2026-05-21_7bc84efae62c,2019-05-02,short_straddle,GLD,,,,14.420000076293944,,,,0.0,False,missing_candidate_legs
sim_2019-02-09_2026-05-21_7bc84efae62c,2019-05-02,put_credit_spread,GLD,,,,14.420000076293944,,,,0.0,False,missing_candidate_legs
sim_2019-02-09_2026-05-21_7bc84efae62c,2019-05-03,short_straddle,GLD,,,,12.869999885559082,,,,0.0,False,missing_candidate_legs
sim_2019-02-09_2026-05-21_7bc84efae62c,2019-05-03,put_credit_spread,GLD,,,,12.869999885559082,,,,0.0,False,missing_candidate_legs
sim_2019-02-09_2026-05-21_7bc84efae62c,2019-05-06,short_straddle,GLD,,,,15.4399995803833,,,,0.0,False,missing_candidate_legs
sim_2019-02-09_2026-05-21_7bc84efae62c,2019-05-06,put_credit_spread,GLD,,,,15.4399995803833,,,,0.0,False,missing_candidate_legs
sim_2019-02-09_2026-05-21_7bc84efae62c,2019-05-07,short_straddle,GLD,,,,19.31999969482422,,,,0.0,False,missing_candidate_legs
sim_2019-02-09_2026-05-21_7bc84efae62c,2019-05-07,put_credit_spread,GLD,,,,19.31999969482422,,,,0.0,False,missing_candidate_legs
sim_2019-02-09_2026-05-21_7bc84efae62c,2019-05-08,short_straddle,GLD,,,,19.39999961853028,,,,0.0,False,missing_candidate_legs
sim_2019-02-09_2026-05-21_7bc84efae62c,2019-05-08,put_credit_spread,GLD,,,,19.39999961853028,,,,0.0,False,missing_candidate_legs
sim_2019-02-09_2026-05-21_7bc84efae62c,2019-05-09,short_straddle,GLD,,,,19.100000381469727,,,,0.0,False,missing_candidate_legs
sim_2019-02-09_2026-05-21_7bc84efae62c,2019-05-09,put_credit_spread,GLD,,,,19.100000381469727,,,,0.0,False,missing_candidate_legs
sim_2019-02-09_2026-05-21_7bc84efae62c,2019-05-10,short_straddle,GLD,,,,16.040000915527344,,,,0.0,False,missing_candidate_legs
sim_2019-02-09_2026-05-21_7bc84efae62c,2019-05-10,put_credit_spread,GLD,,,,16.040000915527344,,,,0.0,False,missing_candidate_legs
sim_2019-02-09_2026-05-21_7bc84efae62c,2019-05-13,short_straddle,GLD,,,,20.549999237060547,,,,0.0,False,missing_candidate_legs
sim_2019-02-09_2026-05-21_7bc84efae62c,2019-05-13,put_credit_spread,GLD,,,,20.549999237060547,,,,0.0,False,missing_candidate_legs
sim_2019-02-09_2026-05-21_7bc84efae62c,2019-05-14,short_straddle,GLD,,,,18.059999465942383,,,,0.0,False,missing_candidate_legs
sim_2019-02-09_2026-05-21_7bc84efae62c,2019-05-14,put_credit_spread,GLD,,,,18.059999465942383,,,,0.0,False,missing_candidate_legs
sim_2019-02-09_2026-05-21_7bc84efae62c,2019-05-15,short_straddle,GLD,,,,16.440000534057617,,,,0.0,False,missing_candidate_legs
sim_2019-02-09_2026-05-21_7bc84efae62c,2019-05-15,put_credit_spread,GLD,,,,16.440000534057617,,,,0.0,False,missing_candidate_legs
sim_2019-02-09_2026-05-21_7bc84efae62c,2019-05-16,short_straddle,GLD,,,,15.289999961853027,,,,0.0,False,missing_candidate_legs
sim_2019-02-09_2026-05-21_7bc84efae62c,2019-05-16,put_credit_spread,GLD,,,,15.289999961853027,,,,0.0,False,missing_candidate_legs
sim_2019-02-09_2026-05-21_7bc84efae62c,2019-05-17,short_straddle,GLD,,,,15.960000038146973,,,,0.0,False,missing_candidate_legs
sim_2019-02-09_2026-05-21_7bc84efae62c,2019-05-17,put_credit_spread,GLD,,,,15.960000038146973,,,,0.0,False,missing_candidate_legs
sim_2019-02-09_2026-05-21_7bc84efae62c,2019-05-20,short_straddle,GLD,,,,16.309999465942383,,,,0.0,False,missing_candidate_legs
sim_2019-02-09_2026-05-21_7bc84efae62c,2019-05-20,put_credit_spread,GLD,,,,16.309999465942383,,,,0.0,False,missing_candidate_legs
sim_2019-02-09_2026-05-21_7bc84efae62c,2019-05-21,short_straddle,GLD,,,,14.949999809265137,,,,0.0,False,missing_candidate_legs
sim_2019-02-09_2026-05-21_7bc84efae62c,2019-05-21,put_credit_spread,GLD,,,,14.949999809265137,,,,0.0,False,missing_candidate_legs
sim_2019-02-09_2026-05-21_7bc84efae62c,2019-05-22,short_straddle,GLD,,,,14.75,,,,0.0,False,missing_candidate_legs
sim_2019-02-09_2026-05-21_7bc84efae62c,2019-05-22,put_credit_spread,GLD,,,,14.75,,,,0.0,False,missing_candidate_legs
sim_2019-02-09_2026-05-21_7bc84efae62c,2019-05-23,short_straddle,GLD,,,,16.920000076293945,,,,0.0,False,missing_candidate_legs
sim_2019-02-09_2026-05-21_7bc84efae62c,2019-05-23,put_credit_spread,GLD,,,,16.920000076293945,,,,0.0,False,missing_candidate_legs
sim_2019-02-09_2026-05-21_7bc84efae62c,2019-05-24,short_straddle,GLD,,,,15.850000381469728,,,,0.0,False,missing_candidate_legs
sim_2019-02-09_2026-05-21_7bc84efae62c,2019-05-24,put_credit_spread,GLD,,,,15.850000381469728,,,,0.0,False,missing_candidate_legs
sim_2019-02-09_2026-05-21_7bc84efae62c,2019-05-28,short_straddle,GLD,,,,17.5,,,,0.0,False,missing_candidate_legs
sim_2019-02-09_2026-05-21_7bc84efae62c,2019-05-28,put_credit_spread,GLD,,,,17.5,,,,0.0,False,missing_candidate_legs
sim_2019-02-09_2026-05-21_7bc84efae62c,2019-05-29,short_straddle,GLD,,,,17.899999618530273,,,,0.0,False,missing_candidate_legs
sim_2019-02-09_2026-05-21_7bc84efae62c,2019-05-29,put_credit_spread,GLD,,,,17.899999618530273,,,,0.0,False,missing_candidate_legs
sim_2019-02-09_2026-05-21_7bc84efae62c,2019-05-30,short_straddle,GLD,,,,17.299999237060547,,,,0.0,False,missing_candidate_legs
sim_2019-02-09_2026-05-21_7bc84efae62c,2019-05-30,put_credit_spread,GLD,,,,17.299999237060547,,,,0.0,False,missing_candidate_legs
sim_2019-02-09_2026-05-21_7bc84efae62c,2019-05-31,short_straddle,GLD,,,,18.709999084472656,,,,0.0,False,missing_candidate_legs
sim_2019-02-09_2026-05-21_7bc84efae62c,2019-05-31,put_credit_spread,GLD,,,,18.709999084472656,,,,0.0,False,missing_candidate_legs
sim_2019-02-09_2026-05-21_7bc84efae62c,2019-06-03,short_straddle,GLD,,,,18.86000061035156,,,,0.0,False,missing_candidate_legs
sim_2019-02-09_2026-05-21_7bc84efae62c,2019-06-03,put_credit_spread,GLD,,,,18.86000061035156,,,,0.0,False,missing_candidate_legs
sim_2019-02-09_2026-05-21_7bc84efae62c,2019-06-04,short_straddle,GLD,,,,16.969999313354492,,,,0.0,False,missing_candidate_legs
sim_2019-02-09_2026-05-21_7bc84efae62c,2019-06-04,put_credit_spread,GLD,,,,16.969999313354492,,,,0.0,False,missing_candidate_legs
sim_2019-02-09_2026-05-21_7bc84efae62c,2019-06-05,short_straddle,GLD,,,,16.09000015258789,,,,0.0,False,missing_candidate_legs
sim_2019-02-09_2026-05-21_7bc84efae62c,2019-06-05,put_credit_spread,GLD,,,,16.09000015258789,,,,0.0,False,missing_candidate_legs
sim_2019-02-09_2026-05-21_7bc84efae62c,2019-06-06,short_straddle,GLD,,,,15.93000030517578,,,,0.0,False,missing_candidate_legs
sim_2019-02-09_2026-05-21_7bc84efae62c,2019-06-06,put_credit_spread,GLD,,,,15.93000030517578,,,,0.0,False,missing_candidate_legs
sim_2019-02-09_2026-05-21_7bc84efae62c,2019-06-07,short_straddle,GLD,,,,16.299999237060547,,,,0.0,False,missing_candidate_legs
sim_2019-02-09_2026-05-21_7bc84efae62c,2019-06-07,put_credit_spread,GLD,,,,16.299999237060547,,,,0.0,False,missing_candidate_legs
sim_2019-02-09_2026-05-21_7bc84efae62c,2019-06-10,short_straddle,GLD,,,,15.9399995803833,,,,0.0,False,missing_candidate_legs
sim_2019-02-09_2026-05-21_7bc84efae62c,2019-06-10,put_credit_spread,GLD,,,,15.9399995803833,,,,0.0,False,missing_candidate_legs
sim_2019-02-09_2026-05-21_7bc84efae62c,2019-06-11,short_straddle,GLD,,,,15.989999771118164,,,,0.0,False,missing_candidate_legs
sim_2019-02-09_2026-05-21_7bc84efae62c,2019-06-11,put_credit_spread,GLD,,,,15.989999771118164,,,,0.0,False,missing_candidate_legs
sim_2019-02-09_2026-05-21_7bc84efae62c,2019-06-12,short_straddle,GLD,,,,15.90999984741211,,,,0.0,False,missing_candidate_legs
sim_2019-02-09_2026-05-21_7bc84efae62c,2019-06-12,put_credit_spread,GLD,,,,15.90999984741211,,,,0.0,False,missing_candidate_legs
sim_2019-02-09_2026-05-21_7bc84efae62c,2019-06-13,short_straddle,GLD,,,,15.81999969482422,,,,0.0,False,missing_candidate_legs
sim_2019-02-09_2026-05-21_7bc84efae62c,2019-06-13,put_credit_spread,GLD,,,,15.81999969482422,,,,0.0,False,missing_candidate_legs
sim_2019-02-09_2026-05-21_7bc84efae62c,2019-06-14,short_straddle,GLD,,,,15.279999732971191,,,,0.0,False,missing_candidate_legs
sim_2019-02-09_2026-05-21_7bc84efae62c,2019-06-14,put_credit_spread,GLD,,,,15.279999732971191,,,,0.0,False,missing_candidate_legs
sim_2019-02-09_2026-05-21_7bc84efae62c,2019-06-17,short_straddle,GLD,,,,15.350000381469728,,,,0.0,False,missing_candidate_legs
sim_2019-02-09_2026-05-21_7bc84efae62c,2019-06-17,put_credit_spread,GLD,,,,15.350000381469728,,,,0.0,False,missing_candidate_legs
sim_2019-02-09_2026-05-21_7bc84efae62c,2019-06-18,short_straddle,GLD,,,,15.149999618530272,,,,0.0,False,missing_candidate_legs
sim_2019-02-09_2026-05-21_7bc84efae62c,2019-06-18,put_credit_spread,GLD,,,,15.149999618530272,,,,0.0,False,missing_candidate_legs
sim_2019-02-09_2026-05-21_7bc84efae62c,2019-06-19,short_straddle,GLD,,,,14.329999923706056,,,,0.0,False,missing_candidate_legs
sim_2019-02-09_2026-05-21_7bc84efae62c,2019-06-19,put_credit_spread,GLD,,,,14.329999923706056,,,,0.0,False,missing_candidate_legs
sim_2019-02-09_2026-05-21_7bc84efae62c,2019-06-20,short_straddle,GLD,,,,14.75,,,,0.0,False,missing_candidate_legs
sim_2019-02-09_2026-05-21_7bc84efae62c,2019-06-20,put_credit_spread,GLD,,,,14.75,,,,0.0,False,missing_candidate_legs
sim_2019-02-09_2026-05-21_7bc84efae62c,2019-06-21,short_straddle,GLD,,,,15.399999618530272,,,,0.0,False,missing_candidate_legs
sim_2019-02-09_2026-05-21_7bc84efae62c,2019-06-21,put_credit_spread,GLD,,,,15.399999618530272,,,,0.0,False,missing_candidate_legs
sim_2019-02-09_2026-05-21_7bc84efae62c,2019-06-24,short_straddle,GLD,,,,15.260000228881836,,,,0.0,False,missing_candidate_legs
sim_2019-02-09_2026-05-21_7bc84efae62c,2019-06-24,put_credit_spread,GLD,,,,15.260000228881836,,,,0.0,False,missing_candidate_legs
sim_2019-02-09_2026-05-21_7bc84efae62c,2019-06-25,short_straddle,GLD,,,,16.280000686645508,,,,0.0,False,missing_candidate_legs
sim_2019-02-09_2026-05-21_7bc84efae62c,2019-06-25,put_credit_spread,GLD,,,,16.280000686645508,,,,0.0,False,missing_candidate_legs
sim_2019-02-09_2026-05-21_7bc84efae62c,2019-06-26,short_straddle,GLD,,,,16.209999084472656,,,,0.0,False,missing_candidate_legs
sim_2019-02-09_2026-05-21_7bc84efae62c,2019-06-26,put_credit_spread,GLD,,,,16.209999084472656,,,,0.0,False,missing_candidate_legs
sim_2019-02-09_2026-05-21_7bc84efae62c,2019-06-27,short_straddle,GLD,,,,15.81999969482422,,,,0.0,False,missing_candidate_legs
sim_2019-02-09_2026-05-21_7bc84efae62c,2019-06-27,put_credit_spread,GLD,,,,15.81999969482422,,,,0.0,False,missing_candidate_legs
sim_2019-02-09_2026-05-21_7bc84efae62c,2019-06-28,short_straddle,GLD,,,,15.079999923706056,,,,0.0,False,missing_candidate_legs
sim_2019-02-09_2026-05-21_7bc84efae62c,2019-06-28,put_credit_spread,GLD,,,,15.079999923706056,,,,0.0,False,missing_candidate_legs
sim_2019-02-09_2026-05-21_7bc84efae62c,2019-07-01,short_straddle,GLD,,,,14.0600004196167,,,,0.0,False,missing_candidate_legs
sim_2019-02-09_2026-05-21_7bc84efae62c,2019-07-01,put_credit_spread,GLD,,,,14.0600004196167,,,,0.0,False,missing_candidate_legs
sim_2019-02-09_2026-05-21_7bc84efae62c,2019-07-02,short_straddle,GLD,,,,12.93000030517578,,,,0.0,False,missing_candidate_legs
sim_2019-02-09_2026-05-21_7bc84efae62c,2019-07-02,put_credit_spread,GLD,,,,12.93000030517578,,,,0.0,False,missing_candidate_legs
sim_2019-02-09_2026-05-21_7bc84efae62c,2019-07-03,short_straddle,GLD,,,,12.56999969482422,,,,0.0,False,missing_candidate_legs
sim_2019-02-09_2026-05-21_7bc84efae62c,2019-07-03,put_credit_spread,GLD,,,,12.56999969482422,,,,0.0,False,missing_candidate_legs
sim_2019-02-09_2026-05-21_7bc84efae62c,2019-07-05,short_straddle,GLD,,,,13.279999732971191,,,,0.0,False,missing_candidate_legs
sim_2019-02-09_2026-05-21_7bc84efae62c,2019-07-05,put_credit_spread,GLD,,,,13.279999732971191,,,,0.0,False,missing_candidate_legs
sim_2019-02-09_2026-05-21_7bc84efae62c,2019-07-08,short_straddle,GLD,,,,13.960000038146973,,,,0.0,False,missing_candidate_legs
sim_2019-02-09_2026-05-21_7bc84efae62c,2019-07-08,put_credit_spread,GLD,,,,13.960000038146973,,,,0.0,False,missing_candidate_legs
sim_2019-02-09_2026-05-21_7bc84efae62c,2019-07-09,short_straddle,GLD,,,,14.09000015258789,,,,0.0,False,missing_candidate_legs
sim_2019-02-09_2026-05-21_7bc84efae62c,2019-07-09,put_credit_spread,GLD,,,,14.09000015258789,,,,0.0,False,missing_candidate_legs
sim_2019-02-09_2026-05-21_7bc84efae62c,2019-07-10,short_straddle,GLD,,,,13.029999732971191,,,,0.0,False,missing_candidate_legs
sim_2019-02-09_2026-05-21_7bc84efae62c,2019-07-10,put_credit_spread,GLD,,,,13.029999732971191,,,,0.0,False,missing_candidate_legs
sim_2019-02-09_2026-05-21_7bc84efae62c,2019-07-11,short_straddle,GLD,,,,12.93000030517578,,,,0.0,False,missing_candidate_legs
sim_2019-02-09_2026-05-21_7bc84efae62c,2019-07-11,put_credit_spread,GLD,,,,12.93000030517578,,,,0.0,False,missing_candidate_legs
sim_2019-02-09_2026-05-21_7bc84efae62c,2019-07-12,short_straddle,GLD,,,,12.390000343322754,,,,0.0,False,missing_candidate_legs
sim_2019-02-09_2026-05-21_7bc84efae62c,2019-07-12,put_credit_spread,GLD,,,,12.390000343322754,,,,0.0,False,missing_candidate_legs
sim_2019-02-09_2026-05-21_7bc84efae62c,2019-07-15,short_straddle,GLD,,,,12.68000030517578,,,,0.0,False,missing_candidate_legs
sim_2019-02-09_2026-05-21_7bc84efae62c,2019-07-15,put_credit_spread,GLD,,,,12.68000030517578,,,,0.0,False,missing_candidate_legs
sim_2019-02-09_2026-05-21_7bc84efae62c,2019-07-16,short_straddle,GLD,,,,12.859999656677246,,,,0.0,False,missing_candidate_legs
sim_2019-02-09_2026-05-21_7bc84efae62c,2019-07-16,put_credit_spread,GLD,,,,12.859999656677246,,,,0.0,False,missing_candidate_legs
sim_2019-02-09_2026-05-21_7bc84efae62c,2019-07-17,short_straddle,GLD,,,,13.970000267028809,,,,0.0,False,missing_candidate_legs
sim_2019-02-09_2026-05-21_7bc84efae62c,2019-07-17,put_credit_spread,GLD,,,,13.970000267028809,,,,0.0,False,missing_candidate_legs
sim_2019-02-09_2026-05-21_7bc84efae62c,2019-07-18,short_straddle,GLD,,,,13.529999732971191,,,,0.0,False,missing_candidate_legs
sim_2019-02-09_2026-05-21_7bc84efae62c,2019-07-18,put_credit_spread,GLD,,,,13.529999732971191,,,,0.0,False,missing_candidate_legs
sim_2019-02-09_2026-05-21_7bc84efae62c,2019-07-19,short_straddle,GLD,,,,14.449999809265137,,,,0.0,False,missing_candidate_legs
sim_2019-02-09_2026-05-21_7bc84efae62c,2019-07-19,put_credit_spread,GLD,,,,14.449999809265137,,,,0.0,False,missing_candidate_legs
sim_2019-02-09_2026-05-21_7bc84efae62c,2019-07-22,short_straddle,GLD,,,,13.529999732971191,,,,0.0,False,missing_candidate_legs
sim_2019-02-09_2026-05-21_7bc84efae62c,2019-07-22,put_credit_spread,GLD,,,,13.529999732971191,,,,0.0,False,missing_candidate_legs
sim_2019-02-09_2026-05-21_7bc84efae62c,2019-07-23,short_straddle,GLD,,,,12.609999656677246,,,,0.0,False,missing_candidate_legs
sim_2019-02-09_2026-05-21_7bc84efae62c,2019-07-23,put_credit_spread,GLD,,,,12.609999656677246,,,,0.0,False,missing_candidate_legs
sim_2019-02-09_2026-05-21_7bc84efae62c,2019-07-24,short_straddle,GLD,,,,12.06999969482422,,,,0.0,False,missing_candidate_legs
sim_2019-02-09_2026-05-21_7bc84efae62c,2019-07-24,put_credit_spread,GLD,,,,12.06999969482422,,,,0.0,False,missing_candidate_legs
sim_2019-02-09_2026-05-21_7bc84efae62c,2019-07-25,short_straddle,GLD,,,,12.739999771118164,,,,0.0,False,missing_candidate_legs
sim_2019-02-09_2026-05-21_7bc84efae62c,2019-07-25,put_credit_spread,GLD,,,,12.739999771118164,,,,0.0,False,missing_candidate_legs
sim_2019-02-09_2026-05-21_7bc84efae62c,2019-07-26,short_straddle,GLD,,,,12.15999984741211,,,,0.0,False,missing_candidate_legs
sim_2019-02-09_2026-05-21_7bc84efae62c,2019-07-26,put_credit_spread,GLD,,,,12.15999984741211,,,,0.0,False,missing_candidate_legs
sim_2019-02-09_2026-05-21_7bc84efae62c,2019-07-29,short_straddle,GLD,,,,12.829999923706056,,,,0.0,False,missing_candidate_legs
sim_2019-02-09_2026-05-21_7bc84efae62c,2019-07-29,put_credit_spread,GLD,,,,12.829999923706056,,,,0.0,False,missing_candidate_legs
sim_2019-02-09_2026-05-21_7bc84efae62c,2019-07-30,short_straddle,GLD,,,,13.9399995803833,,,,0.0,False,missing_candidate_legs
sim_2019-02-09_2026-05-21_7bc84efae62c,2019-07-30,put_credit_spread,GLD,,,,13.9399995803833,,,,0.0,False,missing_candidate_legs
sim_2019-02-09_2026-05-21_7bc84efae62c,2019-07-31,short_straddle,GLD,,,,16.1200008392334,,,,0.0,False,missing_candidate_legs
sim_2019-02-09_2026-05-21_7bc84efae62c,2019-07-31,put_credit_spread,GLD,,,,16.1200008392334,,,,0.0,False,missing_candidate_legs
sim_2019-02-09_2026-05-21_7bc84efae62c,2019-08-01,short_straddle,GLD,,,,17.8700008392334,,,,0.0,False,missing_candidate_legs
sim_2019-02-09_2026-05-21_7bc84efae62c,2019-08-01,put_credit_spread,GLD,,,,17.8700008392334,,,,0.0,False,missing_candidate_legs
sim_2019-02-09_2026-05-21_7bc84efae62c,2019-08-02,short_straddle,GLD,,,,17.610000610351562,,,,0.0,False,missing_candidate_legs
sim_2019-02-09_2026-05-21_7bc84efae62c,2019-08-02,put_credit_spread,GLD,,,,17.610000610351562,,,,0.0,False,missing_candidate_legs
sim_2019-02-09_2026-05-21_7bc84efae62c,2019-08-05,short_straddle,GLD,,,,24.59000015258789,,,,0.0,False,missing_candidate_legs
sim_2019-02-09_2026-05-21_7bc84efae62c,2019-08-05,put_credit_spread,GLD,,,,24.59000015258789,,,,0.0,False,missing_candidate_legs
sim_2019-02-09_2026-05-21_7bc84efae62c,2019-08-06,short_straddle,GLD,,,,20.170000076293945,,,,0.0,False,missing_candidate_legs
sim_2019-02-09_2026-05-21_7bc84efae62c,2019-08-06,put_credit_spread,GLD,,,,20.170000076293945,,,,0.0,False,missing_candidate_legs
sim_2019-02-09_2026-05-21_7bc84efae62c,2019-08-07,short_straddle,GLD,,,,19.489999771118164,,,,0.0,False,missing_candidate_legs
sim_2019-02-09_2026-05-21_7bc84efae62c,2019-08-07,put_credit_spread,GLD,,,,19.489999771118164,,,,0.0,False,missing_candidate_legs
sim_2019-02-09_2026-05-21_7bc84efae62c,2019-08-08,short_straddle,GLD,,,,16.90999984741211,,,,0.0,False,missing_candidate_legs
sim_2019-02-09_2026-05-21_7bc84efae62c,2019-08-08,put_credit_spread,GLD,,,,16.90999984741211,,,,0.0,False,missing_candidate_legs
sim_2019-02-09_2026-05-21_7bc84efae62c,2019-08-09,short_straddle,GLD,,,,17.969999313354492,,,,0.0,False,missing_candidate_legs
sim_2019-02-09_2026-05-21_7bc84efae62c,2019-08-09,put_credit_spread,GLD,,,,17.969999313354492,,,,0.0,False,missing_candidate_legs
sim_2019-02-09_2026-05-21_7bc84efae62c,2019-08-12,short_straddle,GLD,,,,21.09000015258789,,,,0.0,False,missing_candidate_legs
sim_2019-02-09_2026-05-21_7bc84efae62c,2019-08-12,put_credit_spread,GLD,,,,21.09000015258789,,,,0.0,False,missing_candidate_legs
sim_2019-02-09_2026-05-21_7bc84efae62c,2019-08-13,short_straddle,GLD,,,,17.520000457763672,,,,0.0,False,missing_candidate_legs
sim_2019-02-09_2026-05-21_7bc84efae62c,2019-08-13,put_credit_spread,GLD,,,,17.520000457763672,,,,0.0,False,missing_candidate_legs
sim_2019-02-09_2026-05-21_7bc84efae62c,2019-08-14,short_straddle,GLD,,,,22.100000381469727,,,,0.0,False,missing_candidate_legs
sim_2019-02-09_2026-05-21_7bc84efae62c,2019-08-14,put_credit_spread,GLD,,,,22.100000381469727,,,,0.0,False,missing_candidate_legs
sim_2019-02-09_2026-05-21_7bc84efae62c,2019-08-15,short_straddle,GLD,,,,21.18000030517578,,,,0.0,False,missing_candidate_legs
sim_2019-02-09_2026-05-21_7bc84efae62c,2019-08-15,put_credit_spread,GLD,,,,21.18000030517578,,,,0.0,False,missing_candidate_legs
sim_2019-02-09_2026-05-21_7bc84efae62c,2019-08-16,short_straddle,GLD,,,,18.46999931335449,,,,0.0,False,missing_candidate_legs
sim_2019-02-09_2026-05-21_7bc84efae62c,2019-08-16,put_credit_spread,GLD,,,,18.46999931335449,,,,0.0,False,missing_candidate_legs
sim_2019-02-09_2026-05-21_7bc84efae62c,2019-08-19,short_straddle,GLD,,,,16.8799991607666,,,,0.0,False,missing_candidate_legs
sim_2019-02-09_2026-05-21_7bc84efae62c,2019-08-19,put_credit_spread,GLD,,,,16.8799991607666,,,,0.0,False,missing_candidate_legs
sim_2019-02-09_2026-05-21_7bc84efae62c,2019-08-20,short_straddle,GLD,,,,17.5,,,,0.0,False,missing_candidate_legs
sim_2019-02-09_2026-05-21_7bc84efae62c,2019-08-20,put_credit_spread,GLD,,,,17.5,,,,0.0,False,missing_candidate_legs
sim_2019-02-09_2026-05-21_7bc84efae62c,2019-08-21,short_straddle,GLD,,,,15.800000190734863,,,,0.0,False,missing_candidate_legs
sim_2019-02-09_2026-05-21_7bc84efae62c,2019-08-21,put_credit_spread,GLD,,,,15.800000190734863,,,,0.0,False,missing_candidate_legs
sim_2019-02-09_2026-05-21_7bc84efae62c,2019-08-22,short_straddle,GLD,,,,16.68000030517578,,,,0.0,False,missing_candidate_legs
sim_2019-02-09_2026-05-21_7bc84efae62c,2019-08-22,put_credit_spread,GLD,,,,16.68000030517578,,,,0.0,False,missing_candidate_legs
sim_2019-02-09_2026-05-21_7bc84efae62c,2019-08-23,short_straddle,GLD,,,,19.8700008392334,,,,0.0,False,missing_candidate_legs
sim_2019-02-09_2026-05-21_7bc84efae62c,2019-08-23,put_credit_spread,GLD,,,,19.8700008392334,,,,0.0,False,missing_candidate_legs
sim_2019-02-09_2026-05-21_7bc84efae62c,2019-08-26,short_straddle,GLD,,,,19.31999969482422,,,,0.0,False,missing_candidate_legs
sim_2019-02-09_2026-05-21_7bc84efae62c,2019-08-26,put_credit_spread,GLD,,,,19.31999969482422,,,,0.0,False,missing_candidate_legs
sim_2019-02-09_2026-05-21_7bc84efae62c,2019-08-27,short_straddle,GLD,,,,20.309999465942383,,,,0.0,False,missing_candidate_legs
sim_2019-02-09_2026-05-21_7bc84efae62c,2019-08-27,put_credit_spread,GLD,,,,20.309999465942383,,,,0.0,False,missing_candidate_legs
sim_2019-02-09_2026-05-21_7bc84efae62c,2019-08-28,short_straddle,GLD,,,,19.350000381469727,,,,0.0,False,missing_candidate_legs
sim_2019-02-09_2026-05-21_7bc84efae62c,2019-08-28,put_credit_spread,GLD,,,,19.350000381469727,,,,0.0,False,missing_candidate_legs
sim_2019-02-09_2026-05-21_7bc84efae62c,2019-08-29,short_straddle,GLD,,,,17.8799991607666,,,,0.0,False,missing_candidate_legs
sim_2019-02-09_2026-05-21_7bc84efae62c,2019-08-29,put_credit_spread,GLD,,,,17.8799991607666,,,,0.0,False,missing_candidate_legs
sim_2019-02-09_2026-05-21_7bc84efae62c,2019-08-30,short_straddle,GLD,,,,18.979999542236328,,,,0.0,False,missing_candidate_legs
sim_2019-02-09_2026-05-21_7bc84efae62c,2019-08-30,put_credit_spread,GLD,,,,18.979999542236328,,,,0.0,False,missing_candidate_legs
sim_2019-02-09_2026-05-21_7bc84efae62c,2019-09-03,short_straddle,GLD,,,,19.65999984741211,,,,0.0,False,missing_candidate_legs
sim_2019-02-09_2026-05-21_7bc84efae62c,2019-09-03,put_credit_spread,GLD,,,,19.65999984741211,,,,0.0,False,missing_candidate_legs
sim_2019-02-09_2026-05-21_7bc84efae62c,2019-09-04,short_straddle,GLD,,,,17.329999923706055,,,,0.0,False,missing_candidate_legs
sim_2019-02-09_2026-05-21_7bc84efae62c,2019-09-04,put_credit_spread,GLD,,,,17.329999923706055,,,,0.0,False,missing_candidate_legs
sim_2019-02-09_2026-05-21_7bc84efae62c,2019-09-05,short_straddle,GLD,,,,16.270000457763672,,,,0.0,False,missing_candidate_legs
sim_2019-02-09_2026-05-21_7bc84efae62c,2019-09-05,put_credit_spread,GLD,,,,16.270000457763672,,,,0.0,False,missing_candidate_legs
sim_2019-02-09_2026-05-21_7bc84efae62c,2019-09-06,short_straddle,GLD,,,,15.0,,,,0.0,False,missing_candidate_legs
sim_2019-02-09_2026-05-21_7bc84efae62c,2019-09-06,put_credit_spread,GLD,,,,15.0,,,,0.0,False,missing_candidate_legs
sim_2019-02-09_2026-05-21_7bc84efae62c,2019-09-09,short_straddle,GLD,,,,15.270000457763672,,,,0.0,False,missing_candidate_legs
sim_2019-02-09_2026-05-21_7bc84efae62c,2019-09-09,put_credit_spread,GLD,,,,15.270000457763672,,,,0.0,False,missing_candidate_legs
sim_2019-02-09_2026-05-21_7bc84efae62c,2019-09-10,short_straddle,GLD,,,,15.199999809265137,,,,0.0,False,missing_candidate_legs
sim_2019-02-09_2026-05-21_7bc84efae62c,2019-09-10,put_credit_spread,GLD,,,,15.199999809265137,,,,0.0,False,missing_candidate_legs
sim_2019-02-09_2026-05-21_7bc84efae62c,2019-09-11,short_straddle,GLD,,,,14.609999656677246,,,,0.0,False,missing_candidate_legs
sim_2019-02-09_2026-05-21_7bc84efae62c,2019-09-11,put_credit_spread,GLD,,,,14.609999656677246,,,,0.0,False,missing_candidate_legs
sim_2019-02-09_2026-05-21_7bc84efae62c,2019-09-12,short_straddle,GLD,,,,14.220000267028809,,,,0.0,False,missing_candidate_legs
sim_2019-02-09_2026-05-21_7bc84efae62c,2019-09-12,put_credit_spread,GLD,,,,14.220000267028809,,,,0.0,False,missing_candidate_legs
sim_2019-02-09_2026-05-21_7bc84efae62c,2019-09-13,short_straddle,GLD,,,,13.739999771118164,,,,0.0,False,missing_candidate_legs
sim_2019-02-09_2026-05-21_7bc84efae62c,2019-09-13,put_credit_spread,GLD,,,,13.739999771118164,,,,0.0,False,missing_candidate_legs
sim_2019-02-09_2026-05-21_7bc84efae62c,2019-09-16,short_straddle,GLD,,,,14.670000076293944,,,,0.0,False,missing_candidate_legs
sim_2019-02-09_2026-05-21_7bc84efae62c,2019-09-16,put_credit_spread,GLD,,,,14.670000076293944,,,,0.0,False,missing_candidate_legs
sim_2019-02-09_2026-05-21_7bc84efae62c,2019-09-17,short_straddle,GLD,,,,14.4399995803833,,,,0.0,False,missing_candidate_legs
sim_2019-02-09_2026-05-21_7bc84efae62c,2019-09-17,put_credit_spread,GLD,,,,14.4399995803833,,,,0.0,False,missing_candidate_legs
sim_2019-02-09_2026-05-21_7bc84efae62c,2019-09-18,short_straddle,GLD,,,,13.949999809265137,,,,0.0,False,missing_candidate_legs
sim_2019-02-09_2026-05-21_7bc84efae62c,2019-09-18,put_credit_spread,GLD,,,,13.949999809265137,,,,0.0,False,missing_candidate_legs
sim_2019-02-09_2026-05-21_7bc84efae62c,2019-09-19,short_straddle,GLD,,,,14.050000190734863,,,,0.0,False,missing_candidate_legs
sim_2019-02-09_2026-05-21_7bc84efae62c,2019-09-19,put_credit_spread,GLD,,,,14.050000190734863,,,,0.0,False,missing_candidate_legs
sim_2019-02-09_2026-05-21_7bc84efae62c,2019-09-20,short_straddle,GLD,,,,15.31999969482422,,,,0.0,False,missing_candidate_legs
sim_2019-02-09_2026-05-21_7bc84efae62c,2019-09-20,put_credit_spread,GLD,,,,15.31999969482422,,,,0.0,False,missing_candidate_legs
sim_2019-02-09_2026-05-21_7bc84efae62c,2019-09-23,short_straddle,GLD,,,,14.90999984741211,,,,0.0,False,missing_candidate_legs
sim_2019-02-09_2026-05-21_7bc84efae62c,2019-09-23,put_credit_spread,GLD,,,,14.90999984741211,,,,0.0,False,missing_candidate_legs
sim_2019-02-09_2026-05-21_7bc84efae62c,2019-09-24,short_straddle,GLD,,,,17.049999237060547,,,,0.0,False,missing_candidate_legs
sim_2019-02-09_2026-05-21_7bc84efae62c,2019-09-24,put_credit_spread,GLD,,,,17.049999237060547,,,,0.0,False,missing_candidate_legs
sim_2019-02-09_2026-05-21_7bc84efae62c,2019-09-25,short_straddle,GLD,,,,15.960000038146973,,,,0.0,False,missing_candidate_legs
sim_2019-02-09_2026-05-21_7bc84efae62c,2019-09-25,put_credit_spread,GLD,,,,15.960000038146973,,,,0.0,False,missing_candidate_legs
sim_2019-02-09_2026-05-21_7bc84efae62c,2019-09-26,short_straddle,GLD,,,,16.06999969482422,,,,0.0,False,missing_candidate_legs
sim_2019-02-09_2026-05-21_7bc84efae62c,2019-09-26,put_credit_spread,GLD,,,,16.06999969482422,,,,0.0,False,missing_candidate_legs
sim_2019-02-09_2026-05-21_7bc84efae62c,2019-09-27,short_straddle,GLD,,,,17.219999313354492,,,,0.0,False,missing_candidate_legs
sim_2019-02-09_2026-05-21_7bc84efae62c,2019-09-27,put_credit_spread,GLD,,,,17.219999313354492,,,,0.0,False,missing_candidate_legs
sim_2019-02-09_2026-05-21_7bc84efae62c,2019-09-30,short_straddle,GLD,,,,16.239999771118164,,,,0.0,False,missing_candidate_legs
sim_2019-02-09_2026-05-21_7bc84efae62c,2019-09-30,put_credit_spread,GLD,,,,16.239999771118164,,,,0.0,False,missing_candidate_legs
sim_2019-02-09_2026-05-21_7bc84efae62c,2019-10-01,short_straddle,GLD,,,,18.559999465942383,,,,0.0,False,missing_candidate_legs
sim_2019-02-09_2026-05-21_7bc84efae62c,2019-10-01,put_credit_spread,GLD,,,,18.559999465942383,,,,0.0,False,missing_candidate_legs
sim_2019-02-09_2026-05-21_7bc84efae62c,2019-10-02,short_straddle,GLD,,,,20.559999465942383,,,,0.0,False,missing_candidate_legs
sim_2019-02-09_2026-05-21_7bc84efae62c,2019-10-02,put_credit_spread,GLD,,,,20.559999465942383,,,,0.0,False,missing_candidate_legs
sim_2019-02-09_2026-05-21_7bc84efae62c,2019-10-03,short_straddle,GLD,,,,19.1200008392334,,,,0.0,False,missing_candidate_legs
sim_2019-02-09_2026-05-21_7bc84efae62c,2019-10-03,put_credit_spread,GLD,,,,19.1200008392334,,,,0.0,False,missing_candidate_legs
sim_2019-02-09_2026-05-21_7bc84efae62c,2019-10-04,short_straddle,GLD,,,,17.040000915527344,,,,0.0,False,missing_candidate_legs
sim_2019-02-09_2026-05-21_7bc84efae62c,2019-10-04,put_credit_spread,GLD,,,,17.040000915527344,,,,0.0,False,missing_candidate_legs
sim_2019-02-09_2026-05-21_7bc84efae62c,2019-10-07,short_straddle,GLD,,,,17.860000610351562,,,,0.0,False,missing_candidate_legs
sim_2019-02-09_2026-05-21_7bc84efae62c,2019-10-07,put_credit_spread,GLD,,,,17.860000610351562,,,,0.0,False,missing_candidate_legs
sim_2019-02-09_2026-05-21_7bc84efae62c,2019-10-08,short_straddle,GLD,,,,20.280000686645508,,,,0.0,False,missing_candidate_legs
sim_2019-02-09_2026-05-21_7bc84efae62c,2019-10-08,put_credit_spread,GLD,,,,20.280000686645508,,,,0.0,False,missing_candidate_legs
sim_2019-02-09_2026-05-21_7bc84efae62c,2019-10-09,short_straddle,GLD,,,,18.63999938964844,,,,0.0,False,missing_candidate_legs
sim_2019-02-09_2026-05-21_7bc84efae62c,2019-10-09,put_credit_spread,GLD,,,,18.63999938964844,,,,0.0,False,missing_candidate_legs
sim_2019-02-09_2026-05-21_7bc84efae62c,2019-10-10,short_straddle,GLD,,,,17.56999969482422,,,,0.0,False,missing_candidate_legs
sim_2019-02-09_2026-05-21_7bc84efae62c,2019-10-10,put_credit_spread,GLD,,,,17.56999969482422,,,,0.0,False,missing_candidate_legs
sim_2019-02-09_2026-05-21_7bc84efae62c,2019-10-11,short_straddle,GLD,,,,15.579999923706056,,,,0.0,False,missing_candidate_legs
sim_2019-02-09_2026-05-21_7bc84efae62c,2019-10-11,put_credit_spread,GLD,,,,15.579999923706056,,,,0.0,False,missing_candidate_legs
sim_2019-02-09_2026-05-21_7bc84efae62c,2019-10-14,short_straddle,GLD,,,,14.56999969482422,,,,0.0,False,missing_candidate_legs
sim_2019-02-09_2026-05-21_7bc84efae62c,2019-10-14,put_credit_spread,GLD,,,,14.56999969482422,,,,0.0,False,missing_candidate_legs
sim_2019-02-09_2026-05-21_7bc84efae62c,2019-10-15,short_straddle,GLD,,,,13.539999961853027,,,,0.0,False,missing_candidate_legs
sim_2019-02-09_2026-05-21_7bc84efae62c,2019-10-15,put_credit_spread,GLD,,,,13.539999961853027,,,,0.0,False,missing_candidate_legs
sim_2019-02-09_2026-05-21_7bc84efae62c,2019-10-16,short_straddle,GLD,,,,13.68000030517578,,,,0.0,False,missing_candidate_legs
sim_2019-02-09_2026-05-21_7bc84efae62c,2019-10-16,put_credit_spread,GLD,,,,13.68000030517578,,,,0.0,False,missing_candidate_legs
sim_2019-02-09_2026-05-21_7bc84efae62c,2019-10-17,short_straddle,GLD,,,,13.789999961853027,,,,0.0,False,missing_candidate_legs
sim_2019-02-09_2026-05-21_7bc84efae62c,2019-10-17,put_credit_spread,GLD,,,,13.789999961853027,,,,0.0,False,missing_candidate_legs
sim_2019-02-09_2026-05-21_7bc84efae62c,2019-10-18,short_straddle,GLD,,,,14.25,,,,0.0,False,missing_candidate_legs
sim_2019-02-09_2026-05-21_7bc84efae62c,2019-10-18,put_credit_spread,GLD,,,,14.25,,,,0.0,False,missing_candidate_legs
sim_2019-02-09_2026-05-21_7bc84efae62c,2019-10-21,short_straddle,GLD,,,,14.0,,,,0.0,False,missing_candidate_legs
sim_2019-02-09_2026-05-21_7bc84efae62c,2019-10-21,put_credit_spread,GLD,,,,14.0,,,,0.0,False,missing_candidate_legs
sim_2019-02-09_2026-05-21_7bc84efae62c,2019-10-22,short_straddle,GLD,,,,14.460000038146973,,,,0.0,False,missing_candidate_legs
sim_2019-02-09_2026-05-21_7bc84efae62c,2019-10-22,put_credit_spread,GLD,,,,14.460000038146973,,,,0.0,False,missing_candidate_legs
sim_2019-02-09_2026-05-21_7bc84efae62c,2019-10-23,short_straddle,GLD,,,,14.010000228881836,,,,0.0,False,missing_candidate_legs
sim_2019-02-09_2026-05-21_7bc84efae62c,2019-10-23,put_credit_spread,GLD,,,,14.010000228881836,,,,0.0,False,missing_candidate_legs
sim_2019-02-09_2026-05-21_7bc84efae62c,2019-10-24,short_straddle,GLD,,,,13.710000038146973,,,,0.0,False,missing_candidate_legs
sim_2019-02-09_2026-05-21_7bc84efae62c,2019-10-24,put_credit_spread,GLD,,,,13.710000038146973,,,,0.0,False,missing_candidate_legs
sim_2019-02-09_2026-05-21_7bc84efae62c,2019-10-25,short_straddle,GLD,,,,12.649999618530272,,,,0.0,False,missing_candidate_legs
sim_2019-02-09_2026-05-21_7bc84efae62c,2019-10-25,put_credit_spread,GLD,,,,12.649999618530272,,,,0.0,False,missing_candidate_legs
sim_2019-02-09_2026-05-21_7bc84efae62c,2019-10-28,short_straddle,GLD,,,,13.109999656677246,,,,0.0,False,missing_candidate_legs
sim_2019-02-09_2026-05-21_7bc84efae62c,2019-10-28,put_credit_spread,GLD,,,,13.109999656677246,,,,0.0,False,missing_candidate_legs
sim_2019-02-09_2026-05-21_7bc84efae62c,2019-10-29,short_straddle,GLD,,,,13.199999809265137,,,,0.0,False,missing_candidate_legs
sim_2019-02-09_2026-05-21_7bc84efae62c,2019-10-29,put_credit_spread,GLD,,,,13.199999809265137,,,,0.0,False,missing_candidate_legs
sim_2019-02-09_2026-05-21_7bc84efae62c,2019-10-30,short_straddle,GLD,,,,12.329999923706056,,,,0.0,False,missing_candidate_legs
sim_2019-02-09_2026-05-21_7bc84efae62c,2019-10-30,put_credit_spread,GLD,,,,12.329999923706056,,,,0.0,False,missing_candidate_legs
sim_2019-02-09_2026-05-21_7bc84efae62c,2019-10-31,short_straddle,GLD,,,,13.220000267028809,,,,0.0,False,missing_candidate_legs
sim_2019-02-09_2026-05-21_7bc84efae62c,2019-10-31,put_credit_spread,GLD,,,,13.220000267028809,,,,0.0,False,missing_candidate_legs
sim_2019-02-09_2026-05-21_7bc84efae62c,2019-11-01,short_straddle,GLD,,,,12.300000190734863,,,,0.0,False,missing_candidate_legs
sim_2019-02-09_2026-05-21_7bc84efae62c,2019-11-01,put_credit_spread,GLD,,,,12.300000190734863,,,,0.0,False,missing_candidate_legs
sim_2019-02-09_2026-05-21_7bc84efae62c,2019-11-04,short_straddle,GLD,,,,12.829999923706056,,,,0.0,False,missing_candidate_legs
sim_2019-02-09_2026-05-21_7bc84efae62c,2019-11-04,put_credit_spread,GLD,,,,12.829999923706056,,,,0.0,False,missing_candidate_legs
sim_2019-02-09_2026-05-21_7bc84efae62c,2019-11-05,short_straddle,GLD,,,,13.100000381469728,,,,0.0,False,missing_candidate_legs
sim_2019-02-09_2026-05-21_7bc84efae62c,2019-11-05,put_credit_spread,GLD,,,,13.100000381469728,,,,0.0,False,missing_candidate_legs
sim_2019-02-09_2026-05-21_7bc84efae62c,2019-11-06,short_straddle,GLD,,,,12.619999885559082,,,,0.0,False,missing_candidate_legs
sim_2019-02-09_2026-05-21_7bc84efae62c,2019-11-06,put_credit_spread,GLD,,,,12.619999885559082,,,,0.0,False,missing_candidate_legs
sim_2019-02-09_2026-05-21_7bc84efae62c,2019-11-07,short_straddle,GLD,,,,12.729999542236328,,,,0.0,False,missing_candidate_legs
sim_2019-02-09_2026-05-21_7bc84efae62c,2019-11-07,put_credit_spread,GLD,,,,12.729999542236328,,,,0.0,False,missing_candidate_legs
sim_2019-02-09_2026-05-21_7bc84efae62c,2019-11-08,short_straddle,GLD,,,,12.06999969482422,,,,0.0,False,missing_candidate_legs
sim_2019-02-09_2026-05-21_7bc84efae62c,2019-11-08,put_credit_spread,GLD,,,,12.06999969482422,,,,0.0,False,missing_candidate_legs
sim_2019-02-09_2026-05-21_7bc84efae62c,2019-11-11,short_straddle,GLD,,,,12.6899995803833,,,,0.0,False,missing_candidate_legs
sim_2019-02-09_2026-05-21_7bc84efae62c,2019-11-11,put_credit_spread,GLD,,,,12.6899995803833,,,,0.0,False,missing_candidate_legs
sim_2019-02-09_2026-05-21_7bc84efae62c,2019-11-12,short_straddle,GLD,,,,12.68000030517578,,,,0.0,False,missing_candidate_legs
sim_2019-02-09_2026-05-21_7bc84efae62c,2019-11-12,put_credit_spread,GLD,,,,12.68000030517578,,,,0.0,False,missing_candidate_legs
sim_2019-02-09_2026-05-21_7bc84efae62c,2019-11-13,short_straddle,GLD,,,,13.0,,,,0.0,False,missing_candidate_legs
sim_2019-02-09_2026-05-21_7bc84efae62c,2019-11-13,put_credit_spread,GLD,,,,13.0,,,,0.0,False,missing_candidate_legs
sim_2019-02-09_2026-05-21_7bc84efae62c,2019-11-14,short_straddle,GLD,,,,13.050000190734863,,,,0.0,False,missing_candidate_legs
sim_2019-02-09_2026-05-21_7bc84efae62c,2019-11-14,put_credit_spread,GLD,,,,13.050000190734863,,,,0.0,False,missing_candidate_legs
sim_2019-02-09_2026-05-21_7bc84efae62c,2019-11-15,short_straddle,GLD,,,,12.050000190734863,,,,0.0,False,missing_candidate_legs
sim_2019-02-09_2026-05-21_7bc84efae62c,2019-11-15,put_credit_spread,GLD,,,,12.050000190734863,,,,0.0,False,missing_candidate_legs
sim_2019-02-09_2026-05-21_7bc84efae62c,2019-11-18,short_straddle,GLD,,,,12.460000038146973,,,,0.0,False,missing_candidate_legs
sim_2019-02-09_2026-05-21_7bc84efae62c,2019-11-18,put_credit_spread,GLD,,,,12.460000038146973,,,,0.0,False,missing_candidate_legs
sim_2019-02-09_2026-05-21_7bc84efae62c,2019-11-19,short_straddle,GLD,,,,12.859999656677246,,,,0.0,False,missing_candidate_legs
sim_2019-02-09_2026-05-21_7bc84efae62c,2019-11-19,put_credit_spread,GLD,,,,12.859999656677246,,,,0.0,False,missing_candidate_legs
sim_2019-02-09_2026-05-21_7bc84efae62c,2019-11-20,short_straddle,GLD,,,,12.779999732971191,,,,0.0,False,missing_candidate_legs
sim_2019-02-09_2026-05-21_7bc84efae62c,2019-11-20,put_credit_spread,GLD,,,,12.779999732971191,,,,0.0,False,missing_candidate_legs
sim_2019-02-09_2026-05-21_7bc84efae62c,2019-11-21,short_straddle,GLD,,,,13.130000114440918,,,,0.0,False,missing_candidate_legs
sim_2019-02-09_2026-05-21_7bc84efae62c,2019-11-21,put_credit_spread,GLD,,,,13.130000114440918,,,,0.0,False,missing_candidate_legs
sim_2019-02-09_2026-05-21_7bc84efae62c,2019-11-22,short_straddle,GLD,,,,12.34000015258789,,,,0.0,False,missing_candidate_legs
sim_2019-02-09_2026-05-21_7bc84efae62c,2019-11-22,put_credit_spread,GLD,,,,12.34000015258789,,,,0.0,False,missing_candidate_legs
sim_2019-02-09_2026-05-21_7bc84efae62c,2019-11-25,short_straddle,GLD,,,,11.869999885559082,,,,0.0,False,missing_candidate_legs
sim_2019-02-09_2026-05-21_7bc84efae62c,2019-11-25,put_credit_spread,GLD,,,,11.869999885559082,,,,0.0,False,missing_candidate_legs
sim_2019-02-09_2026-05-21_7bc84efae62c,2019-11-26,short_straddle,GLD,,,,11.539999961853027,,,,0.0,False,missing_candidate_legs
sim_2019-02-09_2026-05-21_7bc84efae62c,2019-11-26,put_credit_spread,GLD,,,,11.539999961853027,,,,0.0,False,missing_candidate_legs
sim_2019-02-09_2026-05-21_7bc84efae62c,2019-11-27,short_straddle,GLD,,,,11.75,,,,0.0,False,missing_candidate_legs
sim_2019-02-09_2026-05-21_7bc84efae62c,2019-11-27,put_credit_spread,GLD,,,,11.75,,,,0.0,False,missing_candidate_legs
sim_2019-02-09_2026-05-21_7bc84efae62c,2019-11-29,short_straddle,GLD,,,,12.619999885559082,,,,0.0,False,missing_candidate_legs
sim_2019-02-09_2026-05-21_7bc84efae62c,2019-11-29,put_credit_spread,GLD,,,,12.619999885559082,,,,0.0,False,missing_candidate_legs
sim_2019-02-09_2026-05-21_7bc84efae62c,2019-12-02,short_straddle,GLD,,,,14.90999984741211,,,,0.0,False,missing_candidate_legs
sim_2019-02-09_2026-05-21_7bc84efae62c,2019-12-02,put_credit_spread,GLD,,,,14.90999984741211,,,,0.0,False,missing_candidate_legs
sim_2019-02-09_2026-05-21_7bc84efae62c,2019-12-03,short_straddle,GLD,,,,15.960000038146973,,,,0.0,False,missing_candidate_legs
sim_2019-02-09_2026-05-21_7bc84efae62c,2019-12-03,put_credit_spread,GLD,,,,15.960000038146973,,,,0.0,False,missing_candidate_legs
sim_2019-02-09_2026-05-21_7bc84efae62c,2019-12-04,short_straddle,GLD,,,,14.800000190734863,,,,0.0,False,missing_candidate_legs
sim_2019-02-09_2026-05-21_7bc84efae62c,2019-12-04,put_credit_spread,GLD,,,,14.800000190734863,,,,0.0,False,missing_candidate_legs
sim_2019-02-09_2026-05-21_7bc84efae62c,2019-12-05,short_straddle,GLD,,,,14.520000457763672,,,,0.0,False,missing_candidate_legs
sim_2019-02-09_2026-05-21_7bc84efae62c,2019-12-05,put_credit_spread,GLD,,,,14.520000457763672,,,,0.0,False,missing_candidate_legs
sim_2019-02-09_2026-05-21_7bc84efae62c,2019-12-06,short_straddle,GLD,,,,13.619999885559082,,,,0.0,False,missing_candidate_legs
sim_2019-02-09_2026-05-21_7bc84efae62c,2019-12-06,put_credit_spread,GLD,,,,13.619999885559082,,,,0.0,False,missing_candidate_legs
sim_2019-02-09_2026-05-21_7bc84efae62c,2019-12-09,short_straddle,GLD,,,,15.859999656677246,,,,0.0,False,missing_candidate_legs
sim_2019-02-09_2026-05-21_7bc84efae62c,2019-12-09,put_credit_spread,GLD,,,,15.859999656677246,,,,0.0,False,missing_candidate_legs
sim_2019-02-09_2026-05-21_7bc84efae62c,2019-12-10,short_straddle,GLD,,,,15.68000030517578,,,,0.0,False,missing_candidate_legs
sim_2019-02-09_2026-05-21_7bc84efae62c,2019-12-10,put_credit_spread,GLD,,,,15.68000030517578,,,,0.0,False,missing_candidate_legs
sim_2019-02-09_2026-05-21_7bc84efae62c,2019-12-11,short_straddle,GLD,,,,14.989999771118164,,,,0.0,False,missing_candidate_legs
sim_2019-02-09_2026-05-21_7bc84efae62c,2019-12-11,put_credit_spread,GLD,,,,14.989999771118164,,,,0.0,False,missing_candidate_legs
sim_2019-02-09_2026-05-21_7bc84efae62c,2019-12-12,short_straddle,GLD,,,,13.9399995803833,,,,0.0,False,missing_candidate_legs
sim_2019-02-09_2026-05-21_7bc84efae62c,2019-12-12,put_credit_spread,GLD,,,,13.9399995803833,,,,0.0,False,missing_candidate_legs
sim_2019-02-09_2026-05-21_7bc84efae62c,2019-12-13,short_straddle,GLD,,,,12.630000114440918,,,,0.0,False,missing_candidate_legs
sim_2019-02-09_2026-05-21_7bc84efae62c,2019-12-13,put_credit_spread,GLD,,,,12.630000114440918,,,,0.0,False,missing_candidate_legs
sim_2019-02-09_2026-05-21_7bc84efae62c,2019-12-16,short_straddle,GLD,,,,12.140000343322754,,,,0.0,False,missing_candidate_legs
sim_2019-02-09_2026-05-21_7bc84efae62c,2019-12-16,put_credit_spread,GLD,,,,12.140000343322754,,,,0.0,False,missing_candidate_legs
sim_2019-02-09_2026-05-21_7bc84efae62c,2019-12-17,short_straddle,GLD,,,,12.289999961853027,,,,0.0,False,missing_candidate_legs
sim_2019-02-09_2026-05-21_7bc84efae62c,2019-12-17,put_credit_spread,GLD,,,,12.289999961853027,,,,0.0,False,missing_candidate_legs
sim_2019-02-09_2026-05-21_7bc84efae62c,2019-12-18,short_straddle,GLD,,,,12.579999923706056,,,,0.0,False,missing_candidate_legs
sim_2019-02-09_2026-05-21_7bc84efae62c,2019-12-18,put_credit_spread,GLD,,,,12.579999923706056,,,,0.0,False,missing_candidate_legs
sim_2019-02-09_2026-05-21_7bc84efae62c,2019-12-19,short_straddle,GLD,,,,12.5,,,,0.0,False,missing_candidate_legs
sim_2019-02-09_2026-05-21_7bc84efae62c,2019-12-19,put_credit_spread,GLD,,,,12.5,,,,0.0,False,missing_candidate_legs
sim_2019-02-09_2026-05-21_7bc84efae62c,2019-12-20,short_straddle,GLD,,,,12.510000228881836,,,,0.0,False,missing_candidate_legs
sim_2019-02-09_2026-05-21_7bc84efae62c,2019-12-20,put_credit_spread,GLD,,,,12.510000228881836,,,,0.0,False,missing_candidate_legs
sim_2019-02-09_2026-05-21_7bc84efae62c,2019-12-23,short_straddle,GLD,,,,12.609999656677246,,,,0.0,False,missing_candidate_legs
sim_2019-02-09_2026-05-21_7bc84efae62c,2019-12-23,put_credit_spread,GLD,,,,12.609999656677246,,,,0.0,False,missing_candidate_legs
sim_2019-02-09_2026-05-21_7bc84efae62c,2019-12-24,short_straddle,GLD,,,,12.670000076293944,,,,0.0,False,missing_candidate_legs
sim_2019-02-09_2026-05-21_7bc84efae62c,2019-12-24,put_credit_spread,GLD,,,,12.670000076293944,,,,0.0,False,missing_candidate_legs
sim_2019-02-09_2026-05-21_7bc84efae62c,2019-12-26,short_straddle,GLD,,,,12.649999618530272,,,,0.0,False,missing_candidate_legs
sim_2019-02-09_2026-05-21_7bc84efae62c,2019-12-26,put_credit_spread,GLD,,,,12.649999618530272,,,,0.0,False,missing_candidate_legs
sim_2019-02-09_2026-05-21_7bc84efae62c,2019-12-27,short_straddle,GLD,,,,13.43000030517578,,,,0.0,False,missing_candidate_legs
sim_2019-02-09_2026-05-21_7bc84efae62c,2019-12-27,put_credit_spread,GLD,,,,13.43000030517578,,,,0.0,False,missing_candidate_legs
sim_2019-02-09_2026-05-21_7bc84efae62c,2019-12-30,short_straddle,GLD,,,,14.81999969482422,,,,0.0,False,missing_candidate_legs
sim_2019-02-09_2026-05-21_7bc84efae62c,2019-12-30,put_credit_spread,GLD,,,,14.81999969482422,,,,0.0,False,missing_candidate_legs
sim_2019-02-09_2026-05-21_7bc84efae62c,2019-12-31,short_straddle,GLD,,,,13.779999732971191,,,,0.0,False,missing_candidate_legs
sim_2019-02-09_2026-05-21_7bc84efae62c,2019-12-31,put_credit_spread,GLD,,,,13.779999732971191,,,,0.0,False,missing_candidate_legs
sim_2019-02-09_2026-05-21_7bc84efae62c,2020-01-02,short_straddle,GLD,,,,12.470000267028809,,,,0.0,False,missing_candidate_legs
sim_2019-02-09_2026-05-21_7bc84efae62c,2020-01-02,put_credit_spread,GLD,,,,12.470000267028809,,,,0.0,False,missing_candidate_legs
sim_2019-02-09_2026-05-21_7bc84efae62c,2020-01-03,short_straddle,GLD,,,,14.020000457763672,,,,0.0,False,missing_candidate_legs
sim_2019-02-09_2026-05-21_7bc84efae62c,2020-01-03,put_credit_spread,GLD,,,,14.020000457763672,,,,0.0,False,missing_candidate_legs
sim_2019-02-09_2026-05-21_7bc84efae62c,2020-01-06,short_straddle,GLD,,,,13.850000381469728,,,,0.0,False,missing_candidate_legs
sim_2019-02-09_2026-05-21_7bc84efae62c,2020-01-06,put_credit_spread,GLD,,,,13.850000381469728,,,,0.0,False,missing_candidate_legs
sim_2019-02-09_2026-05-21_7bc84efae62c,2020-01-07,short_straddle,GLD,,,,13.789999961853027,,,,0.0,False,missing_candidate_legs
sim_2019-02-09_2026-05-21_7bc84efae62c,2020-01-07,put_credit_spread,GLD,,,,13.789999961853027,,,,0.0,False,missing_candidate_legs
sim_2019-02-09_2026-05-21_7bc84efae62c,2020-01-08,short_straddle,GLD,,,,13.449999809265137,,,,0.0,False,missing_candidate_legs
sim_2019-02-09_2026-05-21_7bc84efae62c,2020-01-08,put_credit_spread,GLD,,,,13.449999809265137,,,,0.0,False,missing_candidate_legs
sim_2019-02-09_2026-05-21_7bc84efae62c,2020-01-09,short_straddle,GLD,,,,12.539999961853027,,,,0.0,False,missing_candidate_legs
sim_2019-02-09_2026-05-21_7bc84efae62c,2020-01-09,put_credit_spread,GLD,,,,12.539999961853027,,,,0.0,False,missing_candidate_legs
sim_2019-02-09_2026-05-21_7bc84efae62c,2020-01-10,short_straddle,GLD,,,,12.5600004196167,,,,0.0,False,missing_candidate_legs
sim_2019-02-09_2026-05-21_7bc84efae62c,2020-01-10,put_credit_spread,GLD,,,,12.5600004196167,,,,0.0,False,missing_candidate_legs
sim_2019-02-09_2026-05-21_7bc84efae62c,2020-01-13,short_straddle,GLD,,,,12.31999969482422,,,,0.0,False,missing_candidate_legs
sim_2019-02-09_2026-05-21_7bc84efae62c,2020-01-13,put_credit_spread,GLD,,,,12.31999969482422,,,,0.0,False,missing_candidate_legs
sim_2019-02-09_2026-05-21_7bc84efae62c,2020-01-14,short_straddle,GLD,,,,12.390000343322754,,,,0.0,False,missing_candidate_legs
sim_2019-02-09_2026-05-21_7bc84efae62c,2020-01-14,put_credit_spread,GLD,,,,12.390000343322754,,,,0.0,False,missing_candidate_legs
sim_2019-02-09_2026-05-21_7bc84efae62c,2020-01-15,short_straddle,GLD,,,,12.420000076293944,,,,0.0,False,missing_candidate_legs
sim_2019-02-09_2026-05-21_7bc84efae62c,2020-01-15,put_credit_spread,GLD,,,,12.420000076293944,,,,0.0,False,missing_candidate_legs
sim_2019-02-09_2026-05-21_7bc84efae62c,2020-01-16,short_straddle,GLD,,,,12.31999969482422,,,,0.0,False,missing_candidate_legs
sim_2019-02-09_2026-05-21_7bc84efae62c,2020-01-16,put_credit_spread,GLD,,,,12.31999969482422,,,,0.0,False,missing_candidate_legs
sim_2019-02-09_2026-05-21_7bc84efae62c,2020-01-17,short_straddle,GLD,,,,12.100000381469728,,,,0.0,False,missing_candidate_legs
sim_2019-02-09_2026-05-21_7bc84efae62c,2020-01-17,put_credit_spread,GLD,,,,12.100000381469728,,,,0.0,False,missing_candidate_legs
sim_2019-02-09_2026-05-21_7bc84efae62c,2020-01-21,short_straddle,GLD,,,,12.850000381469728,,,,0.0,False,missing_candidate_legs
sim_2019-02-09_2026-05-21_7bc84efae62c,2020-01-21,put_credit_spread,GLD,,,,12.850000381469728,,,,0.0,False,missing_candidate_legs
sim_2019-02-09_2026-05-21_7bc84efae62c,2020-01-22,short_straddle,GLD,,,,12.90999984741211,,,,0.0,False,missing_candidate_legs
sim_2019-02-09_2026-05-21_7bc84efae62c,2020-01-22,put_credit_spread,GLD,,,,12.90999984741211,,,,0.0,False,missing_candidate_legs
sim_2019-02-09_2026-05-21_7bc84efae62c,2020-01-23,short_straddle,GLD,,,,12.979999542236328,,,,0.0,False,missing_candidate_legs
sim_2019-02-09_2026-05-21_7bc84efae62c,2020-01-23,put_credit_spread,GLD,,,,12.979999542236328,,,,0.0,False,missing_candidate_legs
sim_2019-02-09_2026-05-21_7bc84efae62c,2020-01-24,short_straddle,GLD,,,,14.5600004196167,,,,0.0,False,missing_candidate_legs
sim_2019-02-09_2026-05-21_7bc84efae62c,2020-01-24,put_credit_spread,GLD,,,,14.5600004196167,,,,0.0,False,missing_candidate_legs
sim_2019-02-09_2026-05-21_7bc84efae62c,2020-01-27,short_straddle,GLD,,,,18.229999542236328,,,,0.0,False,missing_candidate_legs
sim_2019-02-09_2026-05-21_7bc84efae62c,2020-01-27,put_credit_spread,GLD,,,,18.229999542236328,,,,0.0,False,missing_candidate_legs
sim_2019-02-09_2026-05-21_7bc84efae62c,2020-01-28,short_straddle,GLD,,,,16.280000686645508,,,,0.0,False,missing_candidate_legs
sim_2019-02-09_2026-05-21_7bc84efae62c,2020-01-28,put_credit_spread,GLD,,,,16.280000686645508,,,,0.0,False,missing_candidate_legs
sim_2019-02-09_2026-05-21_7bc84efae62c,2020-01-29,short_straddle,GLD,,,,16.389999389648438,,,,0.0,False,missing_candidate_legs
sim_2019-02-09_2026-05-21_7bc84efae62c,2020-01-29,put_credit_spread,GLD,,,,16.389999389648438,,,,0.0,False,missing_candidate_legs
sim_2019-02-09_2026-05-21_7bc84efae62c,2020-01-30,short_straddle,GLD,,,,15.489999771118164,,,,0.0,False,missing_candidate_legs
sim_2019-02-09_2026-05-21_7bc84efae62c,2020-01-30,put_credit_spread,GLD,,,,15.489999771118164,,,,0.0,False,missing_candidate_legs
sim_2019-02-09_2026-05-21_7bc84efae62c,2020-01-31,short_straddle,GLD,,,,18.84000015258789,,,,0.0,False,missing_candidate_legs
sim_2019-02-09_2026-05-21_7bc84efae62c,2020-01-31,put_credit_spread,GLD,,,,18.84000015258789,,,,0.0,False,missing_candidate_legs
sim_2019-02-09_2026-05-21_7bc84efae62c,2020-02-03,short_straddle,GLD,,,,17.969999313354492,,,,0.0,False,missing_candidate_legs
sim_2019-02-09_2026-05-21_7bc84efae62c,2020-02-03,put_credit_spread,GLD,,,,17.969999313354492,,,,0.0,False,missing_candidate_legs
sim_2019-02-09_2026-05-21_7bc84efae62c,2020-02-04,short_straddle,GLD,,,,16.049999237060547,,,,0.0,False,missing_candidate_legs
sim_2019-02-09_2026-05-21_7bc84efae62c,2020-02-04,put_credit_spread,GLD,,,,16.049999237060547,,,,0.0,False,missing_candidate_legs
sim_2019-02-09_2026-05-21_7bc84efae62c,2020-02-05,short_straddle,GLD,,,,15.149999618530272,,,,0.0,False,missing_candidate_legs
sim_2019-02-09_2026-05-21_7bc84efae62c,2020-02-05,put_credit_spread,GLD,,,,15.149999618530272,,,,0.0,False,missing_candidate_legs
sim_2019-02-09_2026-05-21_7bc84efae62c,2020-02-06,short_straddle,GLD,,,,14.960000038146973,,,,0.0,False,missing_candidate_legs
sim_2019-02-09_2026-05-21_7bc84efae62c,2020-02-06,put_credit_spread,GLD,,,,14.960000038146973,,,,0.0,False,missing_candidate_legs
sim_2019-02-09_2026-05-21_7bc84efae62c,2020-02-07,short_straddle,GLD,,,,15.470000267028809,,,,0.0,False,missing_candidate_legs
sim_2019-02-09_2026-05-21_7bc84efae62c,2020-02-07,put_credit_spread,GLD,,,,15.470000267028809,,,,0.0,False,missing_candidate_legs
sim_2019-02-09_2026-05-21_7bc84efae62c,2020-02-10,short_straddle,GLD,,,,15.039999961853027,,,,0.0,False,missing_candidate_legs
sim_2019-02-09_2026-05-21_7bc84efae62c,2020-02-10,put_credit_spread,GLD,,,,15.039999961853027,,,,0.0,False,missing_candidate_legs
sim_2019-02-09_2026-05-21_7bc84efae62c,2020-02-11,short_straddle,GLD,,,,15.18000030517578,,,,0.0,False,missing_candidate_legs
sim_2019-02-09_2026-05-21_7bc84efae62c,2020-02-11,put_credit_spread,GLD,,,,15.18000030517578,,,,0.0,False,missing_candidate_legs
sim_2019-02-09_2026-05-21_7bc84efae62c,2020-02-12,short_straddle,GLD,,,,13.739999771118164,,,,0.0,False,missing_candidate_legs
sim_2019-02-09_2026-05-21_7bc84efae62c,2020-02-12,put_credit_spread,GLD,,,,13.739999771118164,,,,0.0,False,missing_candidate_legs
sim_2019-02-09_2026-05-21_7bc84efae62c,2020-02-13,short_straddle,GLD,,,,14.149999618530272,,,,0.0,False,missing_candidate_legs
sim_2019-02-09_2026-05-21_7bc84efae62c,2020-02-13,put_credit_spread,GLD,,,,14.149999618530272,,,,0.0,False,missing_candidate_legs
sim_2019-02-09_2026-05-21_7bc84efae62c,2020-02-14,short_straddle,GLD,,,,13.68000030517578,,,,0.0,False,missing_candidate_legs
sim_2019-02-09_2026-05-21_7bc84efae62c,2020-02-14,put_credit_spread,GLD,,,,13.68000030517578,,,,0.0,False,missing_candidate_legs
sim_2019-02-09_2026-05-21_7bc84efae62c,2020-02-18,short_straddle,GLD,,,,14.829999923706056,,,,0.0,False,missing_candidate_legs
sim_2019-02-09_2026-05-21_7bc84efae62c,2020-02-18,put_credit_spread,GLD,,,,14.829999923706056,,,,0.0,False,missing_candidate_legs
sim_2019-02-09_2026-05-21_7bc84efae62c,2020-02-19,short_straddle,GLD,,,,14.380000114440918,,,,0.0,False,missing_candidate_legs
sim_2019-02-09_2026-05-21_7bc84efae62c,2020-02-19,put_credit_spread,GLD,,,,14.380000114440918,,,,0.0,False,missing_candidate_legs
sim_2019-02-09_2026-05-21_7bc84efae62c,2020-02-20,short_straddle,GLD,,,,15.5600004196167,,,,0.0,False,missing_candidate_legs
sim_2019-02-09_2026-05-21_7bc84efae62c,2020-02-20,put_credit_spread,GLD,,,,15.5600004196167,,,,0.0,False,missing_candidate_legs
sim_2019-02-09_2026-05-21_7bc84efae62c,2020-02-21,short_straddle,GLD,,,,17.079999923706055,,,,0.0,False,missing_candidate_legs
sim_2019-02-09_2026-05-21_7bc84efae62c,2020-02-21,put_credit_spread,GLD,,,,17.079999923706055,,,,0.0,False,missing_candidate_legs
sim_2019-02-09_2026-05-21_7bc84efae62c,2020-02-24,short_straddle,GLD,,,,25.030000686645508,,,,0.0,False,missing_candidate_legs
sim_2019-02-09_2026-05-21_7bc84efae62c,2020-02-24,put_credit_spread,GLD,,,,25.030000686645508,,,,0.0,False,missing_candidate_legs
sim_2019-02-09_2026-05-21_7bc84efae62c,2020-02-25,short_straddle,GLD,,,,27.850000381469727,,,,0.0,False,missing_candidate_legs
sim_2019-02-09_2026-05-21_7bc84efae62c,2020-02-25,put_credit_spread,GLD,,,,27.850000381469727,,,,0.0,False,missing_candidate_legs
sim_2019-02-09_2026-05-21_7bc84efae62c,2020-02-26,short_straddle,GLD,,,,27.559999465942383,,,,0.0,False,missing_candidate_legs
sim_2019-02-09_2026-05-21_7bc84efae62c,2020-02-26,put_credit_spread,GLD,,,,27.559999465942383,,,,0.0,False,missing_candidate_legs
sim_2019-02-09_2026-05-21_7bc84efae62c,2020-02-27,short_straddle,GLD,,,,39.15999984741211,,,,0.0,False,missing_candidate_legs
sim_2019-02-09_2026-05-21_7bc84efae62c,2020-02-27,put_credit_spread,GLD,,,,39.15999984741211,,,,0.0,False,missing_candidate_legs
sim_2019-02-09_2026-05-21_7bc84efae62c,2020-02-28,short_straddle,GLD,,,,40.11000061035156,,,,0.0,False,missing_candidate_legs
sim_2019-02-09_2026-05-21_7bc84efae62c,2020-02-28,put_credit_spread,GLD,,,,40.11000061035156,,,,0.0,False,missing_candidate_legs
sim_2019-02-09_2026-05-21_7bc84efae62c,2020-03-02,short_straddle,GLD,,,,33.41999816894531,,,,0.0,False,missing_candidate_legs
sim_2019-02-09_2026-05-21_7bc84efae62c,2020-03-02,put_credit_spread,GLD,,,,33.41999816894531,,,,0.0,False,missing_candidate_legs
sim_2019-02-09_2026-05-21_7bc84efae62c,2020-03-03,short_straddle,GLD,,,,36.81999969482422,,,,0.0,False,missing_candidate_legs
sim_2019-02-09_2026-05-21_7bc84efae62c,2020-03-03,put_credit_spread,GLD,,,,36.81999969482422,,,,0.0,False,missing_candidate_legs
sim_2019-02-09_2026-05-21_7bc84efae62c,2020-03-04,short_straddle,GLD,,,,31.989999771118164,,,,0.0,False,missing_candidate_legs
sim_2019-02-09_2026-05-21_7bc84efae62c,2020-03-04,put_credit_spread,GLD,,,,31.989999771118164,,,,0.0,False,missing_candidate_legs
sim_2019-02-09_2026-05-21_7bc84efae62c,2020-03-05,short_straddle,GLD,,,,39.619998931884766,,,,0.0,False,missing_candidate_legs
sim_2019-02-09_2026-05-21_7bc84efae62c,2020-03-05,put_credit_spread,GLD,,,,39.619998931884766,,,,0.0,False,missing_candidate_legs
sim_2019-02-09_2026-05-21_7bc84efae62c,2020-03-06,short_straddle,GLD,,,,41.93999862670898,,,,0.0,False,missing_candidate_legs
sim_2019-02-09_2026-05-21_7bc84efae62c,2020-03-06,put_credit_spread,GLD,,,,41.93999862670898,,,,0.0,False,missing_candidate_legs
sim_2019-02-09_2026-05-21_7bc84efae62c,2020-03-09,short_straddle,GLD,,,,54.459999084472656,,,,0.0,False,missing_candidate_legs
sim_2019-02-09_2026-05-21_7bc84efae62c,2020-03-09,put_credit_spread,GLD,,,,54.459999084472656,,,,0.0,False,missing_candidate_legs
sim_2019-02-09_2026-05-21_7bc84efae62c,2020-03-10,short_straddle,GLD,,,,47.29999923706055,,,,0.0,False,missing_candidate_legs
sim_2019-02-09_2026-05-21_7bc84efae62c,2020-03-10,put_credit_spread,GLD,,,,47.29999923706055,,,,0.0,False,missing_candidate_legs
sim_2019-02-09_2026-05-21_7bc84efae62c,2020-03-11,short_straddle,GLD,,,,53.900001525878906,,,,0.0,False,missing_candidate_legs
sim_2019-02-09_2026-05-21_7bc84efae62c,2020-03-11,put_credit_spread,GLD,,,,53.900001525878906,,,,0.0,False,missing_candidate_legs
sim_2019-02-09_2026-05-21_7bc84efae62c,2020-03-12,short_straddle,GLD,,,,75.47000122070312,,,,0.0,False,missing_candidate_legs
sim_2019-02-09_2026-05-21_7bc84efae62c,2020-03-12,put_credit_spread,GLD,,,,75.47000122070312,,,,0.0,False,missing_candidate_legs
sim_2019-02-09_2026-05-21_7bc84efae62c,2020-03-13,short_straddle,GLD,,,,57.83000183105469,,,,0.0,False,missing_candidate_legs
sim_2019-02-09_2026-05-21_7bc84efae62c,2020-03-13,put_credit_spread,GLD,,,,57.83000183105469,,,,0.0,False,missing_candidate_legs
sim_2019-02-09_2026-05-21_7bc84efae62c,2020-03-16,short_straddle,GLD,,,,82.69000244140625,,,,0.0,False,missing_candidate_legs
sim_2019-02-09_2026-05-21_7bc84efae62c,2020-03-16,put_credit_spread,GLD,,,,82.69000244140625,,,,0.0,False,missing_candidate_legs
sim_2019-02-09_2026-05-21_7bc84efae62c,2020-03-17,short_straddle,GLD,,,,75.91000366210938,,,,0.0,False,missing_candidate_legs
sim_2019-02-09_2026-05-21_7bc84efae62c,2020-03-17,put_credit_spread,GLD,,,,75.91000366210938,,,,0.0,False,missing_candidate_legs
sim_2019-02-09_2026-05-21_7bc84efae62c,2020-03-18,short_straddle,GLD,,,,76.44999694824219,,,,0.0,False,missing_candidate_legs
sim_2019-02-09_2026-05-21_7bc84efae62c,2020-03-18,put_credit_spread,GLD,,,,76.44999694824219,,,,0.0,False,missing_candidate_legs
sim_2019-02-09_2026-05-21_7bc84efae62c,2020-03-19,short_straddle,GLD,,,,72.0,,,,0.0,False,missing_candidate_legs
sim_2019-02-09_2026-05-21_7bc84efae62c,2020-03-19,put_credit_spread,GLD,,,,72.0,,,,0.0,False,missing_candidate_legs
sim_2019-02-09_2026-05-21_7bc84efae62c,2020-03-20,short_straddle,GLD,,,,66.04000091552734,,,,0.0,False,missing_candidate_legs
sim_2019-02-09_2026-05-21_7bc84efae62c,2020-03-20,put_credit_spread,GLD,,,,66.04000091552734,,,,0.0,False,missing_candidate_legs
sim_2019-02-09_2026-05-21_7bc84efae62c,2020-03-23,short_straddle,GLD,,,,61.59000015258789,,,,0.0,False,missing_candidate_legs
sim_2019-02-09_2026-05-21_7bc84efae62c,2020-03-23,put_credit_spread,GLD,,,,61.59000015258789,,,,0.0,False,missing_candidate_legs
sim_2019-02-09_2026-05-21_7bc84efae62c,2020-03-24,short_straddle,GLD,,,,61.66999816894531,,,,0.0,False,missing_candidate_legs
sim_2019-02-09_2026-05-21_7bc84efae62c,2020-03-24,put_credit_spread,GLD,,,,61.66999816894531,,,,0.0,False,missing_candidate_legs
sim_2019-02-09_2026-05-21_7bc84efae62c,2020-03-25,short_straddle,GLD,,,,63.95000076293945,,,,0.0,False,missing_candidate_legs
sim_2019-02-09_2026-05-21_7bc84efae62c,2020-03-25,put_credit_spread,GLD,,,,63.95000076293945,,,,0.0,False,missing_candidate_legs
sim_2019-02-09_2026-05-21_7bc84efae62c,2020-03-26,short_straddle,GLD,,,,61.0,,,,0.0,False,missing_candidate_legs
sim_2019-02-09_2026-05-21_7bc84efae62c,2020-03-26,put_credit_spread,GLD,,,,61.0,,,,0.0,False,missing_candidate_legs
sim_2019-02-09_2026-05-21_7bc84efae62c,2020-03-27,short_straddle,GLD,,,,65.54000091552734,,,,0.0,False,missing_candidate_legs
sim_2019-02-09_2026-05-21_7bc84efae62c,2020-03-27,put_credit_spread,GLD,,,,65.54000091552734,,,,0.0,False,missing_candidate_legs
sim_2019-02-09_2026-05-21_7bc84efae62c,2020-03-30,short_straddle,GLD,,,,57.08000183105469,,,,0.0,False,missing_candidate_legs
sim_2019-02-09_2026-05-21_7bc84efae62c,2020-03-30,put_credit_spread,GLD,,,,57.08000183105469,,,,0.0,False,missing_candidate_legs
sim_2019-02-09_2026-05-21_7bc84efae62c,2020-03-31,short_straddle,GLD,,,,53.540000915527344,,,,0.0,False,missing_candidate_legs
sim_2019-02-09_2026-05-21_7bc84efae62c,2020-03-31,put_credit_spread,GLD,,,,53.540000915527344,,,,0.0,False,missing_candidate_legs
sim_2019-02-09_2026-05-21_7bc84efae62c,2020-04-01,short_straddle,GLD,,,,57.060001373291016,,,,0.0,False,missing_candidate_legs
sim_2019-02-09_2026-05-21_7bc84efae62c,2020-04-01,put_credit_spread,GLD,,,,57.060001373291016,,,,0.0,False,missing_candidate_legs
sim_2019-02-09_2026-05-21_7bc84efae62c,2020-04-02,short_straddle,GLD,,,,50.90999984741211,,,,0.0,False,missing_candidate_legs
sim_2019-02-09_2026-05-21_7bc84efae62c,2020-04-02,put_credit_spread,GLD,,,,50.90999984741211,,,,0.0,False,missing_candidate_legs
sim_2019-02-09_2026-05-21_7bc84efae62c,2020-04-03,short_straddle,GLD,,,,46.79999923706055,,,,0.0,False,missing_candidate_legs
sim_2019-02-09_2026-05-21_7bc84efae62c,2020-04-03,put_credit_spread,GLD,,,,46.79999923706055,,,,0.0,False,missing_candidate_legs
sim_2019-02-09_2026-05-21_7bc84efae62c,2020-04-06,short_straddle,GLD,,,,45.2400016784668,,,,0.0,False,missing_candidate_legs
sim_2019-02-09_2026-05-21_7bc84efae62c,2020-04-06,put_credit_spread,GLD,,,,45.2400016784668,,,,0.0,False,missing_candidate_legs
sim_2019-02-09_2026-05-21_7bc84efae62c,2020-04-07,short_straddle,GLD,,,,46.70000076293945,,,,0.0,False,missing_candidate_legs
sim_2019-02-09_2026-05-21_7bc84efae62c,2020-04-07,put_credit_spread,GLD,,,,46.70000076293945,,,,0.0,False,missing_candidate_legs
sim_2019-02-09_2026-05-21_7bc84efae62c,2020-04-08,short_straddle,GLD,,,,43.34999847412109,,,,0.0,False,missing_candidate_legs
sim_2019-02-09_2026-05-21_7bc84efae62c,2020-04-08,put_credit_spread,GLD,,,,43.34999847412109,,,,0.0,False,missing_candidate_legs
sim_2019-02-09_2026-05-21_7bc84efae62c,2020-04-09,short_straddle,GLD,,,,41.66999816894531,,,,0.0,False,missing_candidate_legs
sim_2019-02-09_2026-05-21_7bc84efae62c,2020-04-09,put_credit_spread,GLD,,,,41.66999816894531,,,,0.0,False,missing_candidate_legs
sim_2019-02-09_2026-05-21_7bc84efae62c,2020-04-13,short_straddle,GLD,,,,41.16999816894531,,,,0.0,False,missing_candidate_legs
sim_2019-02-09_2026-05-21_7bc84efae62c,2020-04-13,put_credit_spread,GLD,,,,41.16999816894531,,,,0.0,False,missing_candidate_legs
sim_2019-02-09_2026-05-21_7bc84efae62c,2020-04-14,short_straddle,GLD,,,,37.7599983215332,,,,0.0,False,missing_candidate_legs
sim_2019-02-09_2026-05-21_7bc84efae62c,2020-04-14,put_credit_spread,GLD,,,,37.7599983215332,,,,0.0,False,missing_candidate_legs
sim_2019-02-09_2026-05-21_7bc84efae62c,2020-04-15,short_straddle,GLD,,,,40.84000015258789,,,,0.0,False,missing_candidate_legs
sim_2019-02-09_2026-05-21_7bc84efae62c,2020-04-15,put_credit_spread,GLD,,,,40.84000015258789,,,,0.0,False,missing_candidate_legs
sim_2019-02-09_2026-05-21_7bc84efae62c,2020-04-16,short_straddle,GLD,,,,40.11000061035156,,,,0.0,False,missing_candidate_legs
sim_2019-02-09_2026-05-21_7bc84efae62c,2020-04-16,put_credit_spread,GLD,,,,40.11000061035156,,,,0.0,False,missing_candidate_legs
sim_2019-02-09_2026-05-21_7bc84efae62c,2020-04-17,short_straddle,GLD,,,,38.150001525878906,,,,0.0,False,missing_candidate_legs
sim_2019-02-09_2026-05-21_7bc84efae62c,2020-04-17,put_credit_spread,GLD,,,,38.150001525878906,,,,0.0,False,missing_candidate_legs
sim_2019-02-09_2026-05-21_7bc84efae62c,2020-04-20,short_straddle,GLD,,,,43.83000183105469,,,,0.0,False,missing_candidate_legs
sim_2019-02-09_2026-05-21_7bc84efae62c,2020-04-20,put_credit_spread,GLD,,,,43.83000183105469,,,,0.0,False,missing_candidate_legs
sim_2019-02-09_2026-05-21_7bc84efae62c,2020-04-21,short_straddle,GLD,,,,45.40999984741211,,,,0.0,False,missing_candidate_legs
sim_2019-02-09_2026-05-21_7bc84efae62c,2020-04-21,put_credit_spread,GLD,,,,45.40999984741211,,,,0.0,False,missing_candidate_legs
sim_2019-02-09_2026-05-21_7bc84efae62c,2020-04-22,short_straddle,GLD,,,,41.97999954223633,,,,0.0,False,missing_candidate_legs
sim_2019-02-09_2026-05-21_7bc84efae62c,2020-04-22,put_credit_spread,GLD,,,,41.97999954223633,,,,0.0,False,missing_candidate_legs
sim_2019-02-09_2026-05-21_7bc84efae62c,2020-04-23,short_straddle,GLD,,,,41.380001068115234,,,,0.0,False,missing_candidate_legs
sim_2019-02-09_2026-05-21_7bc84efae62c,2020-04-23,put_credit_spread,GLD,,,,41.380001068115234,,,,0.0,False,missing_candidate_legs
sim_2019-02-09_2026-05-21_7bc84efae62c,2020-04-24,short_straddle,GLD,,,,35.93000030517578,,,,0.0,False,missing_candidate_legs
sim_2019-02-09_2026-05-21_7bc84efae62c,2020-04-24,put_credit_spread,GLD,,,,35.93000030517578,,,,0.0,False,missing_candidate_legs
sim_2019-02-09_2026-05-21_7bc84efae62c,2020-04-27,short_straddle,GLD,,,,33.290000915527344,,,,0.0,False,missing_candidate_legs
sim_2019-02-09_2026-05-21_7bc84efae62c,2020-04-27,put_credit_spread,GLD,,,,33.290000915527344,,,,0.0,False,missing_candidate_legs
sim_2019-02-09_2026-05-21_7bc84efae62c,2020-04-28,short_straddle,GLD,,,,33.56999969482422,,,,0.0,False,missing_candidate_legs
sim_2019-02-09_2026-05-21_7bc84efae62c,2020-04-28,put_credit_spread,GLD,,,,33.56999969482422,,,,0.0,False,missing_candidate_legs
sim_2019-02-09_2026-05-21_7bc84efae62c,2020-04-29,short_straddle,GLD,,,,31.229999542236328,,,,0.0,False,missing_candidate_legs
sim_2019-02-09_2026-05-21_7bc84efae62c,2020-04-29,put_credit_spread,GLD,,,,31.229999542236328,,,,0.0,False,missing_candidate_legs
sim_2019-02-09_2026-05-21_7bc84efae62c,2020-04-30,short_straddle,GLD,,,,34.150001525878906,,,,0.0,False,missing_candidate_legs
sim_2019-02-09_2026-05-21_7bc84efae62c,2020-04-30,put_credit_spread,GLD,,,,34.150001525878906,,,,0.0,False,missing_candidate_legs
sim_2019-02-09_2026-05-21_7bc84efae62c,2020-05-01,short_straddle,GLD,,,,37.18999862670898,,,,0.0,False,missing_candidate_legs
sim_2019-02-09_2026-05-21_7bc84efae62c,2020-05-01,put_credit_spread,GLD,,,,37.18999862670898,,,,0.0,False,missing_candidate_legs
sim_2019-02-09_2026-05-21_7bc84efae62c,2020-05-04,short_straddle,GLD,,,,35.970001220703125,,,,0.0,False,missing_candidate_legs
sim_2019-02-09_2026-05-21_7bc84efae62c,2020-05-04,put_credit_spread,GLD,,,,35.970001220703125,,,,0.0,False,missing_candidate_legs
sim_2019-02-09_2026-05-21_7bc84efae62c,2020-05-05,short_straddle,GLD,,,,33.61000061035156,,,,0.0,False,missing_candidate_legs
sim_2019-02-09_2026-05-21_7bc84efae62c,2020-05-05,put_credit_spread,GLD,,,,33.61000061035156,,,,0.0,False,missing_candidate_legs
sim_2019-02-09_2026-05-21_7bc84efae62c,2020-05-06,short_straddle,GLD,,,,34.119998931884766,,,,0.0,False,missing_candidate_legs
sim_2019-02-09_2026-05-21_7bc84efae62c,2020-05-06,put_credit_spread,GLD,,,,34.119998931884766,,,,0.0,False,missing_candidate_legs
sim_2019-02-09_2026-05-21_7bc84efae62c,2020-05-07,short_straddle,GLD,,,,31.440000534057617,,,,0.0,False,missing_candidate_legs
sim_2019-02-09_2026-05-21_7bc84efae62c,2020-05-07,put_credit_spread,GLD,,,,31.440000534057617,,,,0.0,False,missing_candidate_legs
sim_2019-02-09_2026-05-21_7bc84efae62c,2020-05-08,short_straddle,GLD,,,,27.979999542236328,,,,0.0,False,missing_candidate_legs
sim_2019-02-09_2026-05-21_7bc84efae62c,2020-05-08,put_credit_spread,GLD,,,,27.979999542236328,,,,0.0,False,missing_candidate_legs
sim_2019-02-09_2026-05-21_7bc84efae62c,2020-05-11,short_straddle,GLD,,,,27.56999969482422,,,,0.0,False,missing_candidate_legs
sim_2019-02-09_2026-05-21_7bc84efae62c,2020-05-11,put_credit_spread,GLD,,,,27.56999969482422,,,,0.0,False,missing_candidate_legs
sim_2019-02-09_2026-05-21_7bc84efae62c,2020-05-12,short_straddle,GLD,,,,33.040000915527344,,,,0.0,False,missing_candidate_legs
sim_2019-02-09_2026-05-21_7bc84efae62c,2020-05-12,put_credit_spread,GLD,,,,33.040000915527344,,,,0.0,False,missing_candidate_legs
sim_2019-02-09_2026-05-21_7bc84efae62c,2020-05-13,short_straddle,GLD,,,,35.279998779296875,,,,0.0,False,missing_candidate_legs
sim_2019-02-09_2026-05-21_7bc84efae62c,2020-05-13,put_credit_spread,GLD,,,,35.279998779296875,,,,0.0,False,missing_candidate_legs
sim_2019-02-09_2026-05-21_7bc84efae62c,2020-05-14,short_straddle,GLD,,,,32.61000061035156,,,,0.0,False,missing_candidate_legs
sim_2019-02-09_2026-05-21_7bc84efae62c,2020-05-14,put_credit_spread,GLD,,,,32.61000061035156,,,,0.0,False,missing_candidate_legs
sim_2019-02-09_2026-05-21_7bc84efae62c,2020-05-15,short_straddle,GLD,,,,31.88999938964844,,,,0.0,False,missing_candidate_legs
sim_2019-02-09_2026-05-21_7bc84efae62c,2020-05-15,put_credit_spread,GLD,,,,31.88999938964844,,,,0.0,False,missing_candidate_legs
sim_2019-02-09_2026-05-21_7bc84efae62c,2020-05-18,short_straddle,GLD,,,,29.299999237060547,,,,0.0,False,missing_candidate_legs
sim_2019-02-09_2026-05-21_7bc84efae62c,2020-05-18,put_credit_spread,GLD,,,,29.299999237060547,,,,0.0,False,missing_candidate_legs
sim_2019-02-09_2026-05-21_7bc84efae62c,2020-05-19,short_straddle,GLD,,,,30.530000686645508,,,,0.0,False,missing_candidate_legs
sim_2019-02-09_2026-05-21_7bc84efae62c,2020-05-19,put_credit_spread,GLD,,,,30.530000686645508,,,,0.0,False,missing_candidate_legs
sim_2019-02-09_2026-05-21_7bc84efae62c,2020-05-20,short_straddle,GLD,,,,27.989999771118164,,,,0.0,False,missing_candidate_legs
sim_2019-02-09_2026-05-21_7bc84efae62c,2020-05-20,put_credit_spread,GLD,,,,27.989999771118164,,,,0.0,False,missing_candidate_legs
sim_2019-02-09_2026-05-21_7bc84efae62c,2020-05-21,short_straddle,GLD,,,,29.530000686645508,,,,0.0,False,missing_candidate_legs
sim_2019-02-09_2026-05-21_7bc84efae62c,2020-05-21,put_credit_spread,GLD,,,,29.530000686645508,,,,0.0,False,missing_candidate_legs
sim_2019-02-09_2026-05-21_7bc84efae62c,2020-05-22,short_straddle,GLD,,,,28.15999984741211,,,,0.0,False,missing_candidate_legs
sim_2019-02-09_2026-05-21_7bc84efae62c,2020-05-22,put_credit_spread,GLD,,,,28.15999984741211,,,,0.0,False,missing_candidate_legs
sim_2019-02-09_2026-05-21_7bc84efae62c,2020-05-26,short_straddle,GLD,,,,28.01000022888184,,,,0.0,False,missing_candidate_legs
sim_2019-02-09_2026-05-21_7bc84efae62c,2020-05-26,put_credit_spread,GLD,,,,28.01000022888184,,,,0.0,False,missing_candidate_legs
sim_2019-02-09_2026-05-21_7bc84efae62c,2020-05-27,short_straddle,GLD,,,,27.6200008392334,,,,0.0,False,missing_candidate_legs
sim_2019-02-09_2026-05-21_7bc84efae62c,2020-05-27,put_credit_spread,GLD,,,,27.6200008392334,,,,0.0,False,missing_candidate_legs
sim_2019-02-09_2026-05-21_7bc84efae62c,2020-05-28,short_straddle,GLD,,,,28.59000015258789,,,,0.0,False,missing_candidate_legs
sim_2019-02-09_2026-05-21_7bc84efae62c,2020-05-28,put_credit_spread,GLD,,,,28.59000015258789,,,,0.0,False,missing_candidate_legs
sim_2019-02-09_2026-05-21_7bc84efae62c,2020-05-29,short_straddle,GLD,,,,27.51000022888184,,,,0.0,False,missing_candidate_legs
sim_2019-02-09_2026-05-21_7bc84efae62c,2020-05-29,put_credit_spread,GLD,,,,27.51000022888184,,,,0.0,False,missing_candidate_legs
sim_2019-02-09_2026-05-21_7bc84efae62c,2020-06-01,short_straddle,GLD,,,,28.229999542236328,,,,0.0,False,missing_candidate_legs
sim_2019-02-09_2026-05-21_7bc84efae62c,2020-06-01,put_credit_spread,GLD,,,,28.229999542236328,,,,0.0,False,missing_candidate_legs
sim_2019-02-09_2026-05-21_7bc84efae62c,2020-06-02,short_straddle,GLD,,,,26.84000015258789,,,,0.0,False,missing_candidate_legs
sim_2019-02-09_2026-05-21_7bc84efae62c,2020-06-02,put_credit_spread,GLD,,,,26.84000015258789,,,,0.0,False,missing_candidate_legs
sim_2019-02-09_2026-05-21_7bc84efae62c,2020-06-03,short_straddle,GLD,,,,25.65999984741211,,,,0.0,False,missing_candidate_legs
sim_2019-02-09_2026-05-21_7bc84efae62c,2020-06-03,put_credit_spread,GLD,,,,25.65999984741211,,,,0.0,False,missing_candidate_legs
sim_2019-02-09_2026-05-21_7bc84efae62c,2020-06-04,short_straddle,GLD,,,,25.809999465942383,,,,0.0,False,missing_candidate_legs
sim_2019-02-09_2026-05-21_7bc84efae62c,2020-06-04,put_credit_spread,GLD,,,,25.809999465942383,,,,0.0,False,missing_candidate_legs
sim_2019-02-09_2026-05-21_7bc84efae62c,2020-06-05,short_straddle,GLD,,,,24.520000457763672,,,,0.0,False,missing_candidate_legs
sim_2019-02-09_2026-05-21_7bc84efae62c,2020-06-05,put_credit_spread,GLD,,,,24.520000457763672,,,,0.0,False,missing_candidate_legs
sim_2019-02-09_2026-05-21_7bc84efae62c,2020-06-08,short_straddle,GLD,,,,25.809999465942383,,,,0.0,False,missing_candidate_legs
sim_2019-02-09_2026-05-21_7bc84efae62c,2020-06-08,put_credit_spread,GLD,,,,25.809999465942383,,,,0.0,False,missing_candidate_legs
sim_2019-02-09_2026-05-21_7bc84efae62c,2020-06-09,short_straddle,GLD,,,,27.56999969482422,,,,0.0,False,missing_candidate_legs
sim_2019-02-09_2026-05-21_7bc84efae62c,2020-06-09,put_credit_spread,GLD,,,,27.56999969482422,,,,0.0,False,missing_candidate_legs
sim_2019-02-09_2026-05-21_7bc84efae62c,2020-06-10,short_straddle,GLD,,,,27.56999969482422,,,,0.0,False,missing_candidate_legs
sim_2019-02-09_2026-05-21_7bc84efae62c,2020-06-10,put_credit_spread,GLD,,,,27.56999969482422,,,,0.0,False,missing_candidate_legs
sim_2019-02-09_2026-05-21_7bc84efae62c,2020-06-11,short_straddle,GLD,,,,40.790000915527344,,,,0.0,False,missing_candidate_legs
sim_2019-02-09_2026-05-21_7bc84efae62c,2020-06-11,put_credit_spread,GLD,,,,40.790000915527344,,,,0.0,False,missing_candidate_legs
sim_2019-02-09_2026-05-21_7bc84efae62c,2020-06-12,short_straddle,GLD,,,,36.09000015258789,,,,0.0,False,missing_candidate_legs
sim_2019-02-09_2026-05-21_7bc84efae62c,2020-06-12,put_credit_spread,GLD,,,,36.09000015258789,,,,0.0,False,missing_candidate_legs
sim_2019-02-09_2026-05-21_7bc84efae62c,2020-06-15,short_straddle,GLD,,,,34.400001525878906,,,,0.0,False,missing_candidate_legs
sim_2019-02-09_2026-05-21_7bc84efae62c,2020-06-15,put_credit_spread,GLD,,,,34.400001525878906,,,,0.0,False,missing_candidate_legs
sim_2019-02-09_2026-05-21_7bc84efae62c,2020-06-16,short_straddle,GLD,,,,33.66999816894531,,,,0.0,False,missing_candidate_legs
sim_2019-02-09_2026-05-21_7bc84efae62c,2020-06-16,put_credit_spread,GLD,,,,33.66999816894531,,,,0.0,False,missing_candidate_legs
sim_2019-02-09_2026-05-21_7bc84efae62c,2020-06-17,short_straddle,GLD,,,,33.470001220703125,,,,0.0,False,missing_candidate_legs
sim_2019-02-09_2026-05-21_7bc84efae62c,2020-06-17,put_credit_spread,GLD,,,,33.470001220703125,,,,0.0,False,missing_candidate_legs
sim_2019-02-09_2026-05-21_7bc84efae62c,2020-06-18,short_straddle,GLD,,,,32.939998626708984,,,,0.0,False,missing_candidate_legs
sim_2019-02-09_2026-05-21_7bc84efae62c,2020-06-18,put_credit_spread,GLD,,,,32.939998626708984,,,,0.0,False,missing_candidate_legs
sim_2019-02-09_2026-05-21_7bc84efae62c,2020-06-19,short_straddle,GLD,,,,35.119998931884766,,,,0.0,False,missing_candidate_legs
sim_2019-02-09_2026-05-21_7bc84efae62c,2020-06-19,put_credit_spread,GLD,,,,35.119998931884766,,,,0.0,False,missing_candidate_legs
sim_2019-02-09_2026-05-21_7bc84efae62c,2020-06-22,short_straddle,GLD,,,,31.770000457763672,,,,0.0,False,missing_candidate_legs
sim_2019-02-09_2026-05-21_7bc84efae62c,2020-06-22,put_credit_spread,GLD,,,,31.770000457763672,,,,0.0,False,missing_candidate_legs
sim_2019-02-09_2026-05-21_7bc84efae62c,2020-06-23,short_straddle,GLD,,,,31.3700008392334,,,,0.0,False,missing_candidate_legs
sim_2019-02-09_2026-05-21_7bc84efae62c,2020-06-23,put_credit_spread,GLD,,,,31.3700008392334,,,,0.0,False,missing_candidate_legs
sim_2019-02-09_2026-05-21_7bc84efae62c,2020-06-24,short_straddle,GLD,,,,33.84000015258789,,,,0.0,False,missing_candidate_legs
sim_2019-02-09_2026-05-21_7bc84efae62c,2020-06-24,put_credit_spread,GLD,,,,33.84000015258789,,,,0.0,False,missing_candidate_legs
sim_2019-02-09_2026-05-21_7bc84efae62c,2020-06-25,short_straddle,GLD,,,,32.220001220703125,,,,0.0,False,missing_candidate_legs
sim_2019-02-09_2026-05-21_7bc84efae62c,2020-06-25,put_credit_spread,GLD,,,,32.220001220703125,,,,0.0,False,missing_candidate_legs
sim_2019-02-09_2026-05-21_7bc84efae62c,2020-06-26,short_straddle,GLD,,,,34.72999954223633,,,,0.0,False,missing_candidate_legs
sim_2019-02-09_2026-05-21_7bc84efae62c,2020-06-26,put_credit_spread,GLD,,,,34.72999954223633,,,,0.0,False,missing_candidate_legs
sim_2019-02-09_2026-05-21_7bc84efae62c,2020-06-29,short_straddle,GLD,,,,31.780000686645508,,,,0.0,False,missing_candidate_legs
sim_2019-02-09_2026-05-21_7bc84efae62c,2020-06-29,put_credit_spread,GLD,,,,31.780000686645508,,,,0.0,False,missing_candidate_legs
sim_2019-02-09_2026-05-21_7bc84efae62c,2020-06-30,short_straddle,GLD,,,,30.43000030517578,,,,0.0,False,missing_candidate_legs
sim_2019-02-09_2026-05-21_7bc84efae62c,2020-06-30,put_credit_spread,GLD,,,,30.43000030517578,,,,0.0,False,missing_candidate_legs
sim_2019-02-09_2026-05-21_7bc84efae62c,2020-07-01,short_straddle,GLD,,,,28.6200008392334,,,,0.0,False,missing_candidate_legs
sim_2019-02-09_2026-05-21_7bc84efae62c,2020-07-01,put_credit_spread,GLD,,,,28.6200008392334,,,,0.0,False,missing_candidate_legs
sim_2019-02-09_2026-05-21_7bc84efae62c,2020-07-02,short_straddle,GLD,,,,27.68000030517578,,,,0.0,False,missing_candidate_legs
sim_2019-02-09_2026-05-21_7bc84efae62c,2020-07-02,put_credit_spread,GLD,,,,27.68000030517578,,,,0.0,False,missing_candidate_legs
sim_2019-02-09_2026-05-21_7bc84efae62c,2020-07-06,short_straddle,GLD,,,,27.940000534057617,,,,0.0,False,missing_candidate_legs
sim_2019-02-09_2026-05-21_7bc84efae62c,2020-07-06,put_credit_spread,GLD,,,,27.940000534057617,,,,0.0,False,missing_candidate_legs
sim_2019-02-09_2026-05-21_7bc84efae62c,2020-07-07,short_straddle,GLD,,,,29.43000030517578,,,,0.0,False,missing_candidate_legs
sim_2019-02-09_2026-05-21_7bc84efae62c,2020-07-07,put_credit_spread,GLD,,,,29.43000030517578,,,,0.0,False,missing_candidate_legs
sim_2019-02-09_2026-05-21_7bc84efae62c,2020-07-08,short_straddle,GLD,,,,28.07999992370605,,,,0.0,False,missing_candidate_legs
sim_2019-02-09_2026-05-21_7bc84efae62c,2020-07-08,put_credit_spread,GLD,,,,28.07999992370605,,,,0.0,False,missing_candidate_legs
sim_2019-02-09_2026-05-21_7bc84efae62c,2020-07-09,short_straddle,GLD,,,,29.26000022888184,,,,0.0,False,missing_candidate_legs
sim_2019-02-09_2026-05-21_7bc84efae62c,2020-07-09,put_credit_spread,GLD,,,,29.26000022888184,,,,0.0,False,missing_candidate_legs
sim_2019-02-09_2026-05-21_7bc84efae62c,2020-07-10,short_straddle,GLD,,,,27.290000915527344,,,,0.0,False,missing_candidate_legs
sim_2019-02-09_2026-05-21_7bc84efae62c,2020-07-10,put_credit_spread,GLD,,,,27.290000915527344,,,,0.0,False,missing_candidate_legs
sim_2019-02-09_2026-05-21_7bc84efae62c,2020-07-13,short_straddle,GLD,,,,32.189998626708984,,,,0.0,False,missing_candidate_legs
sim_2019-02-09_2026-05-21_7bc84efae62c,2020-07-13,put_credit_spread,GLD,,,,32.189998626708984,,,,0.0,False,missing_candidate_legs
sim_2019-02-09_2026-05-21_7bc84efae62c,2020-07-14,short_straddle,GLD,,,,29.520000457763672,,,,0.0,False,missing_candidate_legs
sim_2019-02-09_2026-05-21_7bc84efae62c,2020-07-14,put_credit_spread,GLD,,,,29.520000457763672,,,,0.0,False,missing_candidate_legs
sim_2019-02-09_2026-05-21_7bc84efae62c,2020-07-15,short_straddle,GLD,,,,27.76000022888184,,,,0.0,False,missing_candidate_legs
sim_2019-02-09_2026-05-21_7bc84efae62c,2020-07-15,put_credit_spread,GLD,,,,27.76000022888184,,,,0.0,False,missing_candidate_legs
sim_2019-02-09_2026-05-21_7bc84efae62c,2020-07-16,short_straddle,GLD,,,,28.0,,,,0.0,False,missing_candidate_legs
sim_2019-02-09_2026-05-21_7bc84efae62c,2020-07-16,put_credit_spread,GLD,,,,28.0,,,,0.0,False,missing_candidate_legs
sim_2019-02-09_2026-05-21_7bc84efae62c,2020-07-17,short_straddle,GLD,,,,25.68000030517578,,,,0.0,False,missing_candidate_legs
sim_2019-02-09_2026-05-21_7bc84efae62c,2020-07-17,put_credit_spread,GLD,,,,25.68000030517578,,,,0.0,False,missing_candidate_legs
sim_2019-02-09_2026-05-21_7bc84efae62c,2020-07-20,short_straddle,GLD,,,,24.459999084472656,,,,0.0,False,missing_candidate_legs
sim_2019-02-09_2026-05-21_7bc84efae62c,2020-07-20,put_credit_spread,GLD,,,,24.459999084472656,,,,0.0,False,missing_candidate_legs
sim_2019-02-09_2026-05-21_7bc84efae62c,2020-07-21,short_straddle,GLD,,,,24.84000015258789,,,,0.0,False,missing_candidate_legs
sim_2019-02-09_2026-05-21_7bc84efae62c,2020-07-21,put_credit_spread,GLD,,,,24.84000015258789,,,,0.0,False,missing_candidate_legs
sim_2019-02-09_2026-05-21_7bc84efae62c,2020-07-22,short_straddle,GLD,,,,24.31999969482422,,,,0.0,False,missing_candidate_legs
sim_2019-02-09_2026-05-21_7bc84efae62c,2020-07-22,put_credit_spread,GLD,,,,24.31999969482422,,,,0.0,False,missing_candidate_legs
sim_2019-02-09_2026-05-21_7bc84efae62c,2020-07-23,short_straddle,GLD,,,,26.07999992370605,,,,0.0,False,missing_candidate_legs
sim_2019-02-09_2026-05-21_7bc84efae62c,2020-07-23,put_credit_spread,GLD,,,,26.07999992370605,,,,0.0,False,missing_candidate_legs
sim_2019-02-09_2026-05-21_7bc84efae62c,2020-07-24,short_straddle,GLD,,,,25.84000015258789,,,,0.0,False,missing_candidate_legs
sim_2019-02-09_2026-05-21_7bc84efae62c,2020-07-24,put_credit_spread,GLD,,,,25.84000015258789,,,,0.0,False,missing_candidate_legs
sim_2019-02-09_2026-05-21_7bc84efae62c,2020-07-27,short_straddle,GLD,,,,24.739999771118164,,,,0.0,False,missing_candidate_legs
sim_2019-02-09_2026-05-21_7bc84efae62c,2020-07-27,put_credit_spread,GLD,,,,24.739999771118164,,,,0.0,False,missing_candidate_legs
sim_2019-02-09_2026-05-21_7bc84efae62c,2020-07-28,short_straddle,GLD,,,,25.440000534057617,,,,0.0,False,missing_candidate_legs
sim_2019-02-09_2026-05-21_7bc84efae62c,2020-07-28,put_credit_spread,GLD,,,,25.440000534057617,,,,0.0,False,missing_candidate_legs
sim_2019-02-09_2026-05-21_7bc84efae62c,2020-07-29,short_straddle,GLD,,,,24.100000381469727,,,,0.0,False,missing_candidate_legs
sim_2019-02-09_2026-05-21_7bc84efae62c,2020-07-29,put_credit_spread,GLD,,,,24.100000381469727,,,,0.0,False,missing_candidate_legs
sim_2019-02-09_2026-05-21_7bc84efae62c,2020-07-30,short_straddle,GLD,,,,24.76000022888184,,,,0.0,False,missing_candidate_legs
sim_2019-02-09_2026-05-21_7bc84efae62c,2020-07-30,put_credit_spread,GLD,,,,24.76000022888184,,,,0.0,False,missing_candidate_legs
sim_2019-02-09_2026-05-21_7bc84efae62c,2020-07-31,short_straddle,GLD,,,,24.459999084472656,,,,0.0,False,missing_candidate_legs
sim_2019-02-09_2026-05-21_7bc84efae62c,2020-07-31,put_credit_spread,GLD,,,,24.459999084472656,,,,0.0,False,missing_candidate_legs
sim_2019-02-09_2026-05-21_7bc84efae62c,2020-08-03,short_straddle,GLD,,,,24.280000686645508,,,,0.0,False,missing_candidate_legs
sim_2019-02-09_2026-05-21_7bc84efae62c,2020-08-03,put_credit_spread,GLD,,,,24.280000686645508,,,,0.0,False,missing_candidate_legs
sim_2019-02-09_2026-05-21_7bc84efae62c,2020-08-04,short_straddle,GLD,,,,23.76000022888184,,,,0.0,False,missing_candidate_legs
sim_2019-02-09_2026-05-21_7bc84efae62c,2020-08-04,put_credit_spread,GLD,,,,23.76000022888184,,,,0.0,False,missing_candidate_legs
sim_2019-02-09_2026-05-21_7bc84efae62c,2020-08-05,short_straddle,GLD,,,,22.989999771118164,,,,0.0,False,missing_candidate_legs
sim_2019-02-09_2026-05-21_7bc84efae62c,2020-08-05,put_credit_spread,GLD,,,,22.989999771118164,,,,0.0,False,missing_candidate_legs
sim_2019-02-09_2026-05-21_7bc84efae62c,2020-08-06,short_straddle,GLD,,,,22.64999961853028,,,,0.0,False,missing_candidate_legs
sim_2019-02-09_2026-05-21_7bc84efae62c,2020-08-06,put_credit_spread,GLD,,,,22.64999961853028,,,,0.0,False,missing_candidate_legs
sim_2019-02-09_2026-05-21_7bc84efae62c,2020-08-07,short_straddle,GLD,,,,22.209999084472656,,,,0.0,False,missing_candidate_legs
sim_2019-02-09_2026-05-21_7bc84efae62c,2020-08-07,put_credit_spread,GLD,,,,22.209999084472656,,,,0.0,False,missing_candidate_legs
sim_2019-02-09_2026-05-21_7bc84efae62c,2020-08-10,short_straddle,GLD,,,,22.1299991607666,,,,0.0,False,missing_candidate_legs
sim_2019-02-09_2026-05-21_7bc84efae62c,2020-08-10,put_credit_spread,GLD,,,,22.1299991607666,,,,0.0,False,missing_candidate_legs
sim_2019-02-09_2026-05-21_7bc84efae62c,2020-08-11,short_straddle,GLD,,,,24.030000686645508,,,,0.0,False,missing_candidate_legs
sim_2019-02-09_2026-05-21_7bc84efae62c,2020-08-11,put_credit_spread,GLD,,,,24.030000686645508,,,,0.0,False,missing_candidate_legs
sim_2019-02-09_2026-05-21_7bc84efae62c,2020-08-12,short_straddle,GLD,,,,22.280000686645508,,,,0.0,False,missing_candidate_legs
sim_2019-02-09_2026-05-21_7bc84efae62c,2020-08-12,put_credit_spread,GLD,,,,22.280000686645508,,,,0.0,False,missing_candidate_legs
sim_2019-02-09_2026-05-21_7bc84efae62c,2020-08-13,short_straddle,GLD,,,,22.1299991607666,,,,0.0,False,missing_candidate_legs
sim_2019-02-09_2026-05-21_7bc84efae62c,2020-08-13,put_credit_spread,GLD,,,,22.1299991607666,,,,0.0,False,missing_candidate_legs
sim_2019-02-09_2026-05-21_7bc84efae62c,2020-08-14,short_straddle,GLD,,,,22.049999237060547,,,,0.0,False,missing_candidate_legs
sim_2019-02-09_2026-05-21_7bc84efae62c,2020-08-14,put_credit_spread,GLD,,,,22.049999237060547,,,,0.0,False,missing_candidate_legs
sim_2019-02-09_2026-05-21_7bc84efae62c,2020-08-17,short_straddle,GLD,,,,21.350000381469727,,,,0.0,False,missing_candidate_legs
sim_2019-02-09_2026-05-21_7bc84efae62c,2020-08-17,put_credit_spread,GLD,,,,21.350000381469727,,,,0.0,False,missing_candidate_legs
sim_2019-02-09_2026-05-21_7bc84efae62c,2020-08-18,short_straddle,GLD,,,,21.51000022888184,,,,0.0,False,missing_candidate_legs
sim_2019-02-09_2026-05-21_7bc84efae62c,2020-08-18,put_credit_spread,GLD,,,,21.51000022888184,,,,0.0,False,missing_candidate_legs
sim_2019-02-09_2026-05-21_7bc84efae62c,2020-08-19,short_straddle,GLD,,,,22.540000915527344,,,,0.0,False,missing_candidate_legs
sim_2019-02-09_2026-05-21_7bc84efae62c,2020-08-19,put_credit_spread,GLD,,,,22.540000915527344,,,,0.0,False,missing_candidate_legs
sim_2019-02-09_2026-05-21_7bc84efae62c,2020-08-20,short_straddle,GLD,,,,22.71999931335449,,,,0.0,False,missing_candidate_legs
sim_2019-02-09_2026-05-21_7bc84efae62c,2020-08-20,put_credit_spread,GLD,,,,22.71999931335449,,,,0.0,False,missing_candidate_legs
sim_2019-02-09_2026-05-21_7bc84efae62c,2020-08-21,short_straddle,GLD,,,,22.540000915527344,,,,0.0,False,missing_candidate_legs
sim_2019-02-09_2026-05-21_7bc84efae62c,2020-08-21,put_credit_spread,GLD,,,,22.540000915527344,,,,0.0,False,missing_candidate_legs
sim_2019-02-09_2026-05-21_7bc84efae62c,2020-08-24,short_straddle,GLD,,,,22.3700008392334,,,,0.0,False,missing_candidate_legs
sim_2019-02-09_2026-05-21_7bc84efae62c,2020-08-24,put_credit_spread,GLD,,,,22.3700008392334,,,,0.0,False,missing_candidate_legs
sim_2019-02-09_2026-05-21_7bc84efae62c,2020-08-25,short_straddle,GLD,,,,22.030000686645508,,,,0.0,False,missing_candidate_legs
sim_2019-02-09_2026-05-21_7bc84efae62c,2020-08-25,put_credit_spread,GLD,,,,22.030000686645508,,,,0.0,False,missing_candidate_legs
sim_2019-02-09_2026-05-21_7bc84efae62c,2020-08-26,short_straddle,GLD,,,,23.270000457763672,,,,0.0,False,missing_candidate_legs
sim_2019-02-09_2026-05-21_7bc84efae62c,2020-08-26,put_credit_spread,GLD,,,,23.270000457763672,,,,0.0,False,missing_candidate_legs
sim_2019-02-09_2026-05-21_7bc84efae62c,2020-08-27,short_straddle,GLD,,,,24.46999931335449,,,,0.0,False,missing_candidate_legs
sim_2019-02-09_2026-05-21_7bc84efae62c,2020-08-27,put_credit_spread,GLD,,,,24.46999931335449,,,,0.0,False,missing_candidate_legs
sim_2019-02-09_2026-05-21_7bc84efae62c,2020-08-28,short_straddle,GLD,,,,22.959999084472656,,,,0.0,False,missing_candidate_legs
sim_2019-02-09_2026-05-21_7bc84efae62c,2020-08-28,put_credit_spread,GLD,,,,22.959999084472656,,,,0.0,False,missing_candidate_legs
sim_2019-02-09_2026-05-21_7bc84efae62c,2020-08-31,short_straddle,GLD,,,,26.40999984741211,,,,0.0,False,missing_candidate_legs
sim_2019-02-09_2026-05-21_7bc84efae62c,2020-08-31,put_credit_spread,GLD,,,,26.40999984741211,,,,0.0,False,missing_candidate_legs
sim_2019-02-09_2026-05-21_7bc84efae62c,2020-09-01,short_straddle,GLD,,,,26.1200008392334,,,,0.0,False,missing_candidate_legs
sim_2019-02-09_2026-05-21_7bc84efae62c,2020-09-01,put_credit_spread,GLD,,,,26.1200008392334,,,,0.0,False,missing_candidate_legs
sim_2019-02-09_2026-05-21_7bc84efae62c,2020-09-02,short_straddle,GLD,,,,26.56999969482422,,,,0.0,False,missing_candidate_legs
sim_2019-02-09_2026-05-21_7bc84efae62c,2020-09-02,put_credit_spread,GLD,,,,26.56999969482422,,,,0.0,False,missing_candidate_legs
sim_2019-02-09_2026-05-21_7bc84efae62c,2020-09-03,short_straddle,GLD,,,,33.599998474121094,,,,0.0,False,missing_candidate_legs
sim_2019-02-09_2026-05-21_7bc84efae62c,2020-09-03,put_credit_spread,GLD,,,,33.599998474121094,,,,0.0,False,missing_candidate_legs
sim_2019-02-09_2026-05-21_7bc84efae62c,2020-09-04,short_straddle,GLD,,,,30.75,,,,0.0,False,missing_candidate_legs
sim_2019-02-09_2026-05-21_7bc84efae62c,2020-09-04,put_credit_spread,GLD,,,,30.75,,,,0.0,False,missing_candidate_legs
sim_2019-02-09_2026-05-21_7bc84efae62c,2020-09-08,short_straddle,GLD,,,,31.459999084472656,,,,0.0,False,missing_candidate_legs
sim_2019-02-09_2026-05-21_7bc84efae62c,2020-09-08,put_credit_spread,GLD,,,,31.459999084472656,,,,0.0,False,missing_candidate_legs
sim_2019-02-09_2026-05-21_7bc84efae62c,2020-09-09,short_straddle,GLD,,,,28.809999465942383,,,,0.0,False,missing_candidate_legs
sim_2019-02-09_2026-05-21_7bc84efae62c,2020-09-09,put_credit_spread,GLD,,,,28.809999465942383,,,,0.0,False,missing_candidate_legs
sim_2019-02-09_2026-05-21_7bc84efae62c,2020-09-10,short_straddle,GLD,,,,29.709999084472656,,,,0.0,False,missing_candidate_legs
sim_2019-02-09_2026-05-21_7bc84efae62c,2020-09-10,put_credit_spread,GLD,,,,29.709999084472656,,,,0.0,False,missing_candidate_legs
sim_2019-02-09_2026-05-21_7bc84efae62c,2020-09-11,short_straddle,GLD,,,,26.8700008392334,,,,0.0,False,missing_candidate_legs
sim_2019-02-09_2026-05-21_7bc84efae62c,2020-09-11,put_credit_spread,GLD,,,,26.8700008392334,,,,0.0,False,missing_candidate_legs
sim_2019-02-09_2026-05-21_7bc84efae62c,2020-09-14,short_straddle,GLD,,,,25.850000381469727,,,,0.0,False,missing_candidate_legs
sim_2019-02-09_2026-05-21_7bc84efae62c,2020-09-14,put_credit_spread,GLD,,,,25.850000381469727,,,,0.0,False,missing_candidate_legs
sim_2019-02-09_2026-05-21_7bc84efae62c,2020-09-15,short_straddle,GLD,,,,25.59000015258789,,,,0.0,False,missing_candidate_legs
sim_2019-02-09_2026-05-21_7bc84efae62c,2020-09-15,put_credit_spread,GLD,,,,25.59000015258789,,,,0.0,False,missing_candidate_legs
sim_2019-02-09_2026-05-21_7bc84efae62c,2020-09-16,short_straddle,GLD,,,,26.040000915527344,,,,0.0,False,missing_candidate_legs
sim_2019-02-09_2026-05-21_7bc84efae62c,2020-09-16,put_credit_spread,GLD,,,,26.040000915527344,,,,0.0,False,missing_candidate_legs
sim_2019-02-09_2026-05-21_7bc84efae62c,2020-09-17,short_straddle,GLD,,,,26.459999084472656,,,,0.0,False,missing_candidate_legs
sim_2019-02-09_2026-05-21_7bc84efae62c,2020-09-17,put_credit_spread,GLD,,,,26.459999084472656,,,,0.0,False,missing_candidate_legs
sim_2019-02-09_2026-05-21_7bc84efae62c,2020-09-18,short_straddle,GLD,,,,25.82999992370605,,,,0.0,False,missing_candidate_legs
sim_2019-02-09_2026-05-21_7bc84efae62c,2020-09-18,put_credit_spread,GLD,,,,25.82999992370605,,,,0.0,False,missing_candidate_legs
sim_2019-02-09_2026-05-21_7bc84efae62c,2020-09-21,short_straddle,GLD,,,,27.780000686645508,,,,0.0,False,missing_candidate_legs
sim_2019-02-09_2026-05-21_7bc84efae62c,2020-09-21,put_credit_spread,GLD,,,,27.780000686645508,,,,0.0,False,missing_candidate_legs
sim_2019-02-09_2026-05-21_7bc84efae62c,2020-09-22,short_straddle,GLD,,,,26.86000061035156,,,,0.0,False,missing_candidate_legs
sim_2019-02-09_2026-05-21_7bc84efae62c,2020-09-22,put_credit_spread,GLD,,,,26.86000061035156,,,,0.0,False,missing_candidate_legs
sim_2019-02-09_2026-05-21_7bc84efae62c,2020-09-23,short_straddle,GLD,,,,28.57999992370605,,,,0.0,False,missing_candidate_legs
sim_2019-02-09_2026-05-21_7bc84efae62c,2020-09-23,put_credit_spread,GLD,,,,28.57999992370605,,,,0.0,False,missing_candidate_legs
sim_2019-02-09_2026-05-21_7bc84efae62c,2020-09-24,short_straddle,GLD,,,,28.51000022888184,,,,0.0,False,missing_candidate_legs
sim_2019-02-09_2026-05-21_7bc84efae62c,2020-09-24,put_credit_spread,GLD,,,,28.51000022888184,,,,0.0,False,missing_candidate_legs
sim_2019-02-09_2026-05-21_7bc84efae62c,2020-09-25,short_straddle,GLD,,,,26.3799991607666,,,,0.0,False,missing_candidate_legs
sim_2019-02-09_2026-05-21_7bc84efae62c,2020-09-25,put_credit_spread,GLD,,,,26.3799991607666,,,,0.0,False,missing_candidate_legs
sim_2019-02-09_2026-05-21_7bc84efae62c,2020-09-28,short_straddle,GLD,,,,26.190000534057617,,,,0.0,False,missing_candidate_legs
sim_2019-02-09_2026-05-21_7bc84efae62c,2020-09-28,put_credit_spread,GLD,,,,26.190000534057617,,,,0.0,False,missing_candidate_legs
sim_2019-02-09_2026-05-21_7bc84efae62c,2020-09-29,short_straddle,GLD,,,,26.270000457763672,,,,0.0,False,missing_candidate_legs
sim_2019-02-09_2026-05-21_7bc84efae62c,2020-09-29,put_credit_spread,GLD,,,,26.270000457763672,,,,0.0,False,missing_candidate_legs
sim_2019-02-09_2026-05-21_7bc84efae62c,2020-09-30,short_straddle,GLD,,,,26.3700008392334,,,,0.0,False,missing_candidate_legs
sim_2019-02-09_2026-05-21_7bc84efae62c,2020-09-30,put_credit_spread,GLD,,,,26.3700008392334,,,,0.0,False,missing_candidate_legs
sim_2019-02-09_2026-05-21_7bc84efae62c,2020-10-01,short_straddle,GLD,,,,26.700000762939453,,,,0.0,False,missing_candidate_legs
sim_2019-02-09_2026-05-21_7bc84efae62c,2020-10-01,put_credit_spread,GLD,,,,26.700000762939453,,,,0.0,False,missing_candidate_legs
sim_2019-02-09_2026-05-21_7bc84efae62c,2020-10-02,short_straddle,GLD,,,,27.6299991607666,,,,0.0,False,missing_candidate_legs
sim_2019-02-09_2026-05-21_7bc84efae62c,2020-10-02,put_credit_spread,GLD,,,,27.6299991607666,,,,0.0,False,missing_candidate_legs
sim_2019-02-09_2026-05-21_7bc84efae62c,2020-10-05,short_straddle,GLD,,,,27.959999084472656,,,,0.0,False,missing_candidate_legs
sim_2019-02-09_2026-05-21_7bc84efae62c,2020-10-05,put_credit_spread,GLD,,,,27.959999084472656,,,,0.0,False,missing_candidate_legs
sim_2019-02-09_2026-05-21_7bc84efae62c,2020-10-06,short_straddle,GLD,,,,29.479999542236328,,,,0.0,False,missing_candidate_legs
sim_2019-02-09_2026-05-21_7bc84efae62c,2020-10-06,put_credit_spread,GLD,,,,29.479999542236328,,,,0.0,False,missing_candidate_legs
sim_2019-02-09_2026-05-21_7bc84efae62c,2020-10-07,short_straddle,GLD,,,,28.059999465942383,,,,0.0,False,missing_candidate_legs
sim_2019-02-09_2026-05-21_7bc84efae62c,2020-10-07,put_credit_spread,GLD,,,,28.059999465942383,,,,0.0,False,missing_candidate_legs
sim_2019-02-09_2026-05-21_7bc84efae62c,2020-10-08,short_straddle,GLD,,,,26.36000061035156,,,,0.0,False,missing_candidate_legs
sim_2019-02-09_2026-05-21_7bc84efae62c,2020-10-08,put_credit_spread,GLD,,,,26.36000061035156,,,,0.0,False,missing_candidate_legs
sim_2019-02-09_2026-05-21_7bc84efae62c,2020-10-09,short_straddle,GLD,,,,25.0,,,,0.0,False,missing_candidate_legs
sim_2019-02-09_2026-05-21_7bc84efae62c,2020-10-09,put_credit_spread,GLD,,,,25.0,,,,0.0,False,missing_candidate_legs
sim_2019-02-09_2026-05-21_7bc84efae62c,2020-10-12,short_straddle,GLD,,,,25.06999969482422,,,,0.0,False,missing_candidate_legs
sim_2019-02-09_2026-05-21_7bc84efae62c,2020-10-12,put_credit_spread,GLD,,,,25.06999969482422,,,,0.0,False,missing_candidate_legs
sim_2019-02-09_2026-05-21_7bc84efae62c,2020-10-13,short_straddle,GLD,,,,26.06999969482422,,,,0.0,False,missing_candidate_legs
sim_2019-02-09_2026-05-21_7bc84efae62c,2020-10-13,put_credit_spread,GLD,,,,26.06999969482422,,,,0.0,False,missing_candidate_legs
sim_2019-02-09_2026-05-21_7bc84efae62c,2020-10-14,short_straddle,GLD,,,,26.39999961853028,,,,0.0,False,missing_candidate_legs
sim_2019-02-09_2026-05-21_7bc84efae62c,2020-10-14,put_credit_spread,GLD,,,,26.39999961853028,,,,0.0,False,missing_candidate_legs
sim_2019-02-09_2026-05-21_7bc84efae62c,2020-10-15,short_straddle,GLD,,,,26.96999931335449,,,,0.0,False,missing_candidate_legs
sim_2019-02-09_2026-05-21_7bc84efae62c,2020-10-15,put_credit_spread,GLD,,,,26.96999931335449,,,,0.0,False,missing_candidate_legs
sim_2019-02-09_2026-05-21_7bc84efae62c,2020-10-16,short_straddle,GLD,,,,27.40999984741211,,,,0.0,False,missing_candidate_legs
sim_2019-02-09_2026-05-21_7bc84efae62c,2020-10-16,put_credit_spread,GLD,,,,27.40999984741211,,,,0.0,False,missing_candidate_legs
sim_2019-02-09_2026-05-21_7bc84efae62c,2020-10-19,short_straddle,GLD,,,,29.18000030517578,,,,0.0,False,missing_candidate_legs
sim_2019-02-09_2026-05-21_7bc84efae62c,2020-10-19,put_credit_spread,GLD,,,,29.18000030517578,,,,0.0,False,missing_candidate_legs
sim_2019-02-09_2026-05-21_7bc84efae62c,2020-10-20,short_straddle,GLD,,,,29.350000381469727,,,,0.0,False,missing_candidate_legs
sim_2019-02-09_2026-05-21_7bc84efae62c,2020-10-20,put_credit_spread,GLD,,,,29.350000381469727,,,,0.0,False,missing_candidate_legs
sim_2019-02-09_2026-05-21_7bc84efae62c,2020-10-21,short_straddle,GLD,,,,28.64999961853028,,,,0.0,False,missing_candidate_legs
sim_2019-02-09_2026-05-21_7bc84efae62c,2020-10-21,put_credit_spread,GLD,,,,28.64999961853028,,,,0.0,False,missing_candidate_legs
sim_2019-02-09_2026-05-21_7bc84efae62c,2020-10-22,short_straddle,GLD,,,,28.11000061035156,,,,0.0,False,missing_candidate_legs
sim_2019-02-09_2026-05-21_7bc84efae62c,2020-10-22,put_credit_spread,GLD,,,,28.11000061035156,,,,0.0,False,missing_candidate_legs
sim_2019-02-09_2026-05-21_7bc84efae62c,2020-10-23,short_straddle,GLD,,,,27.549999237060547,,,,0.0,False,missing_candidate_legs
sim_2019-02-09_2026-05-21_7bc84efae62c,2020-10-23,put_credit_spread,GLD,,,,27.549999237060547,,,,0.0,False,missing_candidate_legs
sim_2019-02-09_2026-05-21_7bc84efae62c,2020-10-26,short_straddle,GLD,,,,32.459999084472656,,,,0.0,False,missing_candidate_legs
sim_2019-02-09_2026-05-21_7bc84efae62c,2020-10-26,put_credit_spread,GLD,,,,32.459999084472656,,,,0.0,False,missing_candidate_legs
sim_2019-02-09_2026-05-21_7bc84efae62c,2020-10-27,short_straddle,GLD,,,,33.349998474121094,,,,0.0,False,missing_candidate_legs
sim_2019-02-09_2026-05-21_7bc84efae62c,2020-10-27,put_credit_spread,GLD,,,,33.349998474121094,,,,0.0,False,missing_candidate_legs
sim_2019-02-09_2026-05-21_7bc84efae62c,2020-10-28,short_straddle,GLD,,,,40.27999877929688,,,,0.0,False,missing_candidate_legs
sim_2019-02-09_2026-05-21_7bc84efae62c,2020-10-28,put_credit_spread,GLD,,,,40.27999877929688,,,,0.0,False,missing_candidate_legs
sim_2019-02-09_2026-05-21_7bc84efae62c,2020-10-29,short_straddle,GLD,,,,37.59000015258789,,,,0.0,False,missing_candidate_legs
sim_2019-02-09_2026-05-21_7bc84efae62c,2020-10-29,put_credit_spread,GLD,,,,37.59000015258789,,,,0.0,False,missing_candidate_legs
sim_2019-02-09_2026-05-21_7bc84efae62c,2020-10-30,short_straddle,GLD,,,,38.02000045776367,,,,0.0,False,missing_candidate_legs
sim_2019-02-09_2026-05-21_7bc84efae62c,2020-10-30,put_credit_spread,GLD,,,,38.02000045776367,,,,0.0,False,missing_candidate_legs
sim_2019-02-09_2026-05-21_7bc84efae62c,2020-11-02,short_straddle,GLD,,,,37.130001068115234,,,,0.0,False,missing_candidate_legs
sim_2019-02-09_2026-05-21_7bc84efae62c,2020-11-02,put_credit_spread,GLD,,,,37.130001068115234,,,,0.0,False,missing_candidate_legs
sim_2019-02-09_2026-05-21_7bc84efae62c,2020-11-03,short_straddle,GLD,,,,35.54999923706055,,,,0.0,False,missing_candidate_legs
sim_2019-02-09_2026-05-21_7bc84efae62c,2020-11-03,put_credit_spread,GLD,,,,35.54999923706055,,,,0.0,False,missing_candidate_legs
sim_2019-02-09_2026-05-21_7bc84efae62c,2020-11-04,short_straddle,GLD,,,,29.56999969482422,,,,0.0,False,missing_candidate_legs
sim_2019-02-09_2026-05-21_7bc84efae62c,2020-11-04,put_credit_spread,GLD,,,,29.56999969482422,,,,0.0,False,missing_candidate_legs
sim_2019-02-09_2026-05-21_7bc84efae62c,2020-11-05,short_straddle,GLD,,,,27.57999992370605,,,,0.0,False,missing_candidate_legs
sim_2019-02-09_2026-05-21_7bc84efae62c,2020-11-05,put_credit_spread,GLD,,,,27.57999992370605,,,,0.0,False,missing_candidate_legs
sim_2019-02-09_2026-05-21_7bc84efae62c,2020-11-06,short_straddle,GLD,,,,24.86000061035156,,,,0.0,False,missing_candidate_legs
sim_2019-02-09_2026-05-21_7bc84efae62c,2020-11-06,put_credit_spread,GLD,,,,24.86000061035156,,,,0.0,False,missing_candidate_legs
sim_2019-02-09_2026-05-21_7bc84efae62c,2020-11-09,short_straddle,GLD,,,,25.75,,,,0.0,False,missing_candidate_legs
sim_2019-02-09_2026-05-21_7bc84efae62c,2020-11-09,put_credit_spread,GLD,,,,25.75,,,,0.0,False,missing_candidate_legs
sim_2019-02-09_2026-05-21_7bc84efae62c,2020-11-10,short_straddle,GLD,,,,24.799999237060547,,,,0.0,False,missing_candidate_legs
sim_2019-02-09_2026-05-21_7bc84efae62c,2020-11-10,put_credit_spread,GLD,,,,24.799999237060547,,,,0.0,False,missing_candidate_legs
sim_2019-02-09_2026-05-21_7bc84efae62c,2020-11-11,short_straddle,GLD,,,,23.450000762939453,,,,0.0,False,missing_candidate_legs
sim_2019-02-09_2026-05-21_7bc84efae62c,2020-11-11,put_credit_spread,GLD,,,,23.450000762939453,,,,0.0,False,missing_candidate_legs
sim_2019-02-09_2026-05-21_7bc84efae62c,2020-11-12,short_straddle,GLD,,,,25.350000381469727,,,,0.0,False,missing_candidate_legs
sim_2019-02-09_2026-05-21_7bc84efae62c,2020-11-12,put_credit_spread,GLD,,,,25.350000381469727,,,,0.0,False,missing_candidate_legs
sim_2019-02-09_2026-05-21_7bc84efae62c,2020-11-13,short_straddle,GLD,,,,23.100000381469727,,,,0.0,False,missing_candidate_legs
sim_2019-02-09_2026-05-21_7bc84efae62c,2020-11-13,put_credit_spread,GLD,,,,23.100000381469727,,,,0.0,False,missing_candidate_legs
sim_2019-02-09_2026-05-21_7bc84efae62c,2020-11-16,short_straddle,GLD,,,,22.450000762939453,,,,0.0,False,missing_candidate_legs
sim_2019-02-09_2026-05-21_7bc84efae62c,2020-11-16,put_credit_spread,GLD,,,,22.450000762939453,,,,0.0,False,missing_candidate_legs
sim_2019-02-09_2026-05-21_7bc84efae62c,2020-11-17,short_straddle,GLD,,,,22.709999084472656,,,,0.0,False,missing_candidate_legs
sim_2019-02-09_2026-05-21_7bc84efae62c,2020-11-17,put_credit_spread,GLD,,,,22.709999084472656,,,,0.0,False,missing_candidate_legs
sim_2019-02-09_2026-05-21_7bc84efae62c,2020-11-18,short_straddle,GLD,,,,23.84000015258789,,,,0.0,False,missing_candidate_legs
sim_2019-02-09_2026-05-21_7bc84efae62c,2020-11-18,put_credit_spread,GLD,,,,23.84000015258789,,,,0.0,False,missing_candidate_legs
sim_2019-02-09_2026-05-21_7bc84efae62c,2020-11-19,short_straddle,GLD,,,,23.11000061035156,,,,0.0,False,missing_candidate_legs
sim_2019-02-09_2026-05-21_7bc84efae62c,2020-11-19,put_credit_spread,GLD,,,,23.11000061035156,,,,0.0,False,missing_candidate_legs
sim_2019-02-09_2026-05-21_7bc84efae62c,2020-11-20,short_straddle,GLD,,,,23.700000762939453,,,,0.0,False,missing_candidate_legs
sim_2019-02-09_2026-05-21_7bc84efae62c,2020-11-20,put_credit_spread,GLD,,,,23.700000762939453,,,,0.0,False,missing_candidate_legs
sim_2019-02-09_2026-05-21_7bc84efae62c,2020-11-23,short_straddle,GLD,,,,22.65999984741211,,,,0.0,False,missing_candidate_legs
sim_2019-02-09_2026-05-21_7bc84efae62c,2020-11-23,put_credit_spread,GLD,,,,22.65999984741211,,,,0.0,False,missing_candidate_legs
sim_2019-02-09_2026-05-21_7bc84efae62c,2020-11-24,short_straddle,GLD,,,,21.63999938964844,,,,0.0,False,missing_candidate_legs
sim_2019-02-09_2026-05-21_7bc84efae62c,2020-11-24,put_credit_spread,GLD,,,,21.63999938964844,,,,0.0,False,missing_candidate_legs
sim_2019-02-09_2026-05-21_7bc84efae62c,2020-11-25,short_straddle,GLD,,,,21.25,,,,0.0,False,missing_candidate_legs
sim_2019-02-09_2026-05-21_7bc84efae62c,2020-11-25,put_credit_spread,GLD,,,,21.25,,,,0.0,False,missing_candidate_legs
sim_2019-02-09_2026-05-21_7bc84efae62c,2020-11-27,short_straddle,GLD,,,,20.84000015258789,,,,0.0,False,missing_candidate_legs
sim_2019-02-09_2026-05-21_7bc84efae62c,2020-11-27,put_credit_spread,GLD,,,,20.84000015258789,,,,0.0,False,missing_candidate_legs
sim_2019-02-09_2026-05-21_7bc84efae62c,2020-11-30,short_straddle,GLD,,,,20.56999969482422,,,,0.0,False,missing_candidate_legs
sim_2019-02-09_2026-05-21_7bc84efae62c,2020-11-30,put_credit_spread,GLD,,,,20.56999969482422,,,,0.0,False,missing_candidate_legs
sim_2019-02-09_2026-05-21_7bc84efae62c,2020-12-01,short_straddle,GLD,,,,20.770000457763672,,,,0.0,False,missing_candidate_legs
sim_2019-02-09_2026-05-21_7bc84efae62c,2020-12-01,put_credit_spread,GLD,,,,20.770000457763672,,,,0.0,False,missing_candidate_legs
sim_2019-02-09_2026-05-21_7bc84efae62c,2020-12-02,short_straddle,GLD,,,,21.170000076293945,,,,0.0,False,missing_candidate_legs
sim_2019-02-09_2026-05-21_7bc84efae62c,2020-12-02,put_credit_spread,GLD,,,,21.170000076293945,,,,0.0,False,missing_candidate_legs
sim_2019-02-09_2026-05-21_7bc84efae62c,2020-12-03,short_straddle,GLD,,,,21.280000686645508,,,,0.0,False,missing_candidate_legs
sim_2019-02-09_2026-05-21_7bc84efae62c,2020-12-03,put_credit_spread,GLD,,,,21.280000686645508,,,,0.0,False,missing_candidate_legs
sim_2019-02-09_2026-05-21_7bc84efae62c,2020-12-04,short_straddle,GLD,,,,20.790000915527344,,,,0.0,False,missing_candidate_legs
sim_2019-02-09_2026-05-21_7bc84efae62c,2020-12-04,put_credit_spread,GLD,,,,20.790000915527344,,,,0.0,False,missing_candidate_legs
sim_2019-02-09_2026-05-21_7bc84efae62c,2020-12-07,short_straddle,GLD,,,,21.299999237060547,,,,0.0,False,missing_candidate_legs
sim_2019-02-09_2026-05-21_7bc84efae62c,2020-12-07,put_credit_spread,GLD,,,,21.299999237060547,,,,0.0,False,missing_candidate_legs
sim_2019-02-09_2026-05-21_7bc84efae62c,2020-12-08,short_straddle,GLD,,,,20.68000030517578,,,,0.0,False,missing_candidate_legs
sim_2019-02-09_2026-05-21_7bc84efae62c,2020-12-08,put_credit_spread,GLD,,,,20.68000030517578,,,,0.0,False,missing_candidate_legs
sim_2019-02-09_2026-05-21_7bc84efae62c,2020-12-09,short_straddle,GLD,,,,22.270000457763672,,,,0.0,False,missing_candidate_legs
sim_2019-02-09_2026-05-21_7bc84efae62c,2020-12-09,put_credit_spread,GLD,,,,22.270000457763672,,,,0.0,False,missing_candidate_legs
sim_2019-02-09_2026-05-21_7bc84efae62c,2020-12-10,short_straddle,GLD,,,,22.520000457763672,,,,0.0,False,missing_candidate_legs
sim_2019-02-09_2026-05-21_7bc84efae62c,2020-12-10,put_credit_spread,GLD,,,,22.520000457763672,,,,0.0,False,missing_candidate_legs
sim_2019-02-09_2026-05-21_7bc84efae62c,2020-12-11,short_straddle,GLD,,,,23.309999465942383,,,,0.0,False,missing_candidate_legs
sim_2019-02-09_2026-05-21_7bc84efae62c,2020-12-11,put_credit_spread,GLD,,,,23.309999465942383,,,,0.0,False,missing_candidate_legs
sim_2019-02-09_2026-05-21_7bc84efae62c,2020-12-14,short_straddle,GLD,,,,24.71999931335449,,,,0.0,False,missing_candidate_legs
sim_2019-02-09_2026-05-21_7bc84efae62c,2020-12-14,put_credit_spread,GLD,,,,24.71999931335449,,,,0.0,False,missing_candidate_legs
sim_2019-02-09_2026-05-21_7bc84efae62c,2020-12-15,short_straddle,GLD,,,,22.88999938964844,,,,0.0,False,missing_candidate_legs
sim_2019-02-09_2026-05-21_7bc84efae62c,2020-12-15,put_credit_spread,GLD,,,,22.88999938964844,,,,0.0,False,missing_candidate_legs
sim_2019-02-09_2026-05-21_7bc84efae62c,2020-12-16,short_straddle,GLD,,,,22.5,,,,0.0,False,missing_candidate_legs
sim_2019-02-09_2026-05-21_7bc84efae62c,2020-12-16,put_credit_spread,GLD,,,,22.5,,,,0.0,False,missing_candidate_legs
sim_2019-02-09_2026-05-21_7bc84efae62c,2020-12-17,short_straddle,GLD,,,,21.93000030517578,,,,0.0,False,missing_candidate_legs
sim_2019-02-09_2026-05-21_7bc84efae62c,2020-12-17,put_credit_spread,GLD,,,,21.93000030517578,,,,0.0,False,missing_candidate_legs
sim_2019-02-09_2026-05-21_7bc84efae62c,2020-12-18,short_straddle,GLD,,,,21.56999969482422,,,,0.0,False,missing_candidate_legs
sim_2019-02-09_2026-05-21_7bc84efae62c,2020-12-18,put_credit_spread,GLD,,,,21.56999969482422,,,,0.0,False,missing_candidate_legs
sim_2019-02-09_2026-05-21_7bc84efae62c,2020-12-21,short_straddle,GLD,,,,25.15999984741211,,,,0.0,False,missing_candidate_legs
sim_2019-02-09_2026-05-21_7bc84efae62c,2020-12-21,put_credit_spread,GLD,,,,25.15999984741211,,,,0.0,False,missing_candidate_legs
sim_2019-02-09_2026-05-21_7bc84efae62c,2020-12-22,short_straddle,GLD,,,,24.229999542236328,,,,0.0,False,missing_candidate_legs
sim_2019-02-09_2026-05-21_7bc84efae62c,2020-12-22,put_credit_spread,GLD,,,,24.229999542236328,,,,0.0,False,missing_candidate_legs
sim_2019-02-09_2026-05-21_7bc84efae62c,2020-12-23,short_straddle,GLD,,,,23.309999465942383,,,,0.0,False,missing_candidate_legs
sim_2019-02-09_2026-05-21_7bc84efae62c,2020-12-23,put_credit_spread,GLD,,,,23.309999465942383,,,,0.0,False,missing_candidate_legs
sim_2019-02-09_2026-05-21_7bc84efae62c,2020-12-24,short_straddle,GLD,,,,21.530000686645508,,,,0.0,False,missing_candidate_legs
sim_2019-02-09_2026-05-21_7bc84efae62c,2020-12-24,put_credit_spread,GLD,,,,21.530000686645508,,,,0.0,False,missing_candidate_legs
sim_2019-02-09_2026-05-21_7bc84efae62c,2020-12-28,short_straddle,GLD,,,,21.700000762939453,,,,0.0,False,missing_candidate_legs
sim_2019-02-09_2026-05-21_7bc84efae62c,2020-12-28,put_credit_spread,GLD,,,,21.700000762939453,,,,0.0,False,missing_candidate_legs
sim_2019-02-09_2026-05-21_7bc84efae62c,2020-12-29,short_straddle,GLD,,,,23.07999992370605,,,,0.0,False,missing_candidate_legs
sim_2019-02-09_2026-05-21_7bc84efae62c,2020-12-29,put_credit_spread,GLD,,,,23.07999992370605,,,,0.0,False,missing_candidate_legs
sim_2019-02-09_2026-05-21_7bc84efae62c,2020-12-30,short_straddle,GLD,,,,22.770000457763672,,,,0.0,False,missing_candidate_legs
sim_2019-02-09_2026-05-21_7bc84efae62c,2020-12-30,put_credit_spread,GLD,,,,22.770000457763672,,,,0.0,False,missing_candidate_legs
sim_2019-02-09_2026-05-21_7bc84efae62c,2020-12-31,short_straddle,GLD,,,,22.75,,,,0.0,False,missing_candidate_legs
sim_2019-02-09_2026-05-21_7bc84efae62c,2020-12-31,put_credit_spread,GLD,,,,22.75,,,,0.0,False,missing_candidate_legs
sim_2019-02-09_2026-05-21_7bc84efae62c,2021-01-04,short_straddle,GLD,,,,26.96999931335449,,,,0.0,False,missing_candidate_legs
sim_2019-02-09_2026-05-21_7bc84efae62c,2021-01-04,put_credit_spread,GLD,,,,26.96999931335449,,,,0.0,False,missing_candidate_legs
sim_2019-02-09_2026-05-21_7bc84efae62c,2021-01-05,short_straddle,GLD,,,,25.34000015258789,,,,0.0,False,missing_candidate_legs
sim_2019-02-09_2026-05-21_7bc84efae62c,2021-01-05,put_credit_spread,GLD,,,,25.34000015258789,,,,0.0,False,missing_candidate_legs
sim_2019-02-09_2026-05-21_7bc84efae62c,2021-01-06,short_straddle,GLD,,,,25.06999969482422,,,,0.0,False,missing_candidate_legs
sim_2019-02-09_2026-05-21_7bc84efae62c,2021-01-06,put_credit_spread,GLD,,,,25.06999969482422,,,,0.0,False,missing_candidate_legs
sim_2019-02-09_2026-05-21_7bc84efae62c,2021-01-07,short_straddle,GLD,,,,22.3700008392334,,,,0.0,False,missing_candidate_legs
sim_2019-02-09_2026-05-21_7bc84efae62c,2021-01-07,put_credit_spread,GLD,,,,22.3700008392334,,,,0.0,False,missing_candidate_legs
sim_2019-02-09_2026-05-21_7bc84efae62c,2021-01-08,short_straddle,GLD,,,,21.559999465942383,,,,0.0,False,missing_candidate_legs
sim_2019-02-09_2026-05-21_7bc84efae62c,2021-01-08,put_credit_spread,GLD,,,,21.559999465942383,,,,0.0,False,missing_candidate_legs
sim_2019-02-09_2026-05-21_7bc84efae62c,2021-01-11,short_straddle,GLD,,,,24.07999992370605,,,,0.0,False,missing_candidate_legs
sim_2019-02-09_2026-05-21_7bc84efae62c,2021-01-11,put_credit_spread,GLD,,,,24.07999992370605,,,,0.0,False,missing_candidate_legs
sim_2019-02-09_2026-05-21_7bc84efae62c,2021-01-12,short_straddle,GLD,,,,23.32999992370605,,,,0.0,False,missing_candidate_legs
sim_2019-02-09_2026-05-21_7bc84efae62c,2021-01-12,put_credit_spread,GLD,,,,23.32999992370605,,,,0.0,False,missing_candidate_legs
sim_2019-02-09_2026-05-21_7bc84efae62c,2021-01-13,short_straddle,GLD,,,,22.209999084472656,,,,0.0,False,missing_candidate_legs
sim_2019-02-09_2026-05-21_7bc84efae62c,2021-01-13,put_credit_spread,GLD,,,,22.209999084472656,,,,0.0,False,missing_candidate_legs
sim_2019-02-09_2026-05-21_7bc84efae62c,2021-01-14,short_straddle,GLD,,,,23.25,,,,0.0,False,missing_candidate_legs
sim_2019-02-09_2026-05-21_7bc84efae62c,2021-01-14,put_credit_spread,GLD,,,,23.25,,,,0.0,False,missing_candidate_legs
sim_2019-02-09_2026-05-21_7bc84efae62c,2021-01-15,short_straddle,GLD,,,,24.34000015258789,,,,0.0,False,missing_candidate_legs
sim_2019-02-09_2026-05-21_7bc84efae62c,2021-01-15,put_credit_spread,GLD,,,,24.34000015258789,,,,0.0,False,missing_candidate_legs
sim_2019-02-09_2026-05-21_7bc84efae62c,2021-01-19,short_straddle,GLD,,,,23.239999771118164,,,,0.0,False,missing_candidate_legs
sim_2019-02-09_2026-05-21_7bc84efae62c,2021-01-19,put_credit_spread,GLD,,,,23.239999771118164,,,,0.0,False,missing_candidate_legs
sim_2019-02-09_2026-05-21_7bc84efae62c,2021-01-20,short_straddle,GLD,,,,21.57999992370605,,,,0.0,False,missing_candidate_legs
sim_2019-02-09_2026-05-21_7bc84efae62c,2021-01-20,put_credit_spread,GLD,,,,21.57999992370605,,,,0.0,False,missing_candidate_legs
sim_2019-02-09_2026-05-21_7bc84efae62c,2021-01-21,short_straddle,GLD,,,,21.31999969482422,,,,0.0,False,missing_candidate_legs
sim_2019-02-09_2026-05-21_7bc84efae62c,2021-01-21,put_credit_spread,GLD,,,,21.31999969482422,,,,0.0,False,missing_candidate_legs
sim_2019-02-09_2026-05-21_7bc84efae62c,2021-01-22,short_straddle,GLD,,,,21.90999984741211,,,,0.0,False,missing_candidate_legs
sim_2019-02-09_2026-05-21_7bc84efae62c,2021-01-22,put_credit_spread,GLD,,,,21.90999984741211,,,,0.0,False,missing_candidate_legs
sim_2019-02-09_2026-05-21_7bc84efae62c,2021-01-25,short_straddle,GLD,,,,23.190000534057617,,,,0.0,False,missing_candidate_legs
sim_2019-02-09_2026-05-21_7bc84efae62c,2021-01-25,put_credit_spread,GLD,,,,23.190000534057617,,,,0.0,False,missing_candidate_legs
sim_2019-02-09_2026-05-21_7bc84efae62c,2021-01-26,short_straddle,GLD,,,,23.020000457763672,,,,0.0,False,missing_candidate_legs
sim_2019-02-09_2026-05-21_7bc84efae62c,2021-01-26,put_credit_spread,GLD,,,,23.020000457763672,,,,0.0,False,missing_candidate_legs
sim_2019-02-09_2026-05-21_7bc84efae62c,2021-01-27,short_straddle,GLD,,,,37.209999084472656,,,,0.0,False,missing_candidate_legs
sim_2019-02-09_2026-05-21_7bc84efae62c,2021-01-27,put_credit_spread,GLD,,,,37.209999084472656,,,,0.0,False,missing_candidate_legs
sim_2019-02-09_2026-05-21_7bc84efae62c,2021-01-28,short_straddle,GLD,,,,30.209999084472656,,,,0.0,False,missing_candidate_legs
sim_2019-02-09_2026-05-21_7bc84efae62c,2021-01-28,put_credit_spread,GLD,,,,30.209999084472656,,,,0.0,False,missing_candidate_legs
sim_2019-02-09_2026-05-21_7bc84efae62c,2021-01-29,short_straddle,GLD,,,,33.09000015258789,,,,0.0,False,missing_candidate_legs
sim_2019-02-09_2026-05-21_7bc84efae62c,2021-01-29,put_credit_spread,GLD,,,,33.09000015258789,,,,0.0,False,missing_candidate_legs
sim_2019-02-09_2026-05-21_7bc84efae62c,2021-02-01,short_straddle,GLD,,,,30.239999771118164,,,,0.0,False,missing_candidate_legs
sim_2019-02-09_2026-05-21_7bc84efae62c,2021-02-01,put_credit_spread,GLD,,,,30.239999771118164,,,,0.0,False,missing_candidate_legs
sim_2019-02-09_2026-05-21_7bc84efae62c,2021-02-02,short_straddle,GLD,,,,25.559999465942383,,,,0.0,False,missing_candidate_legs
sim_2019-02-09_2026-05-21_7bc84efae62c,2021-02-02,put_credit_spread,GLD,,,,25.559999465942383,,,,0.0,False,missing_candidate_legs
sim_2019-02-09_2026-05-21_7bc84efae62c,2021-02-03,short_straddle,GLD,,,,22.90999984741211,,,,0.0,False,missing_candidate_legs
sim_2019-02-09_2026-05-21_7bc84efae62c,2021-02-03,put_credit_spread,GLD,,,,22.90999984741211,,,,0.0,False,missing_candidate_legs
sim_2019-02-09_2026-05-21_7bc84efae62c,2021-02-04,short_straddle,GLD,,,,21.770000457763672,,,,0.0,False,missing_candidate_legs
sim_2019-02-09_2026-05-21_7bc84efae62c,2021-02-04,put_credit_spread,GLD,,,,21.770000457763672,,,,0.0,False,missing_candidate_legs
sim_2019-02-09_2026-05-21_7bc84efae62c,2021-02-05,short_straddle,GLD,,,,20.8700008392334,,,,0.0,False,missing_candidate_legs
sim_2019-02-09_2026-05-21_7bc84efae62c,2021-02-05,put_credit_spread,GLD,,,,20.8700008392334,,,,0.0,False,missing_candidate_legs
sim_2019-02-09_2026-05-21_7bc84efae62c,2021-02-08,short_straddle,GLD,,,,21.239999771118164,,,,0.0,False,missing_candidate_legs
sim_2019-02-09_2026-05-21_7bc84efae62c,2021-02-08,put_credit_spread,GLD,,,,21.239999771118164,,,,0.0,False,missing_candidate_legs
sim_2019-02-09_2026-05-21_7bc84efae62c,2021-02-09,short_straddle,GLD,,,,21.6299991607666,,,,0.0,False,missing_candidate_legs
sim_2019-02-09_2026-05-21_7bc84efae62c,2021-02-09,put_credit_spread,GLD,,,,21.6299991607666,,,,0.0,False,missing_candidate_legs
sim_2019-02-09_2026-05-21_7bc84efae62c,2021-02-10,short_straddle,GLD,,,,21.989999771118164,,,,0.0,False,missing_candidate_legs
sim_2019-02-09_2026-05-21_7bc84efae62c,2021-02-10,put_credit_spread,GLD,,,,21.989999771118164,,,,0.0,False,missing_candidate_legs
sim_2019-02-09_2026-05-21_7bc84efae62c,2021-02-11,short_straddle,GLD,,,,21.25,,,,0.0,False,missing_candidate_legs
sim_2019-02-09_2026-05-21_7bc84efae62c,2021-02-11,put_credit_spread,GLD,,,,21.25,,,,0.0,False,missing_candidate_legs
sim_2019-02-09_2026-05-21_7bc84efae62c,2021-02-12,short_straddle,GLD,,,,19.96999931335449,,,,0.0,False,missing_candidate_legs
sim_2019-02-09_2026-05-21_7bc84efae62c,2021-02-12,put_credit_spread,GLD,,,,19.96999931335449,,,,0.0,False,missing_candidate_legs
sim_2019-02-09_2026-05-21_7bc84efae62c,2021-02-16,short_straddle,GLD,,,,21.459999084472656,,,,0.0,False,missing_candidate_legs
sim_2019-02-09_2026-05-21_7bc84efae62c,2021-02-16,put_credit_spread,GLD,,,,21.459999084472656,,,,0.0,False,missing_candidate_legs
sim_2019-02-09_2026-05-21_7bc84efae62c,2021-02-17,short_straddle,GLD,,,,21.5,,,,0.0,False,missing_candidate_legs
sim_2019-02-09_2026-05-21_7bc84efae62c,2021-02-17,put_credit_spread,GLD,,,,21.5,,,,0.0,False,missing_candidate_legs
sim_2019-02-09_2026-05-21_7bc84efae62c,2021-02-18,short_straddle,GLD,,,,22.489999771118164,,,,0.0,False,missing_candidate_legs
sim_2019-02-09_2026-05-21_7bc84efae62c,2021-02-18,put_credit_spread,GLD,,,,22.489999771118164,,,,0.0,False,missing_candidate_legs
sim_2019-02-09_2026-05-21_7bc84efae62c,2021-02-19,short_straddle,GLD,,,,22.049999237060547,,,,0.0,False,missing_candidate_legs
sim_2019-02-09_2026-05-21_7bc84efae62c,2021-02-19,put_credit_spread,GLD,,,,22.049999237060547,,,,0.0,False,missing_candidate_legs
sim_2019-02-09_2026-05-21_7bc84efae62c,2021-02-22,short_straddle,GLD,,,,23.450000762939453,,,,0.0,False,missing_candidate_legs
sim_2019-02-09_2026-05-21_7bc84efae62c,2021-02-22,put_credit_spread,GLD,,,,23.450000762939453,,,,0.0,False,missing_candidate_legs
sim_2019-02-09_2026-05-21_7bc84efae62c,2021-02-23,short_straddle,GLD,,,,23.11000061035156,,,,0.0,False,missing_candidate_legs
sim_2019-02-09_2026-05-21_7bc84efae62c,2021-02-23,put_credit_spread,GLD,,,,23.11000061035156,,,,0.0,False,missing_candidate_legs
sim_2019-02-09_2026-05-21_7bc84efae62c,2021-02-24,short_straddle,GLD,,,,21.34000015258789,,,,0.0,False,missing_candidate_legs
sim_2019-02-09_2026-05-21_7bc84efae62c,2021-02-24,put_credit_spread,GLD,,,,21.34000015258789,,,,0.0,False,missing_candidate_legs
sim_2019-02-09_2026-05-21_7bc84efae62c,2021-02-25,short_straddle,GLD,,,,28.88999938964844,,,,0.0,False,missing_candidate_legs
sim_2019-02-09_2026-05-21_7bc84efae62c,2021-02-25,put_credit_spread,GLD,,,,28.88999938964844,,,,0.0,False,missing_candidate_legs
sim_2019-02-09_2026-05-21_7bc84efae62c,2021-02-26,short_straddle,GLD,,,,27.950000762939453,,,,0.0,False,missing_candidate_legs
sim_2019-02-09_2026-05-21_7bc84efae62c,2021-02-26,put_credit_spread,GLD,,,,27.950000762939453,,,,0.0,False,missing_candidate_legs
sim_2019-02-09_2026-05-21_7bc84efae62c,2021-03-01,short_straddle,GLD,,,,23.350000381469727,,,,0.0,False,missing_candidate_legs
sim_2019-02-09_2026-05-21_7bc84efae62c,2021-03-01,put_credit_spread,GLD,,,,23.350000381469727,,,,0.0,False,missing_candidate_legs
sim_2019-02-09_2026-05-21_7bc84efae62c,2021-03-02,short_straddle,GLD,,,,24.100000381469727,,,,0.0,False,missing_candidate_legs
sim_2019-02-09_2026-05-21_7bc84efae62c,2021-03-02,put_credit_spread,GLD,,,,24.100000381469727,,,,0.0,False,missing_candidate_legs
sim_2019-02-09_2026-05-21_7bc84efae62c,2021-03-03,short_straddle,GLD,,,,26.670000076293945,,,,0.0,False,missing_candidate_legs
sim_2019-02-09_2026-05-21_7bc84efae62c,2021-03-03,put_credit_spread,GLD,,,,26.670000076293945,,,,0.0,False,missing_candidate_legs
sim_2019-02-09_2026-05-21_7bc84efae62c,2021-03-04,short_straddle,GLD,,,,28.56999969482422,,,,0.0,False,missing_candidate_legs
sim_2019-02-09_2026-05-21_7bc84efae62c,2021-03-04,put_credit_spread,GLD,,,,28.56999969482422,,,,0.0,False,missing_candidate_legs
sim_2019-02-09_2026-05-21_7bc84efae62c,2021-03-05,short_straddle,GLD,,,,24.65999984741211,,,,0.0,False,missing_candidate_legs
sim_2019-02-09_2026-05-21_7bc84efae62c,2021-03-05,put_credit_spread,GLD,,,,24.65999984741211,,,,0.0,False,missing_candidate_legs
sim_2019-02-09_2026-05-21_7bc84efae62c,2021-03-08,short_straddle,GLD,,,,25.46999931335449,,,,0.0,False,missing_candidate_legs
sim_2019-02-09_2026-05-21_7bc84efae62c,2021-03-08,put_credit_spread,GLD,,,,25.46999931335449,,,,0.0,False,missing_candidate_legs
sim_2019-02-09_2026-05-21_7bc84efae62c,2021-03-09,short_straddle,GLD,,,,24.030000686645508,,,,0.0,False,missing_candidate_legs
sim_2019-02-09_2026-05-21_7bc84efae62c,2021-03-09,put_credit_spread,GLD,,,,24.030000686645508,,,,0.0,False,missing_candidate_legs
sim_2019-02-09_2026-05-21_7bc84efae62c,2021-03-10,short_straddle,GLD,,,,22.559999465942383,,,,0.0,False,missing_candidate_legs
sim_2019-02-09_2026-05-21_7bc84efae62c,2021-03-10,put_credit_spread,GLD,,,,22.559999465942383,,,,0.0,False,missing_candidate_legs
sim_2019-02-09_2026-05-21_7bc84efae62c,2021-03-11,short_straddle,GLD,,,,21.90999984741211,,,,0.0,False,missing_candidate_legs
sim_2019-02-09_2026-05-21_7bc84efae62c,2021-03-11,put_credit_spread,GLD,,,,21.90999984741211,,,,0.0,False,missing_candidate_legs
sim_2019-02-09_2026-05-21_7bc84efae62c,2021-03-12,short_straddle,GLD,,,,20.690000534057617,,,,0.0,False,missing_candidate_legs
sim_2019-02-09_2026-05-21_7bc84efae62c,2021-03-12,put_credit_spread,GLD,,,,20.690000534057617,,,,0.0,False,missing_candidate_legs
sim_2019-02-09_2026-05-21_7bc84efae62c,2021-03-15,short_straddle,GLD,,,,20.030000686645508,,,,0.0,False,missing_candidate_legs
sim_2019-02-09_2026-05-21_7bc84efae62c,2021-03-15,put_credit_spread,GLD,,,,20.030000686645508,,,,0.0,False,missing_candidate_legs
sim_2019-02-09_2026-05-21_7bc84efae62c,2021-03-16,short_straddle,GLD,,,,19.790000915527344,,,,0.0,False,missing_candidate_legs
sim_2019-02-09_2026-05-21_7bc84efae62c,2021-03-16,put_credit_spread,GLD,,,,19.790000915527344,,,,0.0,False,missing_candidate_legs
sim_2019-02-09_2026-05-21_7bc84efae62c,2021-03-17,short_straddle,GLD,,,,19.229999542236328,,,,0.0,False,missing_candidate_legs
sim_2019-02-09_2026-05-21_7bc84efae62c,2021-03-17,put_credit_spread,GLD,,,,19.229999542236328,,,,0.0,False,missing_candidate_legs
sim_2019-02-09_2026-05-21_7bc84efae62c,2021-03-18,short_straddle,GLD,,,,21.57999992370605,,,,0.0,False,missing_candidate_legs
sim_2019-02-09_2026-05-21_7bc84efae62c,2021-03-18,put_credit_spread,GLD,,,,21.57999992370605,,,,0.0,False,missing_candidate_legs
sim_2019-02-09_2026-05-21_7bc84efae62c,2021-03-19,short_straddle,GLD,,,,20.950000762939453,,,,0.0,False,missing_candidate_legs
sim_2019-02-09_2026-05-21_7bc84efae62c,2021-03-19,put_credit_spread,GLD,,,,20.950000762939453,,,,0.0,False,missing_candidate_legs
sim_2019-02-09_2026-05-21_7bc84efae62c,2021-03-22,short_straddle,GLD,,,,18.8799991607666,,,,0.0,False,missing_candidate_legs
sim_2019-02-09_2026-05-21_7bc84efae62c,2021-03-22,put_credit_spread,GLD,,,,18.8799991607666,,,,0.0,False,missing_candidate_legs
sim_2019-02-09_2026-05-21_7bc84efae62c,2021-03-23,short_straddle,GLD,,,,20.299999237060547,,,,0.0,False,missing_candidate_legs
sim_2019-02-09_2026-05-21_7bc84efae62c,2021-03-23,put_credit_spread,GLD,,,,20.299999237060547,,,,0.0,False,missing_candidate_legs
sim_2019-02-09_2026-05-21_7bc84efae62c,2021-03-24,short_straddle,GLD,,,,21.200000762939453,,,,0.0,False,missing_candidate_legs
sim_2019-02-09_2026-05-21_7bc84efae62c,2021-03-24,put_credit_spread,GLD,,,,21.200000762939453,,,,0.0,False,missing_candidate_legs
sim_2019-02-09_2026-05-21_7bc84efae62c,2021-03-25,short_straddle,GLD,,,,19.809999465942383,,,,0.0,False,missing_candidate_legs
sim_2019-02-09_2026-05-21_7bc84efae62c,2021-03-25,put_credit_spread,GLD,,,,19.809999465942383,,,,0.0,False,missing_candidate_legs
sim_2019-02-09_2026-05-21_7bc84efae62c,2021-03-26,short_straddle,GLD,,,,18.86000061035156,,,,0.0,False,missing_candidate_legs
sim_2019-02-09_2026-05-21_7bc84efae62c,2021-03-26,put_credit_spread,GLD,,,,18.86000061035156,,,,0.0,False,missing_candidate_legs
sim_2019-02-09_2026-05-21_7bc84efae62c,2021-03-29,short_straddle,GLD,,,,20.739999771118164,,,,0.0,False,missing_candidate_legs
sim_2019-02-09_2026-05-21_7bc84efae62c,2021-03-29,put_credit_spread,GLD,,,,20.739999771118164,,,,0.0,False,missing_candidate_legs
sim_2019-02-09_2026-05-21_7bc84efae62c,2021-03-30,short_straddle,GLD,,,,19.61000061035156,,,,0.0,False,missing_candidate_legs
sim_2019-02-09_2026-05-21_7bc84efae62c,2021-03-30,put_credit_spread,GLD,,,,19.61000061035156,,,,0.0,False,missing_candidate_legs
sim_2019-02-09_2026-05-21_7bc84efae62c,2021-03-31,short_straddle,GLD,,,,19.39999961853028,,,,0.0,False,missing_candidate_legs
sim_2019-02-09_2026-05-21_7bc84efae62c,2021-03-31,put_credit_spread,GLD,,,,19.39999961853028,,,,0.0,False,missing_candidate_legs
sim_2019-02-09_2026-05-21_7bc84efae62c,2021-04-01,short_straddle,GLD,,,,17.329999923706055,,,,0.0,False,missing_candidate_legs
sim_2019-02-09_2026-05-21_7bc84efae62c,2021-04-01,put_credit_spread,GLD,,,,17.329999923706055,,,,0.0,False,missing_candidate_legs
sim_2019-02-09_2026-05-21_7bc84efae62c,2021-04-05,short_straddle,GLD,,,,17.90999984741211,,,,0.0,False,missing_candidate_legs
sim_2019-02-09_2026-05-21_7bc84efae62c,2021-04-05,put_credit_spread,GLD,,,,17.90999984741211,,,,0.0,False,missing_candidate_legs
sim_2019-02-09_2026-05-21_7bc84efae62c,2021-04-06,short_straddle,GLD,,,,18.1200008392334,,,,0.0,False,missing_candidate_legs
sim_2019-02-09_2026-05-21_7bc84efae62c,2021-04-06,put_credit_spread,GLD,,,,18.1200008392334,,,,0.0,False,missing_candidate_legs
sim_2019-02-09_2026-05-21_7bc84efae62c,2021-04-07,short_straddle,GLD,,,,17.15999984741211,,,,0.0,False,missing_candidate_legs
sim_2019-02-09_2026-05-21_7bc84efae62c,2021-04-07,put_credit_spread,GLD,,,,17.15999984741211,,,,0.0,False,missing_candidate_legs
sim_2019-02-09_2026-05-21_7bc84efae62c,2021-04-08,short_straddle,GLD,,,,16.950000762939453,,,,0.0,False,missing_candidate_legs
sim_2019-02-09_2026-05-21_7bc84efae62c,2021-04-08,put_credit_spread,GLD,,,,16.950000762939453,,,,0.0,False,missing_candidate_legs
sim_2019-02-09_2026-05-21_7bc84efae62c,2021-04-09,short_straddle,GLD,,,,16.690000534057617,,,,0.0,False,missing_candidate_legs
sim_2019-02-09_2026-05-21_7bc84efae62c,2021-04-09,put_credit_spread,GLD,,,,16.690000534057617,,,,0.0,False,missing_candidate_legs
sim_2019-02-09_2026-05-21_7bc84efae62c,2021-04-12,short_straddle,GLD,,,,16.90999984741211,,,,0.0,False,missing_candidate_legs
sim_2019-02-09_2026-05-21_7bc84efae62c,2021-04-12,put_credit_spread,GLD,,,,16.90999984741211,,,,0.0,False,missing_candidate_legs
sim_2019-02-09_2026-05-21_7bc84efae62c,2021-04-13,short_straddle,GLD,,,,16.649999618530273,,,,0.0,False,missing_candidate_legs
sim_2019-02-09_2026-05-21_7bc84efae62c,2021-04-13,put_credit_spread,GLD,,,,16.649999618530273,,,,0.0,False,missing_candidate_legs
sim_2019-02-09_2026-05-21_7bc84efae62c,2021-04-14,short_straddle,GLD,,,,16.989999771118164,,,,0.0,False,missing_candidate_legs
sim_2019-02-09_2026-05-21_7bc84efae62c,2021-04-14,put_credit_spread,GLD,,,,16.989999771118164,,,,0.0,False,missing_candidate_legs
sim_2019-02-09_2026-05-21_7bc84efae62c,2021-04-15,short_straddle,GLD,,,,16.56999969482422,,,,0.0,False,missing_candidate_legs
sim_2019-02-09_2026-05-21_7bc84efae62c,2021-04-15,put_credit_spread,GLD,,,,16.56999969482422,,,,0.0,False,missing_candidate_legs
sim_2019-02-09_2026-05-21_7bc84efae62c,2021-04-16,short_straddle,GLD,,,,16.25,,,,0.0,False,missing_candidate_legs
sim_2019-02-09_2026-05-21_7bc84efae62c,2021-04-16,put_credit_spread,GLD,,,,16.25,,,,0.0,False,missing_candidate_legs
sim_2019-02-09_2026-05-21_7bc84efae62c,2021-04-19,short_straddle,GLD,,,,17.290000915527344,,,,0.0,False,missing_candidate_legs
sim_2019-02-09_2026-05-21_7bc84efae62c,2021-04-19,put_credit_spread,GLD,,,,17.290000915527344,,,,0.0,False,missing_candidate_legs
sim_2019-02-09_2026-05-21_7bc84efae62c,2021-04-20,short_straddle,GLD,,,,18.68000030517578,,,,0.0,False,missing_candidate_legs
sim_2019-02-09_2026-05-21_7bc84efae62c,2021-04-20,put_credit_spread,GLD,,,,18.68000030517578,,,,0.0,False,missing_candidate_legs
sim_2019-02-09_2026-05-21_7bc84efae62c,2021-04-21,short_straddle,GLD,,,,17.5,,,,0.0,False,missing_candidate_legs
sim_2019-02-09_2026-05-21_7bc84efae62c,2021-04-21,put_credit_spread,GLD,,,,17.5,,,,0.0,False,missing_candidate_legs
sim_2019-02-09_2026-05-21_7bc84efae62c,2021-04-22,short_straddle,GLD,,,,18.709999084472656,,,,0.0,False,missing_candidate_legs
sim_2019-02-09_2026-05-21_7bc84efae62c,2021-04-22,put_credit_spread,GLD,,,,18.709999084472656,,,,0.0,False,missing_candidate_legs
sim_2019-02-09_2026-05-21_7bc84efae62c,2021-04-23,short_straddle,GLD,,,,17.329999923706055,,,,0.0,False,missing_candidate_legs
sim_2019-02-09_2026-05-21_7bc84efae62c,2021-04-23,put_credit_spread,GLD,,,,17.329999923706055,,,,0.0,False,missing_candidate_legs
sim_2019-02-09_2026-05-21_7bc84efae62c,2021-04-26,short_straddle,GLD,,,,17.639999389648438,,,,0.0,False,missing_candidate_legs
sim_2019-02-09_2026-05-21_7bc84efae62c,2021-04-26,put_credit_spread,GLD,,,,17.639999389648438,,,,0.0,False,missing_candidate_legs
sim_2019-02-09_2026-05-21_7bc84efae62c,2021-04-27,short_straddle,GLD,,,,17.559999465942383,,,,0.0,False,missing_candidate_legs
sim_2019-02-09_2026-05-21_7bc84efae62c,2021-04-27,put_credit_spread,GLD,,,,17.559999465942383,,,,0.0,False,missing_candidate_legs
sim_2019-02-09_2026-05-21_7bc84efae62c,2021-04-28,short_straddle,GLD,,,,17.280000686645508,,,,0.0,False,missing_candidate_legs
sim_2019-02-09_2026-05-21_7bc84efae62c,2021-04-28,put_credit_spread,GLD,,,,17.280000686645508,,,,0.0,False,missing_candidate_legs
sim_2019-02-09_2026-05-21_7bc84efae62c,2021-04-29,short_straddle,GLD,,,,17.610000610351562,,,,0.0,False,missing_candidate_legs
sim_2019-02-09_2026-05-21_7bc84efae62c,2021-04-29,put_credit_spread,GLD,,,,17.610000610351562,,,,0.0,False,missing_candidate_legs
sim_2019-02-09_2026-05-21_7bc84efae62c,2021-04-30,short_straddle,GLD,,,,18.61000061035156,,,,0.0,False,missing_candidate_legs
sim_2019-02-09_2026-05-21_7bc84efae62c,2021-04-30,put_credit_spread,GLD,,,,18.61000061035156,,,,0.0,False,missing_candidate_legs
sim_2019-02-09_2026-05-21_7bc84efae62c,2021-05-03,short_straddle,GLD,,,,18.309999465942383,,,,0.0,False,missing_candidate_legs
sim_2019-02-09_2026-05-21_7bc84efae62c,2021-05-03,put_credit_spread,GLD,,,,18.309999465942383,,,,0.0,False,missing_candidate_legs
sim_2019-02-09_2026-05-21_7bc84efae62c,2021-05-04,short_straddle,GLD,,,,19.479999542236328,,,,0.0,False,missing_candidate_legs
sim_2019-02-09_2026-05-21_7bc84efae62c,2021-05-04,put_credit_spread,GLD,,,,19.479999542236328,,,,0.0,False,missing_candidate_legs
sim_2019-02-09_2026-05-21_7bc84efae62c,2021-05-05,short_straddle,GLD,,,,19.14999961853028,,,,0.0,False,missing_candidate_legs
sim_2019-02-09_2026-05-21_7bc84efae62c,2021-05-05,put_credit_spread,GLD,,,,19.14999961853028,,,,0.0,False,missing_candidate_legs
sim_2019-02-09_2026-05-21_7bc84efae62c,2021-05-06,short_straddle,GLD,,,,18.38999938964844,,,,0.0,False,missing_candidate_legs
sim_2019-02-09_2026-05-21_7bc84efae62c,2021-05-06,put_credit_spread,GLD,,,,18.38999938964844,,,,0.0,False,missing_candidate_legs
sim_2019-02-09_2026-05-21_7bc84efae62c,2021-05-07,short_straddle,GLD,,,,16.690000534057617,,,,0.0,False,missing_candidate_legs
sim_2019-02-09_2026-05-21_7bc84efae62c,2021-05-07,put_credit_spread,GLD,,,,16.690000534057617,,,,0.0,False,missing_candidate_legs
sim_2019-02-09_2026-05-21_7bc84efae62c,2021-05-10,short_straddle,GLD,,,,19.65999984741211,,,,0.0,False,missing_candidate_legs
sim_2019-02-09_2026-05-21_7bc84efae62c,2021-05-10,put_credit_spread,GLD,,,,19.65999984741211,,,,0.0,False,missing_candidate_legs
sim_2019-02-09_2026-05-21_7bc84efae62c,2021-05-11,short_straddle,GLD,,,,21.84000015258789,,,,0.0,False,missing_candidate_legs
sim_2019-02-09_2026-05-21_7bc84efae62c,2021-05-11,put_credit_spread,GLD,,,,21.84000015258789,,,,0.0,False,missing_candidate_legs
sim_2019-02-09_2026-05-21_7bc84efae62c,2021-05-12,short_straddle,GLD,,,,27.59000015258789,,,,0.0,False,missing_candidate_legs
sim_2019-02-09_2026-05-21_7bc84efae62c,2021-05-12,put_credit_spread,GLD,,,,27.59000015258789,,,,0.0,False,missing_candidate_legs
sim_2019-02-09_2026-05-21_7bc84efae62c,2021-05-13,short_straddle,GLD,,,,23.1299991607666,,,,0.0,False,missing_candidate_legs
sim_2019-02-09_2026-05-21_7bc84efae62c,2021-05-13,put_credit_spread,GLD,,,,23.1299991607666,,,,0.0,False,missing_candidate_legs
sim_2019-02-09_2026-05-21_7bc84efae62c,2021-05-14,short_straddle,GLD,,,,18.809999465942383,,,,0.0,False,missing_candidate_legs
sim_2019-02-09_2026-05-21_7bc84efae62c,2021-05-14,put_credit_spread,GLD,,,,18.809999465942383,,,,0.0,False,missing_candidate_legs
sim_2019-02-09_2026-05-21_7bc84efae62c,2021-05-17,short_straddle,GLD,,,,19.71999931335449,,,,0.0,False,missing_candidate_legs
sim_2019-02-09_2026-05-21_7bc84efae62c,2021-05-17,put_credit_spread,GLD,,,,19.71999931335449,,,,0.0,False,missing_candidate_legs
sim_2019-02-09_2026-05-21_7bc84efae62c,2021-05-18,short_straddle,GLD,,,,21.34000015258789,,,,0.0,False,missing_candidate_legs
sim_2019-02-09_2026-05-21_7bc84efae62c,2021-05-18,put_credit_spread,GLD,,,,21.34000015258789,,,,0.0,False,missing_candidate_legs
sim_2019-02-09_2026-05-21_7bc84efae62c,2021-05-19,short_straddle,GLD,,,,22.18000030517578,,,,0.0,False,missing_candidate_legs
sim_2019-02-09_2026-05-21_7bc84efae62c,2021-05-19,put_credit_spread,GLD,,,,22.18000030517578,,,,0.0,False,missing_candidate_legs
sim_2019-02-09_2026-05-21_7bc84efae62c,2021-05-20,short_straddle,GLD,,,,20.670000076293945,,,,0.0,False,missing_candidate_legs
sim_2019-02-09_2026-05-21_7bc84efae62c,2021-05-20,put_credit_spread,GLD,,,,20.670000076293945,,,,0.0,False,missing_candidate_legs
sim_2019-02-09_2026-05-21_7bc84efae62c,2021-05-21,short_straddle,GLD,,,,20.14999961853028,,,,0.0,False,missing_candidate_legs
sim_2019-02-09_2026-05-21_7bc84efae62c,2021-05-21,put_credit_spread,GLD,,,,20.14999961853028,,,,0.0,False,missing_candidate_legs
sim_2019-02-09_2026-05-21_7bc84efae62c,2021-05-24,short_straddle,GLD,,,,18.39999961853028,,,,0.0,False,missing_candidate_legs
sim_2019-02-09_2026-05-21_7bc84efae62c,2021-05-24,put_credit_spread,GLD,,,,18.39999961853028,,,,0.0,False,missing_candidate_legs
sim_2019-02-09_2026-05-21_7bc84efae62c,2021-05-25,short_straddle,GLD,,,,18.84000015258789,,,,0.0,False,missing_candidate_legs
sim_2019-02-09_2026-05-21_7bc84efae62c,2021-05-25,put_credit_spread,GLD,,,,18.84000015258789,,,,0.0,False,missing_candidate_legs
sim_2019-02-09_2026-05-21_7bc84efae62c,2021-05-26,short_straddle,GLD,,,,17.360000610351562,,,,0.0,False,missing_candidate_legs
sim_2019-02-09_2026-05-21_7bc84efae62c,2021-05-26,put_credit_spread,GLD,,,,17.360000610351562,,,,0.0,False,missing_candidate_legs
sim_2019-02-09_2026-05-21_7bc84efae62c,2021-05-27,short_straddle,GLD,,,,16.739999771118164,,,,0.0,False,missing_candidate_legs
sim_2019-02-09_2026-05-21_7bc84efae62c,2021-05-27,put_credit_spread,GLD,,,,16.739999771118164,,,,0.0,False,missing_candidate_legs
sim_2019-02-09_2026-05-21_7bc84efae62c,2021-05-28,short_straddle,GLD,,,,16.760000228881836,,,,0.0,False,missing_candidate_legs
sim_2019-02-09_2026-05-21_7bc84efae62c,2021-05-28,put_credit_spread,GLD,,,,16.760000228881836,,,,0.0,False,missing_candidate_legs
sim_2019-02-09_2026-05-21_7bc84efae62c,2021-06-01,short_straddle,GLD,,,,17.899999618530273,,,,0.0,False,missing_candidate_legs
sim_2019-02-09_2026-05-21_7bc84efae62c,2021-06-01,put_credit_spread,GLD,,,,17.899999618530273,,,,0.0,False,missing_candidate_legs
sim_2019-02-09_2026-05-21_7bc84efae62c,2021-06-02,short_straddle,GLD,,,,17.479999542236328,,,,0.0,False,missing_candidate_legs
sim_2019-02-09_2026-05-21_7bc84efae62c,2021-06-02,put_credit_spread,GLD,,,,17.479999542236328,,,,0.0,False,missing_candidate_legs
sim_2019-02-09_2026-05-21_7bc84efae62c,2021-06-03,short_straddle,GLD,,,,18.040000915527344,,,,0.0,False,missing_candidate_legs
sim_2019-02-09_2026-05-21_7bc84efae62c,2021-06-03,put_credit_spread,GLD,,,,18.040000915527344,,,,0.0,False,missing_candidate_legs
sim_2019-02-09_2026-05-21_7bc84efae62c,2021-06-04,short_straddle,GLD,,,,16.420000076293945,,,,0.0,False,missing_candidate_legs
sim_2019-02-09_2026-05-21_7bc84efae62c,2021-06-04,put_credit_spread,GLD,,,,16.420000076293945,,,,0.0,False,missing_candidate_legs
sim_2019-02-09_2026-05-21_7bc84efae62c,2021-06-07,short_straddle,GLD,,,,16.420000076293945,,,,0.0,False,missing_candidate_legs
sim_2019-02-09_2026-05-21_7bc84efae62c,2021-06-07,put_credit_spread,GLD,,,,16.420000076293945,,,,0.0,False,missing_candidate_legs
sim_2019-02-09_2026-05-21_7bc84efae62c,2021-06-08,short_straddle,GLD,,,,17.06999969482422,,,,0.0,False,missing_candidate_legs
sim_2019-02-09_2026-05-21_7bc84efae62c,2021-06-08,put_credit_spread,GLD,,,,17.06999969482422,,,,0.0,False,missing_candidate_legs
sim_2019-02-09_2026-05-21_7bc84efae62c,2021-06-09,short_straddle,GLD,,,,17.889999389648438,,,,0.0,False,missing_candidate_legs
sim_2019-02-09_2026-05-21_7bc84efae62c,2021-06-09,put_credit_spread,GLD,,,,17.889999389648438,,,,0.0,False,missing_candidate_legs
sim_2019-02-09_2026-05-21_7bc84efae62c,2021-06-10,short_straddle,GLD,,,,16.100000381469727,,,,0.0,False,missing_candidate_legs
sim_2019-02-09_2026-05-21_7bc84efae62c,2021-06-10,put_credit_spread,GLD,,,,16.100000381469727,,,,0.0,False,missing_candidate_legs
sim_2019-02-09_2026-05-21_7bc84efae62c,2021-06-11,short_straddle,GLD,,,,15.649999618530272,,,,0.0,False,missing_candidate_legs
sim_2019-02-09_2026-05-21_7bc84efae62c,2021-06-11,put_credit_spread,GLD,,,,15.649999618530272,,,,0.0,False,missing_candidate_legs
sim_2019-02-09_2026-05-21_7bc84efae62c,2021-06-14,short_straddle,GLD,,,,16.389999389648438,,,,0.0,False,missing_candidate_legs
sim_2019-02-09_2026-05-21_7bc84efae62c,2021-06-14,put_credit_spread,GLD,,,,16.389999389648438,,,,0.0,False,missing_candidate_legs
sim_2019-02-09_2026-05-21_7bc84efae62c,2021-06-15,short_straddle,GLD,,,,17.020000457763672,,,,0.0,False,missing_candidate_legs
sim_2019-02-09_2026-05-21_7bc84efae62c,2021-06-15,put_credit_spread,GLD,,,,17.020000457763672,,,,0.0,False,missing_candidate_legs
sim_2019-02-09_2026-05-21_7bc84efae62c,2021-06-16,short_straddle,GLD,,,,18.14999961853028,,,,0.0,False,missing_candidate_legs
sim_2019-02-09_2026-05-21_7bc84efae62c,2021-06-16,put_credit_spread,GLD,,,,18.14999961853028,,,,0.0,False,missing_candidate_legs
sim_2019-02-09_2026-05-21_7bc84efae62c,2021-06-17,short_straddle,GLD,,,,17.75,,,,0.0,False,missing_candidate_legs
sim_2019-02-09_2026-05-21_7bc84efae62c,2021-06-17,put_credit_spread,GLD,,,,17.75,,,,0.0,False,missing_candidate_legs
sim_2019-02-09_2026-05-21_7bc84efae62c,2021-06-18,short_straddle,GLD,,,,20.700000762939453,,,,0.0,False,missing_candidate_legs
sim_2019-02-09_2026-05-21_7bc84efae62c,2021-06-18,put_credit_spread,GLD,,,,20.700000762939453,,,,0.0,False,missing_candidate_legs
sim_2019-02-09_2026-05-21_7bc84efae62c,2021-06-21,short_straddle,GLD,,,,17.889999389648438,,,,0.0,False,missing_candidate_legs
sim_2019-02-09_2026-05-21_7bc84efae62c,2021-06-21,put_credit_spread,GLD,,,,17.889999389648438,,,,0.0,False,missing_candidate_legs
sim_2019-02-09_2026-05-21_7bc84efae62c,2021-06-22,short_straddle,GLD,,,,16.65999984741211,,,,0.0,False,missing_candidate_legs
sim_2019-02-09_2026-05-21_7bc84efae62c,2021-06-22,put_credit_spread,GLD,,,,16.65999984741211,,,,0.0,False,missing_candidate_legs
sim_2019-02-09_2026-05-21_7bc84efae62c,2021-06-23,short_straddle,GLD,,,,16.31999969482422,,,,0.0,False,missing_candidate_legs
sim_2019-02-09_2026-05-21_7bc84efae62c,2021-06-23,put_credit_spread,GLD,,,,16.31999969482422,,,,0.0,False,missing_candidate_legs
sim_2019-02-09_2026-05-21_7bc84efae62c,2021-06-24,short_straddle,GLD,,,,15.970000267028809,,,,0.0,False,missing_candidate_legs
sim_2019-02-09_2026-05-21_7bc84efae62c,2021-06-24,put_credit_spread,GLD,,,,15.970000267028809,,,,0.0,False,missing_candidate_legs
sim_2019-02-09_2026-05-21_7bc84efae62c,2021-06-25,short_straddle,GLD,,,,15.619999885559082,,,,0.0,False,missing_candidate_legs
sim_2019-02-09_2026-05-21_7bc84efae62c,2021-06-25,put_credit_spread,GLD,,,,15.619999885559082,,,,0.0,False,missing_candidate_legs
sim_2019-02-09_2026-05-21_7bc84efae62c,2021-06-28,short_straddle,GLD,,,,15.760000228881836,,,,0.0,False,missing_candidate_legs
sim_2019-02-09_2026-05-21_7bc84efae62c,2021-06-28,put_credit_spread,GLD,,,,15.760000228881836,,,,0.0,False,missing_candidate_legs
sim_2019-02-09_2026-05-21_7bc84efae62c,2021-06-29,short_straddle,GLD,,,,16.020000457763672,,,,0.0,False,missing_candidate_legs
sim_2019-02-09_2026-05-21_7bc84efae62c,2021-06-29,put_credit_spread,GLD,,,,16.020000457763672,,,,0.0,False,missing_candidate_legs
sim_2019-02-09_2026-05-21_7bc84efae62c,2021-06-30,short_straddle,GLD,,,,15.829999923706056,,,,0.0,False,missing_candidate_legs
sim_2019-02-09_2026-05-21_7bc84efae62c,2021-06-30,put_credit_spread,GLD,,,,15.829999923706056,,,,0.0,False,missing_candidate_legs
sim_2019-02-09_2026-05-21_7bc84efae62c,2021-07-01,short_straddle,GLD,,,,15.479999542236328,,,,0.0,False,missing_candidate_legs
sim_2019-02-09_2026-05-21_7bc84efae62c,2021-07-01,put_credit_spread,GLD,,,,15.479999542236328,,,,0.0,False,missing_candidate_legs
sim_2019-02-09_2026-05-21_7bc84efae62c,2021-07-02,short_straddle,GLD,,,,15.06999969482422,,,,0.0,False,missing_candidate_legs
sim_2019-02-09_2026-05-21_7bc84efae62c,2021-07-02,put_credit_spread,GLD,,,,15.06999969482422,,,,0.0,False,missing_candidate_legs
sim_2019-02-09_2026-05-21_7bc84efae62c,2021-07-06,short_straddle,GLD,,,,16.440000534057617,,,,0.0,False,missing_candidate_legs
sim_2019-02-09_2026-05-21_7bc84efae62c,2021-07-06,put_credit_spread,GLD,,,,16.440000534057617,,,,0.0,False,missing_candidate_legs
sim_2019-02-09_2026-05-21_7bc84efae62c,2021-07-07,short_straddle,GLD,,,,16.200000762939453,,,,0.0,False,missing_candidate_legs
sim_2019-02-09_2026-05-21_7bc84efae62c,2021-07-07,put_credit_spread,GLD,,,,16.200000762939453,,,,0.0,False,missing_candidate_legs
sim_2019-02-09_2026-05-21_7bc84efae62c,2021-07-08,short_straddle,GLD,,,,19.0,,,,0.0,False,missing_candidate_legs
sim_2019-02-09_2026-05-21_7bc84efae62c,2021-07-08,put_credit_spread,GLD,,,,19.0,,,,0.0,False,missing_candidate_legs
sim_2019-02-09_2026-05-21_7bc84efae62c,2021-07-09,short_straddle,GLD,,,,16.18000030517578,,,,0.0,False,missing_candidate_legs
sim_2019-02-09_2026-05-21_7bc84efae62c,2021-07-09,put_credit_spread,GLD,,,,16.18000030517578,,,,0.0,False,missing_candidate_legs
sim_2019-02-09_2026-05-21_7bc84efae62c,2021-07-12,short_straddle,GLD,,,,16.170000076293945,,,,0.0,False,missing_candidate_legs
sim_2019-02-09_2026-05-21_7bc84efae62c,2021-07-12,put_credit_spread,GLD,,,,16.170000076293945,,,,0.0,False,missing_candidate_legs
sim_2019-02-09_2026-05-21_7bc84efae62c,2021-07-13,short_straddle,GLD,,,,17.1200008392334,,,,0.0,False,missing_candidate_legs
sim_2019-02-09_2026-05-21_7bc84efae62c,2021-07-13,put_credit_spread,GLD,,,,17.1200008392334,,,,0.0,False,missing_candidate_legs
sim_2019-02-09_2026-05-21_7bc84efae62c,2021-07-14,short_straddle,GLD,,,,16.329999923706055,,,,0.0,False,missing_candidate_legs
sim_2019-02-09_2026-05-21_7bc84efae62c,2021-07-14,put_credit_spread,GLD,,,,16.329999923706055,,,,0.0,False,missing_candidate_legs
sim_2019-02-09_2026-05-21_7bc84efae62c,2021-07-15,short_straddle,GLD,,,,17.010000228881836,,,,0.0,False,missing_candidate_legs
sim_2019-02-09_2026-05-21_7bc84efae62c,2021-07-15,put_credit_spread,GLD,,,,17.010000228881836,,,,0.0,False,missing_candidate_legs
sim_2019-02-09_2026-05-21_7bc84efae62c,2021-07-16,short_straddle,GLD,,,,18.450000762939453,,,,0.0,False,missing_candidate_legs
sim_2019-02-09_2026-05-21_7bc84efae62c,2021-07-16,put_credit_spread,GLD,,,,18.450000762939453,,,,0.0,False,missing_candidate_legs
sim_2019-02-09_2026-05-21_7bc84efae62c,2021-07-19,short_straddle,GLD,,,,22.5,,,,0.0,False,missing_candidate_legs
sim_2019-02-09_2026-05-21_7bc84efae62c,2021-07-19,put_credit_spread,GLD,,,,22.5,,,,0.0,False,missing_candidate_legs
sim_2019-02-09_2026-05-21_7bc84efae62c,2021-07-20,short_straddle,GLD,,,,19.729999542236328,,,,0.0,False,missing_candidate_legs
sim_2019-02-09_2026-05-21_7bc84efae62c,2021-07-20,put_credit_spread,GLD,,,,19.729999542236328,,,,0.0,False,missing_candidate_legs
sim_2019-02-09_2026-05-21_7bc84efae62c,2021-07-21,short_straddle,GLD,,,,17.90999984741211,,,,0.0,False,missing_candidate_legs
sim_2019-02-09_2026-05-21_7bc84efae62c,2021-07-21,put_credit_spread,GLD,,,,17.90999984741211,,,,0.0,False,missing_candidate_legs
sim_2019-02-09_2026-05-21_7bc84efae62c,2021-07-22,short_straddle,GLD,,,,17.690000534057617,,,,0.0,False,missing_candidate_legs
sim_2019-02-09_2026-05-21_7bc84efae62c,2021-07-22,put_credit_spread,GLD,,,,17.690000534057617,,,,0.0,False,missing_candidate_legs
sim_2019-02-09_2026-05-21_7bc84efae62c,2021-07-23,short_straddle,GLD,,,,17.200000762939453,,,,0.0,False,missing_candidate_legs
sim_2019-02-09_2026-05-21_7bc84efae62c,2021-07-23,put_credit_spread,GLD,,,,17.200000762939453,,,,0.0,False,missing_candidate_legs
sim_2019-02-09_2026-05-21_7bc84efae62c,2021-07-26,short_straddle,GLD,,,,17.579999923706055,,,,0.0,False,missing_candidate_legs
sim_2019-02-09_2026-05-21_7bc84efae62c,2021-07-26,put_credit_spread,GLD,,,,17.579999923706055,,,,0.0,False,missing_candidate_legs
sim_2019-02-09_2026-05-21_7bc84efae62c,2021-07-27,short_straddle,GLD,,,,19.36000061035156,,,,0.0,False,missing_candidate_legs
sim_2019-02-09_2026-05-21_7bc84efae62c,2021-07-27,put_credit_spread,GLD,,,,19.36000061035156,,,,0.0,False,missing_candidate_legs
sim_2019-02-09_2026-05-21_7bc84efae62c,2021-07-28,short_straddle,GLD,,,,18.309999465942383,,,,0.0,False,missing_candidate_legs
sim_2019-02-09_2026-05-21_7bc84efae62c,2021-07-28,put_credit_spread,GLD,,,,18.309999465942383,,,,0.0,False,missing_candidate_legs
sim_2019-02-09_2026-05-21_7bc84efae62c,2021-07-29,short_straddle,GLD,,,,17.700000762939453,,,,0.0,False,missing_candidate_legs
sim_2019-02-09_2026-05-21_7bc84efae62c,2021-07-29,put_credit_spread,GLD,,,,17.700000762939453,,,,0.0,False,missing_candidate_legs
sim_2019-02-09_2026-05-21_7bc84efae62c,2021-07-30,short_straddle,GLD,,,,18.239999771118164,,,,0.0,False,missing_candidate_legs
sim_2019-02-09_2026-05-21_7bc84efae62c,2021-07-30,put_credit_spread,GLD,,,,18.239999771118164,,,,0.0,False,missing_candidate_legs
sim_2019-02-09_2026-05-21_7bc84efae62c,2021-08-02,short_straddle,GLD,,,,19.459999084472656,,,,0.0,False,missing_candidate_legs
sim_2019-02-09_2026-05-21_7bc84efae62c,2021-08-02,put_credit_spread,GLD,,,,19.459999084472656,,,,0.0,False,missing_candidate_legs
sim_2019-02-09_2026-05-21_7bc84efae62c,2021-08-03,short_straddle,GLD,,,,18.040000915527344,,,,0.0,False,missing_candidate_legs
sim_2019-02-09_2026-05-21_7bc84efae62c,2021-08-03,put_credit_spread,GLD,,,,18.040000915527344,,,,0.0,False,missing_candidate_legs
sim_2019-02-09_2026-05-21_7bc84efae62c,2021-08-04,short_straddle,GLD,,,,17.969999313354492,,,,0.0,False,missing_candidate_legs
sim_2019-02-09_2026-05-21_7bc84efae62c,2021-08-04,put_credit_spread,GLD,,,,17.969999313354492,,,,0.0,False,missing_candidate_legs
sim_2019-02-09_2026-05-21_7bc84efae62c,2021-08-05,short_straddle,GLD,,,,17.280000686645508,,,,0.0,False,missing_candidate_legs
sim_2019-02-09_2026-05-21_7bc84efae62c,2021-08-05,put_credit_spread,GLD,,,,17.280000686645508,,,,0.0,False,missing_candidate_legs
sim_2019-02-09_2026-05-21_7bc84efae62c,2021-08-06,short_straddle,GLD,,,,16.149999618530273,,,,0.0,False,missing_candidate_legs
sim_2019-02-09_2026-05-21_7bc84efae62c,2021-08-06,put_credit_spread,GLD,,,,16.149999618530273,,,,0.0,False,missing_candidate_legs
sim_2019-02-09_2026-05-21_7bc84efae62c,2021-08-09,short_straddle,GLD,,,,16.719999313354492,,,,0.0,False,missing_candidate_legs
sim_2019-02-09_2026-05-21_7bc84efae62c,2021-08-09,put_credit_spread,GLD,,,,16.719999313354492,,,,0.0,False,missing_candidate_legs
sim_2019-02-09_2026-05-21_7bc84efae62c,2021-08-10,short_straddle,GLD,,,,16.790000915527344,,,,0.0,False,missing_candidate_legs
sim_2019-02-09_2026-05-21_7bc84efae62c,2021-08-10,put_credit_spread,GLD,,,,16.790000915527344,,,,0.0,False,missing_candidate_legs
sim_2019-02-09_2026-05-21_7bc84efae62c,2021-08-11,short_straddle,GLD,,,,16.170000076293945,,,,0.0,False,missing_candidate_legs
sim_2019-02-09_2026-05-21_7bc84efae62c,2021-08-11,put_credit_spread,GLD,,,,16.170000076293945,,,,0.0,False,missing_candidate_legs
sim_2019-02-09_2026-05-21_7bc84efae62c,2021-08-12,short_straddle,GLD,,,,15.59000015258789,,,,0.0,False,missing_candidate_legs
sim_2019-02-09_2026-05-21_7bc84efae62c,2021-08-12,put_credit_spread,GLD,,,,15.59000015258789,,,,0.0,False,missing_candidate_legs
sim_2019-02-09_2026-05-21_7bc84efae62c,2021-08-13,short_straddle,GLD,,,,15.449999809265137,,,,0.0,False,missing_candidate_legs
sim_2019-02-09_2026-05-21_7bc84efae62c,2021-08-13,put_credit_spread,GLD,,,,15.449999809265137,,,,0.0,False,missing_candidate_legs
sim_2019-02-09_2026-05-21_7bc84efae62c,2021-08-16,short_straddle,GLD,,,,16.1200008392334,,,,0.0,False,missing_candidate_legs
sim_2019-02-09_2026-05-21_7bc84efae62c,2021-08-16,put_credit_spread,GLD,,,,16.1200008392334,,,,0.0,False,missing_candidate_legs
sim_2019-02-09_2026-05-21_7bc84efae62c,2021-08-17,short_straddle,GLD,,,,17.90999984741211,,,,0.0,False,missing_candidate_legs
sim_2019-02-09_2026-05-21_7bc84efae62c,2021-08-17,put_credit_spread,GLD,,,,17.90999984741211,,,,0.0,False,missing_candidate_legs
sim_2019-02-09_2026-05-21_7bc84efae62c,2021-08-18,short_straddle,GLD,,,,21.56999969482422,,,,0.0,False,missing_candidate_legs
sim_2019-02-09_2026-05-21_7bc84efae62c,2021-08-18,put_credit_spread,GLD,,,,21.56999969482422,,,,0.0,False,missing_candidate_legs
sim_2019-02-09_2026-05-21_7bc84efae62c,2021-08-19,short_straddle,GLD,,,,21.670000076293945,,,,0.0,False,missing_candidate_legs
sim_2019-02-09_2026-05-21_7bc84efae62c,2021-08-19,put_credit_spread,GLD,,,,21.670000076293945,,,,0.0,False,missing_candidate_legs
sim_2019-02-09_2026-05-21_7bc84efae62c,2021-08-20,short_straddle,GLD,,,,18.559999465942383,,,,0.0,False,missing_candidate_legs
sim_2019-02-09_2026-05-21_7bc84efae62c,2021-08-20,put_credit_spread,GLD,,,,18.559999465942383,,,,0.0,False,missing_candidate_legs
sim_2019-02-09_2026-05-21_7bc84efae62c,2021-08-23,short_straddle,GLD,,,,17.149999618530273,,,,0.0,False,missing_candidate_legs
sim_2019-02-09_2026-05-21_7bc84efae62c,2021-08-23,put_credit_spread,GLD,,,,17.149999618530273,,,,0.0,False,missing_candidate_legs
sim_2019-02-09_2026-05-21_7bc84efae62c,2021-08-24,short_straddle,GLD,,,,17.219999313354492,,,,0.0,False,missing_candidate_legs
sim_2019-02-09_2026-05-21_7bc84efae62c,2021-08-24,put_credit_spread,GLD,,,,17.219999313354492,,,,0.0,False,missing_candidate_legs
sim_2019-02-09_2026-05-21_7bc84efae62c,2021-08-25,short_straddle,GLD,,,,16.790000915527344,,,,0.0,False,missing_candidate_legs
sim_2019-02-09_2026-05-21_7bc84efae62c,2021-08-25,put_credit_spread,GLD,,,,16.790000915527344,,,,0.0,False,missing_candidate_legs
sim_2019-02-09_2026-05-21_7bc84efae62c,2021-08-26,short_straddle,GLD,,,,18.84000015258789,,,,0.0,False,missing_candidate_legs
sim_2019-02-09_2026-05-21_7bc84efae62c,2021-08-26,put_credit_spread,GLD,,,,18.84000015258789,,,,0.0,False,missing_candidate_legs
sim_2019-02-09_2026-05-21_7bc84efae62c,2021-08-27,short_straddle,GLD,,,,16.389999389648438,,,,0.0,False,missing_candidate_legs
sim_2019-02-09_2026-05-21_7bc84efae62c,2021-08-27,put_credit_spread,GLD,,,,16.389999389648438,,,,0.0,False,missing_candidate_legs
sim_2019-02-09_2026-05-21_7bc84efae62c,2021-08-30,short_straddle,GLD,,,,16.190000534057617,,,,0.0,False,missing_candidate_legs
sim_2019-02-09_2026-05-21_7bc84efae62c,2021-08-30,put_credit_spread,GLD,,,,16.190000534057617,,,,0.0,False,missing_candidate_legs
sim_2019-02-09_2026-05-21_7bc84efae62c,2021-08-31,short_straddle,GLD,,,,16.479999542236328,,,,0.0,False,missing_candidate_legs
sim_2019-02-09_2026-05-21_7bc84efae62c,2021-08-31,put_credit_spread,GLD,,,,16.479999542236328,,,,0.0,False,missing_candidate_legs
sim_2019-02-09_2026-05-21_7bc84efae62c,2021-09-01,short_straddle,GLD,,,,16.110000610351562,,,,0.0,False,missing_candidate_legs
sim_2019-02-09_2026-05-21_7bc84efae62c,2021-09-01,put_credit_spread,GLD,,,,16.110000610351562,,,,0.0,False,missing_candidate_legs
sim_2019-02-09_2026-05-21_7bc84efae62c,2021-09-02,short_straddle,GLD,,,,16.40999984741211,,,,0.0,False,missing_candidate_legs
sim_2019-02-09_2026-05-21_7bc84efae62c,2021-09-02,put_credit_spread,GLD,,,,16.40999984741211,,,,0.0,False,missing_candidate_legs
sim_2019-02-09_2026-05-21_7bc84efae62c,2021-09-03,short_straddle,GLD,,,,16.40999984741211,,,,0.0,False,missing_candidate_legs
sim_2019-02-09_2026-05-21_7bc84efae62c,2021-09-03,put_credit_spread,GLD,,,,16.40999984741211,,,,0.0,False,missing_candidate_legs
sim_2019-02-09_2026-05-21_7bc84efae62c,2021-09-07,short_straddle,GLD,,,,18.13999938964844,,,,0.0,False,missing_candidate_legs
sim_2019-02-09_2026-05-21_7bc84efae62c,2021-09-07,put_credit_spread,GLD,,,,18.13999938964844,,,,0.0,False,missing_candidate_legs
sim_2019-02-09_2026-05-21_7bc84efae62c,2021-09-08,short_straddle,GLD,,,,17.959999084472656,,,,0.0,False,missing_candidate_legs
sim_2019-02-09_2026-05-21_7bc84efae62c,2021-09-08,put_credit_spread,GLD,,,,17.959999084472656,,,,0.0,False,missing_candidate_legs
sim_2019-02-09_2026-05-21_7bc84efae62c,2021-09-09,short_straddle,GLD,,,,18.799999237060547,,,,0.0,False,missing_candidate_legs
sim_2019-02-09_2026-05-21_7bc84efae62c,2021-09-09,put_credit_spread,GLD,,,,18.799999237060547,,,,0.0,False,missing_candidate_legs
sim_2019-02-09_2026-05-21_7bc84efae62c,2021-09-10,short_straddle,GLD,,,,20.950000762939453,,,,0.0,False,missing_candidate_legs
sim_2019-02-09_2026-05-21_7bc84efae62c,2021-09-10,put_credit_spread,GLD,,,,20.950000762939453,,,,0.0,False,missing_candidate_legs
sim_2019-02-09_2026-05-21_7bc84efae62c,2021-09-13,short_straddle,GLD,,,,19.3700008392334,,,,0.0,False,missing_candidate_legs
sim_2019-02-09_2026-05-21_7bc84efae62c,2021-09-13,put_credit_spread,GLD,,,,19.3700008392334,,,,0.0,False,missing_candidate_legs
sim_2019-02-09_2026-05-21_7bc84efae62c,2021-09-14,short_straddle,GLD,,,,19.459999084472656,,,,0.0,False,missing_candidate_legs
sim_2019-02-09_2026-05-21_7bc84efae62c,2021-09-14,put_credit_spread,GLD,,,,19.459999084472656,,,,0.0,False,missing_candidate_legs
sim_2019-02-09_2026-05-21_7bc84efae62c,2021-09-15,short_straddle,GLD,,,,18.18000030517578,,,,0.0,False,missing_candidate_legs
sim_2019-02-09_2026-05-21_7bc84efae62c,2021-09-15,put_credit_spread,GLD,,,,18.18000030517578,,,,0.0,False,missing_candidate_legs
sim_2019-02-09_2026-05-21_7bc84efae62c,2021-09-16,short_straddle,GLD,,,,18.690000534057617,,,,0.0,False,missing_candidate_legs
sim_2019-02-09_2026-05-21_7bc84efae62c,2021-09-16,put_credit_spread,GLD,,,,18.690000534057617,,,,0.0,False,missing_candidate_legs
sim_2019-02-09_2026-05-21_7bc84efae62c,2021-09-17,short_straddle,GLD,,,,20.809999465942383,,,,0.0,False,missing_candidate_legs
sim_2019-02-09_2026-05-21_7bc84efae62c,2021-09-17,put_credit_spread,GLD,,,,20.809999465942383,,,,0.0,False,missing_candidate_legs
sim_2019-02-09_2026-05-21_7bc84efae62c,2021-09-20,short_straddle,GLD,,,,25.709999084472656,,,,0.0,False,missing_candidate_legs
sim_2019-02-09_2026-05-21_7bc84efae62c,2021-09-20,put_credit_spread,GLD,,,,25.709999084472656,,,,0.0,False,missing_candidate_legs
sim_2019-02-09_2026-05-21_7bc84efae62c,2021-09-21,short_straddle,GLD,,,,24.36000061035156,,,,0.0,False,missing_candidate_legs
sim_2019-02-09_2026-05-21_7bc84efae62c,2021-09-21,put_credit_spread,GLD,,,,24.36000061035156,,,,0.0,False,missing_candidate_legs
sim_2019-02-09_2026-05-21_7bc84efae62c,2021-09-22,short_straddle,GLD,,,,20.8700008392334,,,,0.0,False,missing_candidate_legs
sim_2019-02-09_2026-05-21_7bc84efae62c,2021-09-22,put_credit_spread,GLD,,,,20.8700008392334,,,,0.0,False,missing_candidate_legs
sim_2019-02-09_2026-05-21_7bc84efae62c,2021-09-23,short_straddle,GLD,,,,18.6299991607666,,,,0.0,False,missing_candidate_legs
sim_2019-02-09_2026-05-21_7bc84efae62c,2021-09-23,put_credit_spread,GLD,,,,18.6299991607666,,,,0.0,False,missing_candidate_legs
sim_2019-02-09_2026-05-21_7bc84efae62c,2021-09-24,short_straddle,GLD,,,,17.75,,,,0.0,False,missing_candidate_legs
sim_2019-02-09_2026-05-21_7bc84efae62c,2021-09-24,put_credit_spread,GLD,,,,17.75,,,,0.0,False,missing_candidate_legs
sim_2019-02-09_2026-05-21_7bc84efae62c,2021-09-27,short_straddle,GLD,,,,18.76000022888184,,,,0.0,False,missing_candidate_legs
sim_2019-02-09_2026-05-21_7bc84efae62c,2021-09-27,put_credit_spread,GLD,,,,18.76000022888184,,,,0.0,False,missing_candidate_legs
sim_2019-02-09_2026-05-21_7bc84efae62c,2021-09-28,short_straddle,GLD,,,,23.25,,,,0.0,False,missing_candidate_legs
sim_2019-02-09_2026-05-21_7bc84efae62c,2021-09-28,put_credit_spread,GLD,,,,23.25,,,,0.0,False,missing_candidate_legs
sim_2019-02-09_2026-05-21_7bc84efae62c,2021-09-29,short_straddle,GLD,,,,22.559999465942383,,,,0.0,False,missing_candidate_legs
sim_2019-02-09_2026-05-21_7bc84efae62c,2021-09-29,put_credit_spread,GLD,,,,22.559999465942383,,,,0.0,False,missing_candidate_legs
sim_2019-02-09_2026-05-21_7bc84efae62c,2021-09-30,short_straddle,GLD,,,,23.13999938964844,,,,0.0,False,missing_candidate_legs
sim_2019-02-09_2026-05-21_7bc84efae62c,2021-09-30,put_credit_spread,GLD,,,,23.13999938964844,,,,0.0,False,missing_candidate_legs
sim_2019-02-09_2026-05-21_7bc84efae62c,2021-10-01,short_straddle,GLD,,,,21.100000381469727,,,,0.0,False,missing_candidate_legs
sim_2019-02-09_2026-05-21_7bc84efae62c,2021-10-01,put_credit_spread,GLD,,,,21.100000381469727,,,,0.0,False,missing_candidate_legs
sim_2019-02-09_2026-05-21_7bc84efae62c,2021-10-04,short_straddle,GLD,,,,22.959999084472656,,,,0.0,False,missing_candidate_legs
sim_2019-02-09_2026-05-21_7bc84efae62c,2021-10-04,put_credit_spread,GLD,,,,22.959999084472656,,,,0.0,False,missing_candidate_legs
sim_2019-02-09_2026-05-21_7bc84efae62c,2021-10-05,short_straddle,GLD,,,,21.299999237060547,,,,0.0,False,missing_candidate_legs
sim_2019-02-09_2026-05-21_7bc84efae62c,2021-10-05,put_credit_spread,GLD,,,,21.299999237060547,,,,0.0,False,missing_candidate_legs
sim_2019-02-09_2026-05-21_7bc84efae62c,2021-10-06,short_straddle,GLD,,,,21.0,,,,0.0,False,missing_candidate_legs
sim_2019-02-09_2026-05-21_7bc84efae62c,2021-10-06,put_credit_spread,GLD,,,,21.0,,,,0.0,False,missing_candidate_legs
sim_2019-02-09_2026-05-21_7bc84efae62c,2021-10-07,short_straddle,GLD,,,,19.540000915527344,,,,0.0,False,missing_candidate_legs
sim_2019-02-09_2026-05-21_7bc84efae62c,2021-10-07,put_credit_spread,GLD,,,,19.540000915527344,,,,0.0,False,missing_candidate_legs
sim_2019-02-09_2026-05-21_7bc84efae62c,2021-10-08,short_straddle,GLD,,,,18.770000457763672,,,,0.0,False,missing_candidate_legs
sim_2019-02-09_2026-05-21_7bc84efae62c,2021-10-08,put_credit_spread,GLD,,,,18.770000457763672,,,,0.0,False,missing_candidate_legs
sim_2019-02-09_2026-05-21_7bc84efae62c,2021-10-11,short_straddle,GLD,,,,20.0,,,,0.0,False,missing_candidate_legs
sim_2019-02-09_2026-05-21_7bc84efae62c,2021-10-11,put_credit_spread,GLD,,,,20.0,,,,0.0,False,missing_candidate_legs
sim_2019-02-09_2026-05-21_7bc84efae62c,2021-10-12,short_straddle,GLD,,,,19.850000381469727,,,,0.0,False,missing_candidate_legs
sim_2019-02-09_2026-05-21_7bc84efae62c,2021-10-12,put_credit_spread,GLD,,,,19.850000381469727,,,,0.0,False,missing_candidate_legs
sim_2019-02-09_2026-05-21_7bc84efae62c,2021-10-13,short_straddle,GLD,,,,18.63999938964844,,,,0.0,False,missing_candidate_legs
sim_2019-02-09_2026-05-21_7bc84efae62c,2021-10-13,put_credit_spread,GLD,,,,18.63999938964844,,,,0.0,False,missing_candidate_legs
sim_2019-02-09_2026-05-21_7bc84efae62c,2021-10-14,short_straddle,GLD,,,,16.860000610351562,,,,0.0,False,missing_candidate_legs
sim_2019-02-09_2026-05-21_7bc84efae62c,2021-10-14,put_credit_spread,GLD,,,,16.860000610351562,,,,0.0,False,missing_candidate_legs
sim_2019-02-09_2026-05-21_7bc84efae62c,2021-10-15,short_straddle,GLD,,,,16.299999237060547,,,,0.0,False,missing_candidate_legs
sim_2019-02-09_2026-05-21_7bc84efae62c,2021-10-15,put_credit_spread,GLD,,,,16.299999237060547,,,,0.0,False,missing_candidate_legs
sim_2019-02-09_2026-05-21_7bc84efae62c,2021-10-18,short_straddle,GLD,,,,16.309999465942383,,,,0.0,False,missing_candidate_legs
sim_2019-02-09_2026-05-21_7bc84efae62c,2021-10-18,put_credit_spread,GLD,,,,16.309999465942383,,,,0.0,False,missing_candidate_legs
sim_2019-02-09_2026-05-21_7bc84efae62c,2021-10-19,short_straddle,GLD,,,,15.699999809265137,,,,0.0,False,missing_candidate_legs
sim_2019-02-09_2026-05-21_7bc84efae62c,2021-10-19,put_credit_spread,GLD,,,,15.699999809265137,,,,0.0,False,missing_candidate_legs
sim_2019-02-09_2026-05-21_7bc84efae62c,2021-10-20,short_straddle,GLD,,,,15.489999771118164,,,,0.0,False,missing_candidate_legs
sim_2019-02-09_2026-05-21_7bc84efae62c,2021-10-20,put_credit_spread,GLD,,,,15.489999771118164,,,,0.0,False,missing_candidate_legs
sim_2019-02-09_2026-05-21_7bc84efae62c,2021-10-21,short_straddle,GLD,,,,15.010000228881836,,,,0.0,False,missing_candidate_legs
sim_2019-02-09_2026-05-21_7bc84efae62c,2021-10-21,put_credit_spread,GLD,,,,15.010000228881836,,,,0.0,False,missing_candidate_legs
sim_2019-02-09_2026-05-21_7bc84efae62c,2021-10-22,short_straddle,GLD,,,,15.43000030517578,,,,0.0,False,missing_candidate_legs
sim_2019-02-09_2026-05-21_7bc84efae62c,2021-10-22,put_credit_spread,GLD,,,,15.43000030517578,,,,0.0,False,missing_candidate_legs
sim_2019-02-09_2026-05-21_7bc84efae62c,2021-10-25,short_straddle,GLD,,,,15.239999771118164,,,,0.0,False,missing_candidate_legs
sim_2019-02-09_2026-05-21_7bc84efae62c,2021-10-25,put_credit_spread,GLD,,,,15.239999771118164,,,,0.0,False,missing_candidate_legs
sim_2019-02-09_2026-05-21_7bc84efae62c,2021-10-26,short_straddle,GLD,,,,15.979999542236328,,,,0.0,False,missing_candidate_legs
sim_2019-02-09_2026-05-21_7bc84efae62c,2021-10-26,put_credit_spread,GLD,,,,15.979999542236328,,,,0.0,False,missing_candidate_legs
sim_2019-02-09_2026-05-21_7bc84efae62c,2021-10-27,short_straddle,GLD,,,,16.979999542236328,,,,0.0,False,missing_candidate_legs
sim_2019-02-09_2026-05-21_7bc84efae62c,2021-10-27,put_credit_spread,GLD,,,,16.979999542236328,,,,0.0,False,missing_candidate_legs
sim_2019-02-09_2026-05-21_7bc84efae62c,2021-10-28,short_straddle,GLD,,,,16.530000686645508,,,,0.0,False,missing_candidate_legs
sim_2019-02-09_2026-05-21_7bc84efae62c,2021-10-28,put_credit_spread,GLD,,,,16.530000686645508,,,,0.0,False,missing_candidate_legs
sim_2019-02-09_2026-05-21_7bc84efae62c,2021-10-29,short_straddle,GLD,,,,16.260000228881836,,,,0.0,False,missing_candidate_legs
sim_2019-02-09_2026-05-21_7bc84efae62c,2021-10-29,put_credit_spread,GLD,,,,16.260000228881836,,,,0.0,False,missing_candidate_legs
sim_2019-02-09_2026-05-21_7bc84efae62c,2021-11-01,short_straddle,GLD,,,,16.40999984741211,,,,0.0,False,missing_candidate_legs
sim_2019-02-09_2026-05-21_7bc84efae62c,2021-11-01,put_credit_spread,GLD,,,,16.40999984741211,,,,0.0,False,missing_candidate_legs
sim_2019-02-09_2026-05-21_7bc84efae62c,2021-11-02,short_straddle,GLD,,,,16.030000686645508,,,,0.0,False,missing_candidate_legs
sim_2019-02-09_2026-05-21_7bc84efae62c,2021-11-02,put_credit_spread,GLD,,,,16.030000686645508,,,,0.0,False,missing_candidate_legs
sim_2019-02-09_2026-05-21_7bc84efae62c,2021-11-03,short_straddle,GLD,,,,15.100000381469728,,,,0.0,False,missing_candidate_legs
sim_2019-02-09_2026-05-21_7bc84efae62c,2021-11-03,put_credit_spread,GLD,,,,15.100000381469728,,,,0.0,False,missing_candidate_legs
sim_2019-02-09_2026-05-21_7bc84efae62c,2021-11-04,short_straddle,GLD,,,,15.4399995803833,,,,0.0,False,missing_candidate_legs
sim_2019-02-09_2026-05-21_7bc84efae62c,2021-11-04,put_credit_spread,GLD,,,,15.4399995803833,,,,0.0,False,missing_candidate_legs
sim_2019-02-09_2026-05-21_7bc84efae62c,2021-11-05,short_straddle,GLD,,,,16.479999542236328,,,,0.0,False,missing_candidate_legs
sim_2019-02-09_2026-05-21_7bc84efae62c,2021-11-05,put_credit_spread,GLD,,,,16.479999542236328,,,,0.0,False,missing_candidate_legs
sim_2019-02-09_2026-05-21_7bc84efae62c,2021-11-08,short_straddle,GLD,,,,17.219999313354492,,,,0.0,False,missing_candidate_legs
sim_2019-02-09_2026-05-21_7bc84efae62c,2021-11-08,put_credit_spread,GLD,,,,17.219999313354492,,,,0.0,False,missing_candidate_legs
sim_2019-02-09_2026-05-21_7bc84efae62c,2021-11-09,short_straddle,GLD,,,,17.780000686645508,,,,0.0,False,missing_candidate_legs
sim_2019-02-09_2026-05-21_7bc84efae62c,2021-11-09,put_credit_spread,GLD,,,,17.780000686645508,,,,0.0,False,missing_candidate_legs
sim_2019-02-09_2026-05-21_7bc84efae62c,2021-11-10,short_straddle,GLD,,,,18.729999542236328,,,,0.0,False,missing_candidate_legs
sim_2019-02-09_2026-05-21_7bc84efae62c,2021-11-10,put_credit_spread,GLD,,,,18.729999542236328,,,,0.0,False,missing_candidate_legs
sim_2019-02-09_2026-05-21_7bc84efae62c,2021-11-11,short_straddle,GLD,,,,17.65999984741211,,,,0.0,False,missing_candidate_legs
sim_2019-02-09_2026-05-21_7bc84efae62c,2021-11-11,put_credit_spread,GLD,,,,17.65999984741211,,,,0.0,False,missing_candidate_legs
sim_2019-02-09_2026-05-21_7bc84efae62c,2021-11-12,short_straddle,GLD,,,,16.290000915527344,,,,0.0,False,missing_candidate_legs
sim_2019-02-09_2026-05-21_7bc84efae62c,2021-11-12,put_credit_spread,GLD,,,,16.290000915527344,,,,0.0,False,missing_candidate_legs
sim_2019-02-09_2026-05-21_7bc84efae62c,2021-11-15,short_straddle,GLD,,,,16.489999771118164,,,,0.0,False,missing_candidate_legs
sim_2019-02-09_2026-05-21_7bc84efae62c,2021-11-15,put_credit_spread,GLD,,,,16.489999771118164,,,,0.0,False,missing_candidate_legs
sim_2019-02-09_2026-05-21_7bc84efae62c,2021-11-16,short_straddle,GLD,,,,16.3700008392334,,,,0.0,False,missing_candidate_legs
sim_2019-02-09_2026-05-21_7bc84efae62c,2021-11-16,put_credit_spread,GLD,,,,16.3700008392334,,,,0.0,False,missing_candidate_legs
sim_2019-02-09_2026-05-21_7bc84efae62c,2021-11-17,short_straddle,GLD,,,,17.110000610351562,,,,0.0,False,missing_candidate_legs
sim_2019-02-09_2026-05-21_7bc84efae62c,2021-11-17,put_credit_spread,GLD,,,,17.110000610351562,,,,0.0,False,missing_candidate_legs
sim_2019-02-09_2026-05-21_7bc84efae62c,2021-11-18,short_straddle,GLD,,,,17.59000015258789,,,,0.0,False,missing_candidate_legs
sim_2019-02-09_2026-05-21_7bc84efae62c,2021-11-18,put_credit_spread,GLD,,,,17.59000015258789,,,,0.0,False,missing_candidate_legs
sim_2019-02-09_2026-05-21_7bc84efae62c,2021-11-19,short_straddle,GLD,,,,17.90999984741211,,,,0.0,False,missing_candidate_legs
sim_2019-02-09_2026-05-21_7bc84efae62c,2021-11-19,put_credit_spread,GLD,,,,17.90999984741211,,,,0.0,False,missing_candidate_legs
sim_2019-02-09_2026-05-21_7bc84efae62c,2021-11-22,short_straddle,GLD,,,,19.170000076293945,,,,0.0,False,missing_candidate_legs
sim_2019-02-09_2026-05-21_7bc84efae62c,2021-11-22,put_credit_spread,GLD,,,,19.170000076293945,,,,0.0,False,missing_candidate_legs
sim_2019-02-09_2026-05-21_7bc84efae62c,2021-11-23,short_straddle,GLD,,,,19.3799991607666,,,,0.0,False,missing_candidate_legs
sim_2019-02-09_2026-05-21_7bc84efae62c,2021-11-23,put_credit_spread,GLD,,,,19.3799991607666,,,,0.0,False,missing_candidate_legs
sim_2019-02-09_2026-05-21_7bc84efae62c,2021-11-24,short_straddle,GLD,,,,18.57999992370605,,,,0.0,False,missing_candidate_legs
sim_2019-02-09_2026-05-21_7bc84efae62c,2021-11-24,put_credit_spread,GLD,,,,18.57999992370605,,,,0.0,False,missing_candidate_legs
sim_2019-02-09_2026-05-21_7bc84efae62c,2021-11-26,short_straddle,GLD,,,,28.6200008392334,,,,0.0,False,missing_candidate_legs
sim_2019-02-09_2026-05-21_7bc84efae62c,2021-11-26,put_credit_spread,GLD,,,,28.6200008392334,,,,0.0,False,missing_candidate_legs
sim_2019-02-09_2026-05-21_7bc84efae62c,2021-11-29,short_straddle,GLD,,,,22.959999084472656,,,,0.0,False,missing_candidate_legs
sim_2019-02-09_2026-05-21_7bc84efae62c,2021-11-29,put_credit_spread,GLD,,,,22.959999084472656,,,,0.0,False,missing_candidate_legs
sim_2019-02-09_2026-05-21_7bc84efae62c,2021-11-30,short_straddle,GLD,,,,27.190000534057617,,,,0.0,False,missing_candidate_legs
sim_2019-02-09_2026-05-21_7bc84efae62c,2021-11-30,put_credit_spread,GLD,,,,27.190000534057617,,,,0.0,False,missing_candidate_legs
sim_2019-02-09_2026-05-21_7bc84efae62c,2021-12-01,short_straddle,GLD,,,,31.1200008392334,,,,0.0,False,missing_candidate_legs
sim_2019-02-09_2026-05-21_7bc84efae62c,2021-12-01,put_credit_spread,GLD,,,,31.1200008392334,,,,0.0,False,missing_candidate_legs
sim_2019-02-09_2026-05-21_7bc84efae62c,2021-12-02,short_straddle,GLD,,,,27.950000762939453,,,,0.0,False,missing_candidate_legs
sim_2019-02-09_2026-05-21_7bc84efae62c,2021-12-02,put_credit_spread,GLD,,,,27.950000762939453,,,,0.0,False,missing_candidate_legs
sim_2019-02-09_2026-05-21_7bc84efae62c,2021-12-03,short_straddle,GLD,,,,30.670000076293945,,,,0.0,False,missing_candidate_legs
sim_2019-02-09_2026-05-21_7bc84efae62c,2021-12-03,put_credit_spread,GLD,,,,30.670000076293945,,,,0.0,False,missing_candidate_legs
sim_2019-02-09_2026-05-21_7bc84efae62c,2021-12-06,short_straddle,GLD,,,,27.18000030517578,,,,0.0,False,missing_candidate_legs
sim_2019-02-09_2026-05-21_7bc84efae62c,2021-12-06,put_credit_spread,GLD,,,,27.18000030517578,,,,0.0,False,missing_candidate_legs
sim_2019-02-09_2026-05-21_7bc84efae62c,2021-12-07,short_straddle,GLD,,,,21.88999938964844,,,,0.0,False,missing_candidate_legs
sim_2019-02-09_2026-05-21_7bc84efae62c,2021-12-07,put_credit_spread,GLD,,,,21.88999938964844,,,,0.0,False,missing_candidate_legs
sim_2019-02-09_2026-05-21_7bc84efae62c,2021-12-08,short_straddle,GLD,,,,19.89999961853028,,,,0.0,False,missing_candidate_legs
sim_2019-02-09_2026-05-21_7bc84efae62c,2021-12-08,put_credit_spread,GLD,,,,19.89999961853028,,,,0.0,False,missing_candidate_legs
sim_2019-02-09_2026-05-21_7bc84efae62c,2021-12-09,short_straddle,GLD,,,,21.57999992370605,,,,0.0,False,missing_candidate_legs
sim_2019-02-09_2026-05-21_7bc84efae62c,2021-12-09,put_credit_spread,GLD,,,,21.57999992370605,,,,0.0,False,missing_candidate_legs
sim_2019-02-09_2026-05-21_7bc84efae62c,2021-12-10,short_straddle,GLD,,,,18.690000534057617,,,,0.0,False,missing_candidate_legs
sim_2019-02-09_2026-05-21_7bc84efae62c,2021-12-10,put_credit_spread,GLD,,,,18.690000534057617,,,,0.0,False,missing_candidate_legs
sim_2019-02-09_2026-05-21_7bc84efae62c,2021-12-13,short_straddle,GLD,,,,20.309999465942383,,,,0.0,False,missing_candidate_legs
sim_2019-02-09_2026-05-21_7bc84efae62c,2021-12-13,put_credit_spread,GLD,,,,20.309999465942383,,,,0.0,False,missing_candidate_legs
sim_2019-02-09_2026-05-21_7bc84efae62c,2021-12-14,short_straddle,GLD,,,,21.88999938964844,,,,0.0,False,missing_candidate_legs
sim_2019-02-09_2026-05-21_7bc84efae62c,2021-12-14,put_credit_spread,GLD,,,,21.88999938964844,,,,0.0,False,missing_candidate_legs
sim_2019-02-09_2026-05-21_7bc84efae62c,2021-12-15,short_straddle,GLD,,,,19.290000915527344,,,,0.0,False,missing_candidate_legs
sim_2019-02-09_2026-05-21_7bc84efae62c,2021-12-15,put_credit_spread,GLD,,,,19.290000915527344,,,,0.0,False,missing_candidate_legs
sim_2019-02-09_2026-05-21_7bc84efae62c,2021-12-16,short_straddle,GLD,,,,20.56999969482422,,,,0.0,False,missing_candidate_legs
sim_2019-02-09_2026-05-21_7bc84efae62c,2021-12-16,put_credit_spread,GLD,,,,20.56999969482422,,,,0.0,False,missing_candidate_legs
sim_2019-02-09_2026-05-21_7bc84efae62c,2021-12-17,short_straddle,GLD,,,,21.56999969482422,,,,0.0,False,missing_candidate_legs
sim_2019-02-09_2026-05-21_7bc84efae62c,2021-12-17,put_credit_spread,GLD,,,,21.56999969482422,,,,0.0,False,missing_candidate_legs
sim_2019-02-09_2026-05-21_7bc84efae62c,2021-12-20,short_straddle,GLD,,,,22.8700008392334,,,,0.0,False,missing_candidate_legs
sim_2019-02-09_2026-05-21_7bc84efae62c,2021-12-20,put_credit_spread,GLD,,,,22.8700008392334,,,,0.0,False,missing_candidate_legs
sim_2019-02-09_2026-05-21_7bc84efae62c,2021-12-21,short_straddle,GLD,,,,21.01000022888184,,,,0.0,False,missing_candidate_legs
sim_2019-02-09_2026-05-21_7bc84efae62c,2021-12-21,put_credit_spread,GLD,,,,21.01000022888184,,,,0.0,False,missing_candidate_legs
sim_2019-02-09_2026-05-21_7bc84efae62c,2021-12-22,short_straddle,GLD,,,,18.6299991607666,,,,0.0,False,missing_candidate_legs
sim_2019-02-09_2026-05-21_7bc84efae62c,2021-12-22,put_credit_spread,GLD,,,,18.6299991607666,,,,0.0,False,missing_candidate_legs
sim_2019-02-09_2026-05-21_7bc84efae62c,2021-12-23,short_straddle,GLD,,,,17.959999084472656,,,,0.0,False,missing_candidate_legs
sim_2019-02-09_2026-05-21_7bc84efae62c,2021-12-23,put_credit_spread,GLD,,,,17.959999084472656,,,,0.0,False,missing_candidate_legs
sim_2019-02-09_2026-05-21_7bc84efae62c,2021-12-27,short_straddle,GLD,,,,17.68000030517578,,,,0.0,False,missing_candidate_legs
sim_2019-02-09_2026-05-21_7bc84efae62c,2021-12-27,put_credit_spread,GLD,,,,17.68000030517578,,,,0.0,False,missing_candidate_legs
sim_2019-02-09_2026-05-21_7bc84efae62c,2021-12-28,short_straddle,GLD,,,,17.540000915527344,,,,0.0,False,missing_candidate_legs
sim_2019-02-09_2026-05-21_7bc84efae62c,2021-12-28,put_credit_spread,GLD,,,,17.540000915527344,,,,0.0,False,missing_candidate_legs
sim_2019-02-09_2026-05-21_7bc84efae62c,2021-12-29,short_straddle,GLD,,,,16.950000762939453,,,,0.0,False,missing_candidate_legs
sim_2019-02-09_2026-05-21_7bc84efae62c,2021-12-29,put_credit_spread,GLD,,,,16.950000762939453,,,,0.0,False,missing_candidate_legs
sim_2019-02-09_2026-05-21_7bc84efae62c,2021-12-30,short_straddle,GLD,,,,17.329999923706055,,,,0.0,False,missing_candidate_legs
sim_2019-02-09_2026-05-21_7bc84efae62c,2021-12-30,put_credit_spread,GLD,,,,17.329999923706055,,,,0.0,False,missing_candidate_legs
sim_2019-02-09_2026-05-21_7bc84efae62c,2021-12-31,short_straddle,GLD,,,,17.219999313354492,,,,0.0,False,missing_candidate_legs
sim_2019-02-09_2026-05-21_7bc84efae62c,2021-12-31,put_credit_spread,GLD,,,,17.219999313354492,,,,0.0,False,missing_candidate_legs
sim_2019-02-09_2026-05-21_7bc84efae62c,2022-01-03,short_straddle,GLD,,,,16.600000381469727,,,,0.0,False,missing_candidate_legs
sim_2019-02-09_2026-05-21_7bc84efae62c,2022-01-03,put_credit_spread,GLD,,,,16.600000381469727,,,,0.0,False,missing_candidate_legs
sim_2019-02-09_2026-05-21_7bc84efae62c,2022-01-04,short_straddle,GLD,,,,16.90999984741211,,,,0.0,False,missing_candidate_legs
sim_2019-02-09_2026-05-21_7bc84efae62c,2022-01-04,put_credit_spread,GLD,,,,16.90999984741211,,,,0.0,False,missing_candidate_legs
sim_2019-02-09_2026-05-21_7bc84efae62c,2022-01-05,short_straddle,GLD,,,,19.729999542236328,,,,0.0,False,missing_candidate_legs
sim_2019-02-09_2026-05-21_7bc84efae62c,2022-01-05,put_credit_spread,GLD,,,,19.729999542236328,,,,0.0,False,missing_candidate_legs
sim_2019-02-09_2026-05-21_7bc84efae62c,2022-01-06,short_straddle,GLD,,,,19.61000061035156,,,,0.0,False,missing_candidate_legs
sim_2019-02-09_2026-05-21_7bc84efae62c,2022-01-06,put_credit_spread,GLD,,,,19.61000061035156,,,,0.0,False,missing_candidate_legs
sim_2019-02-09_2026-05-21_7bc84efae62c,2022-01-07,short_straddle,GLD,,,,18.76000022888184,,,,0.0,False,missing_candidate_legs
sim_2019-02-09_2026-05-21_7bc84efae62c,2022-01-07,put_credit_spread,GLD,,,,18.76000022888184,,,,0.0,False,missing_candidate_legs
sim_2019-02-09_2026-05-21_7bc84efae62c,2022-01-10,short_straddle,GLD,,,,19.39999961853028,,,,0.0,False,missing_candidate_legs
sim_2019-02-09_2026-05-21_7bc84efae62c,2022-01-10,put_credit_spread,GLD,,,,19.39999961853028,,,,0.0,False,missing_candidate_legs
sim_2019-02-09_2026-05-21_7bc84efae62c,2022-01-11,short_straddle,GLD,,,,18.40999984741211,,,,0.0,False,missing_candidate_legs
sim_2019-02-09_2026-05-21_7bc84efae62c,2022-01-11,put_credit_spread,GLD,,,,18.40999984741211,,,,0.0,False,missing_candidate_legs
sim_2019-02-09_2026-05-21_7bc84efae62c,2022-01-12,short_straddle,GLD,,,,17.6200008392334,,,,0.0,False,missing_candidate_legs
sim_2019-02-09_2026-05-21_7bc84efae62c,2022-01-12,put_credit_spread,GLD,,,,17.6200008392334,,,,0.0,False,missing_candidate_legs
sim_2019-02-09_2026-05-21_7bc84efae62c,2022-01-13,short_straddle,GLD,,,,20.309999465942383,,,,0.0,False,missing_candidate_legs
sim_2019-02-09_2026-05-21_7bc84efae62c,2022-01-13,put_credit_spread,GLD,,,,20.309999465942383,,,,0.0,False,missing_candidate_legs
sim_2019-02-09_2026-05-21_7bc84efae62c,2022-01-14,short_straddle,GLD,,,,19.190000534057617,,,,0.0,False,missing_candidate_legs
sim_2019-02-09_2026-05-21_7bc84efae62c,2022-01-14,put_credit_spread,GLD,,,,19.190000534057617,,,,0.0,False,missing_candidate_legs
sim_2019-02-09_2026-05-21_7bc84efae62c,2022-01-18,short_straddle,GLD,,,,22.790000915527344,,,,0.0,False,missing_candidate_legs
sim_2019-02-09_2026-05-21_7bc84efae62c,2022-01-18,put_credit_spread,GLD,,,,22.790000915527344,,,,0.0,False,missing_candidate_legs
sim_2019-02-09_2026-05-21_7bc84efae62c,2022-01-19,short_straddle,GLD,,,,23.850000381469727,,,,0.0,False,missing_candidate_legs
sim_2019-02-09_2026-05-21_7bc84efae62c,2022-01-19,put_credit_spread,GLD,,,,23.850000381469727,,,,0.0,False,missing_candidate_legs
sim_2019-02-09_2026-05-21_7bc84efae62c,2022-01-20,short_straddle,GLD,,,,25.59000015258789,,,,0.0,False,missing_candidate_legs
sim_2019-02-09_2026-05-21_7bc84efae62c,2022-01-20,put_credit_spread,GLD,,,,25.59000015258789,,,,0.0,False,missing_candidate_legs
sim_2019-02-09_2026-05-21_7bc84efae62c,2022-01-21,short_straddle,GLD,,,,28.850000381469727,,,,0.0,False,missing_candidate_legs
sim_2019-02-09_2026-05-21_7bc84efae62c,2022-01-21,put_credit_spread,GLD,,,,28.850000381469727,,,,0.0,False,missing_candidate_legs
sim_2019-02-09_2026-05-21_7bc84efae62c,2022-01-24,short_straddle,GLD,,,,29.89999961853028,,,,0.0,False,missing_candidate_legs
sim_2019-02-09_2026-05-21_7bc84efae62c,2022-01-24,put_credit_spread,GLD,,,,29.89999961853028,,,,0.0,False,missing_candidate_legs
sim_2019-02-09_2026-05-21_7bc84efae62c,2022-01-25,short_straddle,GLD,,,,31.15999984741211,,,,0.0,False,missing_candidate_legs
sim_2019-02-09_2026-05-21_7bc84efae62c,2022-01-25,put_credit_spread,GLD,,,,31.15999984741211,,,,0.0,False,missing_candidate_legs
sim_2019-02-09_2026-05-21_7bc84efae62c,2022-01-26,short_straddle,GLD,,,,31.959999084472656,,,,0.0,False,missing_candidate_legs
sim_2019-02-09_2026-05-21_7bc84efae62c,2022-01-26,put_credit_spread,GLD,,,,31.959999084472656,,,,0.0,False,missing_candidate_legs
sim_2019-02-09_2026-05-21_7bc84efae62c,2022-01-27,short_straddle,GLD,,,,30.489999771118164,,,,0.0,False,missing_candidate_legs
sim_2019-02-09_2026-05-21_7bc84efae62c,2022-01-27,put_credit_spread,GLD,,,,30.489999771118164,,,,0.0,False,missing_candidate_legs
sim_2019-02-09_2026-05-21_7bc84efae62c,2022-01-28,short_straddle,GLD,,,,27.65999984741211,,,,0.0,False,missing_candidate_legs
sim_2019-02-09_2026-05-21_7bc84efae62c,2022-01-28,put_credit_spread,GLD,,,,27.65999984741211,,,,0.0,False,missing_candidate_legs
sim_2019-02-09_2026-05-21_7bc84efae62c,2022-01-31,short_straddle,GLD,,,,24.82999992370605,,,,0.0,False,missing_candidate_legs
sim_2019-02-09_2026-05-21_7bc84efae62c,2022-01-31,put_credit_spread,GLD,,,,24.82999992370605,,,,0.0,False,missing_candidate_legs
sim_2019-02-09_2026-05-21_7bc84efae62c,2022-02-01,short_straddle,GLD,,,,21.959999084472656,,,,0.0,False,missing_candidate_legs
sim_2019-02-09_2026-05-21_7bc84efae62c,2022-02-01,put_credit_spread,GLD,,,,21.959999084472656,,,,0.0,False,missing_candidate_legs
sim_2019-02-09_2026-05-21_7bc84efae62c,2022-02-02,short_straddle,GLD,,,,22.09000015258789,,,,0.0,False,missing_candidate_legs
sim_2019-02-09_2026-05-21_7bc84efae62c,2022-02-02,put_credit_spread,GLD,,,,22.09000015258789,,,,0.0,False,missing_candidate_legs
sim_2019-02-09_2026-05-21_7bc84efae62c,2022-02-03,short_straddle,GLD,,,,24.350000381469727,,,,0.0,False,missing_candidate_legs
sim_2019-02-09_2026-05-21_7bc84efae62c,2022-02-03,put_credit_spread,GLD,,,,24.350000381469727,,,,0.0,False,missing_candidate_legs
sim_2019-02-09_2026-05-21_7bc84efae62c,2022-02-04,short_straddle,GLD,,,,23.21999931335449,,,,0.0,False,missing_candidate_legs
sim_2019-02-09_2026-05-21_7bc84efae62c,2022-02-04,put_credit_spread,GLD,,,,23.21999931335449,,,,0.0,False,missing_candidate_legs
sim_2019-02-09_2026-05-21_7bc84efae62c,2022-02-07,short_straddle,GLD,,,,22.86000061035156,,,,0.0,False,missing_candidate_legs
sim_2019-02-09_2026-05-21_7bc84efae62c,2022-02-07,put_credit_spread,GLD,,,,22.86000061035156,,,,0.0,False,missing_candidate_legs
sim_2019-02-09_2026-05-21_7bc84efae62c,2022-02-08,short_straddle,GLD,,,,21.440000534057617,,,,0.0,False,missing_candidate_legs
sim_2019-02-09_2026-05-21_7bc84efae62c,2022-02-08,put_credit_spread,GLD,,,,21.440000534057617,,,,0.0,False,missing_candidate_legs
sim_2019-02-09_2026-05-21_7bc84efae62c,2022-02-09,short_straddle,GLD,,,,19.959999084472656,,,,0.0,False,missing_candidate_legs
sim_2019-02-09_2026-05-21_7bc84efae62c,2022-02-09,put_credit_spread,GLD,,,,19.959999084472656,,,,0.0,False,missing_candidate_legs
sim_2019-02-09_2026-05-21_7bc84efae62c,2022-02-10,short_straddle,GLD,,,,23.90999984741211,,,,0.0,False,missing_candidate_legs
sim_2019-02-09_2026-05-21_7bc84efae62c,2022-02-10,put_credit_spread,GLD,,,,23.90999984741211,,,,0.0,False,missing_candidate_legs
sim_2019-02-09_2026-05-21_7bc84efae62c,2022-02-11,short_straddle,GLD,,,,27.36000061035156,,,,0.0,False,missing_candidate_legs
sim_2019-02-09_2026-05-21_7bc84efae62c,2022-02-11,put_credit_spread,GLD,,,,27.36000061035156,,,,0.0,False,missing_candidate_legs
sim_2019-02-09_2026-05-21_7bc84efae62c,2022-02-14,short_straddle,GLD,,,,28.32999992370605,,,,0.0,False,missing_candidate_legs
sim_2019-02-09_2026-05-21_7bc84efae62c,2022-02-14,put_credit_spread,GLD,,,,28.32999992370605,,,,0.0,False,missing_candidate_legs
sim_2019-02-09_2026-05-21_7bc84efae62c,2022-02-15,short_straddle,GLD,,,,25.700000762939453,,,,0.0,False,missing_candidate_legs
sim_2019-02-09_2026-05-21_7bc84efae62c,2022-02-15,put_credit_spread,GLD,,,,25.700000762939453,,,,0.0,False,missing_candidate_legs
sim_2019-02-09_2026-05-21_7bc84efae62c,2022-02-16,short_straddle,GLD,,,,24.290000915527344,,,,0.0,False,missing_candidate_legs
sim_2019-02-09_2026-05-21_7bc84efae62c,2022-02-16,put_credit_spread,GLD,,,,24.290000915527344,,,,0.0,False,missing_candidate_legs
sim_2019-02-09_2026-05-21_7bc84efae62c,2022-02-17,short_straddle,GLD,,,,28.11000061035156,,,,0.0,False,missing_candidate_legs
sim_2019-02-09_2026-05-21_7bc84efae62c,2022-02-17,put_credit_spread,GLD,,,,28.11000061035156,,,,0.0,False,missing_candidate_legs
sim_2019-02-09_2026-05-21_7bc84efae62c,2022-02-18,short_straddle,GLD,,,,27.75,,,,0.0,False,missing_candidate_legs
sim_2019-02-09_2026-05-21_7bc84efae62c,2022-02-18,put_credit_spread,GLD,,,,27.75,,,,0.0,False,missing_candidate_legs
sim_2019-02-09_2026-05-21_7bc84efae62c,2022-02-22,short_straddle,GLD,,,,28.809999465942383,,,,0.0,False,missing_candidate_legs
sim_2019-02-09_2026-05-21_7bc84efae62c,2022-02-22,put_credit_spread,GLD,,,,28.809999465942383,,,,0.0,False,missing_candidate_legs
sim_2019-02-09_2026-05-21_7bc84efae62c,2022-02-23,short_straddle,GLD,,,,31.020000457763672,,,,0.0,False,missing_candidate_legs
sim_2019-02-09_2026-05-21_7bc84efae62c,2022-02-23,put_credit_spread,GLD,,,,31.020000457763672,,,,0.0,False,missing_candidate_legs
sim_2019-02-09_2026-05-21_7bc84efae62c,2022-02-24,short_straddle,GLD,,,,30.31999969482422,,,,0.0,False,missing_candidate_legs
sim_2019-02-09_2026-05-21_7bc84efae62c,2022-02-24,put_credit_spread,GLD,,,,30.31999969482422,,,,0.0,False,missing_candidate_legs
sim_2019-02-09_2026-05-21_7bc84efae62c,2022-02-25,short_straddle,GLD,,,,27.59000015258789,,,,0.0,False,missing_candidate_legs
sim_2019-02-09_2026-05-21_7bc84efae62c,2022-02-25,put_credit_spread,GLD,,,,27.59000015258789,,,,0.0,False,missing_candidate_legs
sim_2019-02-09_2026-05-21_7bc84efae62c,2022-02-28,short_straddle,GLD,,,,30.14999961853028,,,,0.0,False,missing_candidate_legs
sim_2019-02-09_2026-05-21_7bc84efae62c,2022-02-28,put_credit_spread,GLD,,,,30.14999961853028,,,,0.0,False,missing_candidate_legs
sim_2019-02-09_2026-05-21_7bc84efae62c,2022-03-01,short_straddle,GLD,,,,33.31999969482422,,,,0.0,False,missing_candidate_legs
sim_2019-02-09_2026-05-21_7bc84efae62c,2022-03-01,put_credit_spread,GLD,,,,33.31999969482422,,,,0.0,False,missing_candidate_legs
sim_2019-02-09_2026-05-21_7bc84efae62c,2022-03-02,short_straddle,GLD,,,,30.739999771118164,,,,0.0,False,missing_candidate_legs
sim_2019-02-09_2026-05-21_7bc84efae62c,2022-03-02,put_credit_spread,GLD,,,,30.739999771118164,,,,0.0,False,missing_candidate_legs
sim_2019-02-09_2026-05-21_7bc84efae62c,2022-03-03,short_straddle,GLD,,,,30.479999542236328,,,,0.0,False,missing_candidate_legs
sim_2019-02-09_2026-05-21_7bc84efae62c,2022-03-03,put_credit_spread,GLD,,,,30.479999542236328,,,,0.0,False,missing_candidate_legs
sim_2019-02-09_2026-05-21_7bc84efae62c,2022-03-04,short_straddle,GLD,,,,31.979999542236328,,,,0.0,False,missing_candidate_legs
sim_2019-02-09_2026-05-21_7bc84efae62c,2022-03-04,put_credit_spread,GLD,,,,31.979999542236328,,,,0.0,False,missing_candidate_legs
sim_2019-02-09_2026-05-21_7bc84efae62c,2022-03-07,short_straddle,GLD,,,,36.45000076293945,,,,0.0,False,missing_candidate_legs
sim_2019-02-09_2026-05-21_7bc84efae62c,2022-03-07,put_credit_spread,GLD,,,,36.45000076293945,,,,0.0,False,missing_candidate_legs
sim_2019-02-09_2026-05-21_7bc84efae62c,2022-03-08,short_straddle,GLD,,,,35.130001068115234,,,,0.0,False,missing_candidate_legs
sim_2019-02-09_2026-05-21_7bc84efae62c,2022-03-08,put_credit_spread,GLD,,,,35.130001068115234,,,,0.0,False,missing_candidate_legs
sim_2019-02-09_2026-05-21_7bc84efae62c,2022-03-09,short_straddle,GLD,,,,32.45000076293945,,,,0.0,False,missing_candidate_legs
sim_2019-02-09_2026-05-21_7bc84efae62c,2022-03-09,put_credit_spread,GLD,,,,32.45000076293945,,,,0.0,False,missing_candidate_legs
sim_2019-02-09_2026-05-21_7bc84efae62c,2022-03-10,short_straddle,GLD,,,,30.229999542236328,,,,0.0,False,missing_candidate_legs
sim_2019-02-09_2026-05-21_7bc84efae62c,2022-03-10,put_credit_spread,GLD,,,,30.229999542236328,,,,0.0,False,missing_candidate_legs
sim_2019-02-09_2026-05-21_7bc84efae62c,2022-03-11,short_straddle,GLD,,,,30.75,,,,0.0,False,missing_candidate_legs
sim_2019-02-09_2026-05-21_7bc84efae62c,2022-03-11,put_credit_spread,GLD,,,,30.75,,,,0.0,False,missing_candidate_legs
sim_2019-02-09_2026-05-21_7bc84efae62c,2022-03-14,short_straddle,GLD,,,,31.770000457763672,,,,0.0,False,missing_candidate_legs
sim_2019-02-09_2026-05-21_7bc84efae62c,2022-03-14,put_credit_spread,GLD,,,,31.770000457763672,,,,0.0,False,missing_candidate_legs
sim_2019-02-09_2026-05-21_7bc84efae62c,2022-03-15,short_straddle,GLD,,,,29.82999992370605,,,,0.0,False,missing_candidate_legs
sim_2019-02-09_2026-05-21_7bc84efae62c,2022-03-15,put_credit_spread,GLD,,,,29.82999992370605,,,,0.0,False,missing_candidate_legs
sim_2019-02-09_2026-05-21_7bc84efae62c,2022-03-16,short_straddle,GLD,,,,26.670000076293945,,,,0.0,False,missing_candidate_legs
sim_2019-02-09_2026-05-21_7bc84efae62c,2022-03-16,put_credit_spread,GLD,,,,26.670000076293945,,,,0.0,False,missing_candidate_legs
sim_2019-02-09_2026-05-21_7bc84efae62c,2022-03-17,short_straddle,GLD,,,,25.670000076293945,,,,0.0,False,missing_candidate_legs
sim_2019-02-09_2026-05-21_7bc84efae62c,2022-03-17,put_credit_spread,GLD,,,,25.670000076293945,,,,0.0,False,missing_candidate_legs
sim_2019-02-09_2026-05-21_7bc84efae62c,2022-03-18,short_straddle,GLD,,,,23.8700008392334,,,,0.0,False,missing_candidate_legs
sim_2019-02-09_2026-05-21_7bc84efae62c,2022-03-18,put_credit_spread,GLD,,,,23.8700008392334,,,,0.0,False,missing_candidate_legs
sim_2019-02-09_2026-05-21_7bc84efae62c,2022-03-21,short_straddle,GLD,,,,23.530000686645508,,,,0.0,False,missing_candidate_legs
sim_2019-02-09_2026-05-21_7bc84efae62c,2022-03-21,put_credit_spread,GLD,,,,23.530000686645508,,,,0.0,False,missing_candidate_legs
sim_2019-02-09_2026-05-21_7bc84efae62c,2022-03-22,short_straddle,GLD,,,,22.940000534057617,,,,0.0,False,missing_candidate_legs
sim_2019-02-09_2026-05-21_7bc84efae62c,2022-03-22,put_credit_spread,GLD,,,,22.940000534057617,,,,0.0,False,missing_candidate_legs
sim_2019-02-09_2026-05-21_7bc84efae62c,2022-03-23,short_straddle,GLD,,,,23.56999969482422,,,,0.0,False,missing_candidate_legs
sim_2019-02-09_2026-05-21_7bc84efae62c,2022-03-23,put_credit_spread,GLD,,,,23.56999969482422,,,,0.0,False,missing_candidate_legs
sim_2019-02-09_2026-05-21_7bc84efae62c,2022-03-24,short_straddle,GLD,,,,21.670000076293945,,,,0.0,False,missing_candidate_legs
sim_2019-02-09_2026-05-21_7bc84efae62c,2022-03-24,put_credit_spread,GLD,,,,21.670000076293945,,,,0.0,False,missing_candidate_legs
sim_2019-02-09_2026-05-21_7bc84efae62c,2022-03-25,short_straddle,GLD,,,,20.809999465942383,,,,0.0,False,missing_candidate_legs
sim_2019-02-09_2026-05-21_7bc84efae62c,2022-03-25,put_credit_spread,GLD,,,,20.809999465942383,,,,0.0,False,missing_candidate_legs
sim_2019-02-09_2026-05-21_7bc84efae62c,2022-03-28,short_straddle,GLD,,,,19.6299991607666,,,,0.0,False,missing_candidate_legs
sim_2019-02-09_2026-05-21_7bc84efae62c,2022-03-28,put_credit_spread,GLD,,,,19.6299991607666,,,,0.0,False,missing_candidate_legs
sim_2019-02-09_2026-05-21_7bc84efae62c,2022-03-29,short_straddle,GLD,,,,18.89999961853028,,,,0.0,False,missing_candidate_legs
sim_2019-02-09_2026-05-21_7bc84efae62c,2022-03-29,put_credit_spread,GLD,,,,18.89999961853028,,,,0.0,False,missing_candidate_legs
sim_2019-02-09_2026-05-21_7bc84efae62c,2022-03-30,short_straddle,GLD,,,,19.32999992370605,,,,0.0,False,missing_candidate_legs
sim_2019-02-09_2026-05-21_7bc84efae62c,2022-03-30,put_credit_spread,GLD,,,,19.32999992370605,,,,0.0,False,missing_candidate_legs
sim_2019-02-09_2026-05-21_7bc84efae62c,2022-03-31,short_straddle,GLD,,,,20.559999465942383,,,,0.0,False,missing_candidate_legs
sim_2019-02-09_2026-05-21_7bc84efae62c,2022-03-31,put_credit_spread,GLD,,,,20.559999465942383,,,,0.0,False,missing_candidate_legs
sim_2019-02-09_2026-05-21_7bc84efae62c,2022-04-01,short_straddle,GLD,,,,19.6299991607666,,,,0.0,False,missing_candidate_legs
sim_2019-02-09_2026-05-21_7bc84efae62c,2022-04-01,put_credit_spread,GLD,,,,19.6299991607666,,,,0.0,False,missing_candidate_legs
sim_2019-02-09_2026-05-21_7bc84efae62c,2022-04-04,short_straddle,GLD,,,,18.56999969482422,,,,0.0,False,missing_candidate_legs
sim_2019-02-09_2026-05-21_7bc84efae62c,2022-04-04,put_credit_spread,GLD,,,,18.56999969482422,,,,0.0,False,missing_candidate_legs
sim_2019-02-09_2026-05-21_7bc84efae62c,2022-04-05,short_straddle,GLD,,,,21.030000686645508,,,,0.0,False,missing_candidate_legs
sim_2019-02-09_2026-05-21_7bc84efae62c,2022-04-05,put_credit_spread,GLD,,,,21.030000686645508,,,,0.0,False,missing_candidate_legs
sim_2019-02-09_2026-05-21_7bc84efae62c,2022-04-06,short_straddle,GLD,,,,22.100000381469727,,,,0.0,False,missing_candidate_legs
sim_2019-02-09_2026-05-21_7bc84efae62c,2022-04-06,put_credit_spread,GLD,,,,22.100000381469727,,,,0.0,False,missing_candidate_legs
sim_2019-02-09_2026-05-21_7bc84efae62c,2022-04-07,short_straddle,GLD,,,,21.549999237060547,,,,0.0,False,missing_candidate_legs
sim_2019-02-09_2026-05-21_7bc84efae62c,2022-04-07,put_credit_spread,GLD,,,,21.549999237060547,,,,0.0,False,missing_candidate_legs
sim_2019-02-09_2026-05-21_7bc84efae62c,2022-04-08,short_straddle,GLD,,,,21.15999984741211,,,,0.0,False,missing_candidate_legs
sim_2019-02-09_2026-05-21_7bc84efae62c,2022-04-08,put_credit_spread,GLD,,,,21.15999984741211,,,,0.0,False,missing_candidate_legs
sim_2019-02-09_2026-05-21_7bc84efae62c,2022-04-11,short_straddle,GLD,,,,24.3700008392334,,,,0.0,False,missing_candidate_legs
sim_2019-02-09_2026-05-21_7bc84efae62c,2022-04-11,put_credit_spread,GLD,,,,24.3700008392334,,,,0.0,False,missing_candidate_legs
sim_2019-02-09_2026-05-21_7bc84efae62c,2022-04-12,short_straddle,GLD,,,,24.26000022888184,,,,0.0,False,missing_candidate_legs
sim_2019-02-09_2026-05-21_7bc84efae62c,2022-04-12,put_credit_spread,GLD,,,,24.26000022888184,,,,0.0,False,missing_candidate_legs
sim_2019-02-09_2026-05-21_7bc84efae62c,2022-04-13,short_straddle,GLD,,,,21.81999969482422,,,,0.0,False,missing_candidate_legs
sim_2019-02-09_2026-05-21_7bc84efae62c,2022-04-13,put_credit_spread,GLD,,,,21.81999969482422,,,,0.0,False,missing_candidate_legs
sim_2019-02-09_2026-05-21_7bc84efae62c,2022-04-14,short_straddle,GLD,,,,22.700000762939453,,,,0.0,False,missing_candidate_legs
sim_2019-02-09_2026-05-21_7bc84efae62c,2022-04-14,put_credit_spread,GLD,,,,22.700000762939453,,,,0.0,False,missing_candidate_legs
sim_2019-02-09_2026-05-21_7bc84efae62c,2022-04-18,short_straddle,GLD,,,,22.170000076293945,,,,0.0,False,missing_candidate_legs
sim_2019-02-09_2026-05-21_7bc84efae62c,2022-04-18,put_credit_spread,GLD,,,,22.170000076293945,,,,0.0,False,missing_candidate_legs
sim_2019-02-09_2026-05-21_7bc84efae62c,2022-04-19,short_straddle,GLD,,,,21.3700008392334,,,,0.0,False,missing_candidate_legs
sim_2019-02-09_2026-05-21_7bc84efae62c,2022-04-19,put_credit_spread,GLD,,,,21.3700008392334,,,,0.0,False,missing_candidate_legs
sim_2019-02-09_2026-05-21_7bc84efae62c,2022-04-20,short_straddle,GLD,,,,20.31999969482422,,,,0.0,False,missing_candidate_legs
sim_2019-02-09_2026-05-21_7bc84efae62c,2022-04-20,put_credit_spread,GLD,,,,20.31999969482422,,,,0.0,False,missing_candidate_legs
sim_2019-02-09_2026-05-21_7bc84efae62c,2022-04-21,short_straddle,GLD,,,,22.68000030517578,,,,0.0,False,missing_candidate_legs
sim_2019-02-09_2026-05-21_7bc84efae62c,2022-04-21,put_credit_spread,GLD,,,,22.68000030517578,,,,0.0,False,missing_candidate_legs
sim_2019-02-09_2026-05-21_7bc84efae62c,2022-04-22,short_straddle,GLD,,,,28.209999084472656,,,,0.0,False,missing_candidate_legs
sim_2019-02-09_2026-05-21_7bc84efae62c,2022-04-22,put_credit_spread,GLD,,,,28.209999084472656,,,,0.0,False,missing_candidate_legs
sim_2019-02-09_2026-05-21_7bc84efae62c,2022-04-25,short_straddle,GLD,,,,27.020000457763672,,,,0.0,False,missing_candidate_legs
sim_2019-02-09_2026-05-21_7bc84efae62c,2022-04-25,put_credit_spread,GLD,,,,27.020000457763672,,,,0.0,False,missing_candidate_legs
sim_2019-02-09_2026-05-21_7bc84efae62c,2022-04-26,short_straddle,GLD,,,,33.52000045776367,,,,0.0,False,missing_candidate_legs
sim_2019-02-09_2026-05-21_7bc84efae62c,2022-04-26,put_credit_spread,GLD,,,,33.52000045776367,,,,0.0,False,missing_candidate_legs
sim_2019-02-09_2026-05-21_7bc84efae62c,2022-04-27,short_straddle,GLD,,,,31.600000381469727,,,,0.0,False,missing_candidate_legs
sim_2019-02-09_2026-05-21_7bc84efae62c,2022-04-27,put_credit_spread,GLD,,,,31.600000381469727,,,,0.0,False,missing_candidate_legs
sim_2019-02-09_2026-05-21_7bc84efae62c,2022-04-28,short_straddle,GLD,,,,29.989999771118164,,,,0.0,False,missing_candidate_legs
sim_2019-02-09_2026-05-21_7bc84efae62c,2022-04-28,put_credit_spread,GLD,,,,29.989999771118164,,,,0.0,False,missing_candidate_legs
sim_2019-02-09_2026-05-21_7bc84efae62c,2022-04-29,short_straddle,GLD,,,,33.400001525878906,,,,0.0,False,missing_candidate_legs
sim_2019-02-09_2026-05-21_7bc84efae62c,2022-04-29,put_credit_spread,GLD,,,,33.400001525878906,,,,0.0,False,missing_candidate_legs
sim_2019-02-09_2026-05-21_7bc84efae62c,2022-05-02,short_straddle,GLD,,,,32.34000015258789,,,,0.0,False,missing_candidate_legs
sim_2019-02-09_2026-05-21_7bc84efae62c,2022-05-02,put_credit_spread,GLD,,,,32.34000015258789,,,,0.0,False,missing_candidate_legs
sim_2019-02-09_2026-05-21_7bc84efae62c,2022-05-03,short_straddle,GLD,,,,29.25,,,,0.0,False,missing_candidate_legs
sim_2019-02-09_2026-05-21_7bc84efae62c,2022-05-03,put_credit_spread,GLD,,,,29.25,,,,0.0,False,missing_candidate_legs
sim_2019-02-09_2026-05-21_7bc84efae62c,2022-05-04,short_straddle,GLD,,,,25.420000076293945,,,,0.0,False,missing_candidate_legs
sim_2019-02-09_2026-05-21_7bc84efae62c,2022-05-04,put_credit_spread,GLD,,,,25.420000076293945,,,,0.0,False,missing_candidate_legs
sim_2019-02-09_2026-05-21_7bc84efae62c,2022-05-05,short_straddle,GLD,,,,31.200000762939453,,,,0.0,False,missing_candidate_legs
sim_2019-02-09_2026-05-21_7bc84efae62c,2022-05-05,put_credit_spread,GLD,,,,31.200000762939453,,,,0.0,False,missing_candidate_legs
sim_2019-02-09_2026-05-21_7bc84efae62c,2022-05-06,short_straddle,GLD,,,,30.190000534057617,,,,0.0,False,missing_candidate_legs
sim_2019-02-09_2026-05-21_7bc84efae62c,2022-05-06,put_credit_spread,GLD,,,,30.190000534057617,,,,0.0,False,missing_candidate_legs
sim_2019-02-09_2026-05-21_7bc84efae62c,2022-05-09,short_straddle,GLD,,,,34.75,,,,0.0,False,missing_candidate_legs
sim_2019-02-09_2026-05-21_7bc84efae62c,2022-05-09,put_credit_spread,GLD,,,,34.75,,,,0.0,False,missing_candidate_legs
sim_2019-02-09_2026-05-21_7bc84efae62c,2022-05-10,short_straddle,GLD,,,,32.9900016784668,,,,0.0,False,missing_candidate_legs
sim_2019-02-09_2026-05-21_7bc84efae62c,2022-05-10,put_credit_spread,GLD,,,,32.9900016784668,,,,0.0,False,missing_candidate_legs
sim_2019-02-09_2026-05-21_7bc84efae62c,2022-05-11,short_straddle,GLD,,,,32.560001373291016,,,,0.0,False,missing_candidate_legs
sim_2019-02-09_2026-05-21_7bc84efae62c,2022-05-11,put_credit_spread,GLD,,,,32.560001373291016,,,,0.0,False,missing_candidate_legs
sim_2019-02-09_2026-05-21_7bc84efae62c,2022-05-12,short_straddle,GLD,,,,31.770000457763672,,,,0.0,False,missing_candidate_legs
sim_2019-02-09_2026-05-21_7bc84efae62c,2022-05-12,put_credit_spread,GLD,,,,31.770000457763672,,,,0.0,False,missing_candidate_legs
sim_2019-02-09_2026-05-21_7bc84efae62c,2022-05-13,short_straddle,GLD,,,,28.8700008392334,,,,0.0,False,missing_candidate_legs
sim_2019-02-09_2026-05-21_7bc84efae62c,2022-05-13,put_credit_spread,GLD,,,,28.8700008392334,,,,0.0,False,missing_candidate_legs
sim_2019-02-09_2026-05-21_7bc84efae62c,2022-05-16,short_straddle,GLD,,,,27.46999931335449,,,,0.0,False,missing_candidate_legs
sim_2019-02-09_2026-05-21_7bc84efae62c,2022-05-16,put_credit_spread,GLD,,,,27.46999931335449,,,,0.0,False,missing_candidate_legs
sim_2019-02-09_2026-05-21_7bc84efae62c,2022-05-17,short_straddle,GLD,,,,26.100000381469727,,,,0.0,False,missing_candidate_legs
sim_2019-02-09_2026-05-21_7bc84efae62c,2022-05-17,put_credit_spread,GLD,,,,26.100000381469727,,,,0.0,False,missing_candidate_legs
sim_2019-02-09_2026-05-21_7bc84efae62c,2022-05-18,short_straddle,GLD,,,,30.959999084472656,,,,0.0,False,missing_candidate_legs
sim_2019-02-09_2026-05-21_7bc84efae62c,2022-05-18,put_credit_spread,GLD,,,,30.959999084472656,,,,0.0,False,missing_candidate_legs
sim_2019-02-09_2026-05-21_7bc84efae62c,2022-05-19,short_straddle,GLD,,,,29.350000381469727,,,,0.0,False,missing_candidate_legs
sim_2019-02-09_2026-05-21_7bc84efae62c,2022-05-19,put_credit_spread,GLD,,,,29.350000381469727,,,,0.0,False,missing_candidate_legs
sim_2019-02-09_2026-05-21_7bc84efae62c,2022-05-20,short_straddle,GLD,,,,29.43000030517578,,,,0.0,False,missing_candidate_legs
sim_2019-02-09_2026-05-21_7bc84efae62c,2022-05-20,put_credit_spread,GLD,,,,29.43000030517578,,,,0.0,False,missing_candidate_legs
sim_2019-02-09_2026-05-21_7bc84efae62c,2022-05-23,short_straddle,GLD,,,,28.479999542236328,,,,0.0,False,missing_candidate_legs
sim_2019-02-09_2026-05-21_7bc84efae62c,2022-05-23,put_credit_spread,GLD,,,,28.479999542236328,,,,0.0,False,missing_candidate_legs
sim_2019-02-09_2026-05-21_7bc84efae62c,2022-05-24,short_straddle,GLD,,,,29.450000762939453,,,,0.0,False,missing_candidate_legs
sim_2019-02-09_2026-05-21_7bc84efae62c,2022-05-24,put_credit_spread,GLD,,,,29.450000762939453,,,,0.0,False,missing_candidate_legs
sim_2019-02-09_2026-05-21_7bc84efae62c,2022-05-25,short_straddle,GLD,,,,28.3700008392334,,,,0.0,False,missing_candidate_legs
sim_2019-02-09_2026-05-21_7bc84efae62c,2022-05-25,put_credit_spread,GLD,,,,28.3700008392334,,,,0.0,False,missing_candidate_legs
sim_2019-02-09_2026-05-21_7bc84efae62c,2022-05-26,short_straddle,GLD,,,,27.5,,,,0.0,False,missing_candidate_legs
sim_2019-02-09_2026-05-21_7bc84efae62c,2022-05-26,put_credit_spread,GLD,,,,27.5,,,,0.0,False,missing_candidate_legs
sim_2019-02-09_2026-05-21_7bc84efae62c,2022-05-27,short_straddle,GLD,,,,25.71999931335449,,,,0.0,False,missing_candidate_legs
sim_2019-02-09_2026-05-21_7bc84efae62c,2022-05-27,put_credit_spread,GLD,,,,25.71999931335449,,,,0.0,False,missing_candidate_legs
sim_2019-02-09_2026-05-21_7bc84efae62c,2022-05-31,short_straddle,GLD,,,,26.190000534057617,,,,0.0,False,missing_candidate_legs
sim_2019-02-09_2026-05-21_7bc84efae62c,2022-05-31,put_credit_spread,GLD,,,,26.190000534057617,,,,0.0,False,missing_candidate_legs
sim_2019-02-09_2026-05-21_7bc84efae62c,2022-06-01,short_straddle,GLD,,,,25.690000534057617,,,,0.0,False,missing_candidate_legs
sim_2019-02-09_2026-05-21_7bc84efae62c,2022-06-01,put_credit_spread,GLD,,,,25.690000534057617,,,,0.0,False,missing_candidate_legs
sim_2019-02-09_2026-05-21_7bc84efae62c,2022-06-02,short_straddle,GLD,,,,24.71999931335449,,,,0.0,False,missing_candidate_legs
sim_2019-02-09_2026-05-21_7bc84efae62c,2022-06-02,put_credit_spread,GLD,,,,24.71999931335449,,,,0.0,False,missing_candidate_legs
sim_2019-02-09_2026-05-21_7bc84efae62c,2022-06-03,short_straddle,GLD,,,,24.790000915527344,,,,0.0,False,missing_candidate_legs
sim_2019-02-09_2026-05-21_7bc84efae62c,2022-06-03,put_credit_spread,GLD,,,,24.790000915527344,,,,0.0,False,missing_candidate_legs
sim_2019-02-09_2026-05-21_7bc84efae62c,2022-06-06,short_straddle,GLD,,,,25.06999969482422,,,,0.0,False,missing_candidate_legs
sim_2019-02-09_2026-05-21_7bc84efae62c,2022-06-06,put_credit_spread,GLD,,,,25.06999969482422,,,,0.0,False,missing_candidate_legs
sim_2019-02-09_2026-05-21_7bc84efae62c,2022-06-07,short_straddle,GLD,,,,24.020000457763672,,,,0.0,False,missing_candidate_legs
sim_2019-02-09_2026-05-21_7bc84efae62c,2022-06-07,put_credit_spread,GLD,,,,24.020000457763672,,,,0.0,False,missing_candidate_legs
sim_2019-02-09_2026-05-21_7bc84efae62c,2022-06-08,short_straddle,GLD,,,,23.959999084472656,,,,0.0,False,missing_candidate_legs
sim_2019-02-09_2026-05-21_7bc84efae62c,2022-06-08,put_credit_spread,GLD,,,,23.959999084472656,,,,0.0,False,missing_candidate_legs
sim_2019-02-09_2026-05-21_7bc84efae62c,2022-06-09,short_straddle,GLD,,,,26.09000015258789,,,,0.0,False,missing_candidate_legs
sim_2019-02-09_2026-05-21_7bc84efae62c,2022-06-09,put_credit_spread,GLD,,,,26.09000015258789,,,,0.0,False,missing_candidate_legs
sim_2019-02-09_2026-05-21_7bc84efae62c,2022-06-10,short_straddle,GLD,,,,27.75,,,,0.0,False,missing_candidate_legs
sim_2019-02-09_2026-05-21_7bc84efae62c,2022-06-10,put_credit_spread,GLD,,,,27.75,,,,0.0,False,missing_candidate_legs
sim_2019-02-09_2026-05-21_7bc84efae62c,2022-06-13,short_straddle,GLD,,,,34.02000045776367,,,,0.0,False,missing_candidate_legs
sim_2019-02-09_2026-05-21_7bc84efae62c,2022-06-13,put_credit_spread,GLD,,,,34.02000045776367,,,,0.0,False,missing_candidate_legs
sim_2019-02-09_2026-05-21_7bc84efae62c,2022-06-14,short_straddle,GLD,,,,32.689998626708984,,,,0.0,False,missing_candidate_legs
sim_2019-02-09_2026-05-21_7bc84efae62c,2022-06-14,put_credit_spread,GLD,,,,32.689998626708984,,,,0.0,False,missing_candidate_legs
sim_2019-02-09_2026-05-21_7bc84efae62c,2022-06-15,short_straddle,GLD,,,,29.6200008392334,,,,0.0,False,missing_candidate_legs
sim_2019-02-09_2026-05-21_7bc84efae62c,2022-06-15,put_credit_spread,GLD,,,,29.6200008392334,,,,0.0,False,missing_candidate_legs
sim_2019-02-09_2026-05-21_7bc84efae62c,2022-06-16,short_straddle,GLD,,,,32.95000076293945,,,,0.0,False,missing_candidate_legs
sim_2019-02-09_2026-05-21_7bc84efae62c,2022-06-16,put_credit_spread,GLD,,,,32.95000076293945,,,,0.0,False,missing_candidate_legs
sim_2019-02-09_2026-05-21_7bc84efae62c,2022-06-17,short_straddle,GLD,,,,31.1299991607666,,,,0.0,False,missing_candidate_legs
sim_2019-02-09_2026-05-21_7bc84efae62c,2022-06-17,put_credit_spread,GLD,,,,31.1299991607666,,,,0.0,False,missing_candidate_legs
sim_2019-02-09_2026-05-21_7bc84efae62c,2022-06-21,short_straddle,GLD,,,,30.190000534057617,,,,0.0,False,missing_candidate_legs
sim_2019-02-09_2026-05-21_7bc84efae62c,2022-06-21,put_credit_spread,GLD,,,,30.190000534057617,,,,0.0,False,missing_candidate_legs
sim_2019-02-09_2026-05-21_7bc84efae62c,2022-06-22,short_straddle,GLD,,,,28.950000762939453,,,,0.0,False,missing_candidate_legs
sim_2019-02-09_2026-05-21_7bc84efae62c,2022-06-22,put_credit_spread,GLD,,,,28.950000762939453,,,,0.0,False,missing_candidate_legs
sim_2019-02-09_2026-05-21_7bc84efae62c,2022-06-23,short_straddle,GLD,,,,29.049999237060547,,,,0.0,False,missing_candidate_legs
sim_2019-02-09_2026-05-21_7bc84efae62c,2022-06-23,put_credit_spread,GLD,,,,29.049999237060547,,,,0.0,False,missing_candidate_legs
sim_2019-02-09_2026-05-21_7bc84efae62c,2022-06-24,short_straddle,GLD,,,,27.229999542236328,,,,0.0,False,missing_candidate_legs
sim_2019-02-09_2026-05-21_7bc84efae62c,2022-06-24,put_credit_spread,GLD,,,,27.229999542236328,,,,0.0,False,missing_candidate_legs
sim_2019-02-09_2026-05-21_7bc84efae62c,2022-06-27,short_straddle,GLD,,,,26.950000762939453,,,,0.0,False,missing_candidate_legs
sim_2019-02-09_2026-05-21_7bc84efae62c,2022-06-27,put_credit_spread,GLD,,,,26.950000762939453,,,,0.0,False,missing_candidate_legs
sim_2019-02-09_2026-05-21_7bc84efae62c,2022-06-28,short_straddle,GLD,,,,28.36000061035156,,,,0.0,False,missing_candidate_legs
sim_2019-02-09_2026-05-21_7bc84efae62c,2022-06-28,put_credit_spread,GLD,,,,28.36000061035156,,,,0.0,False,missing_candidate_legs
sim_2019-02-09_2026-05-21_7bc84efae62c,2022-06-29,short_straddle,GLD,,,,28.15999984741211,,,,0.0,False,missing_candidate_legs
sim_2019-02-09_2026-05-21_7bc84efae62c,2022-06-29,put_credit_spread,GLD,,,,28.15999984741211,,,,0.0,False,missing_candidate_legs
sim_2019-02-09_2026-05-21_7bc84efae62c,2022-06-30,short_straddle,GLD,,,,28.709999084472656,,,,0.0,False,missing_candidate_legs
sim_2019-02-09_2026-05-21_7bc84efae62c,2022-06-30,put_credit_spread,GLD,,,,28.709999084472656,,,,0.0,False,missing_candidate_legs
sim_2019-02-09_2026-05-21_7bc84efae62c,2022-07-01,short_straddle,GLD,,,,26.700000762939453,,,,0.0,False,missing_candidate_legs
sim_2019-02-09_2026-05-21_7bc84efae62c,2022-07-01,put_credit_spread,GLD,,,,26.700000762939453,,,,0.0,False,missing_candidate_legs
sim_2019-02-09_2026-05-21_7bc84efae62c,2022-07-05,short_straddle,GLD,,,,27.540000915527344,,,,0.0,False,missing_candidate_legs
sim_2019-02-09_2026-05-21_7bc84efae62c,2022-07-05,put_credit_spread,GLD,,,,27.540000915527344,,,,0.0,False,missing_candidate_legs
sim_2019-02-09_2026-05-21_7bc84efae62c,2022-07-06,short_straddle,GLD,,,,26.729999542236328,,,,0.0,False,missing_candidate_legs
sim_2019-02-09_2026-05-21_7bc84efae62c,2022-07-06,put_credit_spread,GLD,,,,26.729999542236328,,,,0.0,False,missing_candidate_legs
sim_2019-02-09_2026-05-21_7bc84efae62c,2022-07-07,short_straddle,GLD,,,,26.07999992370605,,,,0.0,False,missing_candidate_legs
sim_2019-02-09_2026-05-21_7bc84efae62c,2022-07-07,put_credit_spread,GLD,,,,26.07999992370605,,,,0.0,False,missing_candidate_legs
sim_2019-02-09_2026-05-21_7bc84efae62c,2022-07-08,short_straddle,GLD,,,,24.63999938964844,,,,0.0,False,missing_candidate_legs
sim_2019-02-09_2026-05-21_7bc84efae62c,2022-07-08,put_credit_spread,GLD,,,,24.63999938964844,,,,0.0,False,missing_candidate_legs
sim_2019-02-09_2026-05-21_7bc84efae62c,2022-07-11,short_straddle,GLD,,,,26.170000076293945,,,,0.0,False,missing_candidate_legs
sim_2019-02-09_2026-05-21_7bc84efae62c,2022-07-11,put_credit_spread,GLD,,,,26.170000076293945,,,,0.0,False,missing_candidate_legs
sim_2019-02-09_2026-05-21_7bc84efae62c,2022-07-12,short_straddle,GLD,,,,27.290000915527344,,,,0.0,False,missing_candidate_legs
sim_2019-02-09_2026-05-21_7bc84efae62c,2022-07-12,put_credit_spread,GLD,,,,27.290000915527344,,,,0.0,False,missing_candidate_legs
sim_2019-02-09_2026-05-21_7bc84efae62c,2022-07-13,short_straddle,GLD,,,,26.81999969482422,,,,0.0,False,missing_candidate_legs
sim_2019-02-09_2026-05-21_7bc84efae62c,2022-07-13,put_credit_spread,GLD,,,,26.81999969482422,,,,0.0,False,missing_candidate_legs
sim_2019-02-09_2026-05-21_7bc84efae62c,2022-07-14,short_straddle,GLD,,,,26.39999961853028,,,,0.0,False,missing_candidate_legs
sim_2019-02-09_2026-05-21_7bc84efae62c,2022-07-14,put_credit_spread,GLD,,,,26.39999961853028,,,,0.0,False,missing_candidate_legs
sim_2019-02-09_2026-05-21_7bc84efae62c,2022-07-15,short_straddle,GLD,,,,24.229999542236328,,,,0.0,False,missing_candidate_legs
sim_2019-02-09_2026-05-21_7bc84efae62c,2022-07-15,put_credit_spread,GLD,,,,24.229999542236328,,,,0.0,False,missing_candidate_legs
sim_2019-02-09_2026-05-21_7bc84efae62c,2022-07-18,short_straddle,GLD,,,,25.299999237060547,,,,0.0,False,missing_candidate_legs
sim_2019-02-09_2026-05-21_7bc84efae62c,2022-07-18,put_credit_spread,GLD,,,,25.299999237060547,,,,0.0,False,missing_candidate_legs
sim_2019-02-09_2026-05-21_7bc84efae62c,2022-07-19,short_straddle,GLD,,,,24.5,,,,0.0,False,missing_candidate_legs
sim_2019-02-09_2026-05-21_7bc84efae62c,2022-07-19,put_credit_spread,GLD,,,,24.5,,,,0.0,False,missing_candidate_legs
sim_2019-02-09_2026-05-21_7bc84efae62c,2022-07-20,short_straddle,GLD,,,,23.8799991607666,,,,0.0,False,missing_candidate_legs
sim_2019-02-09_2026-05-21_7bc84efae62c,2022-07-20,put_credit_spread,GLD,,,,23.8799991607666,,,,0.0,False,missing_candidate_legs
sim_2019-02-09_2026-05-21_7bc84efae62c,2022-07-21,short_straddle,GLD,,,,23.11000061035156,,,,0.0,False,missing_candidate_legs
sim_2019-02-09_2026-05-21_7bc84efae62c,2022-07-21,put_credit_spread,GLD,,,,23.11000061035156,,,,0.0,False,missing_candidate_legs
sim_2019-02-09_2026-05-21_7bc84efae62c,2022-07-22,short_straddle,GLD,,,,23.030000686645508,,,,0.0,False,missing_candidate_legs
sim_2019-02-09_2026-05-21_7bc84efae62c,2022-07-22,put_credit_spread,GLD,,,,23.030000686645508,,,,0.0,False,missing_candidate_legs
sim_2019-02-09_2026-05-21_7bc84efae62c,2022-07-25,short_straddle,GLD,,,,23.36000061035156,,,,0.0,False,missing_candidate_legs
sim_2019-02-09_2026-05-21_7bc84efae62c,2022-07-25,put_credit_spread,GLD,,,,23.36000061035156,,,,0.0,False,missing_candidate_legs
sim_2019-02-09_2026-05-21_7bc84efae62c,2022-07-26,short_straddle,GLD,,,,24.690000534057617,,,,0.0,False,missing_candidate_legs
sim_2019-02-09_2026-05-21_7bc84efae62c,2022-07-26,put_credit_spread,GLD,,,,24.690000534057617,,,,0.0,False,missing_candidate_legs
sim_2019-02-09_2026-05-21_7bc84efae62c,2022-07-27,short_straddle,GLD,,,,23.239999771118164,,,,0.0,False,missing_candidate_legs
sim_2019-02-09_2026-05-21_7bc84efae62c,2022-07-27,put_credit_spread,GLD,,,,23.239999771118164,,,,0.0,False,missing_candidate_legs
sim_2019-02-09_2026-05-21_7bc84efae62c,2022-07-28,short_straddle,GLD,,,,22.32999992370605,,,,0.0,False,missing_candidate_legs
sim_2019-02-09_2026-05-21_7bc84efae62c,2022-07-28,put_credit_spread,GLD,,,,22.32999992370605,,,,0.0,False,missing_candidate_legs
sim_2019-02-09_2026-05-21_7bc84efae62c,2022-07-29,short_straddle,GLD,,,,21.32999992370605,,,,0.0,False,missing_candidate_legs
sim_2019-02-09_2026-05-21_7bc84efae62c,2022-07-29,put_credit_spread,GLD,,,,21.32999992370605,,,,0.0,False,missing_candidate_legs
sim_2019-02-09_2026-05-21_7bc84efae62c,2022-08-01,short_straddle,GLD,,,,22.84000015258789,,,,0.0,False,missing_candidate_legs
sim_2019-02-09_2026-05-21_7bc84efae62c,2022-08-01,put_credit_spread,GLD,,,,22.84000015258789,,,,0.0,False,missing_candidate_legs
sim_2019-02-09_2026-05-21_7bc84efae62c,2022-08-02,short_straddle,GLD,,,,23.93000030517578,,,,0.0,False,missing_candidate_legs
sim_2019-02-09_2026-05-21_7bc84efae62c,2022-08-02,put_credit_spread,GLD,,,,23.93000030517578,,,,0.0,False,missing_candidate_legs
sim_2019-02-09_2026-05-21_7bc84efae62c,2022-08-03,short_straddle,GLD,,,,21.950000762939453,,,,0.0,False,missing_candidate_legs
sim_2019-02-09_2026-05-21_7bc84efae62c,2022-08-03,put_credit_spread,GLD,,,,21.950000762939453,,,,0.0,False,missing_candidate_legs
sim_2019-02-09_2026-05-21_7bc84efae62c,2022-08-04,short_straddle,GLD,,,,21.440000534057617,,,,0.0,False,missing_candidate_legs
sim_2019-02-09_2026-05-21_7bc84efae62c,2022-08-04,put_credit_spread,GLD,,,,21.440000534057617,,,,0.0,False,missing_candidate_legs
sim_2019-02-09_2026-05-21_7bc84efae62c,2022-08-05,short_straddle,GLD,,,,21.14999961853028,,,,0.0,False,missing_candidate_legs
sim_2019-02-09_2026-05-21_7bc84efae62c,2022-08-05,put_credit_spread,GLD,,,,21.14999961853028,,,,0.0,False,missing_candidate_legs
sim_2019-02-09_2026-05-21_7bc84efae62c,2022-08-08,short_straddle,GLD,,,,21.290000915527344,,,,0.0,False,missing_candidate_legs
sim_2019-02-09_2026-05-21_7bc84efae62c,2022-08-08,put_credit_spread,GLD,,,,21.290000915527344,,,,0.0,False,missing_candidate_legs
sim_2019-02-09_2026-05-21_7bc84efae62c,2022-08-09,short_straddle,GLD,,,,21.770000457763672,,,,0.0,False,missing_candidate_legs
sim_2019-02-09_2026-05-21_7bc84efae62c,2022-08-09,put_credit_spread,GLD,,,,21.770000457763672,,,,0.0,False,missing_candidate_legs
sim_2019-02-09_2026-05-21_7bc84efae62c,2022-08-10,short_straddle,GLD,,,,19.739999771118164,,,,0.0,False,missing_candidate_legs
sim_2019-02-09_2026-05-21_7bc84efae62c,2022-08-10,put_credit_spread,GLD,,,,19.739999771118164,,,,0.0,False,missing_candidate_legs
sim_2019-02-09_2026-05-21_7bc84efae62c,2022-08-11,short_straddle,GLD,,,,20.200000762939453,,,,0.0,False,missing_candidate_legs
sim_2019-02-09_2026-05-21_7bc84efae62c,2022-08-11,put_credit_spread,GLD,,,,20.200000762939453,,,,0.0,False,missing_candidate_legs
sim_2019-02-09_2026-05-21_7bc84efae62c,2022-08-12,short_straddle,GLD,,,,19.530000686645508,,,,0.0,False,missing_candidate_legs
sim_2019-02-09_2026-05-21_7bc84efae62c,2022-08-12,put_credit_spread,GLD,,,,19.530000686645508,,,,0.0,False,missing_candidate_legs
sim_2019-02-09_2026-05-21_7bc84efae62c,2022-08-15,short_straddle,GLD,,,,19.950000762939453,,,,0.0,False,missing_candidate_legs
sim_2019-02-09_2026-05-21_7bc84efae62c,2022-08-15,put_credit_spread,GLD,,,,19.950000762939453,,,,0.0,False,missing_candidate_legs
sim_2019-02-09_2026-05-21_7bc84efae62c,2022-08-16,short_straddle,GLD,,,,19.690000534057617,,,,0.0,False,missing_candidate_legs
sim_2019-02-09_2026-05-21_7bc84efae62c,2022-08-16,put_credit_spread,GLD,,,,19.690000534057617,,,,0.0,False,missing_candidate_legs
sim_2019-02-09_2026-05-21_7bc84efae62c,2022-08-17,short_straddle,GLD,,,,19.89999961853028,,,,0.0,False,missing_candidate_legs
sim_2019-02-09_2026-05-21_7bc84efae62c,2022-08-17,put_credit_spread,GLD,,,,19.89999961853028,,,,0.0,False,missing_candidate_legs
sim_2019-02-09_2026-05-21_7bc84efae62c,2022-08-18,short_straddle,GLD,,,,19.559999465942383,,,,0.0,False,missing_candidate_legs
sim_2019-02-09_2026-05-21_7bc84efae62c,2022-08-18,put_credit_spread,GLD,,,,19.559999465942383,,,,0.0,False,missing_candidate_legs
sim_2019-02-09_2026-05-21_7bc84efae62c,2022-08-19,short_straddle,GLD,,,,20.600000381469727,,,,0.0,False,missing_candidate_legs
sim_2019-02-09_2026-05-21_7bc84efae62c,2022-08-19,put_credit_spread,GLD,,,,20.600000381469727,,,,0.0,False,missing_candidate_legs
sim_2019-02-09_2026-05-21_7bc84efae62c,2022-08-22,short_straddle,GLD,,,,23.799999237060547,,,,0.0,False,missing_candidate_legs
sim_2019-02-09_2026-05-21_7bc84efae62c,2022-08-22,put_credit_spread,GLD,,,,23.799999237060547,,,,0.0,False,missing_candidate_legs
sim_2019-02-09_2026-05-21_7bc84efae62c,2022-08-23,short_straddle,GLD,,,,24.11000061035156,,,,0.0,False,missing_candidate_legs
sim_2019-02-09_2026-05-21_7bc84efae62c,2022-08-23,put_credit_spread,GLD,,,,24.11000061035156,,,,0.0,False,missing_candidate_legs
sim_2019-02-09_2026-05-21_7bc84efae62c,2022-08-24,short_straddle,GLD,,,,22.81999969482422,,,,0.0,False,missing_candidate_legs
sim_2019-02-09_2026-05-21_7bc84efae62c,2022-08-24,put_credit_spread,GLD,,,,22.81999969482422,,,,0.0,False,missing_candidate_legs
sim_2019-02-09_2026-05-21_7bc84efae62c,2022-08-25,short_straddle,GLD,,,,21.780000686645508,,,,0.0,False,missing_candidate_legs
sim_2019-02-09_2026-05-21_7bc84efae62c,2022-08-25,put_credit_spread,GLD,,,,21.780000686645508,,,,0.0,False,missing_candidate_legs
sim_2019-02-09_2026-05-21_7bc84efae62c,2022-08-26,short_straddle,GLD,,,,25.559999465942383,,,,0.0,False,missing_candidate_legs
sim_2019-02-09_2026-05-21_7bc84efae62c,2022-08-26,put_credit_spread,GLD,,,,25.559999465942383,,,,0.0,False,missing_candidate_legs
sim_2019-02-09_2026-05-21_7bc84efae62c,2022-08-29,short_straddle,GLD,,,,26.209999084472656,,,,0.0,False,missing_candidate_legs
sim_2019-02-09_2026-05-21_7bc84efae62c,2022-08-29,put_credit_spread,GLD,,,,26.209999084472656,,,,0.0,False,missing_candidate_legs
sim_2019-02-09_2026-05-21_7bc84efae62c,2022-08-30,short_straddle,GLD,,,,26.209999084472656,,,,0.0,False,missing_candidate_legs
sim_2019-02-09_2026-05-21_7bc84efae62c,2022-08-30,put_credit_spread,GLD,,,,26.209999084472656,,,,0.0,False,missing_candidate_legs
sim_2019-02-09_2026-05-21_7bc84efae62c,2022-08-31,short_straddle,GLD,,,,25.8700008392334,,,,0.0,False,missing_candidate_legs
sim_2019-02-09_2026-05-21_7bc84efae62c,2022-08-31,put_credit_spread,GLD,,,,25.8700008392334,,,,0.0,False,missing_candidate_legs
sim_2019-02-09_2026-05-21_7bc84efae62c,2022-09-01,short_straddle,GLD,,,,25.559999465942383,,,,0.0,False,missing_candidate_legs
sim_2019-02-09_2026-05-21_7bc84efae62c,2022-09-01,put_credit_spread,GLD,,,,25.559999465942383,,,,0.0,False,missing_candidate_legs
sim_2019-02-09_2026-05-21_7bc84efae62c,2022-09-02,short_straddle,GLD,,,,25.46999931335449,,,,0.0,False,missing_candidate_legs
sim_2019-02-09_2026-05-21_7bc84efae62c,2022-09-02,put_credit_spread,GLD,,,,25.46999931335449,,,,0.0,False,missing_candidate_legs
sim_2019-02-09_2026-05-21_7bc84efae62c,2022-09-06,short_straddle,GLD,,,,26.90999984741211,,,,0.0,False,missing_candidate_legs
sim_2019-02-09_2026-05-21_7bc84efae62c,2022-09-06,put_credit_spread,GLD,,,,26.90999984741211,,,,0.0,False,missing_candidate_legs
sim_2019-02-09_2026-05-21_7bc84efae62c,2022-09-07,short_straddle,GLD,,,,24.63999938964844,,,,0.0,False,missing_candidate_legs
sim_2019-02-09_2026-05-21_7bc84efae62c,2022-09-07,put_credit_spread,GLD,,,,24.63999938964844,,,,0.0,False,missing_candidate_legs
sim_2019-02-09_2026-05-21_7bc84efae62c,2022-09-08,short_straddle,GLD,,,,23.61000061035156,,,,0.0,False,missing_candidate_legs
sim_2019-02-09_2026-05-21_7bc84efae62c,2022-09-08,put_credit_spread,GLD,,,,23.61000061035156,,,,0.0,False,missing_candidate_legs
sim_2019-02-09_2026-05-21_7bc84efae62c,2022-09-09,short_straddle,GLD,,,,22.790000915527344,,,,0.0,False,missing_candidate_legs
sim_2019-02-09_2026-05-21_7bc84efae62c,2022-09-09,put_credit_spread,GLD,,,,22.790000915527344,,,,0.0,False,missing_candidate_legs
sim_2019-02-09_2026-05-21_7bc84efae62c,2022-09-12,short_straddle,GLD,,,,23.8700008392334,,,,0.0,False,missing_candidate_legs
sim_2019-02-09_2026-05-21_7bc84efae62c,2022-09-12,put_credit_spread,GLD,,,,23.8700008392334,,,,0.0,False,missing_candidate_legs
sim_2019-02-09_2026-05-21_7bc84efae62c,2022-09-13,short_straddle,GLD,,,,27.270000457763672,,,,0.0,False,missing_candidate_legs
sim_2019-02-09_2026-05-21_7bc84efae62c,2022-09-13,put_credit_spread,GLD,,,,27.270000457763672,,,,0.0,False,missing_candidate_legs
sim_2019-02-09_2026-05-21_7bc84efae62c,2022-09-14,short_straddle,GLD,,,,26.15999984741211,,,,0.0,False,missing_candidate_legs
sim_2019-02-09_2026-05-21_7bc84efae62c,2022-09-14,put_credit_spread,GLD,,,,26.15999984741211,,,,0.0,False,missing_candidate_legs
sim_2019-02-09_2026-05-21_7bc84efae62c,2022-09-15,short_straddle,GLD,,,,26.270000457763672,,,,0.0,False,missing_candidate_legs
sim_2019-02-09_2026-05-21_7bc84efae62c,2022-09-15,put_credit_spread,GLD,,,,26.270000457763672,,,,0.0,False,missing_candidate_legs
sim_2019-02-09_2026-05-21_7bc84efae62c,2022-09-16,short_straddle,GLD,,,,26.299999237060547,,,,0.0,False,missing_candidate_legs
sim_2019-02-09_2026-05-21_7bc84efae62c,2022-09-16,put_credit_spread,GLD,,,,26.299999237060547,,,,0.0,False,missing_candidate_legs
sim_2019-02-09_2026-05-21_7bc84efae62c,2022-09-19,short_straddle,GLD,,,,25.76000022888184,,,,0.0,False,missing_candidate_legs
sim_2019-02-09_2026-05-21_7bc84efae62c,2022-09-19,put_credit_spread,GLD,,,,25.76000022888184,,,,0.0,False,missing_candidate_legs
sim_2019-02-09_2026-05-21_7bc84efae62c,2022-09-20,short_straddle,GLD,,,,27.15999984741211,,,,0.0,False,missing_candidate_legs
sim_2019-02-09_2026-05-21_7bc84efae62c,2022-09-20,put_credit_spread,GLD,,,,27.15999984741211,,,,0.0,False,missing_candidate_legs
sim_2019-02-09_2026-05-21_7bc84efae62c,2022-09-21,short_straddle,GLD,,,,27.989999771118164,,,,0.0,False,missing_candidate_legs
sim_2019-02-09_2026-05-21_7bc84efae62c,2022-09-21,put_credit_spread,GLD,,,,27.989999771118164,,,,0.0,False,missing_candidate_legs
sim_2019-02-09_2026-05-21_7bc84efae62c,2022-09-22,short_straddle,GLD,,,,27.350000381469727,,,,0.0,False,missing_candidate_legs
sim_2019-02-09_2026-05-21_7bc84efae62c,2022-09-22,put_credit_spread,GLD,,,,27.350000381469727,,,,0.0,False,missing_candidate_legs
sim_2019-02-09_2026-05-21_7bc84efae62c,2022-09-23,short_straddle,GLD,,,,29.920000076293945,,,,0.0,False,missing_candidate_legs
sim_2019-02-09_2026-05-21_7bc84efae62c,2022-09-23,put_credit_spread,GLD,,,,29.920000076293945,,,,0.0,False,missing_candidate_legs
sim_2019-02-09_2026-05-21_7bc84efae62c,2022-09-26,short_straddle,GLD,,,,32.2599983215332,,,,0.0,False,missing_candidate_legs
sim_2019-02-09_2026-05-21_7bc84efae62c,2022-09-26,put_credit_spread,GLD,,,,32.2599983215332,,,,0.0,False,missing_candidate_legs
sim_2019-02-09_2026-05-21_7bc84efae62c,2022-09-27,short_straddle,GLD,,,,32.599998474121094,,,,0.0,False,missing_candidate_legs
sim_2019-02-09_2026-05-21_7bc84efae62c,2022-09-27,put_credit_spread,GLD,,,,32.599998474121094,,,,0.0,False,missing_candidate_legs
sim_2019-02-09_2026-05-21_7bc84efae62c,2022-09-28,short_straddle,GLD,,,,30.18000030517578,,,,0.0,False,missing_candidate_legs
sim_2019-02-09_2026-05-21_7bc84efae62c,2022-09-28,put_credit_spread,GLD,,,,30.18000030517578,,,,0.0,False,missing_candidate_legs
sim_2019-02-09_2026-05-21_7bc84efae62c,2022-09-29,short_straddle,GLD,,,,31.84000015258789,,,,0.0,False,missing_candidate_legs
sim_2019-02-09_2026-05-21_7bc84efae62c,2022-09-29,put_credit_spread,GLD,,,,31.84000015258789,,,,0.0,False,missing_candidate_legs
sim_2019-02-09_2026-05-21_7bc84efae62c,2022-09-30,short_straddle,GLD,,,,31.6200008392334,,,,0.0,False,missing_candidate_legs
sim_2019-02-09_2026-05-21_7bc84efae62c,2022-09-30,put_credit_spread,GLD,,,,31.6200008392334,,,,0.0,False,missing_candidate_legs
sim_2019-02-09_2026-05-21_7bc84efae62c,2022-10-03,short_straddle,GLD,,,,30.100000381469727,,,,0.0,False,missing_candidate_legs
sim_2019-02-09_2026-05-21_7bc84efae62c,2022-10-03,put_credit_spread,GLD,,,,30.100000381469727,,,,0.0,False,missing_candidate_legs
sim_2019-02-09_2026-05-21_7bc84efae62c,2022-10-04,short_straddle,GLD,,,,29.06999969482422,,,,0.0,False,missing_candidate_legs
sim_2019-02-09_2026-05-21_7bc84efae62c,2022-10-04,put_credit_spread,GLD,,,,29.06999969482422,,,,0.0,False,missing_candidate_legs
sim_2019-02-09_2026-05-21_7bc84efae62c,2022-10-05,short_straddle,GLD,,,,28.549999237060547,,,,0.0,False,missing_candidate_legs
sim_2019-02-09_2026-05-21_7bc84efae62c,2022-10-05,put_credit_spread,GLD,,,,28.549999237060547,,,,0.0,False,missing_candidate_legs
sim_2019-02-09_2026-05-21_7bc84efae62c,2022-10-06,short_straddle,GLD,,,,30.520000457763672,,,,0.0,False,missing_candidate_legs
sim_2019-02-09_2026-05-21_7bc84efae62c,2022-10-06,put_credit_spread,GLD,,,,30.520000457763672,,,,0.0,False,missing_candidate_legs
sim_2019-02-09_2026-05-21_7bc84efae62c,2022-10-07,short_straddle,GLD,,,,31.36000061035156,,,,0.0,False,missing_candidate_legs
sim_2019-02-09_2026-05-21_7bc84efae62c,2022-10-07,put_credit_spread,GLD,,,,31.36000061035156,,,,0.0,False,missing_candidate_legs
sim_2019-02-09_2026-05-21_7bc84efae62c,2022-10-10,short_straddle,GLD,,,,32.45000076293945,,,,0.0,False,missing_candidate_legs
sim_2019-02-09_2026-05-21_7bc84efae62c,2022-10-10,put_credit_spread,GLD,,,,32.45000076293945,,,,0.0,False,missing_candidate_legs
sim_2019-02-09_2026-05-21_7bc84efae62c,2022-10-11,short_straddle,GLD,,,,33.630001068115234,,,,0.0,False,missing_candidate_legs
sim_2019-02-09_2026-05-21_7bc84efae62c,2022-10-11,put_credit_spread,GLD,,,,33.630001068115234,,,,0.0,False,missing_candidate_legs
sim_2019-02-09_2026-05-21_7bc84efae62c,2022-10-12,short_straddle,GLD,,,,33.56999969482422,,,,0.0,False,missing_candidate_legs
sim_2019-02-09_2026-05-21_7bc84efae62c,2022-10-12,put_credit_spread,GLD,,,,33.56999969482422,,,,0.0,False,missing_candidate_legs
sim_2019-02-09_2026-05-21_7bc84efae62c,2022-10-13,short_straddle,GLD,,,,31.940000534057617,,,,0.0,False,missing_candidate_legs
sim_2019-02-09_2026-05-21_7bc84efae62c,2022-10-13,put_credit_spread,GLD,,,,31.940000534057617,,,,0.0,False,missing_candidate_legs
sim_2019-02-09_2026-05-21_7bc84efae62c,2022-10-14,short_straddle,GLD,,,,32.02000045776367,,,,0.0,False,missing_candidate_legs
sim_2019-02-09_2026-05-21_7bc84efae62c,2022-10-14,put_credit_spread,GLD,,,,32.02000045776367,,,,0.0,False,missing_candidate_legs
sim_2019-02-09_2026-05-21_7bc84efae62c,2022-10-17,short_straddle,GLD,,,,31.3700008392334,,,,0.0,False,missing_candidate_legs
sim_2019-02-09_2026-05-21_7bc84efae62c,2022-10-17,put_credit_spread,GLD,,,,31.3700008392334,,,,0.0,False,missing_candidate_legs
sim_2019-02-09_2026-05-21_7bc84efae62c,2022-10-18,short_straddle,GLD,,,,30.5,,,,0.0,False,missing_candidate_legs
sim_2019-02-09_2026-05-21_7bc84efae62c,2022-10-18,put_credit_spread,GLD,,,,30.5,,,,0.0,False,missing_candidate_legs
sim_2019-02-09_2026-05-21_7bc84efae62c,2022-10-19,short_straddle,GLD,,,,30.76000022888184,,,,0.0,False,missing_candidate_legs
sim_2019-02-09_2026-05-21_7bc84efae62c,2022-10-19,put_credit_spread,GLD,,,,30.76000022888184,,,,0.0,False,missing_candidate_legs
sim_2019-02-09_2026-05-21_7bc84efae62c,2022-10-20,short_straddle,GLD,,,,29.979999542236328,,,,0.0,False,missing_candidate_legs
sim_2019-02-09_2026-05-21_7bc84efae62c,2022-10-20,put_credit_spread,GLD,,,,29.979999542236328,,,,0.0,False,missing_candidate_legs
sim_2019-02-09_2026-05-21_7bc84efae62c,2022-10-21,short_straddle,GLD,,,,29.690000534057617,,,,0.0,False,missing_candidate_legs
sim_2019-02-09_2026-05-21_7bc84efae62c,2022-10-21,put_credit_spread,GLD,,,,29.690000534057617,,,,0.0,False,missing_candidate_legs
sim_2019-02-09_2026-05-21_7bc84efae62c,2022-10-24,short_straddle,GLD,,,,29.850000381469727,,,,0.0,False,missing_candidate_legs
sim_2019-02-09_2026-05-21_7bc84efae62c,2022-10-24,put_credit_spread,GLD,,,,29.850000381469727,,,,0.0,False,missing_candidate_legs
sim_2019-02-09_2026-05-21_7bc84efae62c,2022-10-25,short_straddle,GLD,,,,28.459999084472656,,,,0.0,False,missing_candidate_legs
sim_2019-02-09_2026-05-21_7bc84efae62c,2022-10-25,put_credit_spread,GLD,,,,28.459999084472656,,,,0.0,False,missing_candidate_legs
sim_2019-02-09_2026-05-21_7bc84efae62c,2022-10-26,short_straddle,GLD,,,,27.280000686645508,,,,0.0,False,missing_candidate_legs
sim_2019-02-09_2026-05-21_7bc84efae62c,2022-10-26,put_credit_spread,GLD,,,,27.280000686645508,,,,0.0,False,missing_candidate_legs
sim_2019-02-09_2026-05-21_7bc84efae62c,2022-10-27,short_straddle,GLD,,,,27.38999938964844,,,,0.0,False,missing_candidate_legs
sim_2019-02-09_2026-05-21_7bc84efae62c,2022-10-27,put_credit_spread,GLD,,,,27.38999938964844,,,,0.0,False,missing_candidate_legs
sim_2019-02-09_2026-05-21_7bc84efae62c,2022-10-28,short_straddle,GLD,,,,25.75,,,,0.0,False,missing_candidate_legs
sim_2019-02-09_2026-05-21_7bc84efae62c,2022-10-28,put_credit_spread,GLD,,,,25.75,,,,0.0,False,missing_candidate_legs
sim_2019-02-09_2026-05-21_7bc84efae62c,2022-10-31,short_straddle,GLD,,,,25.8799991607666,,,,0.0,False,missing_candidate_legs
sim_2019-02-09_2026-05-21_7bc84efae62c,2022-10-31,put_credit_spread,GLD,,,,25.8799991607666,,,,0.0,False,missing_candidate_legs
sim_2019-02-09_2026-05-21_7bc84efae62c,2022-11-01,short_straddle,GLD,,,,25.809999465942383,,,,0.0,False,missing_candidate_legs
sim_2019-02-09_2026-05-21_7bc84efae62c,2022-11-01,put_credit_spread,GLD,,,,25.809999465942383,,,,0.0,False,missing_candidate_legs
sim_2019-02-09_2026-05-21_7bc84efae62c,2022-11-02,short_straddle,GLD,,,,25.86000061035156,,,,0.0,False,missing_candidate_legs
sim_2019-02-09_2026-05-21_7bc84efae62c,2022-11-02,put_credit_spread,GLD,,,,25.86000061035156,,,,0.0,False,missing_candidate_legs
sim_2019-02-09_2026-05-21_7bc84efae62c,2022-11-03,short_straddle,GLD,,,,25.299999237060547,,,,0.0,False,missing_candidate_legs
sim_2019-02-09_2026-05-21_7bc84efae62c,2022-11-03,put_credit_spread,GLD,,,,25.299999237060547,,,,0.0,False,missing_candidate_legs
sim_2019-02-09_2026-05-21_7bc84efae62c,2022-11-04,short_straddle,GLD,,,,24.549999237060547,,,,0.0,False,missing_candidate_legs
sim_2019-02-09_2026-05-21_7bc84efae62c,2022-11-04,put_credit_spread,GLD,,,,24.549999237060547,,,,0.0,False,missing_candidate_legs
sim_2019-02-09_2026-05-21_7bc84efae62c,2022-11-07,short_straddle,GLD,,,,24.350000381469727,,,,0.0,False,missing_candidate_legs
sim_2019-02-09_2026-05-21_7bc84efae62c,2022-11-07,put_credit_spread,GLD,,,,24.350000381469727,,,,0.0,False,missing_candidate_legs
sim_2019-02-09_2026-05-21_7bc84efae62c,2022-11-08,short_straddle,GLD,,,,25.540000915527344,,,,0.0,False,missing_candidate_legs
sim_2019-02-09_2026-05-21_7bc84efae62c,2022-11-08,put_credit_spread,GLD,,,,25.540000915527344,,,,0.0,False,missing_candidate_legs
sim_2019-02-09_2026-05-21_7bc84efae62c,2022-11-09,short_straddle,GLD,,,,26.09000015258789,,,,0.0,False,missing_candidate_legs
sim_2019-02-09_2026-05-21_7bc84efae62c,2022-11-09,put_credit_spread,GLD,,,,26.09000015258789,,,,0.0,False,missing_candidate_legs
sim_2019-02-09_2026-05-21_7bc84efae62c,2022-11-10,short_straddle,GLD,,,,23.530000686645508,,,,0.0,False,missing_candidate_legs
sim_2019-02-09_2026-05-21_7bc84efae62c,2022-11-10,put_credit_spread,GLD,,,,23.530000686645508,,,,0.0,False,missing_candidate_legs
sim_2019-02-09_2026-05-21_7bc84efae62c,2022-11-11,short_straddle,GLD,,,,22.520000457763672,,,,0.0,False,missing_candidate_legs
sim_2019-02-09_2026-05-21_7bc84efae62c,2022-11-11,put_credit_spread,GLD,,,,22.520000457763672,,,,0.0,False,missing_candidate_legs
sim_2019-02-09_2026-05-21_7bc84efae62c,2022-11-14,short_straddle,GLD,,,,23.729999542236328,,,,0.0,False,missing_candidate_legs
sim_2019-02-09_2026-05-21_7bc84efae62c,2022-11-14,put_credit_spread,GLD,,,,23.729999542236328,,,,0.0,False,missing_candidate_legs
sim_2019-02-09_2026-05-21_7bc84efae62c,2022-11-15,short_straddle,GLD,,,,24.540000915527344,,,,0.0,False,missing_candidate_legs
sim_2019-02-09_2026-05-21_7bc84efae62c,2022-11-15,put_credit_spread,GLD,,,,24.540000915527344,,,,0.0,False,missing_candidate_legs
sim_2019-02-09_2026-05-21_7bc84efae62c,2022-11-16,short_straddle,GLD,,,,24.11000061035156,,,,0.0,False,missing_candidate_legs
sim_2019-02-09_2026-05-21_7bc84efae62c,2022-11-16,put_credit_spread,GLD,,,,24.11000061035156,,,,0.0,False,missing_candidate_legs
sim_2019-02-09_2026-05-21_7bc84efae62c,2022-11-17,short_straddle,GLD,,,,23.93000030517578,,,,0.0,False,missing_candidate_legs
sim_2019-02-09_2026-05-21_7bc84efae62c,2022-11-17,put_credit_spread,GLD,,,,23.93000030517578,,,,0.0,False,missing_candidate_legs
sim_2019-02-09_2026-05-21_7bc84efae62c,2022-11-18,short_straddle,GLD,,,,23.1200008392334,,,,0.0,False,missing_candidate_legs
sim_2019-02-09_2026-05-21_7bc84efae62c,2022-11-18,put_credit_spread,GLD,,,,23.1200008392334,,,,0.0,False,missing_candidate_legs
sim_2019-02-09_2026-05-21_7bc84efae62c,2022-11-21,short_straddle,GLD,,,,22.36000061035156,,,,0.0,False,missing_candidate_legs
sim_2019-02-09_2026-05-21_7bc84efae62c,2022-11-21,put_credit_spread,GLD,,,,22.36000061035156,,,,0.0,False,missing_candidate_legs
sim_2019-02-09_2026-05-21_7bc84efae62c,2022-11-22,short_straddle,GLD,,,,21.290000915527344,,,,0.0,False,missing_candidate_legs
sim_2019-02-09_2026-05-21_7bc84efae62c,2022-11-22,put_credit_spread,GLD,,,,21.290000915527344,,,,0.0,False,missing_candidate_legs
sim_2019-02-09_2026-05-21_7bc84efae62c,2022-11-23,short_straddle,GLD,,,,20.350000381469727,,,,0.0,False,missing_candidate_legs
sim_2019-02-09_2026-05-21_7bc84efae62c,2022-11-23,put_credit_spread,GLD,,,,20.350000381469727,,,,0.0,False,missing_candidate_legs
sim_2019-02-09_2026-05-21_7bc84efae62c,2022-11-25,short_straddle,GLD,,,,20.5,,,,0.0,False,missing_candidate_legs
sim_2019-02-09_2026-05-21_7bc84efae62c,2022-11-25,put_credit_spread,GLD,,,,20.5,,,,0.0,False,missing_candidate_legs
sim_2019-02-09_2026-05-21_7bc84efae62c,2022-11-28,short_straddle,GLD,,,,22.209999084472656,,,,0.0,False,missing_candidate_legs
sim_2019-02-09_2026-05-21_7bc84efae62c,2022-11-28,put_credit_spread,GLD,,,,22.209999084472656,,,,0.0,False,missing_candidate_legs
sim_2019-02-09_2026-05-21_7bc84efae62c,2022-11-29,short_straddle,GLD,,,,21.88999938964844,,,,0.0,False,missing_candidate_legs
sim_2019-02-09_2026-05-21_7bc84efae62c,2022-11-29,put_credit_spread,GLD,,,,21.88999938964844,,,,0.0,False,missing_candidate_legs
sim_2019-02-09_2026-05-21_7bc84efae62c,2022-11-30,short_straddle,GLD,,,,20.57999992370605,,,,0.0,False,missing_candidate_legs
sim_2019-02-09_2026-05-21_7bc84efae62c,2022-11-30,put_credit_spread,GLD,,,,20.57999992370605,,,,0.0,False,missing_candidate_legs
sim_2019-02-09_2026-05-21_7bc84efae62c,2022-12-01,short_straddle,GLD,,,,19.84000015258789,,,,0.0,False,missing_candidate_legs
sim_2019-02-09_2026-05-21_7bc84efae62c,2022-12-01,put_credit_spread,GLD,,,,19.84000015258789,,,,0.0,False,missing_candidate_legs
sim_2019-02-09_2026-05-21_7bc84efae62c,2022-12-02,short_straddle,GLD,,,,19.059999465942383,,,,0.0,False,missing_candidate_legs
sim_2019-02-09_2026-05-21_7bc84efae62c,2022-12-02,put_credit_spread,GLD,,,,19.059999465942383,,,,0.0,False,missing_candidate_legs
sim_2019-02-09_2026-05-21_7bc84efae62c,2022-12-05,short_straddle,GLD,,,,20.75,,,,0.0,False,missing_candidate_legs
sim_2019-02-09_2026-05-21_7bc84efae62c,2022-12-05,put_credit_spread,GLD,,,,20.75,,,,0.0,False,missing_candidate_legs
sim_2019-02-09_2026-05-21_7bc84efae62c,2022-12-06,short_straddle,GLD,,,,22.170000076293945,,,,0.0,False,missing_candidate_legs
sim_2019-02-09_2026-05-21_7bc84efae62c,2022-12-06,put_credit_spread,GLD,,,,22.170000076293945,,,,0.0,False,missing_candidate_legs
sim_2019-02-09_2026-05-21_7bc84efae62c,2022-12-07,short_straddle,GLD,,,,22.68000030517578,,,,0.0,False,missing_candidate_legs
sim_2019-02-09_2026-05-21_7bc84efae62c,2022-12-07,put_credit_spread,GLD,,,,22.68000030517578,,,,0.0,False,missing_candidate_legs
sim_2019-02-09_2026-05-21_7bc84efae62c,2022-12-08,short_straddle,GLD,,,,22.290000915527344,,,,0.0,False,missing_candidate_legs
sim_2019-02-09_2026-05-21_7bc84efae62c,2022-12-08,put_credit_spread,GLD,,,,22.290000915527344,,,,0.0,False,missing_candidate_legs
sim_2019-02-09_2026-05-21_7bc84efae62c,2022-12-09,short_straddle,GLD,,,,22.82999992370605,,,,0.0,False,missing_candidate_legs
sim_2019-02-09_2026-05-21_7bc84efae62c,2022-12-09,put_credit_spread,GLD,,,,22.82999992370605,,,,0.0,False,missing_candidate_legs
sim_2019-02-09_2026-05-21_7bc84efae62c,2022-12-12,short_straddle,GLD,,,,25.0,,,,0.0,False,missing_candidate_legs
sim_2019-02-09_2026-05-21_7bc84efae62c,2022-12-12,put_credit_spread,GLD,,,,25.0,,,,0.0,False,missing_candidate_legs
sim_2019-02-09_2026-05-21_7bc84efae62c,2022-12-13,short_straddle,GLD,,,,22.549999237060547,,,,0.0,False,missing_candidate_legs
sim_2019-02-09_2026-05-21_7bc84efae62c,2022-12-13,put_credit_spread,GLD,,,,22.549999237060547,,,,0.0,False,missing_candidate_legs
sim_2019-02-09_2026-05-21_7bc84efae62c,2022-12-14,short_straddle,GLD,,,,21.13999938964844,,,,0.0,False,missing_candidate_legs
sim_2019-02-09_2026-05-21_7bc84efae62c,2022-12-14,put_credit_spread,GLD,,,,21.13999938964844,,,,0.0,False,missing_candidate_legs
sim_2019-02-09_2026-05-21_7bc84efae62c,2022-12-15,short_straddle,GLD,,,,22.82999992370605,,,,0.0,False,missing_candidate_legs
sim_2019-02-09_2026-05-21_7bc84efae62c,2022-12-15,put_credit_spread,GLD,,,,22.82999992370605,,,,0.0,False,missing_candidate_legs
sim_2019-02-09_2026-05-21_7bc84efae62c,2022-12-16,short_straddle,GLD,,,,22.6200008392334,,,,0.0,False,missing_candidate_legs
sim_2019-02-09_2026-05-21_7bc84efae62c,2022-12-16,put_credit_spread,GLD,,,,22.6200008392334,,,,0.0,False,missing_candidate_legs
sim_2019-02-09_2026-05-21_7bc84efae62c,2022-12-19,short_straddle,GLD,,,,22.420000076293945,,,,0.0,False,missing_candidate_legs
sim_2019-02-09_2026-05-21_7bc84efae62c,2022-12-19,put_credit_spread,GLD,,,,22.420000076293945,,,,0.0,False,missing_candidate_legs
sim_2019-02-09_2026-05-21_7bc84efae62c,2022-12-20,short_straddle,GLD,,,,21.479999542236328,,,,0.0,False,missing_candidate_legs
sim_2019-02-09_2026-05-21_7bc84efae62c,2022-12-20,put_credit_spread,GLD,,,,21.479999542236328,,,,0.0,False,missing_candidate_legs
sim_2019-02-09_2026-05-21_7bc84efae62c,2022-12-21,short_straddle,GLD,,,,20.06999969482422,,,,0.0,False,missing_candidate_legs
sim_2019-02-09_2026-05-21_7bc84efae62c,2022-12-21,put_credit_spread,GLD,,,,20.06999969482422,,,,0.0,False,missing_candidate_legs
sim_2019-02-09_2026-05-21_7bc84efae62c,2022-12-22,short_straddle,GLD,,,,21.96999931335449,,,,0.0,False,missing_candidate_legs
sim_2019-02-09_2026-05-21_7bc84efae62c,2022-12-22,put_credit_spread,GLD,,,,21.96999931335449,,,,0.0,False,missing_candidate_legs
sim_2019-02-09_2026-05-21_7bc84efae62c,2022-12-23,short_straddle,GLD,,,,20.8700008392334,,,,0.0,False,missing_candidate_legs
sim_2019-02-09_2026-05-21_7bc84efae62c,2022-12-23,put_credit_spread,GLD,,,,20.8700008392334,,,,0.0,False,missing_candidate_legs
sim_2019-02-09_2026-05-21_7bc84efae62c,2022-12-27,short_straddle,GLD,,,,21.64999961853028,,,,0.0,False,missing_candidate_legs
sim_2019-02-09_2026-05-21_7bc84efae62c,2022-12-27,put_credit_spread,GLD,,,,21.64999961853028,,,,0.0,False,missing_candidate_legs
sim_2019-02-09_2026-05-21_7bc84efae62c,2022-12-28,short_straddle,GLD,,,,22.13999938964844,,,,0.0,False,missing_candidate_legs
sim_2019-02-09_2026-05-21_7bc84efae62c,2022-12-28,put_credit_spread,GLD,,,,22.13999938964844,,,,0.0,False,missing_candidate_legs
sim_2019-02-09_2026-05-21_7bc84efae62c,2022-12-29,short_straddle,GLD,,,,21.440000534057617,,,,0.0,False,missing_candidate_legs
sim_2019-02-09_2026-05-21_7bc84efae62c,2022-12-29,put_credit_spread,GLD,,,,21.440000534057617,,,,0.0,False,missing_candidate_legs
sim_2019-02-09_2026-05-21_7bc84efae62c,2022-12-30,short_straddle,GLD,,,,21.670000076293945,,,,0.0,False,missing_candidate_legs
sim_2019-02-09_2026-05-21_7bc84efae62c,2022-12-30,put_credit_spread,GLD,,,,21.670000076293945,,,,0.0,False,missing_candidate_legs
sim_2019-02-09_2026-05-21_7bc84efae62c,2023-01-03,short_straddle,GLD,,,,22.89999961853028,,,,0.0,False,missing_candidate_legs
sim_2019-02-09_2026-05-21_7bc84efae62c,2023-01-03,put_credit_spread,GLD,,,,22.89999961853028,,,,0.0,False,missing_candidate_legs
sim_2019-02-09_2026-05-21_7bc84efae62c,2023-01-04,short_straddle,GLD,,,,22.01000022888184,,,,0.0,False,missing_candidate_legs
sim_2019-02-09_2026-05-21_7bc84efae62c,2023-01-04,put_credit_spread,GLD,,,,22.01000022888184,,,,0.0,False,missing_candidate_legs
sim_2019-02-09_2026-05-21_7bc84efae62c,2023-01-05,short_straddle,GLD,,,,22.459999084472656,,,,0.0,False,missing_candidate_legs
sim_2019-02-09_2026-05-21_7bc84efae62c,2023-01-05,put_credit_spread,GLD,,,,22.459999084472656,,,,0.0,False,missing_candidate_legs
sim_2019-02-09_2026-05-21_7bc84efae62c,2023-01-06,short_straddle,GLD,,,,21.1299991607666,,,,0.0,False,missing_candidate_legs
sim_2019-02-09_2026-05-21_7bc84efae62c,2023-01-06,put_credit_spread,GLD,,,,21.1299991607666,,,,0.0,False,missing_candidate_legs
sim_2019-02-09_2026-05-21_7bc84efae62c,2023-01-09,short_straddle,GLD,,,,21.96999931335449,,,,0.0,False,missing_candidate_legs
sim_2019-02-09_2026-05-21_7bc84efae62c,2023-01-09,put_credit_spread,GLD,,,,21.96999931335449,,,,0.0,False,missing_candidate_legs
sim_2019-02-09_2026-05-21_7bc84efae62c,2023-01-10,short_straddle,GLD,,,,20.57999992370605,,,,0.0,False,missing_candidate_legs
sim_2019-02-09_2026-05-21_7bc84efae62c,2023-01-10,put_credit_spread,GLD,,,,20.57999992370605,,,,0.0,False,missing_candidate_legs
sim_2019-02-09_2026-05-21_7bc84efae62c,2023-01-11,short_straddle,GLD,,,,21.09000015258789,,,,0.0,False,missing_candidate_legs
sim_2019-02-09_2026-05-21_7bc84efae62c,2023-01-11,put_credit_spread,GLD,,,,21.09000015258789,,,,0.0,False,missing_candidate_legs
sim_2019-02-09_2026-05-21_7bc84efae62c,2023-01-12,short_straddle,GLD,,,,18.82999992370605,,,,0.0,False,missing_candidate_legs
sim_2019-02-09_2026-05-21_7bc84efae62c,2023-01-12,put_credit_spread,GLD,,,,18.82999992370605,,,,0.0,False,missing_candidate_legs
sim_2019-02-09_2026-05-21_7bc84efae62c,2023-01-13,short_straddle,GLD,,,,18.350000381469727,,,,0.0,False,missing_candidate_legs
sim_2019-02-09_2026-05-21_7bc84efae62c,2023-01-13,put_credit_spread,GLD,,,,18.350000381469727,,,,0.0,False,missing_candidate_legs
sim_2019-02-09_2026-05-21_7bc84efae62c,2023-01-17,short_straddle,GLD,,,,19.36000061035156,,,,0.0,False,missing_candidate_legs
sim_2019-02-09_2026-05-21_7bc84efae62c,2023-01-17,put_credit_spread,GLD,,,,19.36000061035156,,,,0.0,False,missing_candidate_legs
sim_2019-02-09_2026-05-21_7bc84efae62c,2023-01-18,short_straddle,GLD,,,,20.34000015258789,,,,0.0,False,missing_candidate_legs
sim_2019-02-09_2026-05-21_7bc84efae62c,2023-01-18,put_credit_spread,GLD,,,,20.34000015258789,,,,0.0,False,missing_candidate_legs
sim_2019-02-09_2026-05-21_7bc84efae62c,2023-01-19,short_straddle,GLD,,,,20.520000457763672,,,,0.0,False,missing_candidate_legs
sim_2019-02-09_2026-05-21_7bc84efae62c,2023-01-19,put_credit_spread,GLD,,,,20.520000457763672,,,,0.0,False,missing_candidate_legs
sim_2019-02-09_2026-05-21_7bc84efae62c,2023-01-20,short_straddle,GLD,,,,19.850000381469727,,,,0.0,False,missing_candidate_legs
sim_2019-02-09_2026-05-21_7bc84efae62c,2023-01-20,put_credit_spread,GLD,,,,19.850000381469727,,,,0.0,False,missing_candidate_legs
sim_2019-02-09_2026-05-21_7bc84efae62c,2023-01-23,short_straddle,GLD,,,,19.809999465942383,,,,0.0,False,missing_candidate_legs
sim_2019-02-09_2026-05-21_7bc84efae62c,2023-01-23,put_credit_spread,GLD,,,,19.809999465942383,,,,0.0,False,missing_candidate_legs
sim_2019-02-09_2026-05-21_7bc84efae62c,2023-01-24,short_straddle,GLD,,,,19.200000762939453,,,,0.0,False,missing_candidate_legs
sim_2019-02-09_2026-05-21_7bc84efae62c,2023-01-24,put_credit_spread,GLD,,,,19.200000762939453,,,,0.0,False,missing_candidate_legs
sim_2019-02-09_2026-05-21_7bc84efae62c,2023-01-25,short_straddle,GLD,,,,19.07999992370605,,,,0.0,False,missing_candidate_legs
sim_2019-02-09_2026-05-21_7bc84efae62c,2023-01-25,put_credit_spread,GLD,,,,19.07999992370605,,,,0.0,False,missing_candidate_legs
sim_2019-02-09_2026-05-21_7bc84efae62c,2023-01-26,short_straddle,GLD,,,,18.729999542236328,,,,0.0,False,missing_candidate_legs
sim_2019-02-09_2026-05-21_7bc84efae62c,2023-01-26,put_credit_spread,GLD,,,,18.729999542236328,,,,0.0,False,missing_candidate_legs
sim_2019-02-09_2026-05-21_7bc84efae62c,2023-01-27,short_straddle,GLD,,,,18.51000022888184,,,,0.0,False,missing_candidate_legs
sim_2019-02-09_2026-05-21_7bc84efae62c,2023-01-27,put_credit_spread,GLD,,,,18.51000022888184,,,,0.0,False,missing_candidate_legs
sim_2019-02-09_2026-05-21_7bc84efae62c,2023-01-30,short_straddle,GLD,,,,19.940000534057617,,,,0.0,False,missing_candidate_legs
sim_2019-02-09_2026-05-21_7bc84efae62c,2023-01-30,put_credit_spread,GLD,,,,19.940000534057617,,,,0.0,False,missing_candidate_legs
sim_2019-02-09_2026-05-21_7bc84efae62c,2023-01-31,short_straddle,GLD,,,,19.39999961853028,,,,0.0,False,missing_candidate_legs
sim_2019-02-09_2026-05-21_7bc84efae62c,2023-01-31,put_credit_spread,GLD,,,,19.39999961853028,,,,0.0,False,missing_candidate_legs
sim_2019-02-09_2026-05-21_7bc84efae62c,2023-02-01,short_straddle,GLD,,,,17.8700008392334,,,,0.0,False,missing_candidate_legs
sim_2019-02-09_2026-05-21_7bc84efae62c,2023-02-01,put_credit_spread,GLD,,,,17.8700008392334,,,,0.0,False,missing_candidate_legs
sim_2019-02-09_2026-05-21_7bc84efae62c,2023-02-02,short_straddle,GLD,,,,18.729999542236328,,,,0.0,False,missing_candidate_legs
sim_2019-02-09_2026-05-21_7bc84efae62c,2023-02-02,put_credit_spread,GLD,,,,18.729999542236328,,,,0.0,False,missing_candidate_legs
sim_2019-02-09_2026-05-21_7bc84efae62c,2023-02-03,short_straddle,GLD,,,,18.32999992370605,,,,0.0,False,missing_candidate_legs
sim_2019-02-09_2026-05-21_7bc84efae62c,2023-02-03,put_credit_spread,GLD,,,,18.32999992370605,,,,0.0,False,missing_candidate_legs
sim_2019-02-09_2026-05-21_7bc84efae62c,2023-02-06,short_straddle,GLD,,,,19.43000030517578,,,,0.0,False,missing_candidate_legs
sim_2019-02-09_2026-05-21_7bc84efae62c,2023-02-06,put_credit_spread,GLD,,,,19.43000030517578,,,,0.0,False,missing_candidate_legs
sim_2019-02-09_2026-05-21_7bc84efae62c,2023-02-07,short_straddle,GLD,,,,18.65999984741211,,,,0.0,False,missing_candidate_legs
sim_2019-02-09_2026-05-21_7bc84efae62c,2023-02-07,put_credit_spread,GLD,,,,18.65999984741211,,,,0.0,False,missing_candidate_legs
sim_2019-02-09_2026-05-21_7bc84efae62c,2023-02-08,short_straddle,GLD,,,,19.6299991607666,,,,0.0,False,missing_candidate_legs
sim_2019-02-09_2026-05-21_7bc84efae62c,2023-02-08,put_credit_spread,GLD,,,,19.6299991607666,,,,0.0,False,missing_candidate_legs
sim_2019-02-09_2026-05-21_7bc84efae62c,2023-02-09,short_straddle,GLD,,,,20.709999084472656,,,,0.0,False,missing_candidate_legs
sim_2019-02-09_2026-05-21_7bc84efae62c,2023-02-09,put_credit_spread,GLD,,,,20.709999084472656,,,,0.0,False,missing_candidate_legs
sim_2019-02-09_2026-05-21_7bc84efae62c,2023-02-10,short_straddle,GLD,,,,20.530000686645508,,,,0.0,False,missing_candidate_legs
sim_2019-02-09_2026-05-21_7bc84efae62c,2023-02-10,put_credit_spread,GLD,,,,20.530000686645508,,,,0.0,False,missing_candidate_legs
sim_2019-02-09_2026-05-21_7bc84efae62c,2023-02-13,short_straddle,GLD,,,,20.34000015258789,,,,0.0,False,missing_candidate_legs
sim_2019-02-09_2026-05-21_7bc84efae62c,2023-02-13,put_credit_spread,GLD,,,,20.34000015258789,,,,0.0,False,missing_candidate_legs
sim_2019-02-09_2026-05-21_7bc84efae62c,2023-02-14,short_straddle,GLD,,,,18.90999984741211,,,,0.0,False,missing_candidate_legs
sim_2019-02-09_2026-05-21_7bc84efae62c,2023-02-14,put_credit_spread,GLD,,,,18.90999984741211,,,,0.0,False,missing_candidate_legs
sim_2019-02-09_2026-05-21_7bc84efae62c,2023-02-15,short_straddle,GLD,,,,18.229999542236328,,,,0.0,False,missing_candidate_legs
sim_2019-02-09_2026-05-21_7bc84efae62c,2023-02-15,put_credit_spread,GLD,,,,18.229999542236328,,,,0.0,False,missing_candidate_legs
sim_2019-02-09_2026-05-21_7bc84efae62c,2023-02-16,short_straddle,GLD,,,,20.170000076293945,,,,0.0,False,missing_candidate_legs
sim_2019-02-09_2026-05-21_7bc84efae62c,2023-02-16,put_credit_spread,GLD,,,,20.170000076293945,,,,0.0,False,missing_candidate_legs
sim_2019-02-09_2026-05-21_7bc84efae62c,2023-02-17,short_straddle,GLD,,,,20.020000457763672,,,,0.0,False,missing_candidate_legs
sim_2019-02-09_2026-05-21_7bc84efae62c,2023-02-17,put_credit_spread,GLD,,,,20.020000457763672,,,,0.0,False,missing_candidate_legs
sim_2019-02-09_2026-05-21_7bc84efae62c,2023-02-21,short_straddle,GLD,,,,22.8700008392334,,,,0.0,False,missing_candidate_legs
sim_2019-02-09_2026-05-21_7bc84efae62c,2023-02-21,put_credit_spread,GLD,,,,22.8700008392334,,,,0.0,False,missing_candidate_legs
sim_2019-02-09_2026-05-21_7bc84efae62c,2023-02-22,short_straddle,GLD,,,,22.290000915527344,,,,0.0,False,missing_candidate_legs
sim_2019-02-09_2026-05-21_7bc84efae62c,2023-02-22,put_credit_spread,GLD,,,,22.290000915527344,,,,0.0,False,missing_candidate_legs
sim_2019-02-09_2026-05-21_7bc84efae62c,2023-02-23,short_straddle,GLD,,,,21.13999938964844,,,,0.0,False,missing_candidate_legs
sim_2019-02-09_2026-05-21_7bc84efae62c,2023-02-23,put_credit_spread,GLD,,,,21.13999938964844,,,,0.0,False,missing_candidate_legs
sim_2019-02-09_2026-05-21_7bc84efae62c,2023-02-24,short_straddle,GLD,,,,21.670000076293945,,,,0.0,False,missing_candidate_legs
sim_2019-02-09_2026-05-21_7bc84efae62c,2023-02-24,put_credit_spread,GLD,,,,21.670000076293945,,,,0.0,False,missing_candidate_legs
sim_2019-02-09_2026-05-21_7bc84efae62c,2023-02-27,short_straddle,GLD,,,,20.950000762939453,,,,0.0,False,missing_candidate_legs
sim_2019-02-09_2026-05-21_7bc84efae62c,2023-02-27,put_credit_spread,GLD,,,,20.950000762939453,,,,0.0,False,missing_candidate_legs
sim_2019-02-09_2026-05-21_7bc84efae62c,2023-02-28,short_straddle,GLD,,,,20.700000762939453,,,,0.0,False,missing_candidate_legs
sim_2019-02-09_2026-05-21_7bc84efae62c,2023-02-28,put_credit_spread,GLD,,,,20.700000762939453,,,,0.0,False,missing_candidate_legs
sim_2019-02-09_2026-05-21_7bc84efae62c,2023-03-01,short_straddle,GLD,,,,20.57999992370605,,,,0.0,False,missing_candidate_legs
sim_2019-02-09_2026-05-21_7bc84efae62c,2023-03-01,put_credit_spread,GLD,,,,20.57999992370605,,,,0.0,False,missing_candidate_legs
sim_2019-02-09_2026-05-21_7bc84efae62c,2023-03-02,short_straddle,GLD,,,,19.59000015258789,,,,0.0,False,missing_candidate_legs
sim_2019-02-09_2026-05-21_7bc84efae62c,2023-03-02,put_credit_spread,GLD,,,,19.59000015258789,,,,0.0,False,missing_candidate_legs
sim_2019-02-09_2026-05-21_7bc84efae62c,2023-03-03,short_straddle,GLD,,,,18.489999771118164,,,,0.0,False,missing_candidate_legs
sim_2019-02-09_2026-05-21_7bc84efae62c,2023-03-03,put_credit_spread,GLD,,,,18.489999771118164,,,,0.0,False,missing_candidate_legs
sim_2019-02-09_2026-05-21_7bc84efae62c,2023-03-06,short_straddle,GLD,,,,18.61000061035156,,,,0.0,False,missing_candidate_legs
sim_2019-02-09_2026-05-21_7bc84efae62c,2023-03-06,put_credit_spread,GLD,,,,18.61000061035156,,,,0.0,False,missing_candidate_legs
sim_2019-02-09_2026-05-21_7bc84efae62c,2023-03-07,short_straddle,GLD,,,,19.59000015258789,,,,0.0,False,missing_candidate_legs
sim_2019-02-09_2026-05-21_7bc84efae62c,2023-03-07,put_credit_spread,GLD,,,,19.59000015258789,,,,0.0,False,missing_candidate_legs
sim_2019-02-09_2026-05-21_7bc84efae62c,2023-03-08,short_straddle,GLD,,,,19.11000061035156,,,,0.0,False,missing_candidate_legs
sim_2019-02-09_2026-05-21_7bc84efae62c,2023-03-08,put_credit_spread,GLD,,,,19.11000061035156,,,,0.0,False,missing_candidate_legs
sim_2019-02-09_2026-05-21_7bc84efae62c,2023-03-09,short_straddle,GLD,,,,22.61000061035156,,,,0.0,False,missing_candidate_legs
sim_2019-02-09_2026-05-21_7bc84efae62c,2023-03-09,put_credit_spread,GLD,,,,22.61000061035156,,,,0.0,False,missing_candidate_legs
sim_2019-02-09_2026-05-21_7bc84efae62c,2023-03-10,short_straddle,GLD,,,,24.799999237060547,,,,0.0,False,missing_candidate_legs
sim_2019-02-09_2026-05-21_7bc84efae62c,2023-03-10,put_credit_spread,GLD,,,,24.799999237060547,,,,0.0,False,missing_candidate_legs
sim_2019-02-09_2026-05-21_7bc84efae62c,2023-03-13,short_straddle,GLD,,,,26.520000457763672,,,,0.0,False,missing_candidate_legs
sim_2019-02-09_2026-05-21_7bc84efae62c,2023-03-13,put_credit_spread,GLD,,,,26.520000457763672,,,,0.0,False,missing_candidate_legs
sim_2019-02-09_2026-05-21_7bc84efae62c,2023-03-14,short_straddle,GLD,,,,23.729999542236328,,,,0.0,False,missing_candidate_legs
sim_2019-02-09_2026-05-21_7bc84efae62c,2023-03-14,put_credit_spread,GLD,,,,23.729999542236328,,,,0.0,False,missing_candidate_legs
sim_2019-02-09_2026-05-21_7bc84efae62c,2023-03-15,short_straddle,GLD,,,,26.13999938964844,,,,0.0,False,missing_candidate_legs
sim_2019-02-09_2026-05-21_7bc84efae62c,2023-03-15,put_credit_spread,GLD,,,,26.13999938964844,,,,0.0,False,missing_candidate_legs
sim_2019-02-09_2026-05-21_7bc84efae62c,2023-03-16,short_straddle,GLD,,,,22.989999771118164,,,,0.0,False,missing_candidate_legs
sim_2019-02-09_2026-05-21_7bc84efae62c,2023-03-16,put_credit_spread,GLD,,,,22.989999771118164,,,,0.0,False,missing_candidate_legs
sim_2019-02-09_2026-05-21_7bc84efae62c,2023-03-17,short_straddle,GLD,,,,25.51000022888184,,,,0.0,False,missing_candidate_legs
sim_2019-02-09_2026-05-21_7bc84efae62c,2023-03-17,put_credit_spread,GLD,,,,25.51000022888184,,,,0.0,False,missing_candidate_legs
sim_2019-02-09_2026-05-21_7bc84efae62c,2023-03-20,short_straddle,GLD,,,,24.14999961853028,,,,0.0,False,missing_candidate_legs
sim_2019-02-09_2026-05-21_7bc84efae62c,2023-03-20,put_credit_spread,GLD,,,,24.14999961853028,,,,0.0,False,missing_candidate_legs
sim_2019-02-09_2026-05-21_7bc84efae62c,2023-03-21,short_straddle,GLD,,,,21.3799991607666,,,,0.0,False,missing_candidate_legs
sim_2019-02-09_2026-05-21_7bc84efae62c,2023-03-21,put_credit_spread,GLD,,,,21.3799991607666,,,,0.0,False,missing_candidate_legs
sim_2019-02-09_2026-05-21_7bc84efae62c,2023-03-22,short_straddle,GLD,,,,22.26000022888184,,,,0.0,False,missing_candidate_legs
sim_2019-02-09_2026-05-21_7bc84efae62c,2023-03-22,put_credit_spread,GLD,,,,22.26000022888184,,,,0.0,False,missing_candidate_legs
sim_2019-02-09_2026-05-21_7bc84efae62c,2023-03-23,short_straddle,GLD,,,,22.61000061035156,,,,0.0,False,missing_candidate_legs
sim_2019-02-09_2026-05-21_7bc84efae62c,2023-03-23,put_credit_spread,GLD,,,,22.61000061035156,,,,0.0,False,missing_candidate_legs
sim_2019-02-09_2026-05-21_7bc84efae62c,2023-03-24,short_straddle,GLD,,,,21.739999771118164,,,,0.0,False,missing_candidate_legs
sim_2019-02-09_2026-05-21_7bc84efae62c,2023-03-24,put_credit_spread,GLD,,,,21.739999771118164,,,,0.0,False,missing_candidate_legs
sim_2019-02-09_2026-05-21_7bc84efae62c,2023-03-27,short_straddle,GLD,,,,20.600000381469727,,,,0.0,False,missing_candidate_legs
sim_2019-02-09_2026-05-21_7bc84efae62c,2023-03-27,put_credit_spread,GLD,,,,20.600000381469727,,,,0.0,False,missing_candidate_legs
sim_2019-02-09_2026-05-21_7bc84efae62c,2023-03-28,short_straddle,GLD,,,,19.96999931335449,,,,0.0,False,missing_candidate_legs
sim_2019-02-09_2026-05-21_7bc84efae62c,2023-03-28,put_credit_spread,GLD,,,,19.96999931335449,,,,0.0,False,missing_candidate_legs
sim_2019-02-09_2026-05-21_7bc84efae62c,2023-03-29,short_straddle,GLD,,,,19.1200008392334,,,,0.0,False,missing_candidate_legs
sim_2019-02-09_2026-05-21_7bc84efae62c,2023-03-29,put_credit_spread,GLD,,,,19.1200008392334,,,,0.0,False,missing_candidate_legs
sim_2019-02-09_2026-05-21_7bc84efae62c,2023-03-30,short_straddle,GLD,,,,19.020000457763672,,,,0.0,False,missing_candidate_legs
sim_2019-02-09_2026-05-21_7bc84efae62c,2023-03-30,put_credit_spread,GLD,,,,19.020000457763672,,,,0.0,False,missing_candidate_legs
sim_2019-02-09_2026-05-21_7bc84efae62c,2023-03-31,short_straddle,GLD,,,,18.700000762939453,,,,0.0,False,missing_candidate_legs
sim_2019-02-09_2026-05-21_7bc84efae62c,2023-03-31,put_credit_spread,GLD,,,,18.700000762939453,,,,0.0,False,missing_candidate_legs
sim_2019-02-09_2026-05-21_7bc84efae62c,2023-04-03,short_straddle,GLD,,,,18.549999237060547,,,,0.0,False,missing_candidate_legs
sim_2019-02-09_2026-05-21_7bc84efae62c,2023-04-03,put_credit_spread,GLD,,,,18.549999237060547,,,,0.0,False,missing_candidate_legs
sim_2019-02-09_2026-05-21_7bc84efae62c,2023-04-04,short_straddle,GLD,,,,19.0,,,,0.0,False,missing_candidate_legs
sim_2019-02-09_2026-05-21_7bc84efae62c,2023-04-04,put_credit_spread,GLD,,,,19.0,,,,0.0,False,missing_candidate_legs
sim_2019-02-09_2026-05-21_7bc84efae62c,2023-04-05,short_straddle,GLD,,,,19.07999992370605,,,,0.0,False,missing_candidate_legs
sim_2019-02-09_2026-05-21_7bc84efae62c,2023-04-05,put_credit_spread,GLD,,,,19.07999992370605,,,,0.0,False,missing_candidate_legs
sim_2019-02-09_2026-05-21_7bc84efae62c,2023-04-06,short_straddle,GLD,,,,18.39999961853028,,,,0.0,False,missing_candidate_legs
sim_2019-02-09_2026-05-21_7bc84efae62c,2023-04-06,put_credit_spread,GLD,,,,18.39999961853028,,,,0.0,False,missing_candidate_legs
sim_2019-02-09_2026-05-21_7bc84efae62c,2023-04-10,short_straddle,GLD,,,,18.96999931335449,,,,0.0,False,missing_candidate_legs
sim_2019-02-09_2026-05-21_7bc84efae62c,2023-04-10,put_credit_spread,GLD,,,,18.96999931335449,,,,0.0,False,missing_candidate_legs
sim_2019-02-09_2026-05-21_7bc84efae62c,2023-04-11,short_straddle,GLD,,,,19.100000381469727,,,,0.0,False,missing_candidate_legs
sim_2019-02-09_2026-05-21_7bc84efae62c,2023-04-11,put_credit_spread,GLD,,,,19.100000381469727,,,,0.0,False,missing_candidate_legs
sim_2019-02-09_2026-05-21_7bc84efae62c,2023-04-12,short_straddle,GLD,,,,19.09000015258789,,,,0.0,False,missing_candidate_legs
sim_2019-02-09_2026-05-21_7bc84efae62c,2023-04-12,put_credit_spread,GLD,,,,19.09000015258789,,,,0.0,False,missing_candidate_legs
sim_2019-02-09_2026-05-21_7bc84efae62c,2023-04-13,short_straddle,GLD,,,,17.799999237060547,,,,0.0,False,missing_candidate_legs
sim_2019-02-09_2026-05-21_7bc84efae62c,2023-04-13,put_credit_spread,GLD,,,,17.799999237060547,,,,0.0,False,missing_candidate_legs
sim_2019-02-09_2026-05-21_7bc84efae62c,2023-04-14,short_straddle,GLD,,,,17.06999969482422,,,,0.0,False,missing_candidate_legs
sim_2019-02-09_2026-05-21_7bc84efae62c,2023-04-14,put_credit_spread,GLD,,,,17.06999969482422,,,,0.0,False,missing_candidate_legs
sim_2019-02-09_2026-05-21_7bc84efae62c,2023-04-17,short_straddle,GLD,,,,16.950000762939453,,,,0.0,False,missing_candidate_legs
sim_2019-02-09_2026-05-21_7bc84efae62c,2023-04-17,put_credit_spread,GLD,,,,16.950000762939453,,,,0.0,False,missing_candidate_legs
sim_2019-02-09_2026-05-21_7bc84efae62c,2023-04-18,short_straddle,GLD,,,,16.829999923706055,,,,0.0,False,missing_candidate_legs
sim_2019-02-09_2026-05-21_7bc84efae62c,2023-04-18,put_credit_spread,GLD,,,,16.829999923706055,,,,0.0,False,missing_candidate_legs
sim_2019-02-09_2026-05-21_7bc84efae62c,2023-04-19,short_straddle,GLD,,,,16.459999084472656,,,,0.0,False,missing_candidate_legs
sim_2019-02-09_2026-05-21_7bc84efae62c,2023-04-19,put_credit_spread,GLD,,,,16.459999084472656,,,,0.0,False,missing_candidate_legs
sim_2019-02-09_2026-05-21_7bc84efae62c,2023-04-20,short_straddle,GLD,,,,17.170000076293945,,,,0.0,False,missing_candidate_legs
sim_2019-02-09_2026-05-21_7bc84efae62c,2023-04-20,put_credit_spread,GLD,,,,17.170000076293945,,,,0.0,False,missing_candidate_legs
sim_2019-02-09_2026-05-21_7bc84efae62c,2023-04-21,short_straddle,GLD,,,,16.770000457763672,,,,0.0,False,missing_candidate_legs
sim_2019-02-09_2026-05-21_7bc84efae62c,2023-04-21,put_credit_spread,GLD,,,,16.770000457763672,,,,0.0,False,missing_candidate_legs
sim_2019-02-09_2026-05-21_7bc84efae62c,2023-04-24,short_straddle,GLD,,,,16.889999389648438,,,,0.0,False,missing_candidate_legs
sim_2019-02-09_2026-05-21_7bc84efae62c,2023-04-24,put_credit_spread,GLD,,,,16.889999389648438,,,,0.0,False,missing_candidate_legs
sim_2019-02-09_2026-05-21_7bc84efae62c,2023-04-25,short_straddle,GLD,,,,18.76000022888184,,,,0.0,False,missing_candidate_legs
sim_2019-02-09_2026-05-21_7bc84efae62c,2023-04-25,put_credit_spread,GLD,,,,18.76000022888184,,,,0.0,False,missing_candidate_legs
sim_2019-02-09_2026-05-21_7bc84efae62c,2023-04-26,short_straddle,GLD,,,,18.84000015258789,,,,0.0,False,missing_candidate_legs
sim_2019-02-09_2026-05-21_7bc84efae62c,2023-04-26,put_credit_spread,GLD,,,,18.84000015258789,,,,0.0,False,missing_candidate_legs
sim_2019-02-09_2026-05-21_7bc84efae62c,2023-04-27,short_straddle,GLD,,,,17.030000686645508,,,,0.0,False,missing_candidate_legs
sim_2019-02-09_2026-05-21_7bc84efae62c,2023-04-27,put_credit_spread,GLD,,,,17.030000686645508,,,,0.0,False,missing_candidate_legs
sim_2019-02-09_2026-05-21_7bc84efae62c,2023-04-28,short_straddle,GLD,,,,15.779999732971191,,,,0.0,False,missing_candidate_legs
sim_2019-02-09_2026-05-21_7bc84efae62c,2023-04-28,put_credit_spread,GLD,,,,15.779999732971191,,,,0.0,False,missing_candidate_legs
sim_2019-02-09_2026-05-21_7bc84efae62c,2023-05-01,short_straddle,GLD,,,,16.079999923706055,,,,0.0,False,missing_candidate_legs
sim_2019-02-09_2026-05-21_7bc84efae62c,2023-05-01,put_credit_spread,GLD,,,,16.079999923706055,,,,0.0,False,missing_candidate_legs
sim_2019-02-09_2026-05-21_7bc84efae62c,2023-05-02,short_straddle,GLD,,,,17.780000686645508,,,,0.0,False,missing_candidate_legs
sim_2019-02-09_2026-05-21_7bc84efae62c,2023-05-02,put_credit_spread,GLD,,,,17.780000686645508,,,,0.0,False,missing_candidate_legs
sim_2019-02-09_2026-05-21_7bc84efae62c,2023-05-03,short_straddle,GLD,,,,18.34000015258789,,,,0.0,False,missing_candidate_legs
sim_2019-02-09_2026-05-21_7bc84efae62c,2023-05-03,put_credit_spread,GLD,,,,18.34000015258789,,,,0.0,False,missing_candidate_legs
sim_2019-02-09_2026-05-21_7bc84efae62c,2023-05-04,short_straddle,GLD,,,,20.09000015258789,,,,0.0,False,missing_candidate_legs
sim_2019-02-09_2026-05-21_7bc84efae62c,2023-05-04,put_credit_spread,GLD,,,,20.09000015258789,,,,0.0,False,missing_candidate_legs
sim_2019-02-09_2026-05-21_7bc84efae62c,2023-05-05,short_straddle,GLD,,,,17.190000534057617,,,,0.0,False,missing_candidate_legs
sim_2019-02-09_2026-05-21_7bc84efae62c,2023-05-05,put_credit_spread,GLD,,,,17.190000534057617,,,,0.0,False,missing_candidate_legs
sim_2019-02-09_2026-05-21_7bc84efae62c,2023-05-08,short_straddle,GLD,,,,16.979999542236328,,,,0.0,False,missing_candidate_legs
sim_2019-02-09_2026-05-21_7bc84efae62c,2023-05-08,put_credit_spread,GLD,,,,16.979999542236328,,,,0.0,False,missing_candidate_legs
sim_2019-02-09_2026-05-21_7bc84efae62c,2023-05-09,short_straddle,GLD,,,,17.709999084472656,,,,0.0,False,missing_candidate_legs
sim_2019-02-09_2026-05-21_7bc84efae62c,2023-05-09,put_credit_spread,GLD,,,,17.709999084472656,,,,0.0,False,missing_candidate_legs
sim_2019-02-09_2026-05-21_7bc84efae62c,2023-05-10,short_straddle,GLD,,,,16.940000534057617,,,,0.0,False,missing_candidate_legs
sim_2019-02-09_2026-05-21_7bc84efae62c,2023-05-10,put_credit_spread,GLD,,,,16.940000534057617,,,,0.0,False,missing_candidate_legs
sim_2019-02-09_2026-05-21_7bc84efae62c,2023-05-11,short_straddle,GLD,,,,16.93000030517578,,,,0.0,False,missing_candidate_legs
sim_2019-02-09_2026-05-21_7bc84efae62c,2023-05-11,put_credit_spread,GLD,,,,16.93000030517578,,,,0.0,False,missing_candidate_legs
sim_2019-02-09_2026-05-21_7bc84efae62c,2023-05-12,short_straddle,GLD,,,,17.030000686645508,,,,0.0,False,missing_candidate_legs
sim_2019-02-09_2026-05-21_7bc84efae62c,2023-05-12,put_credit_spread,GLD,,,,17.030000686645508,,,,0.0,False,missing_candidate_legs
sim_2019-02-09_2026-05-21_7bc84efae62c,2023-05-15,short_straddle,GLD,,,,17.1200008392334,,,,0.0,False,missing_candidate_legs
sim_2019-02-09_2026-05-21_7bc84efae62c,2023-05-15,put_credit_spread,GLD,,,,17.1200008392334,,,,0.0,False,missing_candidate_legs
sim_2019-02-09_2026-05-21_7bc84efae62c,2023-05-16,short_straddle,GLD,,,,17.989999771118164,,,,0.0,False,missing_candidate_legs
sim_2019-02-09_2026-05-21_7bc84efae62c,2023-05-16,put_credit_spread,GLD,,,,17.989999771118164,,,,0.0,False,missing_candidate_legs
sim_2019-02-09_2026-05-21_7bc84efae62c,2023-05-17,short_straddle,GLD,,,,16.8700008392334,,,,0.0,False,missing_candidate_legs
sim_2019-02-09_2026-05-21_7bc84efae62c,2023-05-17,put_credit_spread,GLD,,,,16.8700008392334,,,,0.0,False,missing_candidate_legs
sim_2019-02-09_2026-05-21_7bc84efae62c,2023-05-18,short_straddle,GLD,,,,16.049999237060547,,,,0.0,False,missing_candidate_legs
sim_2019-02-09_2026-05-21_7bc84efae62c,2023-05-18,put_credit_spread,GLD,,,,16.049999237060547,,,,0.0,False,missing_candidate_legs
sim_2019-02-09_2026-05-21_7bc84efae62c,2023-05-19,short_straddle,GLD,,,,16.809999465942383,,,,0.0,False,missing_candidate_legs
sim_2019-02-09_2026-05-21_7bc84efae62c,2023-05-19,put_credit_spread,GLD,,,,16.809999465942383,,,,0.0,False,missing_candidate_legs
sim_2019-02-09_2026-05-21_7bc84efae62c,2023-05-22,short_straddle,GLD,,,,17.209999084472656,,,,0.0,False,missing_candidate_legs
sim_2019-02-09_2026-05-21_7bc84efae62c,2023-05-22,put_credit_spread,GLD,,,,17.209999084472656,,,,0.0,False,missing_candidate_legs
sim_2019-02-09_2026-05-21_7bc84efae62c,2023-05-23,short_straddle,GLD,,,,18.530000686645508,,,,0.0,False,missing_candidate_legs
sim_2019-02-09_2026-05-21_7bc84efae62c,2023-05-23,put_credit_spread,GLD,,,,18.530000686645508,,,,0.0,False,missing_candidate_legs
sim_2019-02-09_2026-05-21_7bc84efae62c,2023-05-24,short_straddle,GLD,,,,20.030000686645508,,,,0.0,False,missing_candidate_legs
sim_2019-02-09_2026-05-21_7bc84efae62c,2023-05-24,put_credit_spread,GLD,,,,20.030000686645508,,,,0.0,False,missing_candidate_legs
sim_2019-02-09_2026-05-21_7bc84efae62c,2023-05-25,short_straddle,GLD,,,,19.13999938964844,,,,0.0,False,missing_candidate_legs
sim_2019-02-09_2026-05-21_7bc84efae62c,2023-05-25,put_credit_spread,GLD,,,,19.13999938964844,,,,0.0,False,missing_candidate_legs
sim_2019-02-09_2026-05-21_7bc84efae62c,2023-05-26,short_straddle,GLD,,,,17.950000762939453,,,,0.0,False,missing_candidate_legs
sim_2019-02-09_2026-05-21_7bc84efae62c,2023-05-26,put_credit_spread,GLD,,,,17.950000762939453,,,,0.0,False,missing_candidate_legs
sim_2019-02-09_2026-05-21_7bc84efae62c,2023-05-30,short_straddle,GLD,,,,17.459999084472656,,,,0.0,False,missing_candidate_legs
sim_2019-02-09_2026-05-21_7bc84efae62c,2023-05-30,put_credit_spread,GLD,,,,17.459999084472656,,,,0.0,False,missing_candidate_legs
sim_2019-02-09_2026-05-21_7bc84efae62c,2023-05-31,short_straddle,GLD,,,,17.940000534057617,,,,0.0,False,missing_candidate_legs
sim_2019-02-09_2026-05-21_7bc84efae62c,2023-05-31,put_credit_spread,GLD,,,,17.940000534057617,,,,0.0,False,missing_candidate_legs
sim_2019-02-09_2026-05-21_7bc84efae62c,2023-06-01,short_straddle,GLD,,,,15.649999618530272,,,,0.0,False,missing_candidate_legs
sim_2019-02-09_2026-05-21_7bc84efae62c,2023-06-01,put_credit_spread,GLD,,,,15.649999618530272,,,,0.0,False,missing_candidate_legs
sim_2019-02-09_2026-05-21_7bc84efae62c,2023-06-02,short_straddle,GLD,,,,14.600000381469728,,,,0.0,False,missing_candidate_legs
sim_2019-02-09_2026-05-21_7bc84efae62c,2023-06-02,put_credit_spread,GLD,,,,14.600000381469728,,,,0.0,False,missing_candidate_legs
sim_2019-02-09_2026-05-21_7bc84efae62c,2023-06-05,short_straddle,GLD,,,,14.729999542236328,,,,0.0,False,missing_candidate_legs
sim_2019-02-09_2026-05-21_7bc84efae62c,2023-06-05,put_credit_spread,GLD,,,,14.729999542236328,,,,0.0,False,missing_candidate_legs
sim_2019-02-09_2026-05-21_7bc84efae62c,2023-06-06,short_straddle,GLD,,,,13.960000038146973,,,,0.0,False,missing_candidate_legs
sim_2019-02-09_2026-05-21_7bc84efae62c,2023-06-06,put_credit_spread,GLD,,,,13.960000038146973,,,,0.0,False,missing_candidate_legs
sim_2019-02-09_2026-05-21_7bc84efae62c,2023-06-07,short_straddle,GLD,,,,13.9399995803833,,,,0.0,False,missing_candidate_legs
sim_2019-02-09_2026-05-21_7bc84efae62c,2023-06-07,put_credit_spread,GLD,,,,13.9399995803833,,,,0.0,False,missing_candidate_legs
sim_2019-02-09_2026-05-21_7bc84efae62c,2023-06-08,short_straddle,GLD,,,,13.649999618530272,,,,0.0,False,missing_candidate_legs
sim_2019-02-09_2026-05-21_7bc84efae62c,2023-06-08,put_credit_spread,GLD,,,,13.649999618530272,,,,0.0,False,missing_candidate_legs
sim_2019-02-09_2026-05-21_7bc84efae62c,2023-06-09,short_straddle,GLD,,,,13.829999923706056,,,,0.0,False,missing_candidate_legs
sim_2019-02-09_2026-05-21_7bc84efae62c,2023-06-09,put_credit_spread,GLD,,,,13.829999923706056,,,,0.0,False,missing_candidate_legs
sim_2019-02-09_2026-05-21_7bc84efae62c,2023-06-12,short_straddle,GLD,,,,15.010000228881836,,,,0.0,False,missing_candidate_legs
sim_2019-02-09_2026-05-21_7bc84efae62c,2023-06-12,put_credit_spread,GLD,,,,15.010000228881836,,,,0.0,False,missing_candidate_legs
sim_2019-02-09_2026-05-21_7bc84efae62c,2023-06-13,short_straddle,GLD,,,,14.609999656677246,,,,0.0,False,missing_candidate_legs
sim_2019-02-09_2026-05-21_7bc84efae62c,2023-06-13,put_credit_spread,GLD,,,,14.609999656677246,,,,0.0,False,missing_candidate_legs
sim_2019-02-09_2026-05-21_7bc84efae62c,2023-06-14,short_straddle,GLD,,,,13.880000114440918,,,,0.0,False,missing_candidate_legs
sim_2019-02-09_2026-05-21_7bc84efae62c,2023-06-14,put_credit_spread,GLD,,,,13.880000114440918,,,,0.0,False,missing_candidate_legs
sim_2019-02-09_2026-05-21_7bc84efae62c,2023-06-15,short_straddle,GLD,,,,14.5,,,,0.0,False,missing_candidate_legs
sim_2019-02-09_2026-05-21_7bc84efae62c,2023-06-15,put_credit_spread,GLD,,,,14.5,,,,0.0,False,missing_candidate_legs
sim_2019-02-09_2026-05-21_7bc84efae62c,2023-06-16,short_straddle,GLD,,,,13.539999961853027,,,,0.0,False,missing_candidate_legs
sim_2019-02-09_2026-05-21_7bc84efae62c,2023-06-16,put_credit_spread,GLD,,,,13.539999961853027,,,,0.0,False,missing_candidate_legs
sim_2019-02-09_2026-05-21_7bc84efae62c,2023-06-20,short_straddle,GLD,,,,13.880000114440918,,,,0.0,False,missing_candidate_legs
sim_2019-02-09_2026-05-21_7bc84efae62c,2023-06-20,put_credit_spread,GLD,,,,13.880000114440918,,,,0.0,False,missing_candidate_legs
sim_2019-02-09_2026-05-21_7bc84efae62c,2023-06-21,short_straddle,GLD,,,,13.199999809265137,,,,0.0,False,missing_candidate_legs
sim_2019-02-09_2026-05-21_7bc84efae62c,2023-06-21,put_credit_spread,GLD,,,,13.199999809265137,,,,0.0,False,missing_candidate_legs
sim_2019-02-09_2026-05-21_7bc84efae62c,2023-06-22,short_straddle,GLD,,,,12.90999984741211,,,,0.0,False,missing_candidate_legs
sim_2019-02-09_2026-05-21_7bc84efae62c,2023-06-22,put_credit_spread,GLD,,,,12.90999984741211,,,,0.0,False,missing_candidate_legs
sim_2019-02-09_2026-05-21_7bc84efae62c,2023-06-23,short_straddle,GLD,,,,13.4399995803833,,,,0.0,False,missing_candidate_legs
sim_2019-02-09_2026-05-21_7bc84efae62c,2023-06-23,put_credit_spread,GLD,,,,13.4399995803833,,,,0.0,False,missing_candidate_legs
sim_2019-02-09_2026-05-21_7bc84efae62c,2023-06-26,short_straddle,GLD,,,,14.25,,,,0.0,False,missing_candidate_legs
sim_2019-02-09_2026-05-21_7bc84efae62c,2023-06-26,put_credit_spread,GLD,,,,14.25,,,,0.0,False,missing_candidate_legs
sim_2019-02-09_2026-05-21_7bc84efae62c,2023-06-27,short_straddle,GLD,,,,13.739999771118164,,,,0.0,False,missing_candidate_legs
sim_2019-02-09_2026-05-21_7bc84efae62c,2023-06-27,put_credit_spread,GLD,,,,13.739999771118164,,,,0.0,False,missing_candidate_legs
sim_2019-02-09_2026-05-21_7bc84efae62c,2023-06-28,short_straddle,GLD,,,,13.43000030517578,,,,0.0,False,missing_candidate_legs
sim_2019-02-09_2026-05-21_7bc84efae62c,2023-06-28,put_credit_spread,GLD,,,,13.43000030517578,,,,0.0,False,missing_candidate_legs
sim_2019-02-09_2026-05-21_7bc84efae62c,2023-06-29,short_straddle,GLD,,,,13.539999961853027,,,,0.0,False,missing_candidate_legs
sim_2019-02-09_2026-05-21_7bc84efae62c,2023-06-29,put_credit_spread,GLD,,,,13.539999961853027,,,,0.0,False,missing_candidate_legs
sim_2019-02-09_2026-05-21_7bc84efae62c,2023-06-30,short_straddle,GLD,,,,13.59000015258789,,,,0.0,False,missing_candidate_legs
sim_2019-02-09_2026-05-21_7bc84efae62c,2023-06-30,put_credit_spread,GLD,,,,13.59000015258789,,,,0.0,False,missing_candidate_legs
sim_2019-02-09_2026-05-21_7bc84efae62c,2023-07-03,short_straddle,GLD,,,,13.56999969482422,,,,0.0,False,missing_candidate_legs
sim_2019-02-09_2026-05-21_7bc84efae62c,2023-07-03,put_credit_spread,GLD,,,,13.56999969482422,,,,0.0,False,missing_candidate_legs
sim_2019-02-09_2026-05-21_7bc84efae62c,2023-07-05,short_straddle,GLD,,,,14.18000030517578,,,,0.0,False,missing_candidate_legs
sim_2019-02-09_2026-05-21_7bc84efae62c,2023-07-05,put_credit_spread,GLD,,,,14.18000030517578,,,,0.0,False,missing_candidate_legs
sim_2019-02-09_2026-05-21_7bc84efae62c,2023-07-06,short_straddle,GLD,,,,15.4399995803833,,,,0.0,False,missing_candidate_legs
sim_2019-02-09_2026-05-21_7bc84efae62c,2023-07-06,put_credit_spread,GLD,,,,15.4399995803833,,,,0.0,False,missing_candidate_legs
sim_2019-02-09_2026-05-21_7bc84efae62c,2023-07-07,short_straddle,GLD,,,,14.829999923706056,,,,0.0,False,missing_candidate_legs
sim_2019-02-09_2026-05-21_7bc84efae62c,2023-07-07,put_credit_spread,GLD,,,,14.829999923706056,,,,0.0,False,missing_candidate_legs
sim_2019-02-09_2026-05-21_7bc84efae62c,2023-07-10,short_straddle,GLD,,,,15.06999969482422,,,,0.0,False,missing_candidate_legs
sim_2019-02-09_2026-05-21_7bc84efae62c,2023-07-10,put_credit_spread,GLD,,,,15.06999969482422,,,,0.0,False,missing_candidate_legs
sim_2019-02-09_2026-05-21_7bc84efae62c,2023-07-11,short_straddle,GLD,,,,14.84000015258789,,,,0.0,False,missing_candidate_legs
sim_2019-02-09_2026-05-21_7bc84efae62c,2023-07-11,put_credit_spread,GLD,,,,14.84000015258789,,,,0.0,False,missing_candidate_legs
sim_2019-02-09_2026-05-21_7bc84efae62c,2023-07-12,short_straddle,GLD,,,,13.539999961853027,,,,0.0,False,missing_candidate_legs
sim_2019-02-09_2026-05-21_7bc84efae62c,2023-07-12,put_credit_spread,GLD,,,,13.539999961853027,,,,0.0,False,missing_candidate_legs
sim_2019-02-09_2026-05-21_7bc84efae62c,2023-07-13,short_straddle,GLD,,,,13.609999656677246,,,,0.0,False,missing_candidate_legs
sim_2019-02-09_2026-05-21_7bc84efae62c,2023-07-13,put_credit_spread,GLD,,,,13.609999656677246,,,,0.0,False,missing_candidate_legs
sim_2019-02-09_2026-05-21_7bc84efae62c,2023-07-14,short_straddle,GLD,,,,13.34000015258789,,,,0.0,False,missing_candidate_legs
sim_2019-02-09_2026-05-21_7bc84efae62c,2023-07-14,put_credit_spread,GLD,,,,13.34000015258789,,,,0.0,False,missing_candidate_legs
sim_2019-02-09_2026-05-21_7bc84efae62c,2023-07-17,short_straddle,GLD,,,,13.479999542236328,,,,0.0,False,missing_candidate_legs
sim_2019-02-09_2026-05-21_7bc84efae62c,2023-07-17,put_credit_spread,GLD,,,,13.479999542236328,,,,0.0,False,missing_candidate_legs
sim_2019-02-09_2026-05-21_7bc84efae62c,2023-07-18,short_straddle,GLD,,,,13.300000190734863,,,,0.0,False,missing_candidate_legs
sim_2019-02-09_2026-05-21_7bc84efae62c,2023-07-18,put_credit_spread,GLD,,,,13.300000190734863,,,,0.0,False,missing_candidate_legs
sim_2019-02-09_2026-05-21_7bc84efae62c,2023-07-19,short_straddle,GLD,,,,13.760000228881836,,,,0.0,False,missing_candidate_legs
sim_2019-02-09_2026-05-21_7bc84efae62c,2023-07-19,put_credit_spread,GLD,,,,13.760000228881836,,,,0.0,False,missing_candidate_legs
sim_2019-02-09_2026-05-21_7bc84efae62c,2023-07-20,short_straddle,GLD,,,,13.989999771118164,,,,0.0,False,missing_candidate_legs
sim_2019-02-09_2026-05-21_7bc84efae62c,2023-07-20,put_credit_spread,GLD,,,,13.989999771118164,,,,0.0,False,missing_candidate_legs
sim_2019-02-09_2026-05-21_7bc84efae62c,2023-07-21,short_straddle,GLD,,,,13.600000381469728,,,,0.0,False,missing_candidate_legs
sim_2019-02-09_2026-05-21_7bc84efae62c,2023-07-21,put_credit_spread,GLD,,,,13.600000381469728,,,,0.0,False,missing_candidate_legs
sim_2019-02-09_2026-05-21_7bc84efae62c,2023-07-24,short_straddle,GLD,,,,13.90999984741211,,,,0.0,False,missing_candidate_legs
sim_2019-02-09_2026-05-21_7bc84efae62c,2023-07-24,put_credit_spread,GLD,,,,13.90999984741211,,,,0.0,False,missing_candidate_legs
sim_2019-02-09_2026-05-21_7bc84efae62c,2023-07-25,short_straddle,GLD,,,,13.859999656677246,,,,0.0,False,missing_candidate_legs
sim_2019-02-09_2026-05-21_7bc84efae62c,2023-07-25,put_credit_spread,GLD,,,,13.859999656677246,,,,0.0,False,missing_candidate_legs
sim_2019-02-09_2026-05-21_7bc84efae62c,2023-07-26,short_straddle,GLD,,,,13.1899995803833,,,,0.0,False,missing_candidate_legs
sim_2019-02-09_2026-05-21_7bc84efae62c,2023-07-26,put_credit_spread,GLD,,,,13.1899995803833,,,,0.0,False,missing_candidate_legs
sim_2019-02-09_2026-05-21_7bc84efae62c,2023-07-27,short_straddle,GLD,,,,14.40999984741211,,,,0.0,False,missing_candidate_legs
sim_2019-02-09_2026-05-21_7bc84efae62c,2023-07-27,put_credit_spread,GLD,,,,14.40999984741211,,,,0.0,False,missing_candidate_legs
sim_2019-02-09_2026-05-21_7bc84efae62c,2023-07-28,short_straddle,GLD,,,,13.329999923706056,,,,0.0,False,missing_candidate_legs
sim_2019-02-09_2026-05-21_7bc84efae62c,2023-07-28,put_credit_spread,GLD,,,,13.329999923706056,,,,0.0,False,missing_candidate_legs
sim_2019-02-09_2026-05-21_7bc84efae62c,2023-07-31,short_straddle,GLD,,,,13.630000114440918,,,,0.0,False,missing_candidate_legs
sim_2019-02-09_2026-05-21_7bc84efae62c,2023-07-31,put_credit_spread,GLD,,,,13.630000114440918,,,,0.0,False,missing_candidate_legs
sim_2019-02-09_2026-05-21_7bc84efae62c,2023-08-01,short_straddle,GLD,,,,13.93000030517578,,,,0.0,False,missing_candidate_legs
sim_2019-02-09_2026-05-21_7bc84efae62c,2023-08-01,put_credit_spread,GLD,,,,13.93000030517578,,,,0.0,False,missing_candidate_legs
sim_2019-02-09_2026-05-21_7bc84efae62c,2023-08-02,short_straddle,GLD,,,,16.09000015258789,,,,0.0,False,missing_candidate_legs
sim_2019-02-09_2026-05-21_7bc84efae62c,2023-08-02,put_credit_spread,GLD,,,,16.09000015258789,,,,0.0,False,missing_candidate_legs
sim_2019-02-09_2026-05-21_7bc84efae62c,2023-08-03,short_straddle,GLD,,,,15.920000076293944,,,,0.0,False,missing_candidate_legs
sim_2019-02-09_2026-05-21_7bc84efae62c,2023-08-03,put_credit_spread,GLD,,,,15.920000076293944,,,,0.0,False,missing_candidate_legs
sim_2019-02-09_2026-05-21_7bc84efae62c,2023-08-04,short_straddle,GLD,,,,17.100000381469727,,,,0.0,False,missing_candidate_legs
sim_2019-02-09_2026-05-21_7bc84efae62c,2023-08-04,put_credit_spread,GLD,,,,17.100000381469727,,,,0.0,False,missing_candidate_legs
sim_2019-02-09_2026-05-21_7bc84efae62c,2023-08-07,short_straddle,GLD,,,,15.770000457763672,,,,0.0,False,missing_candidate_legs
sim_2019-02-09_2026-05-21_7bc84efae62c,2023-08-07,put_credit_spread,GLD,,,,15.770000457763672,,,,0.0,False,missing_candidate_legs
sim_2019-02-09_2026-05-21_7bc84efae62c,2023-08-08,short_straddle,GLD,,,,15.989999771118164,,,,0.0,False,missing_candidate_legs
sim_2019-02-09_2026-05-21_7bc84efae62c,2023-08-08,put_credit_spread,GLD,,,,15.989999771118164,,,,0.0,False,missing_candidate_legs
sim_2019-02-09_2026-05-21_7bc84efae62c,2023-08-09,short_straddle,GLD,,,,15.960000038146973,,,,0.0,False,missing_candidate_legs
sim_2019-02-09_2026-05-21_7bc84efae62c,2023-08-09,put_credit_spread,GLD,,,,15.960000038146973,,,,0.0,False,missing_candidate_legs
sim_2019-02-09_2026-05-21_7bc84efae62c,2023-08-10,short_straddle,GLD,,,,15.850000381469728,,,,0.0,False,missing_candidate_legs
sim_2019-02-09_2026-05-21_7bc84efae62c,2023-08-10,put_credit_spread,GLD,,,,15.850000381469728,,,,0.0,False,missing_candidate_legs
sim_2019-02-09_2026-05-21_7bc84efae62c,2023-08-11,short_straddle,GLD,,,,14.84000015258789,,,,0.0,False,missing_candidate_legs
sim_2019-02-09_2026-05-21_7bc84efae62c,2023-08-11,put_credit_spread,GLD,,,,14.84000015258789,,,,0.0,False,missing_candidate_legs
sim_2019-02-09_2026-05-21_7bc84efae62c,2023-08-14,short_straddle,GLD,,,,14.81999969482422,,,,0.0,False,missing_candidate_legs
sim_2019-02-09_2026-05-21_7bc84efae62c,2023-08-14,put_credit_spread,GLD,,,,14.81999969482422,,,,0.0,False,missing_candidate_legs
sim_2019-02-09_2026-05-21_7bc84efae62c,2023-08-15,short_straddle,GLD,,,,16.459999084472656,,,,0.0,False,missing_candidate_legs
sim_2019-02-09_2026-05-21_7bc84efae62c,2023-08-15,put_credit_spread,GLD,,,,16.459999084472656,,,,0.0,False,missing_candidate_legs
sim_2019-02-09_2026-05-21_7bc84efae62c,2023-08-16,short_straddle,GLD,,,,16.780000686645508,,,,0.0,False,missing_candidate_legs
sim_2019-02-09_2026-05-21_7bc84efae62c,2023-08-16,put_credit_spread,GLD,,,,16.780000686645508,,,,0.0,False,missing_candidate_legs
sim_2019-02-09_2026-05-21_7bc84efae62c,2023-08-17,short_straddle,GLD,,,,17.889999389648438,,,,0.0,False,missing_candidate_legs
sim_2019-02-09_2026-05-21_7bc84efae62c,2023-08-17,put_credit_spread,GLD,,,,17.889999389648438,,,,0.0,False,missing_candidate_legs
sim_2019-02-09_2026-05-21_7bc84efae62c,2023-08-18,short_straddle,GLD,,,,17.299999237060547,,,,0.0,False,missing_candidate_legs
sim_2019-02-09_2026-05-21_7bc84efae62c,2023-08-18,put_credit_spread,GLD,,,,17.299999237060547,,,,0.0,False,missing_candidate_legs
sim_2019-02-09_2026-05-21_7bc84efae62c,2023-08-21,short_straddle,GLD,,,,17.1299991607666,,,,0.0,False,missing_candidate_legs
sim_2019-02-09_2026-05-21_7bc84efae62c,2023-08-21,put_credit_spread,GLD,,,,17.1299991607666,,,,0.0,False,missing_candidate_legs
sim_2019-02-09_2026-05-21_7bc84efae62c,2023-08-22,short_straddle,GLD,,,,16.969999313354492,,,,0.0,False,missing_candidate_legs
sim_2019-02-09_2026-05-21_7bc84efae62c,2023-08-22,put_credit_spread,GLD,,,,16.969999313354492,,,,0.0,False,missing_candidate_legs
sim_2019-02-09_2026-05-21_7bc84efae62c,2023-08-23,short_straddle,GLD,,,,15.979999542236328,,,,0.0,False,missing_candidate_legs
sim_2019-02-09_2026-05-21_7bc84efae62c,2023-08-23,put_credit_spread,GLD,,,,15.979999542236328,,,,0.0,False,missing_candidate_legs
sim_2019-02-09_2026-05-21_7bc84efae62c,2023-08-24,short_straddle,GLD,,,,17.200000762939453,,,,0.0,False,missing_candidate_legs
sim_2019-02-09_2026-05-21_7bc84efae62c,2023-08-24,put_credit_spread,GLD,,,,17.200000762939453,,,,0.0,False,missing_candidate_legs
sim_2019-02-09_2026-05-21_7bc84efae62c,2023-08-25,short_straddle,GLD,,,,15.68000030517578,,,,0.0,False,missing_candidate_legs
sim_2019-02-09_2026-05-21_7bc84efae62c,2023-08-25,put_credit_spread,GLD,,,,15.68000030517578,,,,0.0,False,missing_candidate_legs
sim_2019-02-09_2026-05-21_7bc84efae62c,2023-08-28,short_straddle,GLD,,,,15.079999923706056,,,,0.0,False,missing_candidate_legs
sim_2019-02-09_2026-05-21_7bc84efae62c,2023-08-28,put_credit_spread,GLD,,,,15.079999923706056,,,,0.0,False,missing_candidate_legs
sim_2019-02-09_2026-05-21_7bc84efae62c,2023-08-29,short_straddle,GLD,,,,14.449999809265137,,,,0.0,False,missing_candidate_legs
sim_2019-02-09_2026-05-21_7bc84efae62c,2023-08-29,put_credit_spread,GLD,,,,14.449999809265137,,,,0.0,False,missing_candidate_legs
sim_2019-02-09_2026-05-21_7bc84efae62c,2023-08-30,short_straddle,GLD,,,,13.880000114440918,,,,0.0,False,missing_candidate_legs
sim_2019-02-09_2026-05-21_7bc84efae62c,2023-08-30,put_credit_spread,GLD,,,,13.880000114440918,,,,0.0,False,missing_candidate_legs
sim_2019-02-09_2026-05-21_7bc84efae62c,2023-08-31,short_straddle,GLD,,,,13.56999969482422,,,,0.0,False,missing_candidate_legs
sim_2019-02-09_2026-05-21_7bc84efae62c,2023-08-31,put_credit_spread,GLD,,,,13.56999969482422,,,,0.0,False,missing_candidate_legs
sim_2019-02-09_2026-05-21_7bc84efae62c,2023-09-01,short_straddle,GLD,,,,13.09000015258789,,,,0.0,False,missing_candidate_legs
sim_2019-02-09_2026-05-21_7bc84efae62c,2023-09-01,put_credit_spread,GLD,,,,13.09000015258789,,,,0.0,False,missing_candidate_legs
sim_2019-02-09_2026-05-21_7bc84efae62c,2023-09-05,short_straddle,GLD,,,,14.010000228881836,,,,0.0,False,missing_candidate_legs
sim_2019-02-09_2026-05-21_7bc84efae62c,2023-09-05,put_credit_spread,GLD,,,,14.010000228881836,,,,0.0,False,missing_candidate_legs
sim_2019-02-09_2026-05-21_7bc84efae62c,2023-09-06,short_straddle,GLD,,,,14.449999809265137,,,,0.0,False,missing_candidate_legs
sim_2019-02-09_2026-05-21_7bc84efae62c,2023-09-06,put_credit_spread,GLD,,,,14.449999809265137,,,,0.0,False,missing_candidate_legs
sim_2019-02-09_2026-05-21_7bc84efae62c,2023-09-07,short_straddle,GLD,,,,14.399999618530272,,,,0.0,False,missing_candidate_legs
sim_2019-02-09_2026-05-21_7bc84efae62c,2023-09-07,put_credit_spread,GLD,,,,14.399999618530272,,,,0.0,False,missing_candidate_legs
sim_2019-02-09_2026-05-21_7bc84efae62c,2023-09-08,short_straddle,GLD,,,,13.84000015258789,,,,0.0,False,missing_candidate_legs
sim_2019-02-09_2026-05-21_7bc84efae62c,2023-09-08,put_credit_spread,GLD,,,,13.84000015258789,,,,0.0,False,missing_candidate_legs
sim_2019-02-09_2026-05-21_7bc84efae62c,2023-09-11,short_straddle,GLD,,,,13.800000190734863,,,,0.0,False,missing_candidate_legs
sim_2019-02-09_2026-05-21_7bc84efae62c,2023-09-11,put_credit_spread,GLD,,,,13.800000190734863,,,,0.0,False,missing_candidate_legs
sim_2019-02-09_2026-05-21_7bc84efae62c,2023-09-12,short_straddle,GLD,,,,14.229999542236328,,,,0.0,False,missing_candidate_legs
sim_2019-02-09_2026-05-21_7bc84efae62c,2023-09-12,put_credit_spread,GLD,,,,14.229999542236328,,,,0.0,False,missing_candidate_legs
sim_2019-02-09_2026-05-21_7bc84efae62c,2023-09-13,short_straddle,GLD,,,,13.479999542236328,,,,0.0,False,missing_candidate_legs
sim_2019-02-09_2026-05-21_7bc84efae62c,2023-09-13,put_credit_spread,GLD,,,,13.479999542236328,,,,0.0,False,missing_candidate_legs
sim_2019-02-09_2026-05-21_7bc84efae62c,2023-09-14,short_straddle,GLD,,,,12.81999969482422,,,,0.0,False,missing_candidate_legs
sim_2019-02-09_2026-05-21_7bc84efae62c,2023-09-14,put_credit_spread,GLD,,,,12.81999969482422,,,,0.0,False,missing_candidate_legs
sim_2019-02-09_2026-05-21_7bc84efae62c,2023-09-15,short_straddle,GLD,,,,13.789999961853027,,,,0.0,False,missing_candidate_legs
sim_2019-02-09_2026-05-21_7bc84efae62c,2023-09-15,put_credit_spread,GLD,,,,13.789999961853027,,,,0.0,False,missing_candidate_legs
sim_2019-02-09_2026-05-21_7bc84efae62c,2023-09-18,short_straddle,GLD,,,,14.0,,,,0.0,False,missing_candidate_legs
sim_2019-02-09_2026-05-21_7bc84efae62c,2023-09-18,put_credit_spread,GLD,,,,14.0,,,,0.0,False,missing_candidate_legs
sim_2019-02-09_2026-05-21_7bc84efae62c,2023-09-19,short_straddle,GLD,,,,14.109999656677246,,,,0.0,False,missing_candidate_legs
sim_2019-02-09_2026-05-21_7bc84efae62c,2023-09-19,put_credit_spread,GLD,,,,14.109999656677246,,,,0.0,False,missing_candidate_legs
sim_2019-02-09_2026-05-21_7bc84efae62c,2023-09-20,short_straddle,GLD,,,,15.140000343322754,,,,0.0,False,missing_candidate_legs
sim_2019-02-09_2026-05-21_7bc84efae62c,2023-09-20,put_credit_spread,GLD,,,,15.140000343322754,,,,0.0,False,missing_candidate_legs
sim_2019-02-09_2026-05-21_7bc84efae62c,2023-09-21,short_straddle,GLD,,,,17.540000915527344,,,,0.0,False,missing_candidate_legs
sim_2019-02-09_2026-05-21_7bc84efae62c,2023-09-21,put_credit_spread,GLD,,,,17.540000915527344,,,,0.0,False,missing_candidate_legs
sim_2019-02-09_2026-05-21_7bc84efae62c,2023-09-22,short_straddle,GLD,,,,17.200000762939453,,,,0.0,False,missing_candidate_legs
sim_2019-02-09_2026-05-21_7bc84efae62c,2023-09-22,put_credit_spread,GLD,,,,17.200000762939453,,,,0.0,False,missing_candidate_legs
sim_2019-02-09_2026-05-21_7bc84efae62c,2023-09-25,short_straddle,GLD,,,,16.899999618530273,,,,0.0,False,missing_candidate_legs
sim_2019-02-09_2026-05-21_7bc84efae62c,2023-09-25,put_credit_spread,GLD,,,,16.899999618530273,,,,0.0,False,missing_candidate_legs
sim_2019-02-09_2026-05-21_7bc84efae62c,2023-09-26,short_straddle,GLD,,,,18.940000534057617,,,,0.0,False,missing_candidate_legs
sim_2019-02-09_2026-05-21_7bc84efae62c,2023-09-26,put_credit_spread,GLD,,,,18.940000534057617,,,,0.0,False,missing_candidate_legs
sim_2019-02-09_2026-05-21_7bc84efae62c,2023-09-27,short_straddle,GLD,,,,18.21999931335449,,,,0.0,False,missing_candidate_legs
sim_2019-02-09_2026-05-21_7bc84efae62c,2023-09-27,put_credit_spread,GLD,,,,18.21999931335449,,,,0.0,False,missing_candidate_legs
sim_2019-02-09_2026-05-21_7bc84efae62c,2023-09-28,short_straddle,GLD,,,,17.34000015258789,,,,0.0,False,missing_candidate_legs
sim_2019-02-09_2026-05-21_7bc84efae62c,2023-09-28,put_credit_spread,GLD,,,,17.34000015258789,,,,0.0,False,missing_candidate_legs
sim_2019-02-09_2026-05-21_7bc84efae62c,2023-09-29,short_straddle,GLD,,,,17.520000457763672,,,,0.0,False,missing_candidate_legs
sim_2019-02-09_2026-05-21_7bc84efae62c,2023-09-29,put_credit_spread,GLD,,,,17.520000457763672,,,,0.0,False,missing_candidate_legs
sim_2019-02-09_2026-05-21_7bc84efae62c,2023-10-02,short_straddle,GLD,,,,17.610000610351562,,,,0.0,False,missing_candidate_legs
sim_2019-02-09_2026-05-21_7bc84efae62c,2023-10-02,put_credit_spread,GLD,,,,17.610000610351562,,,,0.0,False,missing_candidate_legs
sim_2019-02-09_2026-05-21_7bc84efae62c,2023-10-03,short_straddle,GLD,,,,19.780000686645508,,,,0.0,False,missing_candidate_legs
sim_2019-02-09_2026-05-21_7bc84efae62c,2023-10-03,put_credit_spread,GLD,,,,19.780000686645508,,,,0.0,False,missing_candidate_legs
sim_2019-02-09_2026-05-21_7bc84efae62c,2023-10-04,short_straddle,GLD,,,,18.57999992370605,,,,0.0,False,missing_candidate_legs
sim_2019-02-09_2026-05-21_7bc84efae62c,2023-10-04,put_credit_spread,GLD,,,,18.57999992370605,,,,0.0,False,missing_candidate_legs
sim_2019-02-09_2026-05-21_7bc84efae62c,2023-10-05,short_straddle,GLD,,,,18.489999771118164,,,,0.0,False,missing_candidate_legs
sim_2019-02-09_2026-05-21_7bc84efae62c,2023-10-05,put_credit_spread,GLD,,,,18.489999771118164,,,,0.0,False,missing_candidate_legs
sim_2019-02-09_2026-05-21_7bc84efae62c,2023-10-06,short_straddle,GLD,,,,17.450000762939453,,,,0.0,False,missing_candidate_legs
sim_2019-02-09_2026-05-21_7bc84efae62c,2023-10-06,put_credit_spread,GLD,,,,17.450000762939453,,,,0.0,False,missing_candidate_legs
sim_2019-02-09_2026-05-21_7bc84efae62c,2023-10-09,short_straddle,GLD,,,,17.700000762939453,,,,0.0,False,missing_candidate_legs
sim_2019-02-09_2026-05-21_7bc84efae62c,2023-10-09,put_credit_spread,GLD,,,,17.700000762939453,,,,0.0,False,missing_candidate_legs
sim_2019-02-09_2026-05-21_7bc84efae62c,2023-10-10,short_straddle,GLD,,,,17.030000686645508,,,,0.0,False,missing_candidate_legs
sim_2019-02-09_2026-05-21_7bc84efae62c,2023-10-10,put_credit_spread,GLD,,,,17.030000686645508,,,,0.0,False,missing_candidate_legs
sim_2019-02-09_2026-05-21_7bc84efae62c,2023-10-11,short_straddle,GLD,,,,16.09000015258789,,,,0.0,False,missing_candidate_legs
sim_2019-02-09_2026-05-21_7bc84efae62c,2023-10-11,put_credit_spread,GLD,,,,16.09000015258789,,,,0.0,False,missing_candidate_legs
sim_2019-02-09_2026-05-21_7bc84efae62c,2023-10-12,short_straddle,GLD,,,,16.690000534057617,,,,0.0,False,missing_candidate_legs
sim_2019-02-09_2026-05-21_7bc84efae62c,2023-10-12,put_credit_spread,GLD,,,,16.690000534057617,,,,0.0,False,missing_candidate_legs
sim_2019-02-09_2026-05-21_7bc84efae62c,2023-10-13,short_straddle,GLD,,,,19.31999969482422,,,,0.0,False,missing_candidate_legs
sim_2019-02-09_2026-05-21_7bc84efae62c,2023-10-13,put_credit_spread,GLD,,,,19.31999969482422,,,,0.0,False,missing_candidate_legs
sim_2019-02-09_2026-05-21_7bc84efae62c,2023-10-16,short_straddle,GLD,,,,17.209999084472656,,,,0.0,False,missing_candidate_legs
sim_2019-02-09_2026-05-21_7bc84efae62c,2023-10-16,put_credit_spread,GLD,,,,17.209999084472656,,,,0.0,False,missing_candidate_legs
sim_2019-02-09_2026-05-21_7bc84efae62c,2023-10-17,short_straddle,GLD,,,,17.8799991607666,,,,0.0,False,missing_candidate_legs
sim_2019-02-09_2026-05-21_7bc84efae62c,2023-10-17,put_credit_spread,GLD,,,,17.8799991607666,,,,0.0,False,missing_candidate_legs
sim_2019-02-09_2026-05-21_7bc84efae62c,2023-10-18,short_straddle,GLD,,,,19.21999931335449,,,,0.0,False,missing_candidate_legs
sim_2019-02-09_2026-05-21_7bc84efae62c,2023-10-18,put_credit_spread,GLD,,,,19.21999931335449,,,,0.0,False,missing_candidate_legs
sim_2019-02-09_2026-05-21_7bc84efae62c,2023-10-19,short_straddle,GLD,,,,21.39999961853028,,,,0.0,False,missing_candidate_legs
sim_2019-02-09_2026-05-21_7bc84efae62c,2023-10-19,put_credit_spread,GLD,,,,21.39999961853028,,,,0.0,False,missing_candidate_legs
sim_2019-02-09_2026-05-21_7bc84efae62c,2023-10-20,short_straddle,GLD,,,,21.709999084472656,,,,0.0,False,missing_candidate_legs
sim_2019-02-09_2026-05-21_7bc84efae62c,2023-10-20,put_credit_spread,GLD,,,,21.709999084472656,,,,0.0,False,missing_candidate_legs
sim_2019-02-09_2026-05-21_7bc84efae62c,2023-10-23,short_straddle,GLD,,,,20.3700008392334,,,,0.0,False,missing_candidate_legs
sim_2019-02-09_2026-05-21_7bc84efae62c,2023-10-23,put_credit_spread,GLD,,,,20.3700008392334,,,,0.0,False,missing_candidate_legs
sim_2019-02-09_2026-05-21_7bc84efae62c,2023-10-24,short_straddle,GLD,,,,18.96999931335449,,,,0.0,False,missing_candidate_legs
sim_2019-02-09_2026-05-21_7bc84efae62c,2023-10-24,put_credit_spread,GLD,,,,18.96999931335449,,,,0.0,False,missing_candidate_legs
sim_2019-02-09_2026-05-21_7bc84efae62c,2023-10-25,short_straddle,GLD,,,,20.190000534057617,,,,0.0,False,missing_candidate_legs
sim_2019-02-09_2026-05-21_7bc84efae62c,2023-10-25,put_credit_spread,GLD,,,,20.190000534057617,,,,0.0,False,missing_candidate_legs
sim_2019-02-09_2026-05-21_7bc84efae62c,2023-10-26,short_straddle,GLD,,,,20.68000030517578,,,,0.0,False,missing_candidate_legs
sim_2019-02-09_2026-05-21_7bc84efae62c,2023-10-26,put_credit_spread,GLD,,,,20.68000030517578,,,,0.0,False,missing_candidate_legs
sim_2019-02-09_2026-05-21_7bc84efae62c,2023-10-27,short_straddle,GLD,,,,21.270000457763672,,,,0.0,False,missing_candidate_legs
sim_2019-02-09_2026-05-21_7bc84efae62c,2023-10-27,put_credit_spread,GLD,,,,21.270000457763672,,,,0.0,False,missing_candidate_legs
sim_2019-02-09_2026-05-21_7bc84efae62c,2023-10-30,short_straddle,GLD,,,,19.75,,,,0.0,False,missing_candidate_legs
sim_2019-02-09_2026-05-21_7bc84efae62c,2023-10-30,put_credit_spread,GLD,,,,19.75,,,,0.0,False,missing_candidate_legs
sim_2019-02-09_2026-05-21_7bc84efae62c,2023-10-31,short_straddle,GLD,,,,18.13999938964844,,,,0.0,False,missing_candidate_legs
sim_2019-02-09_2026-05-21_7bc84efae62c,2023-10-31,put_credit_spread,GLD,,,,18.13999938964844,,,,0.0,False,missing_candidate_legs
sim_2019-02-09_2026-05-21_7bc84efae62c,2023-11-01,short_straddle,GLD,,,,16.8700008392334,,,,0.0,False,missing_candidate_legs
sim_2019-02-09_2026-05-21_7bc84efae62c,2023-11-01,put_credit_spread,GLD,,,,16.8700008392334,,,,0.0,False,missing_candidate_legs
sim_2019-02-09_2026-05-21_7bc84efae62c,2023-11-02,short_straddle,GLD,,,,15.65999984741211,,,,0.0,False,missing_candidate_legs
sim_2019-02-09_2026-05-21_7bc84efae62c,2023-11-02,put_credit_spread,GLD,,,,15.65999984741211,,,,0.0,False,missing_candidate_legs
sim_2019-02-09_2026-05-21_7bc84efae62c,2023-11-03,short_straddle,GLD,,,,14.90999984741211,,,,0.0,False,missing_candidate_legs
sim_2019-02-09_2026-05-21_7bc84efae62c,2023-11-03,put_credit_spread,GLD,,,,14.90999984741211,,,,0.0,False,missing_candidate_legs
sim_2019-02-09_2026-05-21_7bc84efae62c,2023-11-06,short_straddle,GLD,,,,14.890000343322754,,,,0.0,False,missing_candidate_legs
sim_2019-02-09_2026-05-21_7bc84efae62c,2023-11-06,put_credit_spread,GLD,,,,14.890000343322754,,,,0.0,False,missing_candidate_legs
sim_2019-02-09_2026-05-21_7bc84efae62c,2023-11-07,short_straddle,GLD,,,,14.8100004196167,,,,0.0,False,missing_candidate_legs
sim_2019-02-09_2026-05-21_7bc84efae62c,2023-11-07,put_credit_spread,GLD,,,,14.8100004196167,,,,0.0,False,missing_candidate_legs
sim_2019-02-09_2026-05-21_7bc84efae62c,2023-11-08,short_straddle,GLD,,,,14.449999809265137,,,,0.0,False,missing_candidate_legs
sim_2019-02-09_2026-05-21_7bc84efae62c,2023-11-08,put_credit_spread,GLD,,,,14.449999809265137,,,,0.0,False,missing_candidate_legs
sim_2019-02-09_2026-05-21_7bc84efae62c,2023-11-09,short_straddle,GLD,,,,15.289999961853027,,,,0.0,False,missing_candidate_legs
sim_2019-02-09_2026-05-21_7bc84efae62c,2023-11-09,put_credit_spread,GLD,,,,15.289999961853027,,,,0.0,False,missing_candidate_legs
sim_2019-02-09_2026-05-21_7bc84efae62c,2023-11-10,short_straddle,GLD,,,,14.170000076293944,,,,0.0,False,missing_candidate_legs
sim_2019-02-09_2026-05-21_7bc84efae62c,2023-11-10,put_credit_spread,GLD,,,,14.170000076293944,,,,0.0,False,missing_candidate_legs
sim_2019-02-09_2026-05-21_7bc84efae62c,2023-11-13,short_straddle,GLD,,,,14.760000228881836,,,,0.0,False,missing_candidate_legs
sim_2019-02-09_2026-05-21_7bc84efae62c,2023-11-13,put_credit_spread,GLD,,,,14.760000228881836,,,,0.0,False,missing_candidate_legs
sim_2019-02-09_2026-05-21_7bc84efae62c,2023-11-14,short_straddle,GLD,,,,14.15999984741211,,,,0.0,False,missing_candidate_legs
sim_2019-02-09_2026-05-21_7bc84efae62c,2023-11-14,put_credit_spread,GLD,,,,14.15999984741211,,,,0.0,False,missing_candidate_legs
sim_2019-02-09_2026-05-21_7bc84efae62c,2023-11-15,short_straddle,GLD,,,,14.18000030517578,,,,0.0,False,missing_candidate_legs
sim_2019-02-09_2026-05-21_7bc84efae62c,2023-11-15,put_credit_spread,GLD,,,,14.18000030517578,,,,0.0,False,missing_candidate_legs
sim_2019-02-09_2026-05-21_7bc84efae62c,2023-11-16,short_straddle,GLD,,,,14.31999969482422,,,,0.0,False,missing_candidate_legs
sim_2019-02-09_2026-05-21_7bc84efae62c,2023-11-16,put_credit_spread,GLD,,,,14.31999969482422,,,,0.0,False,missing_candidate_legs
sim_2019-02-09_2026-05-21_7bc84efae62c,2023-11-17,short_straddle,GLD,,,,13.800000190734863,,,,0.0,False,missing_candidate_legs
sim_2019-02-09_2026-05-21_7bc84efae62c,2023-11-17,put_credit_spread,GLD,,,,13.800000190734863,,,,0.0,False,missing_candidate_legs
sim_2019-02-09_2026-05-21_7bc84efae62c,2023-11-20,short_straddle,GLD,,,,13.40999984741211,,,,0.0,False,missing_candidate_legs
sim_2019-02-09_2026-05-21_7bc84efae62c,2023-11-20,put_credit_spread,GLD,,,,13.40999984741211,,,,0.0,False,missing_candidate_legs
sim_2019-02-09_2026-05-21_7bc84efae62c,2023-11-21,short_straddle,GLD,,,,13.350000381469728,,,,0.0,False,missing_candidate_legs
sim_2019-02-09_2026-05-21_7bc84efae62c,2023-11-21,put_credit_spread,GLD,,,,13.350000381469728,,,,0.0,False,missing_candidate_legs
sim_2019-02-09_2026-05-21_7bc84efae62c,2023-11-22,short_straddle,GLD,,,,12.850000381469728,,,,0.0,False,missing_candidate_legs
sim_2019-02-09_2026-05-21_7bc84efae62c,2023-11-22,put_credit_spread,GLD,,,,12.850000381469728,,,,0.0,False,missing_candidate_legs
sim_2019-02-09_2026-05-21_7bc84efae62c,2023-11-24,short_straddle,GLD,,,,12.460000038146973,,,,0.0,False,missing_candidate_legs
sim_2019-02-09_2026-05-21_7bc84efae62c,2023-11-24,put_credit_spread,GLD,,,,12.460000038146973,,,,0.0,False,missing_candidate_legs
sim_2019-02-09_2026-05-21_7bc84efae62c,2023-11-27,short_straddle,GLD,,,,12.6899995803833,,,,0.0,False,missing_candidate_legs
sim_2019-02-09_2026-05-21_7bc84efae62c,2023-11-27,put_credit_spread,GLD,,,,12.6899995803833,,,,0.0,False,missing_candidate_legs
sim_2019-02-09_2026-05-21_7bc84efae62c,2023-11-28,short_straddle,GLD,,,,12.6899995803833,,,,0.0,False,missing_candidate_legs
sim_2019-02-09_2026-05-21_7bc84efae62c,2023-11-28,put_credit_spread,GLD,,,,12.6899995803833,,,,0.0,False,missing_candidate_legs
sim_2019-02-09_2026-05-21_7bc84efae62c,2023-11-29,short_straddle,GLD,,,,12.979999542236328,,,,0.0,False,missing_candidate_legs
sim_2019-02-09_2026-05-21_7bc84efae62c,2023-11-29,put_credit_spread,GLD,,,,12.979999542236328,,,,0.0,False,missing_candidate_legs
sim_2019-02-09_2026-05-21_7bc84efae62c,2023-11-30,short_straddle,GLD,,,,12.920000076293944,,,,0.0,False,missing_candidate_legs
sim_2019-02-09_2026-05-21_7bc84efae62c,2023-11-30,put_credit_spread,GLD,,,,12.920000076293944,,,,0.0,False,missing_candidate_legs
sim_2019-02-09_2026-05-21_7bc84efae62c,2023-12-01,short_straddle,GLD,,,,12.630000114440918,,,,0.0,False,missing_candidate_legs
sim_2019-02-09_2026-05-21_7bc84efae62c,2023-12-01,put_credit_spread,GLD,,,,12.630000114440918,,,,0.0,False,missing_candidate_legs
sim_2019-02-09_2026-05-21_7bc84efae62c,2023-12-04,short_straddle,GLD,,,,13.079999923706056,,,,0.0,False,missing_candidate_legs
sim_2019-02-09_2026-05-21_7bc84efae62c,2023-12-04,put_credit_spread,GLD,,,,13.079999923706056,,,,0.0,False,missing_candidate_legs
sim_2019-02-09_2026-05-21_7bc84efae62c,2023-12-05,short_straddle,GLD,,,,12.850000381469728,,,,0.0,False,missing_candidate_legs
sim_2019-02-09_2026-05-21_7bc84efae62c,2023-12-05,put_credit_spread,GLD,,,,12.850000381469728,,,,0.0,False,missing_candidate_legs
sim_2019-02-09_2026-05-21_7bc84efae62c,2023-12-06,short_straddle,GLD,,,,12.970000267028809,,,,0.0,False,missing_candidate_legs
sim_2019-02-09_2026-05-21_7bc84efae62c,2023-12-06,put_credit_spread,GLD,,,,12.970000267028809,,,,0.0,False,missing_candidate_legs
sim_2019-02-09_2026-05-21_7bc84efae62c,2023-12-07,short_straddle,GLD,,,,13.0600004196167,,,,0.0,False,missing_candidate_legs
sim_2019-02-09_2026-05-21_7bc84efae62c,2023-12-07,put_credit_spread,GLD,,,,13.0600004196167,,,,0.0,False,missing_candidate_legs
sim_2019-02-09_2026-05-21_7bc84efae62c,2023-12-08,short_straddle,GLD,,,,12.350000381469728,,,,0.0,False,missing_candidate_legs
sim_2019-02-09_2026-05-21_7bc84efae62c,2023-12-08,put_credit_spread,GLD,,,,12.350000381469728,,,,0.0,False,missing_candidate_legs
sim_2019-02-09_2026-05-21_7bc84efae62c,2023-12-11,short_straddle,GLD,,,,12.630000114440918,,,,0.0,False,missing_candidate_legs
sim_2019-02-09_2026-05-21_7bc84efae62c,2023-12-11,put_credit_spread,GLD,,,,12.630000114440918,,,,0.0,False,missing_candidate_legs
sim_2019-02-09_2026-05-21_7bc84efae62c,2023-12-12,short_straddle,GLD,,,,12.06999969482422,,,,0.0,False,missing_candidate_legs
sim_2019-02-09_2026-05-21_7bc84efae62c,2023-12-12,put_credit_spread,GLD,,,,12.06999969482422,,,,0.0,False,missing_candidate_legs
sim_2019-02-09_2026-05-21_7bc84efae62c,2023-12-13,short_straddle,GLD,,,,12.1899995803833,,,,0.0,False,missing_candidate_legs
sim_2019-02-09_2026-05-21_7bc84efae62c,2023-12-13,put_credit_spread,GLD,,,,12.1899995803833,,,,0.0,False,missing_candidate_legs
sim_2019-02-09_2026-05-21_7bc84efae62c,2023-12-14,short_straddle,GLD,,,,12.479999542236328,,,,0.0,False,missing_candidate_legs
sim_2019-02-09_2026-05-21_7bc84efae62c,2023-12-14,put_credit_spread,GLD,,,,12.479999542236328,,,,0.0,False,missing_candidate_legs
sim_2019-02-09_2026-05-21_7bc84efae62c,2023-12-15,short_straddle,GLD,,,,12.279999732971191,,,,0.0,False,missing_candidate_legs
sim_2019-02-09_2026-05-21_7bc84efae62c,2023-12-15,put_credit_spread,GLD,,,,12.279999732971191,,,,0.0,False,missing_candidate_legs
sim_2019-02-09_2026-05-21_7bc84efae62c,2023-12-18,short_straddle,GLD,,,,12.5600004196167,,,,0.0,False,missing_candidate_legs
sim_2019-02-09_2026-05-21_7bc84efae62c,2023-12-18,put_credit_spread,GLD,,,,12.5600004196167,,,,0.0,False,missing_candidate_legs
sim_2019-02-09_2026-05-21_7bc84efae62c,2023-12-19,short_straddle,GLD,,,,12.529999732971191,,,,0.0,False,missing_candidate_legs
sim_2019-02-09_2026-05-21_7bc84efae62c,2023-12-19,put_credit_spread,GLD,,,,12.529999732971191,,,,0.0,False,missing_candidate_legs
sim_2019-02-09_2026-05-21_7bc84efae62c,2023-12-20,short_straddle,GLD,,,,13.670000076293944,,,,0.0,False,missing_candidate_legs
sim_2019-02-09_2026-05-21_7bc84efae62c,2023-12-20,put_credit_spread,GLD,,,,13.670000076293944,,,,0.0,False,missing_candidate_legs
sim_2019-02-09_2026-05-21_7bc84efae62c,2023-12-21,short_straddle,GLD,,,,13.649999618530272,,,,0.0,False,missing_candidate_legs
sim_2019-02-09_2026-05-21_7bc84efae62c,2023-12-21,put_credit_spread,GLD,,,,13.649999618530272,,,,0.0,False,missing_candidate_legs
sim_2019-02-09_2026-05-21_7bc84efae62c,2023-12-22,short_straddle,GLD,,,,13.029999732971191,,,,0.0,False,missing_candidate_legs
sim_2019-02-09_2026-05-21_7bc84efae62c,2023-12-22,put_credit_spread,GLD,,,,13.029999732971191,,,,0.0,False,missing_candidate_legs
sim_2019-02-09_2026-05-21_7bc84efae62c,2023-12-26,short_straddle,GLD,,,,12.989999771118164,,,,0.0,False,missing_candidate_legs
sim_2019-02-09_2026-05-21_7bc84efae62c,2023-12-26,put_credit_spread,GLD,,,,12.989999771118164,,,,0.0,False,missing_candidate_legs
sim_2019-02-09_2026-05-21_7bc84efae62c,2023-12-27,short_straddle,GLD,,,,12.43000030517578,,,,0.0,False,missing_candidate_legs
sim_2019-02-09_2026-05-21_7bc84efae62c,2023-12-27,put_credit_spread,GLD,,,,12.43000030517578,,,,0.0,False,missing_candidate_legs
sim_2019-02-09_2026-05-21_7bc84efae62c,2023-12-28,short_straddle,GLD,,,,12.470000267028809,,,,0.0,False,missing_candidate_legs
sim_2019-02-09_2026-05-21_7bc84efae62c,2023-12-28,put_credit_spread,GLD,,,,12.470000267028809,,,,0.0,False,missing_candidate_legs
sim_2019-02-09_2026-05-21_7bc84efae62c,2023-12-29,short_straddle,GLD,,,,12.449999809265137,,,,0.0,False,missing_candidate_legs
sim_2019-02-09_2026-05-21_7bc84efae62c,2023-12-29,put_credit_spread,GLD,,,,12.449999809265137,,,,0.0,False,missing_candidate_legs
sim_2019-02-09_2026-05-21_7bc84efae62c,2024-01-02,short_straddle,GLD,,,,13.199999809265137,,,,0.0,False,missing_candidate_legs
sim_2019-02-09_2026-05-21_7bc84efae62c,2024-01-02,put_credit_spread,GLD,,,,13.199999809265137,,,,0.0,False,missing_candidate_legs
sim_2019-02-09_2026-05-21_7bc84efae62c,2024-01-03,short_straddle,GLD,,,,14.039999961853027,,,,0.0,False,missing_candidate_legs
sim_2019-02-09_2026-05-21_7bc84efae62c,2024-01-03,put_credit_spread,GLD,,,,14.039999961853027,,,,0.0,False,missing_candidate_legs
sim_2019-02-09_2026-05-21_7bc84efae62c,2024-01-04,short_straddle,GLD,,,,14.130000114440918,,,,0.0,False,missing_candidate_legs
sim_2019-02-09_2026-05-21_7bc84efae62c,2024-01-04,put_credit_spread,GLD,,,,14.130000114440918,,,,0.0,False,missing_candidate_legs
sim_2019-02-09_2026-05-21_7bc84efae62c,2024-01-05,short_straddle,GLD,,,,13.350000381469728,,,,0.0,False,missing_candidate_legs
sim_2019-02-09_2026-05-21_7bc84efae62c,2024-01-05,put_credit_spread,GLD,,,,13.350000381469728,,,,0.0,False,missing_candidate_legs
sim_2019-02-09_2026-05-21_7bc84efae62c,2024-01-08,short_straddle,GLD,,,,13.079999923706056,,,,0.0,False,missing_candidate_legs
sim_2019-02-09_2026-05-21_7bc84efae62c,2024-01-08,put_credit_spread,GLD,,,,13.079999923706056,,,,0.0,False,missing_candidate_legs
sim_2019-02-09_2026-05-21_7bc84efae62c,2024-01-09,short_straddle,GLD,,,,12.760000228881836,,,,0.0,False,missing_candidate_legs
sim_2019-02-09_2026-05-21_7bc84efae62c,2024-01-09,put_credit_spread,GLD,,,,12.760000228881836,,,,0.0,False,missing_candidate_legs
sim_2019-02-09_2026-05-21_7bc84efae62c,2024-01-10,short_straddle,GLD,,,,12.6899995803833,,,,0.0,False,missing_candidate_legs
sim_2019-02-09_2026-05-21_7bc84efae62c,2024-01-10,put_credit_spread,GLD,,,,12.6899995803833,,,,0.0,False,missing_candidate_legs
sim_2019-02-09_2026-05-21_7bc84efae62c,2024-01-11,short_straddle,GLD,,,,12.4399995803833,,,,0.0,False,missing_candidate_legs
sim_2019-02-09_2026-05-21_7bc84efae62c,2024-01-11,put_credit_spread,GLD,,,,12.4399995803833,,,,0.0,False,missing_candidate_legs
sim_2019-02-09_2026-05-21_7bc84efae62c,2024-01-12,short_straddle,GLD,,,,12.699999809265137,,,,0.0,False,missing_candidate_legs
sim_2019-02-09_2026-05-21_7bc84efae62c,2024-01-12,put_credit_spread,GLD,,,,12.699999809265137,,,,0.0,False,missing_candidate_legs
sim_2019-02-09_2026-05-21_7bc84efae62c,2024-01-16,short_straddle,GLD,,,,13.84000015258789,,,,0.0,False,missing_candidate_legs
sim_2019-02-09_2026-05-21_7bc84efae62c,2024-01-16,put_credit_spread,GLD,,,,13.84000015258789,,,,0.0,False,missing_candidate_legs
sim_2019-02-09_2026-05-21_7bc84efae62c,2024-01-17,short_straddle,GLD,,,,14.789999961853027,,,,0.0,False,missing_candidate_legs
sim_2019-02-09_2026-05-21_7bc84efae62c,2024-01-17,put_credit_spread,GLD,,,,14.789999961853027,,,,0.0,False,missing_candidate_legs
sim_2019-02-09_2026-05-21_7bc84efae62c,2024-01-18,short_straddle,GLD,,,,14.130000114440918,,,,0.0,False,missing_candidate_legs
sim_2019-02-09_2026-05-21_7bc84efae62c,2024-01-18,put_credit_spread,GLD,,,,14.130000114440918,,,,0.0,False,missing_candidate_legs
sim_2019-02-09_2026-05-21_7bc84efae62c,2024-01-19,short_straddle,GLD,,,,13.300000190734863,,,,0.0,False,missing_candidate_legs
sim_2019-02-09_2026-05-21_7bc84efae62c,2024-01-19,put_credit_spread,GLD,,,,13.300000190734863,,,,0.0,False,missing_candidate_legs
sim_2019-02-09_2026-05-21_7bc84efae62c,2024-01-22,short_straddle,GLD,,,,13.1899995803833,,,,0.0,False,missing_candidate_legs
sim_2019-02-09_2026-05-21_7bc84efae62c,2024-01-22,put_credit_spread,GLD,,,,13.1899995803833,,,,0.0,False,missing_candidate_legs
sim_2019-02-09_2026-05-21_7bc84efae62c,2024-01-23,short_straddle,GLD,,,,12.550000190734863,,,,0.0,False,missing_candidate_legs
sim_2019-02-09_2026-05-21_7bc84efae62c,2024-01-23,put_credit_spread,GLD,,,,12.550000190734863,,,,0.0,False,missing_candidate_legs
sim_2019-02-09_2026-05-21_7bc84efae62c,2024-01-24,short_straddle,GLD,,,,13.140000343322754,,,,0.0,False,missing_candidate_legs
sim_2019-02-09_2026-05-21_7bc84efae62c,2024-01-24,put_credit_spread,GLD,,,,13.140000343322754,,,,0.0,False,missing_candidate_legs
sim_2019-02-09_2026-05-21_7bc84efae62c,2024-01-25,short_straddle,GLD,,,,13.449999809265137,,,,0.0,False,missing_candidate_legs
sim_2019-02-09_2026-05-21_7bc84efae62c,2024-01-25,put_credit_spread,GLD,,,,13.449999809265137,,,,0.0,False,missing_candidate_legs
sim_2019-02-09_2026-05-21_7bc84efae62c,2024-01-26,short_straddle,GLD,,,,13.260000228881836,,,,0.0,False,missing_candidate_legs
sim_2019-02-09_2026-05-21_7bc84efae62c,2024-01-26,put_credit_spread,GLD,,,,13.260000228881836,,,,0.0,False,missing_candidate_legs
sim_2019-02-09_2026-05-21_7bc84efae62c,2024-01-29,short_straddle,GLD,,,,13.600000381469728,,,,0.0,False,missing_candidate_legs
sim_2019-02-09_2026-05-21_7bc84efae62c,2024-01-29,put_credit_spread,GLD,,,,13.600000381469728,,,,0.0,False,missing_candidate_legs
sim_2019-02-09_2026-05-21_7bc84efae62c,2024-01-30,short_straddle,GLD,,,,13.3100004196167,,,,0.0,False,missing_candidate_legs
sim_2019-02-09_2026-05-21_7bc84efae62c,2024-01-30,put_credit_spread,GLD,,,,13.3100004196167,,,,0.0,False,missing_candidate_legs
sim_2019-02-09_2026-05-21_7bc84efae62c,2024-01-31,short_straddle,GLD,,,,14.350000381469728,,,,0.0,False,missing_candidate_legs
sim_2019-02-09_2026-05-21_7bc84efae62c,2024-01-31,put_credit_spread,GLD,,,,14.350000381469728,,,,0.0,False,missing_candidate_legs
sim_2019-02-09_2026-05-21_7bc84efae62c,2024-02-01,short_straddle,GLD,,,,13.880000114440918,,,,0.0,False,missing_candidate_legs
sim_2019-02-09_2026-05-21_7bc84efae62c,2024-02-01,put_credit_spread,GLD,,,,13.880000114440918,,,,0.0,False,missing_candidate_legs
sim_2019-02-09_2026-05-21_7bc84efae62c,2024-02-02,short_straddle,GLD,,,,13.850000381469728,,,,0.0,False,missing_candidate_legs
sim_2019-02-09_2026-05-21_7bc84efae62c,2024-02-02,put_credit_spread,GLD,,,,13.850000381469728,,,,0.0,False,missing_candidate_legs
sim_2019-02-09_2026-05-21_7bc84efae62c,2024-02-05,short_straddle,GLD,,,,13.670000076293944,,,,0.0,False,missing_candidate_legs
sim_2019-02-09_2026-05-21_7bc84efae62c,2024-02-05,put_credit_spread,GLD,,,,13.670000076293944,,,,0.0,False,missing_candidate_legs
sim_2019-02-09_2026-05-21_7bc84efae62c,2024-02-06,short_straddle,GLD,,,,13.0600004196167,,,,0.0,False,missing_candidate_legs
sim_2019-02-09_2026-05-21_7bc84efae62c,2024-02-06,put_credit_spread,GLD,,,,13.0600004196167,,,,0.0,False,missing_candidate_legs
sim_2019-02-09_2026-05-21_7bc84efae62c,2024-02-07,short_straddle,GLD,,,,12.829999923706056,,,,0.0,False,missing_candidate_legs
sim_2019-02-09_2026-05-21_7bc84efae62c,2024-02-07,put_credit_spread,GLD,,,,12.829999923706056,,,,0.0,False,missing_candidate_legs
sim_2019-02-09_2026-05-21_7bc84efae62c,2024-02-08,short_straddle,GLD,,,,12.789999961853027,,,,0.0,False,missing_candidate_legs
sim_2019-02-09_2026-05-21_7bc84efae62c,2024-02-08,put_credit_spread,GLD,,,,12.789999961853027,,,,0.0,False,missing_candidate_legs
sim_2019-02-09_2026-05-21_7bc84efae62c,2024-02-09,short_straddle,GLD,,,,12.93000030517578,,,,0.0,False,missing_candidate_legs
sim_2019-02-09_2026-05-21_7bc84efae62c,2024-02-09,put_credit_spread,GLD,,,,12.93000030517578,,,,0.0,False,missing_candidate_legs
sim_2019-02-09_2026-05-21_7bc84efae62c,2024-02-12,short_straddle,GLD,,,,13.93000030517578,,,,0.0,False,missing_candidate_legs
sim_2019-02-09_2026-05-21_7bc84efae62c,2024-02-12,put_credit_spread,GLD,,,,13.93000030517578,,,,0.0,False,missing_candidate_legs
sim_2019-02-09_2026-05-21_7bc84efae62c,2024-02-13,short_straddle,GLD,,,,15.850000381469728,,,,0.0,False,missing_candidate_legs
sim_2019-02-09_2026-05-21_7bc84efae62c,2024-02-13,put_credit_spread,GLD,,,,15.850000381469728,,,,0.0,False,missing_candidate_legs
sim_2019-02-09_2026-05-21_7bc84efae62c,2024-02-14,short_straddle,GLD,,,,14.380000114440918,,,,0.0,False,missing_candidate_legs
sim_2019-02-09_2026-05-21_7bc84efae62c,2024-02-14,put_credit_spread,GLD,,,,14.380000114440918,,,,0.0,False,missing_candidate_legs
sim_2019-02-09_2026-05-21_7bc84efae62c,2024-02-15,short_straddle,GLD,,,,14.010000228881836,,,,0.0,False,missing_candidate_legs
sim_2019-02-09_2026-05-21_7bc84efae62c,2024-02-15,put_credit_spread,GLD,,,,14.010000228881836,,,,0.0,False,missing_candidate_legs
sim_2019-02-09_2026-05-21_7bc84efae62c,2024-02-16,short_straddle,GLD,,,,14.239999771118164,,,,0.0,False,missing_candidate_legs
sim_2019-02-09_2026-05-21_7bc84efae62c,2024-02-16,put_credit_spread,GLD,,,,14.239999771118164,,,,0.0,False,missing_candidate_legs
sim_2019-02-09_2026-05-21_7bc84efae62c,2024-02-20,short_straddle,GLD,,,,15.420000076293944,,,,0.0,False,missing_candidate_legs
sim_2019-02-09_2026-05-21_7bc84efae62c,2024-02-20,put_credit_spread,GLD,,,,15.420000076293944,,,,0.0,False,missing_candidate_legs
sim_2019-02-09_2026-05-21_7bc84efae62c,2024-02-21,short_straddle,GLD,,,,15.34000015258789,,,,0.0,False,missing_candidate_legs
sim_2019-02-09_2026-05-21_7bc84efae62c,2024-02-21,put_credit_spread,GLD,,,,15.34000015258789,,,,0.0,False,missing_candidate_legs
sim_2019-02-09_2026-05-21_7bc84efae62c,2024-02-22,short_straddle,GLD,,,,14.539999961853027,,,,0.0,False,missing_candidate_legs
sim_2019-02-09_2026-05-21_7bc84efae62c,2024-02-22,put_credit_spread,GLD,,,,14.539999961853027,,,,0.0,False,missing_candidate_legs
sim_2019-02-09_2026-05-21_7bc84efae62c,2024-02-23,short_straddle,GLD,,,,13.75,,,,0.0,False,missing_candidate_legs
sim_2019-02-09_2026-05-21_7bc84efae62c,2024-02-23,put_credit_spread,GLD,,,,13.75,,,,0.0,False,missing_candidate_legs
sim_2019-02-09_2026-05-21_7bc84efae62c,2024-02-26,short_straddle,GLD,,,,13.739999771118164,,,,0.0,False,missing_candidate_legs
sim_2019-02-09_2026-05-21_7bc84efae62c,2024-02-26,put_credit_spread,GLD,,,,13.739999771118164,,,,0.0,False,missing_candidate_legs
sim_2019-02-09_2026-05-21_7bc84efae62c,2024-02-27,short_straddle,GLD,,,,13.43000030517578,,,,0.0,False,missing_candidate_legs
sim_2019-02-09_2026-05-21_7bc84efae62c,2024-02-27,put_credit_spread,GLD,,,,13.43000030517578,,,,0.0,False,missing_candidate_legs
sim_2019-02-09_2026-05-21_7bc84efae62c,2024-02-28,short_straddle,GLD,,,,13.84000015258789,,,,0.0,False,missing_candidate_legs
sim_2019-02-09_2026-05-21_7bc84efae62c,2024-02-28,put_credit_spread,GLD,,,,13.84000015258789,,,,0.0,False,missing_candidate_legs
sim_2019-02-09_2026-05-21_7bc84efae62c,2024-02-29,short_straddle,GLD,,,,13.399999618530272,,,,0.0,False,missing_candidate_legs
sim_2019-02-09_2026-05-21_7bc84efae62c,2024-02-29,put_credit_spread,GLD,,,,13.399999618530272,,,,0.0,False,missing_candidate_legs
sim_2019-02-09_2026-05-21_7bc84efae62c,2024-03-01,short_straddle,GLD,,,,13.109999656677246,,,,0.0,False,missing_candidate_legs
sim_2019-02-09_2026-05-21_7bc84efae62c,2024-03-01,put_credit_spread,GLD,,,,13.109999656677246,,,,0.0,False,missing_candidate_legs
sim_2019-02-09_2026-05-21_7bc84efae62c,2024-03-04,short_straddle,GLD,,,,13.489999771118164,,,,0.0,False,missing_candidate_legs
sim_2019-02-09_2026-05-21_7bc84efae62c,2024-03-04,put_credit_spread,GLD,,,,13.489999771118164,,,,0.0,False,missing_candidate_legs
sim_2019-02-09_2026-05-21_7bc84efae62c,2024-03-05,short_straddle,GLD,,,,14.460000038146973,,,,0.0,False,missing_candidate_legs
sim_2019-02-09_2026-05-21_7bc84efae62c,2024-03-05,put_credit_spread,GLD,,,,14.460000038146973,,,,0.0,False,missing_candidate_legs
sim_2019-02-09_2026-05-21_7bc84efae62c,2024-03-06,short_straddle,GLD,,,,14.5,,,,0.0,False,missing_candidate_legs
sim_2019-02-09_2026-05-21_7bc84efae62c,2024-03-06,put_credit_spread,GLD,,,,14.5,,,,0.0,False,missing_candidate_legs
sim_2019-02-09_2026-05-21_7bc84efae62c,2024-03-07,short_straddle,GLD,,,,14.4399995803833,,,,0.0,False,missing_candidate_legs
sim_2019-02-09_2026-05-21_7bc84efae62c,2024-03-07,put_credit_spread,GLD,,,,14.4399995803833,,,,0.0,False,missing_candidate_legs
sim_2019-02-09_2026-05-21_7bc84efae62c,2024-03-08,short_straddle,GLD,,,,14.739999771118164,,,,0.0,False,missing_candidate_legs
sim_2019-02-09_2026-05-21_7bc84efae62c,2024-03-08,put_credit_spread,GLD,,,,14.739999771118164,,,,0.0,False,missing_candidate_legs
sim_2019-02-09_2026-05-21_7bc84efae62c,2024-03-11,short_straddle,GLD,,,,15.220000267028809,,,,0.0,False,missing_candidate_legs
sim_2019-02-09_2026-05-21_7bc84efae62c,2024-03-11,put_credit_spread,GLD,,,,15.220000267028809,,,,0.0,False,missing_candidate_legs
sim_2019-02-09_2026-05-21_7bc84efae62c,2024-03-12,short_straddle,GLD,,,,13.84000015258789,,,,0.0,False,missing_candidate_legs
sim_2019-02-09_2026-05-21_7bc84efae62c,2024-03-12,put_credit_spread,GLD,,,,13.84000015258789,,,,0.0,False,missing_candidate_legs
sim_2019-02-09_2026-05-21_7bc84efae62c,2024-03-13,short_straddle,GLD,,,,13.75,,,,0.0,False,missing_candidate_legs
sim_2019-02-09_2026-05-21_7bc84efae62c,2024-03-13,put_credit_spread,GLD,,,,13.75,,,,0.0,False,missing_candidate_legs
sim_2019-02-09_2026-05-21_7bc84efae62c,2024-03-14,short_straddle,GLD,,,,14.399999618530272,,,,0.0,False,missing_candidate_legs
sim_2019-02-09_2026-05-21_7bc84efae62c,2024-03-14,put_credit_spread,GLD,,,,14.399999618530272,,,,0.0,False,missing_candidate_legs
sim_2019-02-09_2026-05-21_7bc84efae62c,2024-03-15,short_straddle,GLD,,,,14.40999984741211,,,,0.0,False,missing_candidate_legs
sim_2019-02-09_2026-05-21_7bc84efae62c,2024-03-15,put_credit_spread,GLD,,,,14.40999984741211,,,,0.0,False,missing_candidate_legs
sim_2019-02-09_2026-05-21_7bc84efae62c,2024-03-18,short_straddle,GLD,,,,14.329999923706056,,,,0.0,False,missing_candidate_legs
sim_2019-02-09_2026-05-21_7bc84efae62c,2024-03-18,put_credit_spread,GLD,,,,14.329999923706056,,,,0.0,False,missing_candidate_legs
sim_2019-02-09_2026-05-21_7bc84efae62c,2024-03-19,short_straddle,GLD,,,,13.81999969482422,,,,0.0,False,missing_candidate_legs
sim_2019-02-09_2026-05-21_7bc84efae62c,2024-03-19,put_credit_spread,GLD,,,,13.81999969482422,,,,0.0,False,missing_candidate_legs
sim_2019-02-09_2026-05-21_7bc84efae62c,2024-03-20,short_straddle,GLD,,,,13.039999961853027,,,,0.0,False,missing_candidate_legs
sim_2019-02-09_2026-05-21_7bc84efae62c,2024-03-20,put_credit_spread,GLD,,,,13.039999961853027,,,,0.0,False,missing_candidate_legs
sim_2019-02-09_2026-05-21_7bc84efae62c,2024-03-21,short_straddle,GLD,,,,12.920000076293944,,,,0.0,False,missing_candidate_legs
sim_2019-02-09_2026-05-21_7bc84efae62c,2024-03-21,put_credit_spread,GLD,,,,12.920000076293944,,,,0.0,False,missing_candidate_legs
sim_2019-02-09_2026-05-21_7bc84efae62c,2024-03-22,short_straddle,GLD,,,,13.0600004196167,,,,0.0,False,missing_candidate_legs
sim_2019-02-09_2026-05-21_7bc84efae62c,2024-03-22,put_credit_spread,GLD,,,,13.0600004196167,,,,0.0,False,missing_candidate_legs
sim_2019-02-09_2026-05-21_7bc84efae62c,2024-03-25,short_straddle,GLD,,,,13.1899995803833,,,,0.0,False,missing_candidate_legs
sim_2019-02-09_2026-05-21_7bc84efae62c,2024-03-25,put_credit_spread,GLD,,,,13.1899995803833,,,,0.0,False,missing_candidate_legs
sim_2019-02-09_2026-05-21_7bc84efae62c,2024-03-26,short_straddle,GLD,,,,13.239999771118164,,,,0.0,False,missing_candidate_legs
sim_2019-02-09_2026-05-21_7bc84efae62c,2024-03-26,put_credit_spread,GLD,,,,13.239999771118164,,,,0.0,False,missing_candidate_legs
sim_2019-02-09_2026-05-21_7bc84efae62c,2024-03-27,short_straddle,GLD,,,,12.779999732971191,,,,0.0,False,missing_candidate_legs
sim_2019-02-09_2026-05-21_7bc84efae62c,2024-03-27,put_credit_spread,GLD,,,,12.779999732971191,,,,0.0,False,missing_candidate_legs
sim_2019-02-09_2026-05-21_7bc84efae62c,2024-03-28,short_straddle,GLD,,,,13.010000228881836,,,,0.0,False,missing_candidate_legs
sim_2019-02-09_2026-05-21_7bc84efae62c,2024-03-28,put_credit_spread,GLD,,,,13.010000228881836,,,,0.0,False,missing_candidate_legs
sim_2019-02-09_2026-05-21_7bc84efae62c,2024-04-01,short_straddle,GLD,,,,13.649999618530272,,,,0.0,False,missing_candidate_legs
sim_2019-02-09_2026-05-21_7bc84efae62c,2024-04-01,put_credit_spread,GLD,,,,13.649999618530272,,,,0.0,False,missing_candidate_legs
sim_2019-02-09_2026-05-21_7bc84efae62c,2024-04-02,short_straddle,GLD,,,,14.609999656677246,,,,0.0,False,missing_candidate_legs
sim_2019-02-09_2026-05-21_7bc84efae62c,2024-04-02,put_credit_spread,GLD,,,,14.609999656677246,,,,0.0,False,missing_candidate_legs
sim_2019-02-09_2026-05-21_7bc84efae62c,2024-04-03,short_straddle,GLD,,,,14.329999923706056,,,,0.0,False,missing_candidate_legs
sim_2019-02-09_2026-05-21_7bc84efae62c,2024-04-03,put_credit_spread,GLD,,,,14.329999923706056,,,,0.0,False,missing_candidate_legs
sim_2019-02-09_2026-05-21_7bc84efae62c,2024-04-04,short_straddle,GLD,,,,16.350000381469727,,,,0.0,False,missing_candidate_legs
sim_2019-02-09_2026-05-21_7bc84efae62c,2024-04-04,put_credit_spread,GLD,,,,16.350000381469727,,,,0.0,False,missing_candidate_legs
sim_2019-02-09_2026-05-21_7bc84efae62c,2024-04-05,short_straddle,GLD,,,,16.030000686645508,,,,0.0,False,missing_candidate_legs
sim_2019-02-09_2026-05-21_7bc84efae62c,2024-04-05,put_credit_spread,GLD,,,,16.030000686645508,,,,0.0,False,missing_candidate_legs
sim_2019-02-09_2026-05-21_7bc84efae62c,2024-04-08,short_straddle,GLD,,,,15.1899995803833,,,,0.0,False,missing_candidate_legs
sim_2019-02-09_2026-05-21_7bc84efae62c,2024-04-08,put_credit_spread,GLD,,,,15.1899995803833,,,,0.0,False,missing_candidate_legs
sim_2019-02-09_2026-05-21_7bc84efae62c,2024-04-09,short_straddle,GLD,,,,14.979999542236328,,,,0.0,False,missing_candidate_legs
sim_2019-02-09_2026-05-21_7bc84efae62c,2024-04-09,put_credit_spread,GLD,,,,14.979999542236328,,,,0.0,False,missing_candidate_legs
sim_2019-02-09_2026-05-21_7bc84efae62c,2024-04-10,short_straddle,GLD,,,,15.800000190734863,,,,0.0,False,missing_candidate_legs
sim_2019-02-09_2026-05-21_7bc84efae62c,2024-04-10,put_credit_spread,GLD,,,,15.800000190734863,,,,0.0,False,missing_candidate_legs
sim_2019-02-09_2026-05-21_7bc84efae62c,2024-04-11,short_straddle,GLD,,,,14.90999984741211,,,,0.0,False,missing_candidate_legs
sim_2019-02-09_2026-05-21_7bc84efae62c,2024-04-11,put_credit_spread,GLD,,,,14.90999984741211,,,,0.0,False,missing_candidate_legs
sim_2019-02-09_2026-05-21_7bc84efae62c,2024-04-12,short_straddle,GLD,,,,17.309999465942383,,,,0.0,False,missing_candidate_legs
sim_2019-02-09_2026-05-21_7bc84efae62c,2024-04-12,put_credit_spread,GLD,,,,17.309999465942383,,,,0.0,False,missing_candidate_legs
sim_2019-02-09_2026-05-21_7bc84efae62c,2024-04-15,short_straddle,GLD,,,,19.229999542236328,,,,0.0,False,missing_candidate_legs
sim_2019-02-09_2026-05-21_7bc84efae62c,2024-04-15,put_credit_spread,GLD,,,,19.229999542236328,,,,0.0,False,missing_candidate_legs
sim_2019-02-09_2026-05-21_7bc84efae62c,2024-04-16,short_straddle,GLD,,,,18.39999961853028,,,,0.0,False,missing_candidate_legs
sim_2019-02-09_2026-05-21_7bc84efae62c,2024-04-16,put_credit_spread,GLD,,,,18.39999961853028,,,,0.0,False,missing_candidate_legs
sim_2019-02-09_2026-05-21_7bc84efae62c,2024-04-17,short_straddle,GLD,,,,18.209999084472656,,,,0.0,False,missing_candidate_legs
sim_2019-02-09_2026-05-21_7bc84efae62c,2024-04-17,put_credit_spread,GLD,,,,18.209999084472656,,,,0.0,False,missing_candidate_legs
sim_2019-02-09_2026-05-21_7bc84efae62c,2024-04-18,short_straddle,GLD,,,,18.0,,,,0.0,False,missing_candidate_legs
sim_2019-02-09_2026-05-21_7bc84efae62c,2024-04-18,put_credit_spread,GLD,,,,18.0,,,,0.0,False,missing_candidate_legs
sim_2019-02-09_2026-05-21_7bc84efae62c,2024-04-19,short_straddle,GLD,,,,18.709999084472656,,,,0.0,False,missing_candidate_legs
sim_2019-02-09_2026-05-21_7bc84efae62c,2024-04-19,put_credit_spread,GLD,,,,18.709999084472656,,,,0.0,False,missing_candidate_legs
sim_2019-02-09_2026-05-21_7bc84efae62c,2024-04-22,short_straddle,GLD,,,,16.940000534057617,,,,0.0,False,missing_candidate_legs
sim_2019-02-09_2026-05-21_7bc84efae62c,2024-04-22,put_credit_spread,GLD,,,,16.940000534057617,,,,0.0,False,missing_candidate_legs
sim_2019-02-09_2026-05-21_7bc84efae62c,2024-04-23,short_straddle,GLD,,,,15.6899995803833,,,,0.0,False,missing_candidate_legs
sim_2019-02-09_2026-05-21_7bc84efae62c,2024-04-23,put_credit_spread,GLD,,,,15.6899995803833,,,,0.0,False,missing_candidate_legs
sim_2019-02-09_2026-05-21_7bc84efae62c,2024-04-24,short_straddle,GLD,,,,15.970000267028809,,,,0.0,False,missing_candidate_legs
sim_2019-02-09_2026-05-21_7bc84efae62c,2024-04-24,put_credit_spread,GLD,,,,15.970000267028809,,,,0.0,False,missing_candidate_legs
sim_2019-02-09_2026-05-21_7bc84efae62c,2024-04-25,short_straddle,GLD,,,,15.369999885559082,,,,0.0,False,missing_candidate_legs
sim_2019-02-09_2026-05-21_7bc84efae62c,2024-04-25,put_credit_spread,GLD,,,,15.369999885559082,,,,0.0,False,missing_candidate_legs
sim_2019-02-09_2026-05-21_7bc84efae62c,2024-04-26,short_straddle,GLD,,,,15.029999732971191,,,,0.0,False,missing_candidate_legs
sim_2019-02-09_2026-05-21_7bc84efae62c,2024-04-26,put_credit_spread,GLD,,,,15.029999732971191,,,,0.0,False,missing_candidate_legs
sim_2019-02-09_2026-05-21_7bc84efae62c,2024-04-29,short_straddle,GLD,,,,14.670000076293944,,,,0.0,False,missing_candidate_legs
sim_2019-02-09_2026-05-21_7bc84efae62c,2024-04-29,put_credit_spread,GLD,,,,14.670000076293944,,,,0.0,False,missing_candidate_legs
sim_2019-02-09_2026-05-21_7bc84efae62c,2024-04-30,short_straddle,GLD,,,,15.649999618530272,,,,0.0,False,missing_candidate_legs
sim_2019-02-09_2026-05-21_7bc84efae62c,2024-04-30,put_credit_spread,GLD,,,,15.649999618530272,,,,0.0,False,missing_candidate_legs
sim_2019-02-09_2026-05-21_7bc84efae62c,2024-05-01,short_straddle,GLD,,,,15.390000343322754,,,,0.0,False,missing_candidate_legs
sim_2019-02-09_2026-05-21_7bc84efae62c,2024-05-01,put_credit_spread,GLD,,,,15.390000343322754,,,,0.0,False,missing_candidate_legs
sim_2019-02-09_2026-05-21_7bc84efae62c,2024-05-02,short_straddle,GLD,,,,14.68000030517578,,,,0.0,False,missing_candidate_legs
sim_2019-02-09_2026-05-21_7bc84efae62c,2024-05-02,put_credit_spread,GLD,,,,14.68000030517578,,,,0.0,False,missing_candidate_legs
sim_2019-02-09_2026-05-21_7bc84efae62c,2024-05-03,short_straddle,GLD,,,,13.489999771118164,,,,0.0,False,missing_candidate_legs
sim_2019-02-09_2026-05-21_7bc84efae62c,2024-05-03,put_credit_spread,GLD,,,,13.489999771118164,,,,0.0,False,missing_candidate_legs
sim_2019-02-09_2026-05-21_7bc84efae62c,2024-05-06,short_straddle,GLD,,,,13.489999771118164,,,,0.0,False,missing_candidate_legs
sim_2019-02-09_2026-05-21_7bc84efae62c,2024-05-06,put_credit_spread,GLD,,,,13.489999771118164,,,,0.0,False,missing_candidate_legs
sim_2019-02-09_2026-05-21_7bc84efae62c,2024-05-07,short_straddle,GLD,,,,13.229999542236328,,,,0.0,False,missing_candidate_legs
sim_2019-02-09_2026-05-21_7bc84efae62c,2024-05-07,put_credit_spread,GLD,,,,13.229999542236328,,,,0.0,False,missing_candidate_legs
sim_2019-02-09_2026-05-21_7bc84efae62c,2024-05-08,short_straddle,GLD,,,,13.0,,,,0.0,False,missing_candidate_legs
sim_2019-02-09_2026-05-21_7bc84efae62c,2024-05-08,put_credit_spread,GLD,,,,13.0,,,,0.0,False,missing_candidate_legs
sim_2019-02-09_2026-05-21_7bc84efae62c,2024-05-09,short_straddle,GLD,,,,12.6899995803833,,,,0.0,False,missing_candidate_legs
sim_2019-02-09_2026-05-21_7bc84efae62c,2024-05-09,put_credit_spread,GLD,,,,12.6899995803833,,,,0.0,False,missing_candidate_legs
sim_2019-02-09_2026-05-21_7bc84efae62c,2024-05-10,short_straddle,GLD,,,,12.550000190734863,,,,0.0,False,missing_candidate_legs
sim_2019-02-09_2026-05-21_7bc84efae62c,2024-05-10,put_credit_spread,GLD,,,,12.550000190734863,,,,0.0,False,missing_candidate_legs
sim_2019-02-09_2026-05-21_7bc84efae62c,2024-05-13,short_straddle,GLD,,,,13.600000381469728,,,,0.0,False,missing_candidate_legs
sim_2019-02-09_2026-05-21_7bc84efae62c,2024-05-13,put_credit_spread,GLD,,,,13.600000381469728,,,,0.0,False,missing_candidate_legs
sim_2019-02-09_2026-05-21_7bc84efae62c,2024-05-14,short_straddle,GLD,,,,13.420000076293944,,,,0.0,False,missing_candidate_legs
sim_2019-02-09_2026-05-21_7bc84efae62c,2024-05-14,put_credit_spread,GLD,,,,13.420000076293944,,,,0.0,False,missing_candidate_legs
sim_2019-02-09_2026-05-21_7bc84efae62c,2024-05-15,short_straddle,GLD,,,,12.449999809265137,,,,0.0,False,missing_candidate_legs
sim_2019-02-09_2026-05-21_7bc84efae62c,2024-05-15,put_credit_spread,GLD,,,,12.449999809265137,,,,0.0,False,missing_candidate_legs
sim_2019-02-09_2026-05-21_7bc84efae62c,2024-05-16,short_straddle,GLD,,,,12.420000076293944,,,,0.0,False,missing_candidate_legs
sim_2019-02-09_2026-05-21_7bc84efae62c,2024-05-16,put_credit_spread,GLD,,,,12.420000076293944,,,,0.0,False,missing_candidate_legs
sim_2019-02-09_2026-05-21_7bc84efae62c,2024-05-17,short_straddle,GLD,,,,11.989999771118164,,,,0.0,False,missing_candidate_legs
sim_2019-02-09_2026-05-21_7bc84efae62c,2024-05-17,put_credit_spread,GLD,,,,11.989999771118164,,,,0.0,False,missing_candidate_legs
sim_2019-02-09_2026-05-21_7bc84efae62c,2024-05-20,short_straddle,GLD,,,,12.149999618530272,,,,0.0,False,missing_candidate_legs
sim_2019-02-09_2026-05-21_7bc84efae62c,2024-05-20,put_credit_spread,GLD,,,,12.149999618530272,,,,0.0,False,missing_candidate_legs
sim_2019-02-09_2026-05-21_7bc84efae62c,2024-05-21,short_straddle,GLD,,,,11.859999656677246,,,,0.0,False,missing_candidate_legs
sim_2019-02-09_2026-05-21_7bc84efae62c,2024-05-21,put_credit_spread,GLD,,,,11.859999656677246,,,,0.0,False,missing_candidate_legs
sim_2019-02-09_2026-05-21_7bc84efae62c,2024-05-22,short_straddle,GLD,,,,12.289999961853027,,,,0.0,False,missing_candidate_legs
sim_2019-02-09_2026-05-21_7bc84efae62c,2024-05-22,put_credit_spread,GLD,,,,12.289999961853027,,,,0.0,False,missing_candidate_legs
sim_2019-02-09_2026-05-21_7bc84efae62c,2024-05-23,short_straddle,GLD,,,,12.770000457763672,,,,0.0,False,missing_candidate_legs
sim_2019-02-09_2026-05-21_7bc84efae62c,2024-05-23,put_credit_spread,GLD,,,,12.770000457763672,,,,0.0,False,missing_candidate_legs
sim_2019-02-09_2026-05-21_7bc84efae62c,2024-05-24,short_straddle,GLD,,,,11.93000030517578,,,,0.0,False,missing_candidate_legs
sim_2019-02-09_2026-05-21_7bc84efae62c,2024-05-24,put_credit_spread,GLD,,,,11.93000030517578,,,,0.0,False,missing_candidate_legs
sim_2019-02-09_2026-05-21_7bc84efae62c,2024-05-28,short_straddle,GLD,,,,12.920000076293944,,,,0.0,False,missing_candidate_legs
sim_2019-02-09_2026-05-21_7bc84efae62c,2024-05-28,put_credit_spread,GLD,,,,12.920000076293944,,,,0.0,False,missing_candidate_legs
sim_2019-02-09_2026-05-21_7bc84efae62c,2024-05-29,short_straddle,GLD,,,,14.279999732971191,,,,0.0,False,missing_candidate_legs
sim_2019-02-09_2026-05-21_7bc84efae62c,2024-05-29,put_credit_spread,GLD,,,,14.279999732971191,,,,0.0,False,missing_candidate_legs
sim_2019-02-09_2026-05-21_7bc84efae62c,2024-05-30,short_straddle,GLD,,,,14.470000267028809,,,,0.0,False,missing_candidate_legs
sim_2019-02-09_2026-05-21_7bc84efae62c,2024-05-30,put_credit_spread,GLD,,,,14.470000267028809,,,,0.0,False,missing_candidate_legs
sim_2019-02-09_2026-05-21_7bc84efae62c,2024-05-31,short_straddle,GLD,,,,12.920000076293944,,,,0.0,False,missing_candidate_legs
sim_2019-02-09_2026-05-21_7bc84efae62c,2024-05-31,put_credit_spread,GLD,,,,12.920000076293944,,,,0.0,False,missing_candidate_legs
sim_2019-02-09_2026-05-21_7bc84efae62c,2024-06-03,short_straddle,GLD,,,,13.109999656677246,,,,0.0,False,missing_candidate_legs
sim_2019-02-09_2026-05-21_7bc84efae62c,2024-06-03,put_credit_spread,GLD,,,,13.109999656677246,,,,0.0,False,missing_candidate_legs
sim_2019-02-09_2026-05-21_7bc84efae62c,2024-06-04,short_straddle,GLD,,,,13.15999984741211,,,,0.0,False,missing_candidate_legs
sim_2019-02-09_2026-05-21_7bc84efae62c,2024-06-04,put_credit_spread,GLD,,,,13.15999984741211,,,,0.0,False,missing_candidate_legs
sim_2019-02-09_2026-05-21_7bc84efae62c,2024-06-05,short_straddle,GLD,,,,12.630000114440918,,,,0.0,False,missing_candidate_legs
sim_2019-02-09_2026-05-21_7bc84efae62c,2024-06-05,put_credit_spread,GLD,,,,12.630000114440918,,,,0.0,False,missing_candidate_legs
sim_2019-02-09_2026-05-21_7bc84efae62c,2024-06-06,short_straddle,GLD,,,,12.579999923706056,,,,0.0,False,missing_candidate_legs
sim_2019-02-09_2026-05-21_7bc84efae62c,2024-06-06,put_credit_spread,GLD,,,,12.579999923706056,,,,0.0,False,missing_candidate_legs
sim_2019-02-09_2026-05-21_7bc84efae62c,2024-06-07,short_straddle,GLD,,,,12.220000267028809,,,,0.0,False,missing_candidate_legs
sim_2019-02-09_2026-05-21_7bc84efae62c,2024-06-07,put_credit_spread,GLD,,,,12.220000267028809,,,,0.0,False,missing_candidate_legs
sim_2019-02-09_2026-05-21_7bc84efae62c,2024-06-10,short_straddle,GLD,,,,12.739999771118164,,,,0.0,False,missing_candidate_legs
sim_2019-02-09_2026-05-21_7bc84efae62c,2024-06-10,put_credit_spread,GLD,,,,12.739999771118164,,,,0.0,False,missing_candidate_legs
sim_2019-02-09_2026-05-21_7bc84efae62c,2024-06-11,short_straddle,GLD,,,,12.850000381469728,,,,0.0,False,missing_candidate_legs
sim_2019-02-09_2026-05-21_7bc84efae62c,2024-06-11,put_credit_spread,GLD,,,,12.850000381469728,,,,0.0,False,missing_candidate_legs
sim_2019-02-09_2026-05-21_7bc84efae62c,2024-06-12,short_straddle,GLD,,,,12.039999961853027,,,,0.0,False,missing_candidate_legs
sim_2019-02-09_2026-05-21_7bc84efae62c,2024-06-12,put_credit_spread,GLD,,,,12.039999961853027,,,,0.0,False,missing_candidate_legs
sim_2019-02-09_2026-05-21_7bc84efae62c,2024-06-13,short_straddle,GLD,,,,11.9399995803833,,,,0.0,False,missing_candidate_legs
sim_2019-02-09_2026-05-21_7bc84efae62c,2024-06-13,put_credit_spread,GLD,,,,11.9399995803833,,,,0.0,False,missing_candidate_legs
sim_2019-02-09_2026-05-21_7bc84efae62c,2024-06-14,short_straddle,GLD,,,,12.65999984741211,,,,0.0,False,missing_candidate_legs
sim_2019-02-09_2026-05-21_7bc84efae62c,2024-06-14,put_credit_spread,GLD,,,,12.65999984741211,,,,0.0,False,missing_candidate_legs
sim_2019-02-09_2026-05-21_7bc84efae62c,2024-06-17,short_straddle,GLD,,,,12.75,,,,0.0,False,missing_candidate_legs
sim_2019-02-09_2026-05-21_7bc84efae62c,2024-06-17,put_credit_spread,GLD,,,,12.75,,,,0.0,False,missing_candidate_legs
sim_2019-02-09_2026-05-21_7bc84efae62c,2024-06-18,short_straddle,GLD,,,,12.300000190734863,,,,0.0,False,missing_candidate_legs
sim_2019-02-09_2026-05-21_7bc84efae62c,2024-06-18,put_credit_spread,GLD,,,,12.300000190734863,,,,0.0,False,missing_candidate_legs
sim_2019-02-09_2026-05-21_7bc84efae62c,2024-06-20,short_straddle,GLD,,,,13.279999732971191,,,,0.0,False,missing_candidate_legs
sim_2019-02-09_2026-05-21_7bc84efae62c,2024-06-20,put_credit_spread,GLD,,,,13.279999732971191,,,,0.0,False,missing_candidate_legs
sim_2019-02-09_2026-05-21_7bc84efae62c,2024-06-21,short_straddle,GLD,,,,13.199999809265137,,,,0.0,False,missing_candidate_legs
sim_2019-02-09_2026-05-21_7bc84efae62c,2024-06-21,put_credit_spread,GLD,,,,13.199999809265137,,,,0.0,False,missing_candidate_legs
sim_2019-02-09_2026-05-21_7bc84efae62c,2024-06-24,short_straddle,GLD,,,,13.329999923706056,,,,0.0,False,missing_candidate_legs
sim_2019-02-09_2026-05-21_7bc84efae62c,2024-06-24,put_credit_spread,GLD,,,,13.329999923706056,,,,0.0,False,missing_candidate_legs
sim_2019-02-09_2026-05-21_7bc84efae62c,2024-06-25,short_straddle,GLD,,,,12.84000015258789,,,,0.0,False,missing_candidate_legs
sim_2019-02-09_2026-05-21_7bc84efae62c,2024-06-25,put_credit_spread,GLD,,,,12.84000015258789,,,,0.0,False,missing_candidate_legs
sim_2019-02-09_2026-05-21_7bc84efae62c,2024-06-26,short_straddle,GLD,,,,12.550000190734863,,,,0.0,False,missing_candidate_legs
sim_2019-02-09_2026-05-21_7bc84efae62c,2024-06-26,put_credit_spread,GLD,,,,12.550000190734863,,,,0.0,False,missing_candidate_legs
sim_2019-02-09_2026-05-21_7bc84efae62c,2024-06-27,short_straddle,GLD,,,,12.239999771118164,,,,0.0,False,missing_candidate_legs
sim_2019-02-09_2026-05-21_7bc84efae62c,2024-06-27,put_credit_spread,GLD,,,,12.239999771118164,,,,0.0,False,missing_candidate_legs
sim_2019-02-09_2026-05-21_7bc84efae62c,2024-06-28,short_straddle,GLD,,,,12.4399995803833,,,,0.0,False,missing_candidate_legs
sim_2019-02-09_2026-05-21_7bc84efae62c,2024-06-28,put_credit_spread,GLD,,,,12.4399995803833,,,,0.0,False,missing_candidate_legs
sim_2019-02-09_2026-05-21_7bc84efae62c,2024-07-01,short_straddle,GLD,,,,12.220000267028809,,,,0.0,False,missing_candidate_legs
sim_2019-02-09_2026-05-21_7bc84efae62c,2024-07-01,put_credit_spread,GLD,,,,12.220000267028809,,,,0.0,False,missing_candidate_legs
sim_2019-02-09_2026-05-21_7bc84efae62c,2024-07-02,short_straddle,GLD,,,,12.029999732971191,,,,0.0,False,missing_candidate_legs
sim_2019-02-09_2026-05-21_7bc84efae62c,2024-07-02,put_credit_spread,GLD,,,,12.029999732971191,,,,0.0,False,missing_candidate_legs
sim_2019-02-09_2026-05-21_7bc84efae62c,2024-07-03,short_straddle,GLD,,,,12.09000015258789,,,,0.0,False,missing_candidate_legs
sim_2019-02-09_2026-05-21_7bc84efae62c,2024-07-03,put_credit_spread,GLD,,,,12.09000015258789,,,,0.0,False,missing_candidate_legs
sim_2019-02-09_2026-05-21_7bc84efae62c,2024-07-05,short_straddle,GLD,,,,12.479999542236328,,,,0.0,False,missing_candidate_legs
sim_2019-02-09_2026-05-21_7bc84efae62c,2024-07-05,put_credit_spread,GLD,,,,12.479999542236328,,,,0.0,False,missing_candidate_legs
sim_2019-02-09_2026-05-21_7bc84efae62c,2024-07-08,short_straddle,GLD,,,,12.369999885559082,,,,0.0,False,missing_candidate_legs
sim_2019-02-09_2026-05-21_7bc84efae62c,2024-07-08,put_credit_spread,GLD,,,,12.369999885559082,,,,0.0,False,missing_candidate_legs
sim_2019-02-09_2026-05-21_7bc84efae62c,2024-07-09,short_straddle,GLD,,,,12.510000228881836,,,,0.0,False,missing_candidate_legs
sim_2019-02-09_2026-05-21_7bc84efae62c,2024-07-09,put_credit_spread,GLD,,,,12.510000228881836,,,,0.0,False,missing_candidate_legs
sim_2019-02-09_2026-05-21_7bc84efae62c,2024-07-10,short_straddle,GLD,,,,12.850000381469728,,,,0.0,False,missing_candidate_legs
sim_2019-02-09_2026-05-21_7bc84efae62c,2024-07-10,put_credit_spread,GLD,,,,12.850000381469728,,,,0.0,False,missing_candidate_legs
sim_2019-02-09_2026-05-21_7bc84efae62c,2024-07-11,short_straddle,GLD,,,,12.920000076293944,,,,0.0,False,missing_candidate_legs
sim_2019-02-09_2026-05-21_7bc84efae62c,2024-07-11,put_credit_spread,GLD,,,,12.920000076293944,,,,0.0,False,missing_candidate_legs
sim_2019-02-09_2026-05-21_7bc84efae62c,2024-07-12,short_straddle,GLD,,,,12.460000038146973,,,,0.0,False,missing_candidate_legs
sim_2019-02-09_2026-05-21_7bc84efae62c,2024-07-12,put_credit_spread,GLD,,,,12.460000038146973,,,,0.0,False,missing_candidate_legs
sim_2019-02-09_2026-05-21_7bc84efae62c,2024-07-15,short_straddle,GLD,,,,13.119999885559082,,,,0.0,False,missing_candidate_legs
sim_2019-02-09_2026-05-21_7bc84efae62c,2024-07-15,put_credit_spread,GLD,,,,13.119999885559082,,,,0.0,False,missing_candidate_legs
sim_2019-02-09_2026-05-21_7bc84efae62c,2024-07-16,short_straddle,GLD,,,,13.1899995803833,,,,0.0,False,missing_candidate_legs
sim_2019-02-09_2026-05-21_7bc84efae62c,2024-07-16,put_credit_spread,GLD,,,,13.1899995803833,,,,0.0,False,missing_candidate_legs
sim_2019-02-09_2026-05-21_7bc84efae62c,2024-07-17,short_straddle,GLD,,,,14.479999542236328,,,,0.0,False,missing_candidate_legs
sim_2019-02-09_2026-05-21_7bc84efae62c,2024-07-17,put_credit_spread,GLD,,,,14.479999542236328,,,,0.0,False,missing_candidate_legs
sim_2019-02-09_2026-05-21_7bc84efae62c,2024-07-18,short_straddle,GLD,,,,15.93000030517578,,,,0.0,False,missing_candidate_legs
sim_2019-02-09_2026-05-21_7bc84efae62c,2024-07-18,put_credit_spread,GLD,,,,15.93000030517578,,,,0.0,False,missing_candidate_legs
sim_2019-02-09_2026-05-21_7bc84efae62c,2024-07-19,short_straddle,GLD,,,,16.520000457763672,,,,0.0,False,missing_candidate_legs
sim_2019-02-09_2026-05-21_7bc84efae62c,2024-07-19,put_credit_spread,GLD,,,,16.520000457763672,,,,0.0,False,missing_candidate_legs
sim_2019-02-09_2026-05-21_7bc84efae62c,2024-07-22,short_straddle,GLD,,,,14.90999984741211,,,,0.0,False,missing_candidate_legs
sim_2019-02-09_2026-05-21_7bc84efae62c,2024-07-22,put_credit_spread,GLD,,,,14.90999984741211,,,,0.0,False,missing_candidate_legs
sim_2019-02-09_2026-05-21_7bc84efae62c,2024-07-23,short_straddle,GLD,,,,14.720000267028809,,,,0.0,False,missing_candidate_legs
sim_2019-02-09_2026-05-21_7bc84efae62c,2024-07-23,put_credit_spread,GLD,,,,14.720000267028809,,,,0.0,False,missing_candidate_legs
sim_2019-02-09_2026-05-21_7bc84efae62c,2024-07-24,short_straddle,GLD,,,,18.040000915527344,,,,0.0,False,missing_candidate_legs
sim_2019-02-09_2026-05-21_7bc84efae62c,2024-07-24,put_credit_spread,GLD,,,,18.040000915527344,,,,0.0,False,missing_candidate_legs
sim_2019-02-09_2026-05-21_7bc84efae62c,2024-07-25,short_straddle,GLD,,,,18.459999084472656,,,,0.0,False,missing_candidate_legs
sim_2019-02-09_2026-05-21_7bc84efae62c,2024-07-25,put_credit_spread,GLD,,,,18.459999084472656,,,,0.0,False,missing_candidate_legs
sim_2019-02-09_2026-05-21_7bc84efae62c,2024-07-26,short_straddle,GLD,,,,16.389999389648438,,,,0.0,False,missing_candidate_legs
sim_2019-02-09_2026-05-21_7bc84efae62c,2024-07-26,put_credit_spread,GLD,,,,16.389999389648438,,,,0.0,False,missing_candidate_legs
sim_2019-02-09_2026-05-21_7bc84efae62c,2024-07-29,short_straddle,GLD,,,,16.600000381469727,,,,0.0,False,missing_candidate_legs
sim_2019-02-09_2026-05-21_7bc84efae62c,2024-07-29,put_credit_spread,GLD,,,,16.600000381469727,,,,0.0,False,missing_candidate_legs
sim_2019-02-09_2026-05-21_7bc84efae62c,2024-07-30,short_straddle,GLD,,,,17.690000534057617,,,,0.0,False,missing_candidate_legs
sim_2019-02-09_2026-05-21_7bc84efae62c,2024-07-30,put_credit_spread,GLD,,,,17.690000534057617,,,,0.0,False,missing_candidate_legs
sim_2019-02-09_2026-05-21_7bc84efae62c,2024-07-31,short_straddle,GLD,,,,16.360000610351562,,,,0.0,False,missing_candidate_legs
sim_2019-02-09_2026-05-21_7bc84efae62c,2024-07-31,put_credit_spread,GLD,,,,16.360000610351562,,,,0.0,False,missing_candidate_legs
sim_2019-02-09_2026-05-21_7bc84efae62c,2024-08-01,short_straddle,GLD,,,,18.59000015258789,,,,0.0,False,missing_candidate_legs
sim_2019-02-09_2026-05-21_7bc84efae62c,2024-08-01,put_credit_spread,GLD,,,,18.59000015258789,,,,0.0,False,missing_candidate_legs
sim_2019-02-09_2026-05-21_7bc84efae62c,2024-08-02,short_straddle,GLD,,,,23.38999938964844,,,,0.0,False,missing_candidate_legs
sim_2019-02-09_2026-05-21_7bc84efae62c,2024-08-02,put_credit_spread,GLD,,,,23.38999938964844,,,,0.0,False,missing_candidate_legs
sim_2019-02-09_2026-05-21_7bc84efae62c,2024-08-05,short_straddle,GLD,,,,38.56999969482422,,,,0.0,False,missing_candidate_legs
sim_2019-02-09_2026-05-21_7bc84efae62c,2024-08-05,put_credit_spread,GLD,,,,38.56999969482422,,,,0.0,False,missing_candidate_legs
sim_2019-02-09_2026-05-21_7bc84efae62c,2024-08-06,short_straddle,GLD,,,,27.709999084472656,,,,0.0,False,missing_candidate_legs
sim_2019-02-09_2026-05-21_7bc84efae62c,2024-08-06,put_credit_spread,GLD,,,,27.709999084472656,,,,0.0,False,missing_candidate_legs
sim_2019-02-09_2026-05-21_7bc84efae62c,2024-08-07,short_straddle,GLD,,,,27.850000381469727,,,,0.0,False,missing_candidate_legs
sim_2019-02-09_2026-05-21_7bc84efae62c,2024-08-07,put_credit_spread,GLD,,,,27.850000381469727,,,,0.0,False,missing_candidate_legs
sim_2019-02-09_2026-05-21_7bc84efae62c,2024-08-08,short_straddle,GLD,,,,23.790000915527344,,,,0.0,False,missing_candidate_legs
sim_2019-02-09_2026-05-21_7bc84efae62c,2024-08-08,put_credit_spread,GLD,,,,23.790000915527344,,,,0.0,False,missing_candidate_legs
sim_2019-02-09_2026-05-21_7bc84efae62c,2024-08-09,short_straddle,GLD,,,,20.3700008392334,,,,0.0,False,missing_candidate_legs
sim_2019-02-09_2026-05-21_7bc84efae62c,2024-08-09,put_credit_spread,GLD,,,,20.3700008392334,,,,0.0,False,missing_candidate_legs
sim_2019-02-09_2026-05-21_7bc84efae62c,2024-08-12,short_straddle,GLD,,,,20.709999084472656,,,,0.0,False,missing_candidate_legs
sim_2019-02-09_2026-05-21_7bc84efae62c,2024-08-12,put_credit_spread,GLD,,,,20.709999084472656,,,,0.0,False,missing_candidate_legs
sim_2019-02-09_2026-05-21_7bc84efae62c,2024-08-13,short_straddle,GLD,,,,18.1200008392334,,,,0.0,False,missing_candidate_legs
sim_2019-02-09_2026-05-21_7bc84efae62c,2024-08-13,put_credit_spread,GLD,,,,18.1200008392334,,,,0.0,False,missing_candidate_legs
sim_2019-02-09_2026-05-21_7bc84efae62c,2024-08-14,short_straddle,GLD,,,,16.190000534057617,,,,0.0,False,missing_candidate_legs
sim_2019-02-09_2026-05-21_7bc84efae62c,2024-08-14,put_credit_spread,GLD,,,,16.190000534057617,,,,0.0,False,missing_candidate_legs
sim_2019-02-09_2026-05-21_7bc84efae62c,2024-08-15,short_straddle,GLD,,,,15.229999542236328,,,,0.0,False,missing_candidate_legs
sim_2019-02-09_2026-05-21_7bc84efae62c,2024-08-15,put_credit_spread,GLD,,,,15.229999542236328,,,,0.0,False,missing_candidate_legs
sim_2019-02-09_2026-05-21_7bc84efae62c,2024-08-16,short_straddle,GLD,,,,14.800000190734863,,,,0.0,False,missing_candidate_legs
sim_2019-02-09_2026-05-21_7bc84efae62c,2024-08-16,put_credit_spread,GLD,,,,14.800000190734863,,,,0.0,False,missing_candidate_legs
sim_2019-02-09_2026-05-21_7bc84efae62c,2024-08-19,short_straddle,GLD,,,,14.649999618530272,,,,0.0,False,missing_candidate_legs
sim_2019-02-09_2026-05-21_7bc84efae62c,2024-08-19,put_credit_spread,GLD,,,,14.649999618530272,,,,0.0,False,missing_candidate_legs
sim_2019-02-09_2026-05-21_7bc84efae62c,2024-08-20,short_straddle,GLD,,,,15.880000114440918,,,,0.0,False,missing_candidate_legs
sim_2019-02-09_2026-05-21_7bc84efae62c,2024-08-20,put_credit_spread,GLD,,,,15.880000114440918,,,,0.0,False,missing_candidate_legs
sim_2019-02-09_2026-05-21_7bc84efae62c,2024-08-21,short_straddle,GLD,,,,16.270000457763672,,,,0.0,False,missing_candidate_legs
sim_2019-02-09_2026-05-21_7bc84efae62c,2024-08-21,put_credit_spread,GLD,,,,16.270000457763672,,,,0.0,False,missing_candidate_legs
sim_2019-02-09_2026-05-21_7bc84efae62c,2024-08-22,short_straddle,GLD,,,,17.549999237060547,,,,0.0,False,missing_candidate_legs
sim_2019-02-09_2026-05-21_7bc84efae62c,2024-08-22,put_credit_spread,GLD,,,,17.549999237060547,,,,0.0,False,missing_candidate_legs
sim_2019-02-09_2026-05-21_7bc84efae62c,2024-08-23,short_straddle,GLD,,,,15.859999656677246,,,,0.0,False,missing_candidate_legs
sim_2019-02-09_2026-05-21_7bc84efae62c,2024-08-23,put_credit_spread,GLD,,,,15.859999656677246,,,,0.0,False,missing_candidate_legs
sim_2019-02-09_2026-05-21_7bc84efae62c,2024-08-26,short_straddle,GLD,,,,16.149999618530273,,,,0.0,False,missing_candidate_legs
sim_2019-02-09_2026-05-21_7bc84efae62c,2024-08-26,put_credit_spread,GLD,,,,16.149999618530273,,,,0.0,False,missing_candidate_legs
sim_2019-02-09_2026-05-21_7bc84efae62c,2024-08-27,short_straddle,GLD,,,,15.43000030517578,,,,0.0,False,missing_candidate_legs
sim_2019-02-09_2026-05-21_7bc84efae62c,2024-08-27,put_credit_spread,GLD,,,,15.43000030517578,,,,0.0,False,missing_candidate_legs
sim_2019-02-09_2026-05-21_7bc84efae62c,2024-08-28,short_straddle,GLD,,,,17.110000610351562,,,,0.0,False,missing_candidate_legs
sim_2019-02-09_2026-05-21_7bc84efae62c,2024-08-28,put_credit_spread,GLD,,,,17.110000610351562,,,,0.0,False,missing_candidate_legs
sim_2019-02-09_2026-05-21_7bc84efae62c,2024-08-29,short_straddle,GLD,,,,15.649999618530272,,,,0.0,False,missing_candidate_legs
sim_2019-02-09_2026-05-21_7bc84efae62c,2024-08-29,put_credit_spread,GLD,,,,15.649999618530272,,,,0.0,False,missing_candidate_legs
sim_2019-02-09_2026-05-21_7bc84efae62c,2024-08-30,short_straddle,GLD,,,,15.0,,,,0.0,False,missing_candidate_legs
sim_2019-02-09_2026-05-21_7bc84efae62c,2024-08-30,put_credit_spread,GLD,,,,15.0,,,,0.0,False,missing_candidate_legs
sim_2019-02-09_2026-05-21_7bc84efae62c,2024-09-03,short_straddle,GLD,,,,20.71999931335449,,,,0.0,False,missing_candidate_legs
sim_2019-02-09_2026-05-21_7bc84efae62c,2024-09-03,put_credit_spread,GLD,,,,20.71999931335449,,,,0.0,False,missing_candidate_legs
sim_2019-02-09_2026-05-21_7bc84efae62c,2024-09-04,short_straddle,GLD,,,,21.31999969482422,,,,0.0,False,missing_candidate_legs
sim_2019-02-09_2026-05-21_7bc84efae62c,2024-09-04,put_credit_spread,GLD,,,,21.31999969482422,,,,0.0,False,missing_candidate_legs
sim_2019-02-09_2026-05-21_7bc84efae62c,2024-09-05,short_straddle,GLD,,,,19.89999961853028,,,,0.0,False,missing_candidate_legs
sim_2019-02-09_2026-05-21_7bc84efae62c,2024-09-05,put_credit_spread,GLD,,,,19.89999961853028,,,,0.0,False,missing_candidate_legs
sim_2019-02-09_2026-05-21_7bc84efae62c,2024-09-06,short_straddle,GLD,,,,22.3799991607666,,,,0.0,False,missing_candidate_legs
sim_2019-02-09_2026-05-21_7bc84efae62c,2024-09-06,put_credit_spread,GLD,,,,22.3799991607666,,,,0.0,False,missing_candidate_legs
sim_2019-02-09_2026-05-21_7bc84efae62c,2024-09-09,short_straddle,GLD,,,,19.450000762939453,,,,0.0,False,missing_candidate_legs
sim_2019-02-09_2026-05-21_7bc84efae62c,2024-09-09,put_credit_spread,GLD,,,,19.450000762939453,,,,0.0,False,missing_candidate_legs
sim_2019-02-09_2026-05-21_7bc84efae62c,2024-09-10,short_straddle,GLD,,,,19.07999992370605,,,,0.0,False,missing_candidate_legs
sim_2019-02-09_2026-05-21_7bc84efae62c,2024-09-10,put_credit_spread,GLD,,,,19.07999992370605,,,,0.0,False,missing_candidate_legs
sim_2019-02-09_2026-05-21_7bc84efae62c,2024-09-11,short_straddle,GLD,,,,17.690000534057617,,,,0.0,False,missing_candidate_legs
sim_2019-02-09_2026-05-21_7bc84efae62c,2024-09-11,put_credit_spread,GLD,,,,17.690000534057617,,,,0.0,False,missing_candidate_legs
sim_2019-02-09_2026-05-21_7bc84efae62c,2024-09-12,short_straddle,GLD,,,,17.06999969482422,,,,0.0,False,missing_candidate_legs
sim_2019-02-09_2026-05-21_7bc84efae62c,2024-09-12,put_credit_spread,GLD,,,,17.06999969482422,,,,0.0,False,missing_candidate_legs
sim_2019-02-09_2026-05-21_7bc84efae62c,2024-09-13,short_straddle,GLD,,,,16.559999465942383,,,,0.0,False,missing_candidate_legs
sim_2019-02-09_2026-05-21_7bc84efae62c,2024-09-13,put_credit_spread,GLD,,,,16.559999465942383,,,,0.0,False,missing_candidate_legs
sim_2019-02-09_2026-05-21_7bc84efae62c,2024-09-16,short_straddle,GLD,,,,17.139999389648438,,,,0.0,False,missing_candidate_legs
sim_2019-02-09_2026-05-21_7bc84efae62c,2024-09-16,put_credit_spread,GLD,,,,17.139999389648438,,,,0.0,False,missing_candidate_legs
sim_2019-02-09_2026-05-21_7bc84efae62c,2024-09-17,short_straddle,GLD,,,,17.610000610351562,,,,0.0,False,missing_candidate_legs
sim_2019-02-09_2026-05-21_7bc84efae62c,2024-09-17,put_credit_spread,GLD,,,,17.610000610351562,,,,0.0,False,missing_candidate_legs
sim_2019-02-09_2026-05-21_7bc84efae62c,2024-09-18,short_straddle,GLD,,,,18.229999542236328,,,,0.0,False,missing_candidate_legs
sim_2019-02-09_2026-05-21_7bc84efae62c,2024-09-18,put_credit_spread,GLD,,,,18.229999542236328,,,,0.0,False,missing_candidate_legs
sim_2019-02-09_2026-05-21_7bc84efae62c,2024-09-19,short_straddle,GLD,,,,16.329999923706055,,,,0.0,False,missing_candidate_legs
sim_2019-02-09_2026-05-21_7bc84efae62c,2024-09-19,put_credit_spread,GLD,,,,16.329999923706055,,,,0.0,False,missing_candidate_legs
sim_2019-02-09_2026-05-21_7bc84efae62c,2024-09-20,short_straddle,GLD,,,,16.149999618530273,,,,0.0,False,missing_candidate_legs
sim_2019-02-09_2026-05-21_7bc84efae62c,2024-09-20,put_credit_spread,GLD,,,,16.149999618530273,,,,0.0,False,missing_candidate_legs
sim_2019-02-09_2026-05-21_7bc84efae62c,2024-09-23,short_straddle,GLD,,,,15.890000343322754,,,,0.0,False,missing_candidate_legs
sim_2019-02-09_2026-05-21_7bc84efae62c,2024-09-23,put_credit_spread,GLD,,,,15.890000343322754,,,,0.0,False,missing_candidate_legs
sim_2019-02-09_2026-05-21_7bc84efae62c,2024-09-24,short_straddle,GLD,,,,15.390000343322754,,,,0.0,False,missing_candidate_legs
sim_2019-02-09_2026-05-21_7bc84efae62c,2024-09-24,put_credit_spread,GLD,,,,15.390000343322754,,,,0.0,False,missing_candidate_legs
sim_2019-02-09_2026-05-21_7bc84efae62c,2024-09-25,short_straddle,GLD,,,,15.40999984741211,,,,0.0,False,missing_candidate_legs
sim_2019-02-09_2026-05-21_7bc84efae62c,2024-09-25,put_credit_spread,GLD,,,,15.40999984741211,,,,0.0,False,missing_candidate_legs
sim_2019-02-09_2026-05-21_7bc84efae62c,2024-09-26,short_straddle,GLD,,,,15.369999885559082,,,,0.0,False,missing_candidate_legs
sim_2019-02-09_2026-05-21_7bc84efae62c,2024-09-26,put_credit_spread,GLD,,,,15.369999885559082,,,,0.0,False,missing_candidate_legs
sim_2019-02-09_2026-05-21_7bc84efae62c,2024-09-27,short_straddle,GLD,,,,16.959999084472656,,,,0.0,False,missing_candidate_legs
sim_2019-02-09_2026-05-21_7bc84efae62c,2024-09-27,put_credit_spread,GLD,,,,16.959999084472656,,,,0.0,False,missing_candidate_legs
sim_2019-02-09_2026-05-21_7bc84efae62c,2024-09-30,short_straddle,GLD,,,,16.729999542236328,,,,0.0,False,missing_candidate_legs
sim_2019-02-09_2026-05-21_7bc84efae62c,2024-09-30,put_credit_spread,GLD,,,,16.729999542236328,,,,0.0,False,missing_candidate_legs
sim_2019-02-09_2026-05-21_7bc84efae62c,2024-10-01,short_straddle,GLD,,,,19.26000022888184,,,,0.0,False,missing_candidate_legs
sim_2019-02-09_2026-05-21_7bc84efae62c,2024-10-01,put_credit_spread,GLD,,,,19.26000022888184,,,,0.0,False,missing_candidate_legs
sim_2019-02-09_2026-05-21_7bc84efae62c,2024-10-02,short_straddle,GLD,,,,18.89999961853028,,,,0.0,False,missing_candidate_legs
sim_2019-02-09_2026-05-21_7bc84efae62c,2024-10-02,put_credit_spread,GLD,,,,18.89999961853028,,,,0.0,False,missing_candidate_legs
sim_2019-02-09_2026-05-21_7bc84efae62c,2024-10-03,short_straddle,GLD,,,,20.489999771118164,,,,0.0,False,missing_candidate_legs
sim_2019-02-09_2026-05-21_7bc84efae62c,2024-10-03,put_credit_spread,GLD,,,,20.489999771118164,,,,0.0,False,missing_candidate_legs
sim_2019-02-09_2026-05-21_7bc84efae62c,2024-10-04,short_straddle,GLD,,,,19.209999084472656,,,,0.0,False,missing_candidate_legs
sim_2019-02-09_2026-05-21_7bc84efae62c,2024-10-04,put_credit_spread,GLD,,,,19.209999084472656,,,,0.0,False,missing_candidate_legs
sim_2019-02-09_2026-05-21_7bc84efae62c,2024-10-07,short_straddle,GLD,,,,22.63999938964844,,,,0.0,False,missing_candidate_legs
sim_2019-02-09_2026-05-21_7bc84efae62c,2024-10-07,put_credit_spread,GLD,,,,22.63999938964844,,,,0.0,False,missing_candidate_legs
sim_2019-02-09_2026-05-21_7bc84efae62c,2024-10-08,short_straddle,GLD,,,,21.420000076293945,,,,0.0,False,missing_candidate_legs
sim_2019-02-09_2026-05-21_7bc84efae62c,2024-10-08,put_credit_spread,GLD,,,,21.420000076293945,,,,0.0,False,missing_candidate_legs
sim_2019-02-09_2026-05-21_7bc84efae62c,2024-10-09,short_straddle,GLD,,,,20.86000061035156,,,,0.0,False,missing_candidate_legs
sim_2019-02-09_2026-05-21_7bc84efae62c,2024-10-09,put_credit_spread,GLD,,,,20.86000061035156,,,,0.0,False,missing_candidate_legs
sim_2019-02-09_2026-05-21_7bc84efae62c,2024-10-10,short_straddle,GLD,,,,20.93000030517578,,,,0.0,False,missing_candidate_legs
sim_2019-02-09_2026-05-21_7bc84efae62c,2024-10-10,put_credit_spread,GLD,,,,20.93000030517578,,,,0.0,False,missing_candidate_legs
sim_2019-02-09_2026-05-21_7bc84efae62c,2024-10-11,short_straddle,GLD,,,,20.459999084472656,,,,0.0,False,missing_candidate_legs
sim_2019-02-09_2026-05-21_7bc84efae62c,2024-10-11,put_credit_spread,GLD,,,,20.459999084472656,,,,0.0,False,missing_candidate_legs
sim_2019-02-09_2026-05-21_7bc84efae62c,2024-10-14,short_straddle,GLD,,,,19.700000762939453,,,,0.0,False,missing_candidate_legs
sim_2019-02-09_2026-05-21_7bc84efae62c,2024-10-14,put_credit_spread,GLD,,,,19.700000762939453,,,,0.0,False,missing_candidate_legs
sim_2019-02-09_2026-05-21_7bc84efae62c,2024-10-15,short_straddle,GLD,,,,20.63999938964844,,,,0.0,False,missing_candidate_legs
sim_2019-02-09_2026-05-21_7bc84efae62c,2024-10-15,put_credit_spread,GLD,,,,20.63999938964844,,,,0.0,False,missing_candidate_legs
sim_2019-02-09_2026-05-21_7bc84efae62c,2024-10-16,short_straddle,GLD,,,,19.57999992370605,,,,0.0,False,missing_candidate_legs
sim_2019-02-09_2026-05-21_7bc84efae62c,2024-10-16,put_credit_spread,GLD,,,,19.57999992370605,,,,0.0,False,missing_candidate_legs
sim_2019-02-09_2026-05-21_7bc84efae62c,2024-10-17,short_straddle,GLD,,,,19.11000061035156,,,,0.0,False,missing_candidate_legs
sim_2019-02-09_2026-05-21_7bc84efae62c,2024-10-17,put_credit_spread,GLD,,,,19.11000061035156,,,,0.0,False,missing_candidate_legs
sim_2019-02-09_2026-05-21_7bc84efae62c,2024-10-18,short_straddle,GLD,,,,18.030000686645508,,,,0.0,False,missing_candidate_legs
sim_2019-02-09_2026-05-21_7bc84efae62c,2024-10-18,put_credit_spread,GLD,,,,18.030000686645508,,,,0.0,False,missing_candidate_legs
sim_2019-02-09_2026-05-21_7bc84efae62c,2024-10-21,short_straddle,GLD,,,,18.3700008392334,,,,0.0,False,missing_candidate_legs
sim_2019-02-09_2026-05-21_7bc84efae62c,2024-10-21,put_credit_spread,GLD,,,,18.3700008392334,,,,0.0,False,missing_candidate_legs
sim_2019-02-09_2026-05-21_7bc84efae62c,2024-10-22,short_straddle,GLD,,,,18.200000762939453,,,,0.0,False,missing_candidate_legs
sim_2019-02-09_2026-05-21_7bc84efae62c,2024-10-22,put_credit_spread,GLD,,,,18.200000762939453,,,,0.0,False,missing_candidate_legs
sim_2019-02-09_2026-05-21_7bc84efae62c,2024-10-23,short_straddle,GLD,,,,19.239999771118164,,,,0.0,False,missing_candidate_legs
sim_2019-02-09_2026-05-21_7bc84efae62c,2024-10-23,put_credit_spread,GLD,,,,19.239999771118164,,,,0.0,False,missing_candidate_legs
sim_2019-02-09_2026-05-21_7bc84efae62c,2024-10-24,short_straddle,GLD,,,,19.07999992370605,,,,0.0,False,missing_candidate_legs
sim_2019-02-09_2026-05-21_7bc84efae62c,2024-10-24,put_credit_spread,GLD,,,,19.07999992370605,,,,0.0,False,missing_candidate_legs
sim_2019-02-09_2026-05-21_7bc84efae62c,2024-10-25,short_straddle,GLD,,,,20.32999992370605,,,,0.0,False,missing_candidate_legs
sim_2019-02-09_2026-05-21_7bc84efae62c,2024-10-25,put_credit_spread,GLD,,,,20.32999992370605,,,,0.0,False,missing_candidate_legs
sim_2019-02-09_2026-05-21_7bc84efae62c,2024-10-28,short_straddle,GLD,,,,19.799999237060547,,,,0.0,False,missing_candidate_legs
sim_2019-02-09_2026-05-21_7bc84efae62c,2024-10-28,put_credit_spread,GLD,,,,19.799999237060547,,,,0.0,False,missing_candidate_legs
sim_2019-02-09_2026-05-21_7bc84efae62c,2024-10-29,short_straddle,GLD,,,,19.34000015258789,,,,0.0,False,missing_candidate_legs
sim_2019-02-09_2026-05-21_7bc84efae62c,2024-10-29,put_credit_spread,GLD,,,,19.34000015258789,,,,0.0,False,missing_candidate_legs
sim_2019-02-09_2026-05-21_7bc84efae62c,2024-10-30,short_straddle,GLD,,,,20.350000381469727,,,,0.0,False,missing_candidate_legs
sim_2019-02-09_2026-05-21_7bc84efae62c,2024-10-30,put_credit_spread,GLD,,,,20.350000381469727,,,,0.0,False,missing_candidate_legs
sim_2019-02-09_2026-05-21_7bc84efae62c,2024-10-31,short_straddle,GLD,,,,23.15999984741211,,,,0.0,False,missing_candidate_legs
sim_2019-02-09_2026-05-21_7bc84efae62c,2024-10-31,put_credit_spread,GLD,,,,23.15999984741211,,,,0.0,False,missing_candidate_legs
sim_2019-02-09_2026-05-21_7bc84efae62c,2024-11-01,short_straddle,GLD,,,,21.8799991607666,,,,0.0,False,missing_candidate_legs
sim_2019-02-09_2026-05-21_7bc84efae62c,2024-11-01,put_credit_spread,GLD,,,,21.8799991607666,,,,0.0,False,missing_candidate_legs
sim_2019-02-09_2026-05-21_7bc84efae62c,2024-11-04,short_straddle,GLD,,,,21.979999542236328,,,,0.0,False,missing_candidate_legs
sim_2019-02-09_2026-05-21_7bc84efae62c,2024-11-04,put_credit_spread,GLD,,,,21.979999542236328,,,,0.0,False,missing_candidate_legs
sim_2019-02-09_2026-05-21_7bc84efae62c,2024-11-05,short_straddle,GLD,,,,20.489999771118164,,,,0.0,False,missing_candidate_legs
sim_2019-02-09_2026-05-21_7bc84efae62c,2024-11-05,put_credit_spread,GLD,,,,20.489999771118164,,,,0.0,False,missing_candidate_legs
sim_2019-02-09_2026-05-21_7bc84efae62c,2024-11-06,short_straddle,GLD,,,,16.270000457763672,,,,0.0,False,missing_candidate_legs
sim_2019-02-09_2026-05-21_7bc84efae62c,2024-11-06,put_credit_spread,GLD,,,,16.270000457763672,,,,0.0,False,missing_candidate_legs
sim_2019-02-09_2026-05-21_7bc84efae62c,2024-11-07,short_straddle,GLD,,,,15.199999809265137,,,,0.0,False,missing_candidate_legs
sim_2019-02-09_2026-05-21_7bc84efae62c,2024-11-07,put_credit_spread,GLD,,,,15.199999809265137,,,,0.0,False,missing_candidate_legs
sim_2019-02-09_2026-05-21_7bc84efae62c,2024-11-08,short_straddle,GLD,,,,14.9399995803833,,,,0.0,False,missing_candidate_legs
sim_2019-02-09_2026-05-21_7bc84efae62c,2024-11-08,put_credit_spread,GLD,,,,14.9399995803833,,,,0.0,False,missing_candidate_legs
sim_2019-02-09_2026-05-21_7bc84efae62c,2024-11-11,short_straddle,GLD,,,,14.970000267028809,,,,0.0,False,missing_candidate_legs
sim_2019-02-09_2026-05-21_7bc84efae62c,2024-11-11,put_credit_spread,GLD,,,,14.970000267028809,,,,0.0,False,missing_candidate_legs
sim_2019-02-09_2026-05-21_7bc84efae62c,2024-11-12,short_straddle,GLD,,,,14.710000038146973,,,,0.0,False,missing_candidate_legs
sim_2019-02-09_2026-05-21_7bc84efae62c,2024-11-12,put_credit_spread,GLD,,,,14.710000038146973,,,,0.0,False,missing_candidate_legs
sim_2019-02-09_2026-05-21_7bc84efae62c,2024-11-13,short_straddle,GLD,,,,14.020000457763672,,,,0.0,False,missing_candidate_legs
sim_2019-02-09_2026-05-21_7bc84efae62c,2024-11-13,put_credit_spread,GLD,,,,14.020000457763672,,,,0.0,False,missing_candidate_legs
sim_2019-02-09_2026-05-21_7bc84efae62c,2024-11-14,short_straddle,GLD,,,,14.3100004196167,,,,0.0,False,missing_candidate_legs
sim_2019-02-09_2026-05-21_7bc84efae62c,2024-11-14,put_credit_spread,GLD,,,,14.3100004196167,,,,0.0,False,missing_candidate_legs
sim_2019-02-09_2026-05-21_7bc84efae62c,2024-11-15,short_straddle,GLD,,,,16.139999389648438,,,,0.0,False,missing_candidate_legs
sim_2019-02-09_2026-05-21_7bc84efae62c,2024-11-15,put_credit_spread,GLD,,,,16.139999389648438,,,,0.0,False,missing_candidate_legs
sim_2019-02-09_2026-05-21_7bc84efae62c,2024-11-18,short_straddle,GLD,,,,15.579999923706056,,,,0.0,False,missing_candidate_legs
sim_2019-02-09_2026-05-21_7bc84efae62c,2024-11-18,put_credit_spread,GLD,,,,15.579999923706056,,,,0.0,False,missing_candidate_legs
sim_2019-02-09_2026-05-21_7bc84efae62c,2024-11-19,short_straddle,GLD,,,,16.350000381469727,,,,0.0,False,missing_candidate_legs
sim_2019-02-09_2026-05-21_7bc84efae62c,2024-11-19,put_credit_spread,GLD,,,,16.350000381469727,,,,0.0,False,missing_candidate_legs
sim_2019-02-09_2026-05-21_7bc84efae62c,2024-11-20,short_straddle,GLD,,,,17.15999984741211,,,,0.0,False,missing_candidate_legs
sim_2019-02-09_2026-05-21_7bc84efae62c,2024-11-20,put_credit_spread,GLD,,,,17.15999984741211,,,,0.0,False,missing_candidate_legs
sim_2019-02-09_2026-05-21_7bc84efae62c,2024-11-21,short_straddle,GLD,,,,16.8700008392334,,,,0.0,False,missing_candidate_legs
sim_2019-02-09_2026-05-21_7bc84efae62c,2024-11-21,put_credit_spread,GLD,,,,16.8700008392334,,,,0.0,False,missing_candidate_legs
sim_2019-02-09_2026-05-21_7bc84efae62c,2024-11-22,short_straddle,GLD,,,,15.239999771118164,,,,0.0,False,missing_candidate_legs
sim_2019-02-09_2026-05-21_7bc84efae62c,2024-11-22,put_credit_spread,GLD,,,,15.239999771118164,,,,0.0,False,missing_candidate_legs
sim_2019-02-09_2026-05-21_7bc84efae62c,2024-11-25,short_straddle,GLD,,,,14.600000381469728,,,,0.0,False,missing_candidate_legs
sim_2019-02-09_2026-05-21_7bc84efae62c,2024-11-25,put_credit_spread,GLD,,,,14.600000381469728,,,,0.0,False,missing_candidate_legs
sim_2019-02-09_2026-05-21_7bc84efae62c,2024-11-26,short_straddle,GLD,,,,14.100000381469728,,,,0.0,False,missing_candidate_legs
sim_2019-02-09_2026-05-21_7bc84efae62c,2024-11-26,put_credit_spread,GLD,,,,14.100000381469728,,,,0.0,False,missing_candidate_legs
sim_2019-02-09_2026-05-21_7bc84efae62c,2024-11-27,short_straddle,GLD,,,,14.100000381469728,,,,0.0,False,missing_candidate_legs
sim_2019-02-09_2026-05-21_7bc84efae62c,2024-11-27,put_credit_spread,GLD,,,,14.100000381469728,,,,0.0,False,missing_candidate_legs
sim_2019-02-09_2026-05-21_7bc84efae62c,2024-11-29,short_straddle,GLD,,,,13.510000228881836,,,,0.0,False,missing_candidate_legs
sim_2019-02-09_2026-05-21_7bc84efae62c,2024-11-29,put_credit_spread,GLD,,,,13.510000228881836,,,,0.0,False,missing_candidate_legs
sim_2019-02-09_2026-05-21_7bc84efae62c,2024-12-02,short_straddle,GLD,,,,13.34000015258789,,,,0.0,False,missing_candidate_legs
sim_2019-02-09_2026-05-21_7bc84efae62c,2024-12-02,put_credit_spread,GLD,,,,13.34000015258789,,,,0.0,False,missing_candidate_legs
sim_2019-02-09_2026-05-21_7bc84efae62c,2024-12-03,short_straddle,GLD,,,,13.300000190734863,,,,0.0,False,missing_candidate_legs
sim_2019-02-09_2026-05-21_7bc84efae62c,2024-12-03,put_credit_spread,GLD,,,,13.300000190734863,,,,0.0,False,missing_candidate_legs
sim_2019-02-09_2026-05-21_7bc84efae62c,2024-12-04,short_straddle,GLD,,,,13.449999809265137,,,,0.0,False,missing_candidate_legs
sim_2019-02-09_2026-05-21_7bc84efae62c,2024-12-04,put_credit_spread,GLD,,,,13.449999809265137,,,,0.0,False,missing_candidate_legs
sim_2019-02-09_2026-05-21_7bc84efae62c,2024-12-05,short_straddle,GLD,,,,13.539999961853027,,,,0.0,False,missing_candidate_legs
sim_2019-02-09_2026-05-21_7bc84efae62c,2024-12-05,put_credit_spread,GLD,,,,13.539999961853027,,,,0.0,False,missing_candidate_legs
sim_2019-02-09_2026-05-21_7bc84efae62c,2024-12-06,short_straddle,GLD,,,,12.770000457763672,,,,0.0,False,missing_candidate_legs
sim_2019-02-09_2026-05-21_7bc84efae62c,2024-12-06,put_credit_spread,GLD,,,,12.770000457763672,,,,0.0,False,missing_candidate_legs
sim_2019-02-09_2026-05-21_7bc84efae62c,2024-12-09,short_straddle,GLD,,,,14.1899995803833,,,,0.0,False,missing_candidate_legs
sim_2019-02-09_2026-05-21_7bc84efae62c,2024-12-09,put_credit_spread,GLD,,,,14.1899995803833,,,,0.0,False,missing_candidate_legs
sim_2019-02-09_2026-05-21_7bc84efae62c,2024-12-10,short_straddle,GLD,,,,14.18000030517578,,,,0.0,False,missing_candidate_legs
sim_2019-02-09_2026-05-21_7bc84efae62c,2024-12-10,put_credit_spread,GLD,,,,14.18000030517578,,,,0.0,False,missing_candidate_legs
sim_2019-02-09_2026-05-21_7bc84efae62c,2024-12-11,short_straddle,GLD,,,,13.579999923706056,,,,0.0,False,missing_candidate_legs
sim_2019-02-09_2026-05-21_7bc84efae62c,2024-12-11,put_credit_spread,GLD,,,,13.579999923706056,,,,0.0,False,missing_candidate_legs
sim_2019-02-09_2026-05-21_7bc84efae62c,2024-12-12,short_straddle,GLD,,,,13.920000076293944,,,,0.0,False,missing_candidate_legs
sim_2019-02-09_2026-05-21_7bc84efae62c,2024-12-12,put_credit_spread,GLD,,,,13.920000076293944,,,,0.0,False,missing_candidate_legs
sim_2019-02-09_2026-05-21_7bc84efae62c,2024-12-13,short_straddle,GLD,,,,13.8100004196167,,,,0.0,False,missing_candidate_legs
sim_2019-02-09_2026-05-21_7bc84efae62c,2024-12-13,put_credit_spread,GLD,,,,13.8100004196167,,,,0.0,False,missing_candidate_legs
sim_2019-02-09_2026-05-21_7bc84efae62c,2024-12-16,short_straddle,GLD,,,,14.6899995803833,,,,0.0,False,missing_candidate_legs
sim_2019-02-09_2026-05-21_7bc84efae62c,2024-12-16,put_credit_spread,GLD,,,,14.6899995803833,,,,0.0,False,missing_candidate_legs
sim_2019-02-09_2026-05-21_7bc84efae62c,2024-12-17,short_straddle,GLD,,,,15.869999885559082,,,,0.0,False,missing_candidate_legs
sim_2019-02-09_2026-05-21_7bc84efae62c,2024-12-17,put_credit_spread,GLD,,,,15.869999885559082,,,,0.0,False,missing_candidate_legs
sim_2019-02-09_2026-05-21_7bc84efae62c,2024-12-18,short_straddle,GLD,,,,27.6200008392334,,,,0.0,False,missing_candidate_legs
sim_2019-02-09_2026-05-21_7bc84efae62c,2024-12-18,put_credit_spread,GLD,,,,27.6200008392334,,,,0.0,False,missing_candidate_legs
sim_2019-02-09_2026-05-21_7bc84efae62c,2024-12-19,short_straddle,GLD,,,,24.09000015258789,,,,0.0,False,missing_candidate_legs
sim_2019-02-09_2026-05-21_7bc84efae62c,2024-12-19,put_credit_spread,GLD,,,,24.09000015258789,,,,0.0,False,missing_candidate_legs
sim_2019-02-09_2026-05-21_7bc84efae62c,2024-12-20,short_straddle,GLD,,,,18.36000061035156,,,,0.0,False,missing_candidate_legs
sim_2019-02-09_2026-05-21_7bc84efae62c,2024-12-20,put_credit_spread,GLD,,,,18.36000061035156,,,,0.0,False,missing_candidate_legs
sim_2019-02-09_2026-05-21_7bc84efae62c,2024-12-23,short_straddle,GLD,,,,16.780000686645508,,,,0.0,False,missing_candidate_legs
sim_2019-02-09_2026-05-21_7bc84efae62c,2024-12-23,put_credit_spread,GLD,,,,16.780000686645508,,,,0.0,False,missing_candidate_legs
sim_2019-02-09_2026-05-21_7bc84efae62c,2024-12-24,short_straddle,GLD,,,,14.270000457763672,,,,0.0,False,missing_candidate_legs
sim_2019-02-09_2026-05-21_7bc84efae62c,2024-12-24,put_credit_spread,GLD,,,,14.270000457763672,,,,0.0,False,missing_candidate_legs
sim_2019-02-09_2026-05-21_7bc84efae62c,2024-12-26,short_straddle,GLD,,,,14.729999542236328,,,,0.0,False,missing_candidate_legs
sim_2019-02-09_2026-05-21_7bc84efae62c,2024-12-26,put_credit_spread,GLD,,,,14.729999542236328,,,,0.0,False,missing_candidate_legs
sim_2019-02-09_2026-05-21_7bc84efae62c,2024-12-27,short_straddle,GLD,,,,15.949999809265137,,,,0.0,False,missing_candidate_legs
sim_2019-02-09_2026-05-21_7bc84efae62c,2024-12-27,put_credit_spread,GLD,,,,15.949999809265137,,,,0.0,False,missing_candidate_legs
sim_2019-02-09_2026-05-21_7bc84efae62c,2024-12-30,short_straddle,GLD,,,,17.399999618530273,,,,0.0,False,missing_candidate_legs
sim_2019-02-09_2026-05-21_7bc84efae62c,2024-12-30,put_credit_spread,GLD,,,,17.399999618530273,,,,0.0,False,missing_candidate_legs
sim_2019-02-09_2026-05-21_7bc84efae62c,2024-12-31,short_straddle,GLD,,,,17.350000381469727,,,,0.0,False,missing_candidate_legs
sim_2019-02-09_2026-05-21_7bc84efae62c,2024-12-31,put_credit_spread,GLD,,,,17.350000381469727,,,,0.0,False,missing_candidate_legs
sim_2019-02-09_2026-05-21_7bc84efae62c,2025-01-02,short_straddle,GLD,,,,17.93000030517578,,,,0.0,False,missing_candidate_legs
sim_2019-02-09_2026-05-21_7bc84efae62c,2025-01-02,put_credit_spread,GLD,,,,17.93000030517578,,,,0.0,False,missing_candidate_legs
sim_2019-02-09_2026-05-21_7bc84efae62c,2025-01-03,short_straddle,GLD,,,,16.1299991607666,,,,0.0,False,missing_candidate_legs
sim_2019-02-09_2026-05-21_7bc84efae62c,2025-01-03,put_credit_spread,GLD,,,,16.1299991607666,,,,0.0,False,missing_candidate_legs
sim_2019-02-09_2026-05-21_7bc84efae62c,2025-01-06,short_straddle,GLD,,,,16.040000915527344,,,,0.0,False,missing_candidate_legs
sim_2019-02-09_2026-05-21_7bc84efae62c,2025-01-06,put_credit_spread,GLD,,,,16.040000915527344,,,,0.0,False,missing_candidate_legs
sim_2019-02-09_2026-05-21_7bc84efae62c,2025-01-07,short_straddle,GLD,,,,17.81999969482422,,,,0.0,False,missing_candidate_legs
sim_2019-02-09_2026-05-21_7bc84efae62c,2025-01-07,put_credit_spread,GLD,,,,17.81999969482422,,,,0.0,False,missing_candidate_legs
sim_2019-02-09_2026-05-21_7bc84efae62c,2025-01-08,short_straddle,GLD,,,,17.700000762939453,,,,0.0,False,missing_candidate_legs
sim_2019-02-09_2026-05-21_7bc84efae62c,2025-01-08,put_credit_spread,GLD,,,,17.700000762939453,,,,0.0,False,missing_candidate_legs
sim_2019-02-09_2026-05-21_7bc84efae62c,2025-01-10,short_straddle,GLD,,,,19.540000915527344,,,,0.0,False,missing_candidate_legs
sim_2019-02-09_2026-05-21_7bc84efae62c,2025-01-10,put_credit_spread,GLD,,,,19.540000915527344,,,,0.0,False,missing_candidate_legs
sim_2019-02-09_2026-05-21_7bc84efae62c,2025-01-13,short_straddle,GLD,,,,19.190000534057617,,,,0.0,False,missing_candidate_legs
sim_2019-02-09_2026-05-21_7bc84efae62c,2025-01-13,put_credit_spread,GLD,,,,19.190000534057617,,,,0.0,False,missing_candidate_legs
sim_2019-02-09_2026-05-21_7bc84efae62c,2025-01-14,short_straddle,GLD,,,,18.709999084472656,,,,0.0,False,missing_candidate_legs
sim_2019-02-09_2026-05-21_7bc84efae62c,2025-01-14,put_credit_spread,GLD,,,,18.709999084472656,,,,0.0,False,missing_candidate_legs
sim_2019-02-09_2026-05-21_7bc84efae62c,2025-01-15,short_straddle,GLD,,,,16.1200008392334,,,,0.0,False,missing_candidate_legs
sim_2019-02-09_2026-05-21_7bc84efae62c,2025-01-15,put_credit_spread,GLD,,,,16.1200008392334,,,,0.0,False,missing_candidate_legs
sim_2019-02-09_2026-05-21_7bc84efae62c,2025-01-16,short_straddle,GLD,,,,16.600000381469727,,,,0.0,False,missing_candidate_legs
sim_2019-02-09_2026-05-21_7bc84efae62c,2025-01-16,put_credit_spread,GLD,,,,16.600000381469727,,,,0.0,False,missing_candidate_legs
sim_2019-02-09_2026-05-21_7bc84efae62c,2025-01-17,short_straddle,GLD,,,,15.970000267028809,,,,0.0,False,missing_candidate_legs
sim_2019-02-09_2026-05-21_7bc84efae62c,2025-01-17,put_credit_spread,GLD,,,,15.970000267028809,,,,0.0,False,missing_candidate_legs
sim_2019-02-09_2026-05-21_7bc84efae62c,2025-01-21,short_straddle,GLD,,,,15.0600004196167,,,,0.0,False,missing_candidate_legs
sim_2019-02-09_2026-05-21_7bc84efae62c,2025-01-21,put_credit_spread,GLD,,,,15.0600004196167,,,,0.0,False,missing_candidate_legs
sim_2019-02-09_2026-05-21_7bc84efae62c,2025-01-22,short_straddle,GLD,,,,15.100000381469728,,,,0.0,False,missing_candidate_legs
sim_2019-02-09_2026-05-21_7bc84efae62c,2025-01-22,put_credit_spread,GLD,,,,15.100000381469728,,,,0.0,False,missing_candidate_legs
sim_2019-02-09_2026-05-21_7bc84efae62c,2025-01-23,short_straddle,GLD,,,,15.020000457763672,,,,0.0,False,missing_candidate_legs
sim_2019-02-09_2026-05-21_7bc84efae62c,2025-01-23,put_credit_spread,GLD,,,,15.020000457763672,,,,0.0,False,missing_candidate_legs
sim_2019-02-09_2026-05-21_7bc84efae62c,2025-01-24,short_straddle,GLD,,,,14.850000381469728,,,,0.0,False,missing_candidate_legs
sim_2019-02-09_2026-05-21_7bc84efae62c,2025-01-24,put_credit_spread,GLD,,,,14.850000381469728,,,,0.0,False,missing_candidate_legs
sim_2019-02-09_2026-05-21_7bc84efae62c,2025-01-27,short_straddle,GLD,,,,17.899999618530273,,,,0.0,False,missing_candidate_legs
sim_2019-02-09_2026-05-21_7bc84efae62c,2025-01-27,put_credit_spread,GLD,,,,17.899999618530273,,,,0.0,False,missing_candidate_legs
sim_2019-02-09_2026-05-21_7bc84efae62c,2025-01-28,short_straddle,GLD,,,,16.40999984741211,,,,0.0,False,missing_candidate_legs
sim_2019-02-09_2026-05-21_7bc84efae62c,2025-01-28,put_credit_spread,GLD,,,,16.40999984741211,,,,0.0,False,missing_candidate_legs
sim_2019-02-09_2026-05-21_7bc84efae62c,2025-01-29,short_straddle,GLD,,,,16.559999465942383,,,,0.0,False,missing_candidate_legs
sim_2019-02-09_2026-05-21_7bc84efae62c,2025-01-29,put_credit_spread,GLD,,,,16.559999465942383,,,,0.0,False,missing_candidate_legs
sim_2019-02-09_2026-05-21_7bc84efae62c,2025-01-30,short_straddle,GLD,,,,15.84000015258789,,,,0.0,False,missing_candidate_legs
sim_2019-02-09_2026-05-21_7bc84efae62c,2025-01-30,put_credit_spread,GLD,,,,15.84000015258789,,,,0.0,False,missing_candidate_legs
sim_2019-02-09_2026-05-21_7bc84efae62c,2025-01-31,short_straddle,GLD,,,,16.43000030517578,,,,0.0,False,missing_candidate_legs
sim_2019-02-09_2026-05-21_7bc84efae62c,2025-01-31,put_credit_spread,GLD,,,,16.43000030517578,,,,0.0,False,missing_candidate_legs
sim_2019-02-09_2026-05-21_7bc84efae62c,2025-02-03,short_straddle,GLD,,,,18.6200008392334,,,,0.0,False,missing_candidate_legs
sim_2019-02-09_2026-05-21_7bc84efae62c,2025-02-03,put_credit_spread,GLD,,,,18.6200008392334,,,,0.0,False,missing_candidate_legs
sim_2019-02-09_2026-05-21_7bc84efae62c,2025-02-04,short_straddle,GLD,,,,17.209999084472656,,,,0.0,False,missing_candidate_legs
sim_2019-02-09_2026-05-21_7bc84efae62c,2025-02-04,put_credit_spread,GLD,,,,17.209999084472656,,,,0.0,False,missing_candidate_legs
sim_2019-02-09_2026-05-21_7bc84efae62c,2025-02-05,short_straddle,GLD,,,,15.770000457763672,,,,0.0,False,missing_candidate_legs
sim_2019-02-09_2026-05-21_7bc84efae62c,2025-02-05,put_credit_spread,GLD,,,,15.770000457763672,,,,0.0,False,missing_candidate_legs
sim_2019-02-09_2026-05-21_7bc84efae62c,2025-02-06,short_straddle,GLD,,,,15.5,,,,0.0,False,missing_candidate_legs
sim_2019-02-09_2026-05-21_7bc84efae62c,2025-02-06,put_credit_spread,GLD,,,,15.5,,,,0.0,False,missing_candidate_legs
sim_2019-02-09_2026-05-21_7bc84efae62c,2025-02-07,short_straddle,GLD,,,,16.540000915527344,,,,0.0,False,missing_candidate_legs
sim_2019-02-09_2026-05-21_7bc84efae62c,2025-02-07,put_credit_spread,GLD,,,,16.540000915527344,,,,0.0,False,missing_candidate_legs
sim_2019-02-09_2026-05-21_7bc84efae62c,2025-02-10,short_straddle,GLD,,,,15.8100004196167,,,,0.0,False,missing_candidate_legs
sim_2019-02-09_2026-05-21_7bc84efae62c,2025-02-10,put_credit_spread,GLD,,,,15.8100004196167,,,,0.0,False,missing_candidate_legs
sim_2019-02-09_2026-05-21_7bc84efae62c,2025-02-11,short_straddle,GLD,,,,16.020000457763672,,,,0.0,False,missing_candidate_legs
sim_2019-02-09_2026-05-21_7bc84efae62c,2025-02-11,put_credit_spread,GLD,,,,16.020000457763672,,,,0.0,False,missing_candidate_legs
sim_2019-02-09_2026-05-21_7bc84efae62c,2025-02-12,short_straddle,GLD,,,,15.890000343322754,,,,0.0,False,missing_candidate_legs
sim_2019-02-09_2026-05-21_7bc84efae62c,2025-02-12,put_credit_spread,GLD,,,,15.890000343322754,,,,0.0,False,missing_candidate_legs
sim_2019-02-09_2026-05-21_7bc84efae62c,2025-02-13,short_straddle,GLD,,,,15.100000381469728,,,,0.0,False,missing_candidate_legs
sim_2019-02-09_2026-05-21_7bc84efae62c,2025-02-13,put_credit_spread,GLD,,,,15.100000381469728,,,,0.0,False,missing_candidate_legs
sim_2019-02-09_2026-05-21_7bc84efae62c,2025-02-14,short_straddle,GLD,,,,14.770000457763672,,,,0.0,False,missing_candidate_legs
sim_2019-02-09_2026-05-21_7bc84efae62c,2025-02-14,put_credit_spread,GLD,,,,14.770000457763672,,,,0.0,False,missing_candidate_legs
sim_2019-02-09_2026-05-21_7bc84efae62c,2025-02-18,short_straddle,GLD,,,,15.350000381469728,,,,0.0,False,missing_candidate_legs
sim_2019-02-09_2026-05-21_7bc84efae62c,2025-02-18,put_credit_spread,GLD,,,,15.350000381469728,,,,0.0,False,missing_candidate_legs
sim_2019-02-09_2026-05-21_7bc84efae62c,2025-02-19,short_straddle,GLD,,,,15.270000457763672,,,,0.0,False,missing_candidate_legs
sim_2019-02-09_2026-05-21_7bc84efae62c,2025-02-19,put_credit_spread,GLD,,,,15.270000457763672,,,,0.0,False,missing_candidate_legs
sim_2019-02-09_2026-05-21_7bc84efae62c,2025-02-20,short_straddle,GLD,,,,15.65999984741211,,,,0.0,False,missing_candidate_legs
sim_2019-02-09_2026-05-21_7bc84efae62c,2025-02-20,put_credit_spread,GLD,,,,15.65999984741211,,,,0.0,False,missing_candidate_legs
sim_2019-02-09_2026-05-21_7bc84efae62c,2025-02-21,short_straddle,GLD,,,,18.209999084472656,,,,0.0,False,missing_candidate_legs
sim_2019-02-09_2026-05-21_7bc84efae62c,2025-02-21,put_credit_spread,GLD,,,,18.209999084472656,,,,0.0,False,missing_candidate_legs
sim_2019-02-09_2026-05-21_7bc84efae62c,2025-02-24,short_straddle,GLD,,,,18.979999542236328,,,,0.0,False,missing_candidate_legs
sim_2019-02-09_2026-05-21_7bc84efae62c,2025-02-24,put_credit_spread,GLD,,,,18.979999542236328,,,,0.0,False,missing_candidate_legs
sim_2019-02-09_2026-05-21_7bc84efae62c,2025-02-25,short_straddle,GLD,,,,19.43000030517578,,,,0.0,False,missing_candidate_legs
sim_2019-02-09_2026-05-21_7bc84efae62c,2025-02-25,put_credit_spread,GLD,,,,19.43000030517578,,,,0.0,False,missing_candidate_legs
sim_2019-02-09_2026-05-21_7bc84efae62c,2025-02-26,short_straddle,GLD,,,,19.100000381469727,,,,0.0,False,missing_candidate_legs
sim_2019-02-09_2026-05-21_7bc84efae62c,2025-02-26,put_credit_spread,GLD,,,,19.100000381469727,,,,0.0,False,missing_candidate_legs
sim_2019-02-09_2026-05-21_7bc84efae62c,2025-02-27,short_straddle,GLD,,,,21.1299991607666,,,,0.0,False,missing_candidate_legs
sim_2019-02-09_2026-05-21_7bc84efae62c,2025-02-27,put_credit_spread,GLD,,,,21.1299991607666,,,,0.0,False,missing_candidate_legs
sim_2019-02-09_2026-05-21_7bc84efae62c,2025-02-28,short_straddle,GLD,,,,19.6299991607666,,,,0.0,False,missing_candidate_legs
sim_2019-02-09_2026-05-21_7bc84efae62c,2025-02-28,put_credit_spread,GLD,,,,19.6299991607666,,,,0.0,False,missing_candidate_legs
sim_2019-02-09_2026-05-21_7bc84efae62c,2025-03-03,short_straddle,GLD,,,,22.780000686645508,,,,0.0,False,missing_candidate_legs
sim_2019-02-09_2026-05-21_7bc84efae62c,2025-03-03,put_credit_spread,GLD,,,,22.780000686645508,,,,0.0,False,missing_candidate_legs
sim_2019-02-09_2026-05-21_7bc84efae62c,2025-03-04,short_straddle,GLD,,,,23.51000022888184,,,,0.0,False,missing_candidate_legs
sim_2019-02-09_2026-05-21_7bc84efae62c,2025-03-04,put_credit_spread,GLD,,,,23.51000022888184,,,,0.0,False,missing_candidate_legs
sim_2019-02-09_2026-05-21_7bc84efae62c,2025-03-05,short_straddle,GLD,,,,21.93000030517578,,,,0.0,False,missing_candidate_legs
sim_2019-02-09_2026-05-21_7bc84efae62c,2025-03-05,put_credit_spread,GLD,,,,21.93000030517578,,,,0.0,False,missing_candidate_legs
sim_2019-02-09_2026-05-21_7bc84efae62c,2025-03-06,short_straddle,GLD,,,,24.8700008392334,,,,0.0,False,missing_candidate_legs
sim_2019-02-09_2026-05-21_7bc84efae62c,2025-03-06,put_credit_spread,GLD,,,,24.8700008392334,,,,0.0,False,missing_candidate_legs
sim_2019-02-09_2026-05-21_7bc84efae62c,2025-03-07,short_straddle,GLD,,,,23.3700008392334,,,,0.0,False,missing_candidate_legs
sim_2019-02-09_2026-05-21_7bc84efae62c,2025-03-07,put_credit_spread,GLD,,,,23.3700008392334,,,,0.0,False,missing_candidate_legs
sim_2019-02-09_2026-05-21_7bc84efae62c,2025-03-10,short_straddle,GLD,,,,27.86000061035156,,,,0.0,False,missing_candidate_legs
sim_2019-02-09_2026-05-21_7bc84efae62c,2025-03-10,put_credit_spread,GLD,,,,27.86000061035156,,,,0.0,False,missing_candidate_legs
sim_2019-02-09_2026-05-21_7bc84efae62c,2025-03-11,short_straddle,GLD,,,,26.920000076293945,,,,0.0,False,missing_candidate_legs
sim_2019-02-09_2026-05-21_7bc84efae62c,2025-03-11,put_credit_spread,GLD,,,,26.920000076293945,,,,0.0,False,missing_candidate_legs
sim_2019-02-09_2026-05-21_7bc84efae62c,2025-03-12,short_straddle,GLD,,,,24.229999542236328,,,,0.0,False,missing_candidate_legs
sim_2019-02-09_2026-05-21_7bc84efae62c,2025-03-12,put_credit_spread,GLD,,,,24.229999542236328,,,,0.0,False,missing_candidate_legs
sim_2019-02-09_2026-05-21_7bc84efae62c,2025-03-13,short_straddle,GLD,,,,24.65999984741211,,,,0.0,False,missing_candidate_legs
sim_2019-02-09_2026-05-21_7bc84efae62c,2025-03-13,put_credit_spread,GLD,,,,24.65999984741211,,,,0.0,False,missing_candidate_legs
sim_2019-02-09_2026-05-21_7bc84efae62c,2025-03-14,short_straddle,GLD,,,,21.770000457763672,,,,0.0,False,missing_candidate_legs
sim_2019-02-09_2026-05-21_7bc84efae62c,2025-03-14,put_credit_spread,GLD,,,,21.770000457763672,,,,0.0,False,missing_candidate_legs
sim_2019-02-09_2026-05-21_7bc84efae62c,2025-03-17,short_straddle,GLD,,,,20.51000022888184,,,,0.0,False,missing_candidate_legs
sim_2019-02-09_2026-05-21_7bc84efae62c,2025-03-17,put_credit_spread,GLD,,,,20.51000022888184,,,,0.0,False,missing_candidate_legs
sim_2019-02-09_2026-05-21_7bc84efae62c,2025-03-18,short_straddle,GLD,,,,21.700000762939453,,,,0.0,False,missing_candidate_legs
sim_2019-02-09_2026-05-21_7bc84efae62c,2025-03-18,put_credit_spread,GLD,,,,21.700000762939453,,,,0.0,False,missing_candidate_legs
sim_2019-02-09_2026-05-21_7bc84efae62c,2025-03-19,short_straddle,GLD,,,,19.89999961853028,,,,0.0,False,missing_candidate_legs
sim_2019-02-09_2026-05-21_7bc84efae62c,2025-03-19,put_credit_spread,GLD,,,,19.89999961853028,,,,0.0,False,missing_candidate_legs
sim_2019-02-09_2026-05-21_7bc84efae62c,2025-03-20,short_straddle,GLD,,,,19.799999237060547,,,,0.0,False,missing_candidate_legs
sim_2019-02-09_2026-05-21_7bc84efae62c,2025-03-20,put_credit_spread,GLD,,,,19.799999237060547,,,,0.0,False,missing_candidate_legs
sim_2019-02-09_2026-05-21_7bc84efae62c,2025-03-21,short_straddle,GLD,,,,19.280000686645508,,,,0.0,False,missing_candidate_legs
sim_2019-02-09_2026-05-21_7bc84efae62c,2025-03-21,put_credit_spread,GLD,,,,19.280000686645508,,,,0.0,False,missing_candidate_legs
sim_2019-02-09_2026-05-21_7bc84efae62c,2025-03-24,short_straddle,GLD,,,,17.479999542236328,,,,0.0,False,missing_candidate_legs
sim_2019-02-09_2026-05-21_7bc84efae62c,2025-03-24,put_credit_spread,GLD,,,,17.479999542236328,,,,0.0,False,missing_candidate_legs
sim_2019-02-09_2026-05-21_7bc84efae62c,2025-03-25,short_straddle,GLD,,,,17.149999618530273,,,,0.0,False,missing_candidate_legs
sim_2019-02-09_2026-05-21_7bc84efae62c,2025-03-25,put_credit_spread,GLD,,,,17.149999618530273,,,,0.0,False,missing_candidate_legs
sim_2019-02-09_2026-05-21_7bc84efae62c,2025-03-26,short_straddle,GLD,,,,18.32999992370605,,,,0.0,False,missing_candidate_legs
sim_2019-02-09_2026-05-21_7bc84efae62c,2025-03-26,put_credit_spread,GLD,,,,18.32999992370605,,,,0.0,False,missing_candidate_legs
sim_2019-02-09_2026-05-21_7bc84efae62c,2025-03-27,short_straddle,GLD,,,,18.690000534057617,,,,0.0,False,missing_candidate_legs
sim_2019-02-09_2026-05-21_7bc84efae62c,2025-03-27,put_credit_spread,GLD,,,,18.690000534057617,,,,0.0,False,missing_candidate_legs
sim_2019-02-09_2026-05-21_7bc84efae62c,2025-03-28,short_straddle,GLD,,,,21.64999961853028,,,,0.0,False,missing_candidate_legs
sim_2019-02-09_2026-05-21_7bc84efae62c,2025-03-28,put_credit_spread,GLD,,,,21.64999961853028,,,,0.0,False,missing_candidate_legs
sim_2019-02-09_2026-05-21_7bc84efae62c,2025-03-31,short_straddle,GLD,,,,22.280000686645508,,,,0.0,False,missing_candidate_legs
sim_2019-02-09_2026-05-21_7bc84efae62c,2025-03-31,put_credit_spread,GLD,,,,22.280000686645508,,,,0.0,False,missing_candidate_legs
sim_2019-02-09_2026-05-21_7bc84efae62c,2025-04-01,short_straddle,GLD,,,,21.770000457763672,,,,0.0,False,missing_candidate_legs
sim_2019-02-09_2026-05-21_7bc84efae62c,2025-04-01,put_credit_spread,GLD,,,,21.770000457763672,,,,0.0,False,missing_candidate_legs
sim_2019-02-09_2026-05-21_7bc84efae62c,2025-04-02,short_straddle,GLD,,,,21.51000022888184,,,,0.0,False,missing_candidate_legs
sim_2019-02-09_2026-05-21_7bc84efae62c,2025-04-02,put_credit_spread,GLD,,,,21.51000022888184,,,,0.0,False,missing_candidate_legs
sim_2019-02-09_2026-05-21_7bc84efae62c,2025-04-03,short_straddle,GLD,,,,30.020000457763672,,,,0.0,False,missing_candidate_legs
sim_2019-02-09_2026-05-21_7bc84efae62c,2025-04-03,put_credit_spread,GLD,,,,30.020000457763672,,,,0.0,False,missing_candidate_legs
sim_2019-02-09_2026-05-21_7bc84efae62c,2025-04-04,short_straddle,GLD,,,,45.310001373291016,,,,0.0,False,missing_candidate_legs
sim_2019-02-09_2026-05-21_7bc84efae62c,2025-04-04,put_credit_spread,GLD,,,,45.310001373291016,,,,0.0,False,missing_candidate_legs
sim_2019-02-09_2026-05-21_7bc84efae62c,2025-04-07,short_straddle,GLD,,,,46.97999954223633,,,,0.0,False,missing_candidate_legs
sim_2019-02-09_2026-05-21_7bc84efae62c,2025-04-07,put_credit_spread,GLD,,,,46.97999954223633,,,,0.0,False,missing_candidate_legs
sim_2019-02-09_2026-05-21_7bc84efae62c,2025-04-08,short_straddle,GLD,,,,52.33000183105469,,,,0.0,False,missing_candidate_legs
sim_2019-02-09_2026-05-21_7bc84efae62c,2025-04-08,put_credit_spread,GLD,,,,52.33000183105469,,,,0.0,False,missing_candidate_legs
sim_2019-02-09_2026-05-21_7bc84efae62c,2025-04-09,short_straddle,GLD,,,,33.619998931884766,,,,0.0,False,missing_candidate_legs
sim_2019-02-09_2026-05-21_7bc84efae62c,2025-04-09,put_credit_spread,GLD,,,,33.619998931884766,,,,0.0,False,missing_candidate_legs
sim_2019-02-09_2026-05-21_7bc84efae62c,2025-04-10,short_straddle,GLD,,,,40.720001220703125,,,,0.0,False,missing_candidate_legs
sim_2019-02-09_2026-05-21_7bc84efae62c,2025-04-10,put_credit_spread,GLD,,,,40.720001220703125,,,,0.0,False,missing_candidate_legs
sim_2019-02-09_2026-05-21_7bc84efae62c,2025-04-11,short_straddle,GLD,,,,37.560001373291016,,,,0.0,False,missing_candidate_legs
sim_2019-02-09_2026-05-21_7bc84efae62c,2025-04-11,put_credit_spread,GLD,,,,37.560001373291016,,,,0.0,False,missing_candidate_legs
sim_2019-02-09_2026-05-21_7bc84efae62c,2025-04-14,short_straddle,GLD,,,,30.88999938964844,,,,0.0,False,missing_candidate_legs
sim_2019-02-09_2026-05-21_7bc84efae62c,2025-04-14,put_credit_spread,GLD,,,,30.88999938964844,,,,0.0,False,missing_candidate_legs
sim_2019-02-09_2026-05-21_7bc84efae62c,2025-04-15,short_straddle,GLD,,,,30.1200008392334,,,,0.0,False,missing_candidate_legs
sim_2019-02-09_2026-05-21_7bc84efae62c,2025-04-15,put_credit_spread,GLD,,,,30.1200008392334,,,,0.0,False,missing_candidate_legs
sim_2019-02-09_2026-05-21_7bc84efae62c,2025-04-16,short_straddle,GLD,,,,32.63999938964844,,,,0.0,False,missing_candidate_legs
sim_2019-02-09_2026-05-21_7bc84efae62c,2025-04-16,put_credit_spread,GLD,,,,32.63999938964844,,,,0.0,False,missing_candidate_legs
sim_2019-02-09_2026-05-21_7bc84efae62c,2025-04-17,short_straddle,GLD,,,,29.64999961853028,,,,0.0,False,missing_candidate_legs
sim_2019-02-09_2026-05-21_7bc84efae62c,2025-04-17,put_credit_spread,GLD,,,,29.64999961853028,,,,0.0,False,missing_candidate_legs
sim_2019-02-09_2026-05-21_7bc84efae62c,2025-04-21,short_straddle,GLD,,,,33.81999969482422,,,,0.0,False,missing_candidate_legs
sim_2019-02-09_2026-05-21_7bc84efae62c,2025-04-21,put_credit_spread,GLD,,,,33.81999969482422,,,,0.0,False,missing_candidate_legs
sim_2019-02-09_2026-05-21_7bc84efae62c,2025-04-22,short_straddle,GLD,,,,30.56999969482422,,,,0.0,False,missing_candidate_legs
sim_2019-02-09_2026-05-21_7bc84efae62c,2025-04-22,put_credit_spread,GLD,,,,30.56999969482422,,,,0.0,False,missing_candidate_legs
sim_2019-02-09_2026-05-21_7bc84efae62c,2025-04-23,short_straddle,GLD,,,,28.450000762939453,,,,0.0,False,missing_candidate_legs
sim_2019-02-09_2026-05-21_7bc84efae62c,2025-04-23,put_credit_spread,GLD,,,,28.450000762939453,,,,0.0,False,missing_candidate_legs
sim_2019-02-09_2026-05-21_7bc84efae62c,2025-04-24,short_straddle,GLD,,,,26.46999931335449,,,,0.0,False,missing_candidate_legs
sim_2019-02-09_2026-05-21_7bc84efae62c,2025-04-24,put_credit_spread,GLD,,,,26.46999931335449,,,,0.0,False,missing_candidate_legs
sim_2019-02-09_2026-05-21_7bc84efae62c,2025-04-25,short_straddle,GLD,,,,24.84000015258789,,,,0.0,False,missing_candidate_legs
sim_2019-02-09_2026-05-21_7bc84efae62c,2025-04-25,put_credit_spread,GLD,,,,24.84000015258789,,,,0.0,False,missing_candidate_legs
sim_2019-02-09_2026-05-21_7bc84efae62c,2025-04-28,short_straddle,GLD,,,,25.14999961853028,,,,0.0,False,missing_candidate_legs
sim_2019-02-09_2026-05-21_7bc84efae62c,2025-04-28,put_credit_spread,GLD,,,,25.14999961853028,,,,0.0,False,missing_candidate_legs
sim_2019-02-09_2026-05-21_7bc84efae62c,2025-04-29,short_straddle,GLD,,,,24.170000076293945,,,,0.0,False,missing_candidate_legs
sim_2019-02-09_2026-05-21_7bc84efae62c,2025-04-29,put_credit_spread,GLD,,,,24.170000076293945,,,,0.0,False,missing_candidate_legs
sim_2019-02-09_2026-05-21_7bc84efae62c,2025-04-30,short_straddle,GLD,,,,24.700000762939453,,,,0.0,False,missing_candidate_legs
sim_2019-02-09_2026-05-21_7bc84efae62c,2025-04-30,put_credit_spread,GLD,,,,24.700000762939453,,,,0.0,False,missing_candidate_legs
sim_2019-02-09_2026-05-21_7bc84efae62c,2025-05-01,short_straddle,GLD,,,,24.600000381469727,,,,0.0,False,missing_candidate_legs
sim_2019-02-09_2026-05-21_7bc84efae62c,2025-05-01,put_credit_spread,GLD,,,,24.600000381469727,,,,0.0,False,missing_candidate_legs
sim_2019-02-09_2026-05-21_7bc84efae62c,2025-05-02,short_straddle,GLD,,,,22.68000030517578,,,,0.0,False,missing_candidate_legs
sim_2019-02-09_2026-05-21_7bc84efae62c,2025-05-02,put_credit_spread,GLD,,,,22.68000030517578,,,,0.0,False,missing_candidate_legs
sim_2019-02-09_2026-05-21_7bc84efae62c,2025-05-05,short_straddle,GLD,,,,23.63999938964844,,,,0.0,False,missing_candidate_legs
sim_2019-02-09_2026-05-21_7bc84efae62c,2025-05-05,put_credit_spread,GLD,,,,23.63999938964844,,,,0.0,False,missing_candidate_legs
sim_2019-02-09_2026-05-21_7bc84efae62c,2025-05-06,short_straddle,GLD,,,,24.76000022888184,,,,0.0,False,missing_candidate_legs
sim_2019-02-09_2026-05-21_7bc84efae62c,2025-05-06,put_credit_spread,GLD,,,,24.76000022888184,,,,0.0,False,missing_candidate_legs
sim_2019-02-09_2026-05-21_7bc84efae62c,2025-05-07,short_straddle,GLD,,,,23.549999237060547,,,,0.0,False,missing_candidate_legs
sim_2019-02-09_2026-05-21_7bc84efae62c,2025-05-07,put_credit_spread,GLD,,,,23.549999237060547,,,,0.0,False,missing_candidate_legs
sim_2019-02-09_2026-05-21_7bc84efae62c,2025-05-08,short_straddle,GLD,,,,22.479999542236328,,,,0.0,False,missing_candidate_legs
sim_2019-02-09_2026-05-21_7bc84efae62c,2025-05-08,put_credit_spread,GLD,,,,22.479999542236328,,,,0.0,False,missing_candidate_legs
sim_2019-02-09_2026-05-21_7bc84efae62c,2025-05-09,short_straddle,GLD,,,,21.89999961853028,,,,0.0,False,missing_candidate_legs
sim_2019-02-09_2026-05-21_7bc84efae62c,2025-05-09,put_credit_spread,GLD,,,,21.89999961853028,,,,0.0,False,missing_candidate_legs
sim_2019-02-09_2026-05-21_7bc84efae62c,2025-05-12,short_straddle,GLD,,,,18.38999938964844,,,,0.0,False,missing_candidate_legs
sim_2019-02-09_2026-05-21_7bc84efae62c,2025-05-12,put_credit_spread,GLD,,,,18.38999938964844,,,,0.0,False,missing_candidate_legs
sim_2019-02-09_2026-05-21_7bc84efae62c,2025-05-13,short_straddle,GLD,,,,18.21999931335449,,,,0.0,False,missing_candidate_legs
sim_2019-02-09_2026-05-21_7bc84efae62c,2025-05-13,put_credit_spread,GLD,,,,18.21999931335449,,,,0.0,False,missing_candidate_legs
sim_2019-02-09_2026-05-21_7bc84efae62c,2025-05-14,short_straddle,GLD,,,,18.6200008392334,,,,0.0,False,missing_candidate_legs
sim_2019-02-09_2026-05-21_7bc84efae62c,2025-05-14,put_credit_spread,GLD,,,,18.6200008392334,,,,0.0,False,missing_candidate_legs
sim_2019-02-09_2026-05-21_7bc84efae62c,2025-05-15,short_straddle,GLD,,,,17.829999923706055,,,,0.0,False,missing_candidate_legs
sim_2019-02-09_2026-05-21_7bc84efae62c,2025-05-15,put_credit_spread,GLD,,,,17.829999923706055,,,,0.0,False,missing_candidate_legs
sim_2019-02-09_2026-05-21_7bc84efae62c,2025-05-16,short_straddle,GLD,,,,17.239999771118164,,,,0.0,False,missing_candidate_legs
sim_2019-02-09_2026-05-21_7bc84efae62c,2025-05-16,put_credit_spread,GLD,,,,17.239999771118164,,,,0.0,False,missing_candidate_legs
sim_2019-02-09_2026-05-21_7bc84efae62c,2025-05-19,short_straddle,GLD,,,,18.13999938964844,,,,0.0,False,missing_candidate_legs
sim_2019-02-09_2026-05-21_7bc84efae62c,2025-05-19,put_credit_spread,GLD,,,,18.13999938964844,,,,0.0,False,missing_candidate_legs
sim_2019-02-09_2026-05-21_7bc84efae62c,2025-05-20,short_straddle,GLD,,,,18.09000015258789,,,,0.0,False,missing_candidate_legs
sim_2019-02-09_2026-05-21_7bc84efae62c,2025-05-20,put_credit_spread,GLD,,,,18.09000015258789,,,,0.0,False,missing_candidate_legs
sim_2019-02-09_2026-05-21_7bc84efae62c,2025-05-21,short_straddle,GLD,,,,20.8700008392334,,,,0.0,False,missing_candidate_legs
sim_2019-02-09_2026-05-21_7bc84efae62c,2025-05-21,put_credit_spread,GLD,,,,20.8700008392334,,,,0.0,False,missing_candidate_legs
sim_2019-02-09_2026-05-21_7bc84efae62c,2025-05-22,short_straddle,GLD,,,,20.280000686645508,,,,0.0,False,missing_candidate_legs
sim_2019-02-09_2026-05-21_7bc84efae62c,2025-05-22,put_credit_spread,GLD,,,,20.280000686645508,,,,0.0,False,missing_candidate_legs
sim_2019-02-09_2026-05-21_7bc84efae62c,2025-05-23,short_straddle,GLD,,,,22.290000915527344,,,,0.0,False,missing_candidate_legs
sim_2019-02-09_2026-05-21_7bc84efae62c,2025-05-23,put_credit_spread,GLD,,,,22.290000915527344,,,,0.0,False,missing_candidate_legs
sim_2019-02-09_2026-05-21_7bc84efae62c,2025-05-27,short_straddle,GLD,,,,18.959999084472656,,,,0.0,False,missing_candidate_legs
sim_2019-02-09_2026-05-21_7bc84efae62c,2025-05-27,put_credit_spread,GLD,,,,18.959999084472656,,,,0.0,False,missing_candidate_legs
sim_2019-02-09_2026-05-21_7bc84efae62c,2025-05-28,short_straddle,GLD,,,,19.309999465942383,,,,0.0,False,missing_candidate_legs
sim_2019-02-09_2026-05-21_7bc84efae62c,2025-05-28,put_credit_spread,GLD,,,,19.309999465942383,,,,0.0,False,missing_candidate_legs
sim_2019-02-09_2026-05-21_7bc84efae62c,2025-05-29,short_straddle,GLD,,,,19.18000030517578,,,,0.0,False,missing_candidate_legs
sim_2019-02-09_2026-05-21_7bc84efae62c,2025-05-29,put_credit_spread,GLD,,,,19.18000030517578,,,,0.0,False,missing_candidate_legs
sim_2019-02-09_2026-05-21_7bc84efae62c,2025-05-30,short_straddle,GLD,,,,18.56999969482422,,,,0.0,False,missing_candidate_legs
sim_2019-02-09_2026-05-21_7bc84efae62c,2025-05-30,put_credit_spread,GLD,,,,18.56999969482422,,,,0.0,False,missing_candidate_legs
sim_2019-02-09_2026-05-21_7bc84efae62c,2025-06-02,short_straddle,GLD,,,,18.36000061035156,,,,0.0,False,missing_candidate_legs
sim_2019-02-09_2026-05-21_7bc84efae62c,2025-06-02,put_credit_spread,GLD,,,,18.36000061035156,,,,0.0,False,missing_candidate_legs
sim_2019-02-09_2026-05-21_7bc84efae62c,2025-06-03,short_straddle,GLD,,,,17.690000534057617,,,,0.0,False,missing_candidate_legs
sim_2019-02-09_2026-05-21_7bc84efae62c,2025-06-03,put_credit_spread,GLD,,,,17.690000534057617,,,,0.0,False,missing_candidate_legs
sim_2019-02-09_2026-05-21_7bc84efae62c,2025-06-04,short_straddle,GLD,,,,17.610000610351562,,,,0.0,False,missing_candidate_legs
sim_2019-02-09_2026-05-21_7bc84efae62c,2025-06-04,put_credit_spread,GLD,,,,17.610000610351562,,,,0.0,False,missing_candidate_legs
sim_2019-02-09_2026-05-21_7bc84efae62c,2025-06-05,short_straddle,GLD,,,,18.479999542236328,,,,0.0,False,missing_candidate_legs
sim_2019-02-09_2026-05-21_7bc84efae62c,2025-06-05,put_credit_spread,GLD,,,,18.479999542236328,,,,0.0,False,missing_candidate_legs
sim_2019-02-09_2026-05-21_7bc84efae62c,2025-06-06,short_straddle,GLD,,,,16.770000457763672,,,,0.0,False,missing_candidate_legs
sim_2019-02-09_2026-05-21_7bc84efae62c,2025-06-06,put_credit_spread,GLD,,,,16.770000457763672,,,,0.0,False,missing_candidate_legs
sim_2019-02-09_2026-05-21_7bc84efae62c,2025-06-09,short_straddle,GLD,,,,17.15999984741211,,,,0.0,False,missing_candidate_legs
sim_2019-02-09_2026-05-21_7bc84efae62c,2025-06-09,put_credit_spread,GLD,,,,17.15999984741211,,,,0.0,False,missing_candidate_legs
sim_2019-02-09_2026-05-21_7bc84efae62c,2025-06-10,short_straddle,GLD,,,,16.950000762939453,,,,0.0,False,missing_candidate_legs
sim_2019-02-09_2026-05-21_7bc84efae62c,2025-06-10,put_credit_spread,GLD,,,,16.950000762939453,,,,0.0,False,missing_candidate_legs
sim_2019-02-09_2026-05-21_7bc84efae62c,2025-06-11,short_straddle,GLD,,,,17.260000228881836,,,,0.0,False,missing_candidate_legs
sim_2019-02-09_2026-05-21_7bc84efae62c,2025-06-11,put_credit_spread,GLD,,,,17.260000228881836,,,,0.0,False,missing_candidate_legs
sim_2019-02-09_2026-05-21_7bc84efae62c,2025-06-12,short_straddle,GLD,,,,18.020000457763672,,,,0.0,False,missing_candidate_legs
sim_2019-02-09_2026-05-21_7bc84efae62c,2025-06-12,put_credit_spread,GLD,,,,18.020000457763672,,,,0.0,False,missing_candidate_legs
sim_2019-02-09_2026-05-21_7bc84efae62c,2025-06-13,short_straddle,GLD,,,,20.81999969482422,,,,0.0,False,missing_candidate_legs
sim_2019-02-09_2026-05-21_7bc84efae62c,2025-06-13,put_credit_spread,GLD,,,,20.81999969482422,,,,0.0,False,missing_candidate_legs
sim_2019-02-09_2026-05-21_7bc84efae62c,2025-06-16,short_straddle,GLD,,,,19.11000061035156,,,,0.0,False,missing_candidate_legs
sim_2019-02-09_2026-05-21_7bc84efae62c,2025-06-16,put_credit_spread,GLD,,,,19.11000061035156,,,,0.0,False,missing_candidate_legs
sim_2019-02-09_2026-05-21_7bc84efae62c,2025-06-17,short_straddle,GLD,,,,21.600000381469727,,,,0.0,False,missing_candidate_legs
sim_2019-02-09_2026-05-21_7bc84efae62c,2025-06-17,put_credit_spread,GLD,,,,21.600000381469727,,,,0.0,False,missing_candidate_legs
sim_2019-02-09_2026-05-21_7bc84efae62c,2025-06-18,short_straddle,GLD,,,,20.13999938964844,,,,0.0,False,missing_candidate_legs
sim_2019-02-09_2026-05-21_7bc84efae62c,2025-06-18,put_credit_spread,GLD,,,,20.13999938964844,,,,0.0,False,missing_candidate_legs
sim_2019-02-09_2026-05-21_7bc84efae62c,2025-06-20,short_straddle,GLD,,,,20.6200008392334,,,,0.0,False,missing_candidate_legs
sim_2019-02-09_2026-05-21_7bc84efae62c,2025-06-20,put_credit_spread,GLD,,,,20.6200008392334,,,,0.0,False,missing_candidate_legs
sim_2019-02-09_2026-05-21_7bc84efae62c,2025-06-23,short_straddle,GLD,,,,19.82999992370605,,,,0.0,False,missing_candidate_legs
sim_2019-02-09_2026-05-21_7bc84efae62c,2025-06-23,put_credit_spread,GLD,,,,19.82999992370605,,,,0.0,False,missing_candidate_legs
sim_2019-02-09_2026-05-21_7bc84efae62c,2025-06-24,short_straddle,GLD,,,,17.479999542236328,,,,0.0,False,missing_candidate_legs
sim_2019-02-09_2026-05-21_7bc84efae62c,2025-06-24,put_credit_spread,GLD,,,,17.479999542236328,,,,0.0,False,missing_candidate_legs
sim_2019-02-09_2026-05-21_7bc84efae62c,2025-06-25,short_straddle,GLD,,,,16.760000228881836,,,,0.0,False,missing_candidate_legs
sim_2019-02-09_2026-05-21_7bc84efae62c,2025-06-25,put_credit_spread,GLD,,,,16.760000228881836,,,,0.0,False,missing_candidate_legs
sim_2019-02-09_2026-05-21_7bc84efae62c,2025-06-26,short_straddle,GLD,,,,16.59000015258789,,,,0.0,False,missing_candidate_legs
sim_2019-02-09_2026-05-21_7bc84efae62c,2025-06-26,put_credit_spread,GLD,,,,16.59000015258789,,,,0.0,False,missing_candidate_legs
sim_2019-02-09_2026-05-21_7bc84efae62c,2025-06-27,short_straddle,GLD,,,,16.31999969482422,,,,0.0,False,missing_candidate_legs
sim_2019-02-09_2026-05-21_7bc84efae62c,2025-06-27,put_credit_spread,GLD,,,,16.31999969482422,,,,0.0,False,missing_candidate_legs
sim_2019-02-09_2026-05-21_7bc84efae62c,2025-06-30,short_straddle,GLD,,,,16.729999542236328,,,,0.0,False,missing_candidate_legs
sim_2019-02-09_2026-05-21_7bc84efae62c,2025-06-30,put_credit_spread,GLD,,,,16.729999542236328,,,,0.0,False,missing_candidate_legs
sim_2019-02-09_2026-05-21_7bc84efae62c,2025-07-01,short_straddle,GLD,,,,16.829999923706055,,,,0.0,False,missing_candidate_legs
sim_2019-02-09_2026-05-21_7bc84efae62c,2025-07-01,put_credit_spread,GLD,,,,16.829999923706055,,,,0.0,False,missing_candidate_legs
sim_2019-02-09_2026-05-21_7bc84efae62c,2025-07-02,short_straddle,GLD,,,,16.639999389648438,,,,0.0,False,missing_candidate_legs
sim_2019-02-09_2026-05-21_7bc84efae62c,2025-07-02,put_credit_spread,GLD,,,,16.639999389648438,,,,0.0,False,missing_candidate_legs
sim_2019-02-09_2026-05-21_7bc84efae62c,2025-07-03,short_straddle,GLD,,,,16.3799991607666,,,,0.0,False,missing_candidate_legs
sim_2019-02-09_2026-05-21_7bc84efae62c,2025-07-03,put_credit_spread,GLD,,,,16.3799991607666,,,,0.0,False,missing_candidate_legs
sim_2019-02-09_2026-05-21_7bc84efae62c,2025-07-07,short_straddle,GLD,,,,17.790000915527344,,,,0.0,False,missing_candidate_legs
sim_2019-02-09_2026-05-21_7bc84efae62c,2025-07-07,put_credit_spread,GLD,,,,17.790000915527344,,,,0.0,False,missing_candidate_legs
sim_2019-02-09_2026-05-21_7bc84efae62c,2025-07-08,short_straddle,GLD,,,,16.809999465942383,,,,0.0,False,missing_candidate_legs
sim_2019-02-09_2026-05-21_7bc84efae62c,2025-07-08,put_credit_spread,GLD,,,,16.809999465942383,,,,0.0,False,missing_candidate_legs
sim_2019-02-09_2026-05-21_7bc84efae62c,2025-07-09,short_straddle,GLD,,,,15.9399995803833,,,,0.0,False,missing_candidate_legs
sim_2019-02-09_2026-05-21_7bc84efae62c,2025-07-09,put_credit_spread,GLD,,,,15.9399995803833,,,,0.0,False,missing_candidate_legs
sim_2019-02-09_2026-05-21_7bc84efae62c,2025-07-10,short_straddle,GLD,,,,15.779999732971191,,,,0.0,False,missing_candidate_legs
sim_2019-02-09_2026-05-21_7bc84efae62c,2025-07-10,put_credit_spread,GLD,,,,15.779999732971191,,,,0.0,False,missing_candidate_legs
sim_2019-02-09_2026-05-21_7bc84efae62c,2025-07-11,short_straddle,GLD,,,,16.399999618530273,,,,0.0,False,missing_candidate_legs
sim_2019-02-09_2026-05-21_7bc84efae62c,2025-07-11,put_credit_spread,GLD,,,,16.399999618530273,,,,0.0,False,missing_candidate_legs
sim_2019-02-09_2026-05-21_7bc84efae62c,2025-07-14,short_straddle,GLD,,,,17.200000762939453,,,,0.0,False,missing_candidate_legs
sim_2019-02-09_2026-05-21_7bc84efae62c,2025-07-14,put_credit_spread,GLD,,,,17.200000762939453,,,,0.0,False,missing_candidate_legs
sim_2019-02-09_2026-05-21_7bc84efae62c,2025-07-15,short_straddle,GLD,,,,17.3799991607666,,,,0.0,False,missing_candidate_legs
sim_2019-02-09_2026-05-21_7bc84efae62c,2025-07-15,put_credit_spread,GLD,,,,17.3799991607666,,,,0.0,False,missing_candidate_legs
sim_2019-02-09_2026-05-21_7bc84efae62c,2025-07-16,short_straddle,GLD,,,,17.15999984741211,,,,0.0,False,missing_candidate_legs
sim_2019-02-09_2026-05-21_7bc84efae62c,2025-07-16,put_credit_spread,GLD,,,,17.15999984741211,,,,0.0,False,missing_candidate_legs
sim_2019-02-09_2026-05-21_7bc84efae62c,2025-07-17,short_straddle,GLD,,,,16.520000457763672,,,,0.0,False,missing_candidate_legs
sim_2019-02-09_2026-05-21_7bc84efae62c,2025-07-17,put_credit_spread,GLD,,,,16.520000457763672,,,,0.0,False,missing_candidate_legs
sim_2019-02-09_2026-05-21_7bc84efae62c,2025-07-18,short_straddle,GLD,,,,16.40999984741211,,,,0.0,False,missing_candidate_legs
sim_2019-02-09_2026-05-21_7bc84efae62c,2025-07-18,put_credit_spread,GLD,,,,16.40999984741211,,,,0.0,False,missing_candidate_legs
sim_2019-02-09_2026-05-21_7bc84efae62c,2025-07-21,short_straddle,GLD,,,,16.649999618530273,,,,0.0,False,missing_candidate_legs
sim_2019-02-09_2026-05-21_7bc84efae62c,2025-07-21,put_credit_spread,GLD,,,,16.649999618530273,,,,0.0,False,missing_candidate_legs
sim_2019-02-09_2026-05-21_7bc84efae62c,2025-07-22,short_straddle,GLD,,,,16.5,,,,0.0,False,missing_candidate_legs
sim_2019-02-09_2026-05-21_7bc84efae62c,2025-07-22,put_credit_spread,GLD,,,,16.5,,,,0.0,False,missing_candidate_legs
sim_2019-02-09_2026-05-21_7bc84efae62c,2025-07-23,short_straddle,GLD,,,,15.369999885559082,,,,0.0,False,missing_candidate_legs
sim_2019-02-09_2026-05-21_7bc84efae62c,2025-07-23,put_credit_spread,GLD,,,,15.369999885559082,,,,0.0,False,missing_candidate_legs
sim_2019-02-09_2026-05-21_7bc84efae62c,2025-07-24,short_straddle,GLD,,,,15.390000343322754,,,,0.0,False,missing_candidate_legs
sim_2019-02-09_2026-05-21_7bc84efae62c,2025-07-24,put_credit_spread,GLD,,,,15.390000343322754,,,,0.0,False,missing_candidate_legs
sim_2019-02-09_2026-05-21_7bc84efae62c,2025-07-25,short_straddle,GLD,,,,14.93000030517578,,,,0.0,False,missing_candidate_legs
sim_2019-02-09_2026-05-21_7bc84efae62c,2025-07-25,put_credit_spread,GLD,,,,14.93000030517578,,,,0.0,False,missing_candidate_legs
sim_2019-02-09_2026-05-21_7bc84efae62c,2025-07-28,short_straddle,GLD,,,,15.029999732971191,,,,0.0,False,missing_candidate_legs
sim_2019-02-09_2026-05-21_7bc84efae62c,2025-07-28,put_credit_spread,GLD,,,,15.029999732971191,,,,0.0,False,missing_candidate_legs
sim_2019-02-09_2026-05-21_7bc84efae62c,2025-07-29,short_straddle,GLD,,,,15.979999542236328,,,,0.0,False,missing_candidate_legs
sim_2019-02-09_2026-05-21_7bc84efae62c,2025-07-29,put_credit_spread,GLD,,,,15.979999542236328,,,,0.0,False,missing_candidate_legs
sim_2019-02-09_2026-05-21_7bc84efae62c,2025-07-30,short_straddle,GLD,,,,15.479999542236328,,,,0.0,False,missing_candidate_legs
sim_2019-02-09_2026-05-21_7bc84efae62c,2025-07-30,put_credit_spread,GLD,,,,15.479999542236328,,,,0.0,False,missing_candidate_legs
sim_2019-02-09_2026-05-21_7bc84efae62c,2025-07-31,short_straddle,GLD,,,,16.719999313354492,,,,0.0,False,missing_candidate_legs
sim_2019-02-09_2026-05-21_7bc84efae62c,2025-07-31,put_credit_spread,GLD,,,,16.719999313354492,,,,0.0,False,missing_candidate_legs
sim_2019-02-09_2026-05-21_7bc84efae62c,2025-08-01,short_straddle,GLD,,,,20.3799991607666,,,,0.0,False,missing_candidate_legs
sim_2019-02-09_2026-05-21_7bc84efae62c,2025-08-01,put_credit_spread,GLD,,,,20.3799991607666,,,,0.0,False,missing_candidate_legs
sim_2019-02-09_2026-05-21_7bc84efae62c,2025-08-04,short_straddle,GLD,,,,17.520000457763672,,,,0.0,False,missing_candidate_legs
sim_2019-02-09_2026-05-21_7bc84efae62c,2025-08-04,put_credit_spread,GLD,,,,17.520000457763672,,,,0.0,False,missing_candidate_legs
sim_2019-02-09_2026-05-21_7bc84efae62c,2025-08-05,short_straddle,GLD,,,,17.850000381469727,,,,0.0,False,missing_candidate_legs
sim_2019-02-09_2026-05-21_7bc84efae62c,2025-08-05,put_credit_spread,GLD,,,,17.850000381469727,,,,0.0,False,missing_candidate_legs
sim_2019-02-09_2026-05-21_7bc84efae62c,2025-08-06,short_straddle,GLD,,,,16.770000457763672,,,,0.0,False,missing_candidate_legs
sim_2019-02-09_2026-05-21_7bc84efae62c,2025-08-06,put_credit_spread,GLD,,,,16.770000457763672,,,,0.0,False,missing_candidate_legs
sim_2019-02-09_2026-05-21_7bc84efae62c,2025-08-07,short_straddle,GLD,,,,16.56999969482422,,,,0.0,False,missing_candidate_legs
sim_2019-02-09_2026-05-21_7bc84efae62c,2025-08-07,put_credit_spread,GLD,,,,16.56999969482422,,,,0.0,False,missing_candidate_legs
sim_2019-02-09_2026-05-21_7bc84efae62c,2025-08-08,short_straddle,GLD,,,,15.149999618530272,,,,0.0,False,missing_candidate_legs
sim_2019-02-09_2026-05-21_7bc84efae62c,2025-08-08,put_credit_spread,GLD,,,,15.149999618530272,,,,0.0,False,missing_candidate_legs
sim_2019-02-09_2026-05-21_7bc84efae62c,2025-08-11,short_straddle,GLD,,,,16.25,,,,0.0,False,missing_candidate_legs
sim_2019-02-09_2026-05-21_7bc84efae62c,2025-08-11,put_credit_spread,GLD,,,,16.25,,,,0.0,False,missing_candidate_legs
sim_2019-02-09_2026-05-21_7bc84efae62c,2025-08-12,short_straddle,GLD,,,,14.729999542236328,,,,0.0,False,missing_candidate_legs
sim_2019-02-09_2026-05-21_7bc84efae62c,2025-08-12,put_credit_spread,GLD,,,,14.729999542236328,,,,0.0,False,missing_candidate_legs
sim_2019-02-09_2026-05-21_7bc84efae62c,2025-08-13,short_straddle,GLD,,,,14.489999771118164,,,,0.0,False,missing_candidate_legs
sim_2019-02-09_2026-05-21_7bc84efae62c,2025-08-13,put_credit_spread,GLD,,,,14.489999771118164,,,,0.0,False,missing_candidate_legs
sim_2019-02-09_2026-05-21_7bc84efae62c,2025-08-14,short_straddle,GLD,,,,14.829999923706056,,,,0.0,False,missing_candidate_legs
sim_2019-02-09_2026-05-21_7bc84efae62c,2025-08-14,put_credit_spread,GLD,,,,14.829999923706056,,,,0.0,False,missing_candidate_legs
sim_2019-02-09_2026-05-21_7bc84efae62c,2025-08-15,short_straddle,GLD,,,,15.09000015258789,,,,0.0,False,missing_candidate_legs
sim_2019-02-09_2026-05-21_7bc84efae62c,2025-08-15,put_credit_spread,GLD,,,,15.09000015258789,,,,0.0,False,missing_candidate_legs
sim_2019-02-09_2026-05-21_7bc84efae62c,2025-08-18,short_straddle,GLD,,,,14.989999771118164,,,,0.0,False,missing_candidate_legs
sim_2019-02-09_2026-05-21_7bc84efae62c,2025-08-18,put_credit_spread,GLD,,,,14.989999771118164,,,,0.0,False,missing_candidate_legs
sim_2019-02-09_2026-05-21_7bc84efae62c,2025-08-19,short_straddle,GLD,,,,15.56999969482422,,,,0.0,False,missing_candidate_legs
sim_2019-02-09_2026-05-21_7bc84efae62c,2025-08-19,put_credit_spread,GLD,,,,15.56999969482422,,,,0.0,False,missing_candidate_legs
sim_2019-02-09_2026-05-21_7bc84efae62c,2025-08-20,short_straddle,GLD,,,,15.6899995803833,,,,0.0,False,missing_candidate_legs
sim_2019-02-09_2026-05-21_7bc84efae62c,2025-08-20,put_credit_spread,GLD,,,,15.6899995803833,,,,0.0,False,missing_candidate_legs
sim_2019-02-09_2026-05-21_7bc84efae62c,2025-08-21,short_straddle,GLD,,,,16.600000381469727,,,,0.0,False,missing_candidate_legs
sim_2019-02-09_2026-05-21_7bc84efae62c,2025-08-21,put_credit_spread,GLD,,,,16.600000381469727,,,,0.0,False,missing_candidate_legs
sim_2019-02-09_2026-05-21_7bc84efae62c,2025-08-22,short_straddle,GLD,,,,14.220000267028809,,,,0.0,False,missing_candidate_legs
sim_2019-02-09_2026-05-21_7bc84efae62c,2025-08-22,put_credit_spread,GLD,,,,14.220000267028809,,,,0.0,False,missing_candidate_legs
sim_2019-02-09_2026-05-21_7bc84efae62c,2025-08-25,short_straddle,GLD,,,,14.789999961853027,,,,0.0,False,missing_candidate_legs
sim_2019-02-09_2026-05-21_7bc84efae62c,2025-08-25,put_credit_spread,GLD,,,,14.789999961853027,,,,0.0,False,missing_candidate_legs
sim_2019-02-09_2026-05-21_7bc84efae62c,2025-08-26,short_straddle,GLD,,,,14.619999885559082,,,,0.0,False,missing_candidate_legs
sim_2019-02-09_2026-05-21_7bc84efae62c,2025-08-26,put_credit_spread,GLD,,,,14.619999885559082,,,,0.0,False,missing_candidate_legs
sim_2019-02-09_2026-05-21_7bc84efae62c,2025-08-27,short_straddle,GLD,,,,14.850000381469728,,,,0.0,False,missing_candidate_legs
sim_2019-02-09_2026-05-21_7bc84efae62c,2025-08-27,put_credit_spread,GLD,,,,14.850000381469728,,,,0.0,False,missing_candidate_legs
sim_2019-02-09_2026-05-21_7bc84efae62c,2025-08-28,short_straddle,GLD,,,,14.43000030517578,,,,0.0,False,missing_candidate_legs
sim_2019-02-09_2026-05-21_7bc84efae62c,2025-08-28,put_credit_spread,GLD,,,,14.43000030517578,,,,0.0,False,missing_candidate_legs
sim_2019-02-09_2026-05-21_7bc84efae62c,2025-08-29,short_straddle,GLD,,,,15.359999656677246,,,,0.0,False,missing_candidate_legs
sim_2019-02-09_2026-05-21_7bc84efae62c,2025-08-29,put_credit_spread,GLD,,,,15.359999656677246,,,,0.0,False,missing_candidate_legs
sim_2019-02-09_2026-05-21_7bc84efae62c,2025-09-02,short_straddle,GLD,,,,17.170000076293945,,,,0.0,False,missing_candidate_legs
sim_2019-02-09_2026-05-21_7bc84efae62c,2025-09-02,put_credit_spread,GLD,,,,17.170000076293945,,,,0.0,False,missing_candidate_legs
sim_2019-02-09_2026-05-21_7bc84efae62c,2025-09-03,short_straddle,GLD,,,,16.350000381469727,,,,0.0,False,missing_candidate_legs
sim_2019-02-09_2026-05-21_7bc84efae62c,2025-09-03,put_credit_spread,GLD,,,,16.350000381469727,,,,0.0,False,missing_candidate_legs
sim_2019-02-09_2026-05-21_7bc84efae62c,2025-09-04,short_straddle,GLD,,,,15.300000190734863,,,,0.0,False,missing_candidate_legs
sim_2019-02-09_2026-05-21_7bc84efae62c,2025-09-04,put_credit_spread,GLD,,,,15.300000190734863,,,,0.0,False,missing_candidate_legs
sim_2019-02-09_2026-05-21_7bc84efae62c,2025-09-05,short_straddle,GLD,,,,15.18000030517578,,,,0.0,False,missing_candidate_legs
sim_2019-02-09_2026-05-21_7bc84efae62c,2025-09-05,put_credit_spread,GLD,,,,15.18000030517578,,,,0.0,False,missing_candidate_legs
sim_2019-02-09_2026-05-21_7bc84efae62c,2025-09-08,short_straddle,GLD,,,,15.109999656677246,,,,0.0,False,missing_candidate_legs
sim_2019-02-09_2026-05-21_7bc84efae62c,2025-09-08,put_credit_spread,GLD,,,,15.109999656677246,,,,0.0,False,missing_candidate_legs
sim_2019-02-09_2026-05-21_7bc84efae62c,2025-09-09,short_straddle,GLD,,,,15.039999961853027,,,,0.0,False,missing_candidate_legs
sim_2019-02-09_2026-05-21_7bc84efae62c,2025-09-09,put_credit_spread,GLD,,,,15.039999961853027,,,,0.0,False,missing_candidate_legs
sim_2019-02-09_2026-05-21_7bc84efae62c,2025-09-10,short_straddle,GLD,,,,15.350000381469728,,,,0.0,False,missing_candidate_legs
sim_2019-02-09_2026-05-21_7bc84efae62c,2025-09-10,put_credit_spread,GLD,,,,15.350000381469728,,,,0.0,False,missing_candidate_legs
sim_2019-02-09_2026-05-21_7bc84efae62c,2025-09-11,short_straddle,GLD,,,,14.710000038146973,,,,0.0,False,missing_candidate_legs
sim_2019-02-09_2026-05-21_7bc84efae62c,2025-09-11,put_credit_spread,GLD,,,,14.710000038146973,,,,0.0,False,missing_candidate_legs
sim_2019-02-09_2026-05-21_7bc84efae62c,2025-09-12,short_straddle,GLD,,,,14.760000228881836,,,,0.0,False,missing_candidate_legs
sim_2019-02-09_2026-05-21_7bc84efae62c,2025-09-12,put_credit_spread,GLD,,,,14.760000228881836,,,,0.0,False,missing_candidate_legs
sim_2019-02-09_2026-05-21_7bc84efae62c,2025-09-15,short_straddle,GLD,,,,15.6899995803833,,,,0.0,False,missing_candidate_legs
sim_2019-02-09_2026-05-21_7bc84efae62c,2025-09-15,put_credit_spread,GLD,,,,15.6899995803833,,,,0.0,False,missing_candidate_legs
sim_2019-02-09_2026-05-21_7bc84efae62c,2025-09-16,short_straddle,GLD,,,,16.360000610351562,,,,0.0,False,missing_candidate_legs
sim_2019-02-09_2026-05-21_7bc84efae62c,2025-09-16,put_credit_spread,GLD,,,,16.360000610351562,,,,0.0,False,missing_candidate_legs
sim_2019-02-09_2026-05-21_7bc84efae62c,2025-09-17,short_straddle,GLD,,,,15.720000267028809,,,,0.0,False,missing_candidate_legs
sim_2019-02-09_2026-05-21_7bc84efae62c,2025-09-17,put_credit_spread,GLD,,,,15.720000267028809,,,,0.0,False,missing_candidate_legs
sim_2019-02-09_2026-05-21_7bc84efae62c,2025-09-18,short_straddle,GLD,,,,15.699999809265137,,,,0.0,False,missing_candidate_legs
sim_2019-02-09_2026-05-21_7bc84efae62c,2025-09-18,put_credit_spread,GLD,,,,15.699999809265137,,,,0.0,False,missing_candidate_legs
sim_2019-02-09_2026-05-21_7bc84efae62c,2025-09-19,short_straddle,GLD,,,,15.449999809265137,,,,0.0,False,missing_candidate_legs
sim_2019-02-09_2026-05-21_7bc84efae62c,2025-09-19,put_credit_spread,GLD,,,,15.449999809265137,,,,0.0,False,missing_candidate_legs
sim_2019-02-09_2026-05-21_7bc84efae62c,2025-09-22,short_straddle,GLD,,,,16.100000381469727,,,,0.0,False,missing_candidate_legs
sim_2019-02-09_2026-05-21_7bc84efae62c,2025-09-22,put_credit_spread,GLD,,,,16.100000381469727,,,,0.0,False,missing_candidate_legs
sim_2019-02-09_2026-05-21_7bc84efae62c,2025-09-23,short_straddle,GLD,,,,16.639999389648438,,,,0.0,False,missing_candidate_legs
sim_2019-02-09_2026-05-21_7bc84efae62c,2025-09-23,put_credit_spread,GLD,,,,16.639999389648438,,,,0.0,False,missing_candidate_legs
sim_2019-02-09_2026-05-21_7bc84efae62c,2025-09-24,short_straddle,GLD,,,,16.18000030517578,,,,0.0,False,missing_candidate_legs
sim_2019-02-09_2026-05-21_7bc84efae62c,2025-09-24,put_credit_spread,GLD,,,,16.18000030517578,,,,0.0,False,missing_candidate_legs
sim_2019-02-09_2026-05-21_7bc84efae62c,2025-09-25,short_straddle,GLD,,,,16.739999771118164,,,,0.0,False,missing_candidate_legs
sim_2019-02-09_2026-05-21_7bc84efae62c,2025-09-25,put_credit_spread,GLD,,,,16.739999771118164,,,,0.0,False,missing_candidate_legs
sim_2019-02-09_2026-05-21_7bc84efae62c,2025-09-26,short_straddle,GLD,,,,15.289999961853027,,,,0.0,False,missing_candidate_legs
sim_2019-02-09_2026-05-21_7bc84efae62c,2025-09-26,put_credit_spread,GLD,,,,15.289999961853027,,,,0.0,False,missing_candidate_legs
sim_2019-02-09_2026-05-21_7bc84efae62c,2025-09-29,short_straddle,GLD,,,,16.1200008392334,,,,0.0,False,missing_candidate_legs
sim_2019-02-09_2026-05-21_7bc84efae62c,2025-09-29,put_credit_spread,GLD,,,,16.1200008392334,,,,0.0,False,missing_candidate_legs
sim_2019-02-09_2026-05-21_7bc84efae62c,2025-09-30,short_straddle,GLD,,,,16.280000686645508,,,,0.0,False,missing_candidate_legs
sim_2019-02-09_2026-05-21_7bc84efae62c,2025-09-30,put_credit_spread,GLD,,,,16.280000686645508,,,,0.0,False,missing_candidate_legs
sim_2019-02-09_2026-05-21_7bc84efae62c,2025-10-01,short_straddle,GLD,,,,16.290000915527344,,,,0.0,False,missing_candidate_legs
sim_2019-02-09_2026-05-21_7bc84efae62c,2025-10-01,put_credit_spread,GLD,,,,16.290000915527344,,,,0.0,False,missing_candidate_legs
sim_2019-02-09_2026-05-21_7bc84efae62c,2025-10-02,short_straddle,GLD,,,,16.6299991607666,,,,0.0,False,missing_candidate_legs
sim_2019-02-09_2026-05-21_7bc84efae62c,2025-10-02,put_credit_spread,GLD,,,,16.6299991607666,,,,0.0,False,missing_candidate_legs
sim_2019-02-09_2026-05-21_7bc84efae62c,2025-10-03,short_straddle,GLD,,,,16.649999618530273,,,,0.0,False,missing_candidate_legs
sim_2019-02-09_2026-05-21_7bc84efae62c,2025-10-03,put_credit_spread,GLD,,,,16.649999618530273,,,,0.0,False,missing_candidate_legs
sim_2019-02-09_2026-05-21_7bc84efae62c,2025-10-06,short_straddle,GLD,,,,16.3700008392334,,,,0.0,False,missing_candidate_legs
sim_2019-02-09_2026-05-21_7bc84efae62c,2025-10-06,put_credit_spread,GLD,,,,16.3700008392334,,,,0.0,False,missing_candidate_legs
sim_2019-02-09_2026-05-21_7bc84efae62c,2025-10-07,short_straddle,GLD,,,,17.239999771118164,,,,0.0,False,missing_candidate_legs
sim_2019-02-09_2026-05-21_7bc84efae62c,2025-10-07,put_credit_spread,GLD,,,,17.239999771118164,,,,0.0,False,missing_candidate_legs
sim_2019-02-09_2026-05-21_7bc84efae62c,2025-10-08,short_straddle,GLD,,,,16.299999237060547,,,,0.0,False,missing_candidate_legs
sim_2019-02-09_2026-05-21_7bc84efae62c,2025-10-08,put_credit_spread,GLD,,,,16.299999237060547,,,,0.0,False,missing_candidate_legs
sim_2019-02-09_2026-05-21_7bc84efae62c,2025-10-09,short_straddle,GLD,,,,16.43000030517578,,,,0.0,False,missing_candidate_legs
sim_2019-02-09_2026-05-21_7bc84efae62c,2025-10-09,put_credit_spread,GLD,,,,16.43000030517578,,,,0.0,False,missing_candidate_legs
sim_2019-02-09_2026-05-21_7bc84efae62c,2025-10-10,short_straddle,GLD,,,,21.65999984741211,,,,0.0,False,missing_candidate_legs
sim_2019-02-09_2026-05-21_7bc84efae62c,2025-10-10,put_credit_spread,GLD,,,,21.65999984741211,,,,0.0,False,missing_candidate_legs
sim_2019-02-09_2026-05-21_7bc84efae62c,2025-10-13,short_straddle,GLD,,,,19.030000686645508,,,,0.0,False,missing_candidate_legs
sim_2019-02-09_2026-05-21_7bc84efae62c,2025-10-13,put_credit_spread,GLD,,,,19.030000686645508,,,,0.0,False,missing_candidate_legs
sim_2019-02-09_2026-05-21_7bc84efae62c,2025-10-14,short_straddle,GLD,,,,20.809999465942383,,,,0.0,False,missing_candidate_legs
sim_2019-02-09_2026-05-21_7bc84efae62c,2025-10-14,put_credit_spread,GLD,,,,20.809999465942383,,,,0.0,False,missing_candidate_legs
sim_2019-02-09_2026-05-21_7bc84efae62c,2025-10-15,short_straddle,GLD,,,,20.63999938964844,,,,0.0,False,missing_candidate_legs
sim_2019-02-09_2026-05-21_7bc84efae62c,2025-10-15,put_credit_spread,GLD,,,,20.63999938964844,,,,0.0,False,missing_candidate_legs
sim_2019-02-09_2026-05-21_7bc84efae62c,2025-10-16,short_straddle,GLD,,,,25.309999465942383,,,,0.0,False,missing_candidate_legs
sim_2019-02-09_2026-05-21_7bc84efae62c,2025-10-16,put_credit_spread,GLD,,,,25.309999465942383,,,,0.0,False,missing_candidate_legs
sim_2019-02-09_2026-05-21_7bc84efae62c,2025-10-17,short_straddle,GLD,,,,20.780000686645508,,,,0.0,False,missing_candidate_legs
sim_2019-02-09_2026-05-21_7bc84efae62c,2025-10-17,put_credit_spread,GLD,,,,20.780000686645508,,,,0.0,False,missing_candidate_legs
sim_2019-02-09_2026-05-21_7bc84efae62c,2025-10-20,short_straddle,GLD,,,,18.229999542236328,,,,0.0,False,missing_candidate_legs
sim_2019-02-09_2026-05-21_7bc84efae62c,2025-10-20,put_credit_spread,GLD,,,,18.229999542236328,,,,0.0,False,missing_candidate_legs
sim_2019-02-09_2026-05-21_7bc84efae62c,2025-10-21,short_straddle,GLD,,,,17.8700008392334,,,,0.0,False,missing_candidate_legs
sim_2019-02-09_2026-05-21_7bc84efae62c,2025-10-21,put_credit_spread,GLD,,,,17.8700008392334,,,,0.0,False,missing_candidate_legs
sim_2019-02-09_2026-05-21_7bc84efae62c,2025-10-22,short_straddle,GLD,,,,18.600000381469727,,,,0.0,False,missing_candidate_legs
sim_2019-02-09_2026-05-21_7bc84efae62c,2025-10-22,put_credit_spread,GLD,,,,18.600000381469727,,,,0.0,False,missing_candidate_legs
sim_2019-02-09_2026-05-21_7bc84efae62c,2025-10-23,short_straddle,GLD,,,,17.299999237060547,,,,0.0,False,missing_candidate_legs
sim_2019-02-09_2026-05-21_7bc84efae62c,2025-10-23,put_credit_spread,GLD,,,,17.299999237060547,,,,0.0,False,missing_candidate_legs
sim_2019-02-09_2026-05-21_7bc84efae62c,2025-10-24,short_straddle,GLD,,,,16.3700008392334,,,,0.0,False,missing_candidate_legs
sim_2019-02-09_2026-05-21_7bc84efae62c,2025-10-24,put_credit_spread,GLD,,,,16.3700008392334,,,,0.0,False,missing_candidate_legs
sim_2019-02-09_2026-05-21_7bc84efae62c,2025-10-27,short_straddle,GLD,,,,15.789999961853027,,,,0.0,False,missing_candidate_legs
sim_2019-02-09_2026-05-21_7bc84efae62c,2025-10-27,put_credit_spread,GLD,,,,15.789999961853027,,,,0.0,False,missing_candidate_legs
sim_2019-02-09_2026-05-21_7bc84efae62c,2025-10-28,short_straddle,GLD,,,,16.420000076293945,,,,0.0,False,missing_candidate_legs
sim_2019-02-09_2026-05-21_7bc84efae62c,2025-10-28,put_credit_spread,GLD,,,,16.420000076293945,,,,0.0,False,missing_candidate_legs
sim_2019-02-09_2026-05-21_7bc84efae62c,2025-10-29,short_straddle,GLD,,,,16.920000076293945,,,,0.0,False,missing_candidate_legs
sim_2019-02-09_2026-05-21_7bc84efae62c,2025-10-29,put_credit_spread,GLD,,,,16.920000076293945,,,,0.0,False,missing_candidate_legs
sim_2019-02-09_2026-05-21_7bc84efae62c,2025-10-30,short_straddle,GLD,,,,16.90999984741211,,,,0.0,False,missing_candidate_legs
sim_2019-02-09_2026-05-21_7bc84efae62c,2025-10-30,put_credit_spread,GLD,,,,16.90999984741211,,,,0.0,False,missing_candidate_legs
sim_2019-02-09_2026-05-21_7bc84efae62c,2025-10-31,short_straddle,GLD,,,,17.440000534057617,,,,0.0,False,missing_candidate_legs
sim_2019-02-09_2026-05-21_7bc84efae62c,2025-10-31,put_credit_spread,GLD,,,,17.440000534057617,,,,0.0,False,missing_candidate_legs
sim_2019-02-09_2026-05-21_7bc84efae62c,2025-11-03,short_straddle,GLD,,,,17.170000076293945,,,,0.0,False,missing_candidate_legs
sim_2019-02-09_2026-05-21_7bc84efae62c,2025-11-03,put_credit_spread,GLD,,,,17.170000076293945,,,,0.0,False,missing_candidate_legs
sim_2019-02-09_2026-05-21_7bc84efae62c,2025-11-04,short_straddle,GLD,,,,19.0,,,,0.0,False,missing_candidate_legs
sim_2019-02-09_2026-05-21_7bc84efae62c,2025-11-04,put_credit_spread,GLD,,,,19.0,,,,0.0,False,missing_candidate_legs
sim_2019-02-09_2026-05-21_7bc84efae62c,2025-11-05,short_straddle,GLD,,,,18.010000228881836,,,,0.0,False,missing_candidate_legs
sim_2019-02-09_2026-05-21_7bc84efae62c,2025-11-05,put_credit_spread,GLD,,,,18.010000228881836,,,,0.0,False,missing_candidate_legs
sim_2019-02-09_2026-05-21_7bc84efae62c,2025-11-06,short_straddle,GLD,,,,19.5,,,,0.0,False,missing_candidate_legs
sim_2019-02-09_2026-05-21_7bc84efae62c,2025-11-06,put_credit_spread,GLD,,,,19.5,,,,0.0,False,missing_candidate_legs
sim_2019-02-09_2026-05-21_7bc84efae62c,2025-11-07,short_straddle,GLD,,,,19.07999992370605,,,,0.0,False,missing_candidate_legs
sim_2019-02-09_2026-05-21_7bc84efae62c,2025-11-07,put_credit_spread,GLD,,,,19.07999992370605,,,,0.0,False,missing_candidate_legs
sim_2019-02-09_2026-05-21_7bc84efae62c,2025-11-10,short_straddle,GLD,,,,17.600000381469727,,,,0.0,False,missing_candidate_legs
sim_2019-02-09_2026-05-21_7bc84efae62c,2025-11-10,put_credit_spread,GLD,,,,17.600000381469727,,,,0.0,False,missing_candidate_legs
sim_2019-02-09_2026-05-21_7bc84efae62c,2025-11-11,short_straddle,GLD,,,,17.280000686645508,,,,0.0,False,missing_candidate_legs
sim_2019-02-09_2026-05-21_7bc84efae62c,2025-11-11,put_credit_spread,GLD,,,,17.280000686645508,,,,0.0,False,missing_candidate_legs
sim_2019-02-09_2026-05-21_7bc84efae62c,2025-11-12,short_straddle,GLD,,,,17.510000228881836,,,,0.0,False,missing_candidate_legs
sim_2019-02-09_2026-05-21_7bc84efae62c,2025-11-12,put_credit_spread,GLD,,,,17.510000228881836,,,,0.0,False,missing_candidate_legs
sim_2019-02-09_2026-05-21_7bc84efae62c,2025-11-13,short_straddle,GLD,,,,20.0,,,,0.0,False,missing_candidate_legs
sim_2019-02-09_2026-05-21_7bc84efae62c,2025-11-13,put_credit_spread,GLD,,,,20.0,,,,0.0,False,missing_candidate_legs
sim_2019-02-09_2026-05-21_7bc84efae62c,2025-11-14,short_straddle,GLD,,,,19.82999992370605,,,,0.0,False,missing_candidate_legs
sim_2019-02-09_2026-05-21_7bc84efae62c,2025-11-14,put_credit_spread,GLD,,,,19.82999992370605,,,,0.0,False,missing_candidate_legs
sim_2019-02-09_2026-05-21_7bc84efae62c,2025-11-17,short_straddle,GLD,,,,22.3799991607666,,,,0.0,False,missing_candidate_legs
sim_2019-02-09_2026-05-21_7bc84efae62c,2025-11-17,put_credit_spread,GLD,,,,22.3799991607666,,,,0.0,False,missing_candidate_legs
sim_2019-02-09_2026-05-21_7bc84efae62c,2025-11-18,short_straddle,GLD,,,,24.690000534057617,,,,0.0,False,missing_candidate_legs
sim_2019-02-09_2026-05-21_7bc84efae62c,2025-11-18,put_credit_spread,GLD,,,,24.690000534057617,,,,0.0,False,missing_candidate_legs
sim_2019-02-09_2026-05-21_7bc84efae62c,2025-11-19,short_straddle,GLD,,,,23.65999984741211,,,,0.0,False,missing_candidate_legs
sim_2019-02-09_2026-05-21_7bc84efae62c,2025-11-19,put_credit_spread,GLD,,,,23.65999984741211,,,,0.0,False,missing_candidate_legs
sim_2019-02-09_2026-05-21_7bc84efae62c,2025-11-20,short_straddle,GLD,,,,26.420000076293945,,,,0.0,False,missing_candidate_legs
sim_2019-02-09_2026-05-21_7bc84efae62c,2025-11-20,put_credit_spread,GLD,,,,26.420000076293945,,,,0.0,False,missing_candidate_legs
sim_2019-02-09_2026-05-21_7bc84efae62c,2025-11-21,short_straddle,GLD,,,,23.43000030517578,,,,0.0,False,missing_candidate_legs
sim_2019-02-09_2026-05-21_7bc84efae62c,2025-11-21,put_credit_spread,GLD,,,,23.43000030517578,,,,0.0,False,missing_candidate_legs
sim_2019-02-09_2026-05-21_7bc84efae62c,2025-11-24,short_straddle,GLD,,,,20.520000457763672,,,,0.0,False,missing_candidate_legs
sim_2019-02-09_2026-05-21_7bc84efae62c,2025-11-24,put_credit_spread,GLD,,,,20.520000457763672,,,,0.0,False,missing_candidate_legs
sim_2019-02-09_2026-05-21_7bc84efae62c,2025-11-25,short_straddle,GLD,,,,18.559999465942383,,,,0.0,False,missing_candidate_legs
sim_2019-02-09_2026-05-21_7bc84efae62c,2025-11-25,put_credit_spread,GLD,,,,18.559999465942383,,,,0.0,False,missing_candidate_legs
sim_2019-02-09_2026-05-21_7bc84efae62c,2025-11-26,short_straddle,GLD,,,,17.190000534057617,,,,0.0,False,missing_candidate_legs
sim_2019-02-09_2026-05-21_7bc84efae62c,2025-11-26,put_credit_spread,GLD,,,,17.190000534057617,,,,0.0,False,missing_candidate_legs
sim_2019-02-09_2026-05-21_7bc84efae62c,2025-11-28,short_straddle,GLD,,,,16.350000381469727,,,,0.0,False,missing_candidate_legs
sim_2019-02-09_2026-05-21_7bc84efae62c,2025-11-28,put_credit_spread,GLD,,,,16.350000381469727,,,,0.0,False,missing_candidate_legs
sim_2019-02-09_2026-05-21_7bc84efae62c,2025-12-01,short_straddle,GLD,,,,17.239999771118164,,,,0.0,False,missing_candidate_legs
sim_2019-02-09_2026-05-21_7bc84efae62c,2025-12-01,put_credit_spread,GLD,,,,17.239999771118164,,,,0.0,False,missing_candidate_legs
sim_2019-02-09_2026-05-21_7bc84efae62c,2025-12-02,short_straddle,GLD,,,,16.59000015258789,,,,0.0,False,missing_candidate_legs
sim_2019-02-09_2026-05-21_7bc84efae62c,2025-12-02,put_credit_spread,GLD,,,,16.59000015258789,,,,0.0,False,missing_candidate_legs
sim_2019-02-09_2026-05-21_7bc84efae62c,2025-12-03,short_straddle,GLD,,,,16.079999923706055,,,,0.0,False,missing_candidate_legs
sim_2019-02-09_2026-05-21_7bc84efae62c,2025-12-03,put_credit_spread,GLD,,,,16.079999923706055,,,,0.0,False,missing_candidate_legs
sim_2019-02-09_2026-05-21_7bc84efae62c,2025-12-04,short_straddle,GLD,,,,15.779999732971191,,,,0.0,False,missing_candidate_legs
sim_2019-02-09_2026-05-21_7bc84efae62c,2025-12-04,put_credit_spread,GLD,,,,15.779999732971191,,,,0.0,False,missing_candidate_legs
sim_2019-02-09_2026-05-21_7bc84efae62c,2025-12-05,short_straddle,GLD,,,,15.40999984741211,,,,0.0,False,missing_candidate_legs
sim_2019-02-09_2026-05-21_7bc84efae62c,2025-12-05,put_credit_spread,GLD,,,,15.40999984741211,,,,0.0,False,missing_candidate_legs
sim_2019-02-09_2026-05-21_7bc84efae62c,2025-12-08,short_straddle,GLD,,,,16.65999984741211,,,,0.0,False,missing_candidate_legs
sim_2019-02-09_2026-05-21_7bc84efae62c,2025-12-08,put_credit_spread,GLD,,,,16.65999984741211,,,,0.0,False,missing_candidate_legs
sim_2019-02-09_2026-05-21_7bc84efae62c,2025-12-09,short_straddle,GLD,,,,16.93000030517578,,,,0.0,False,missing_candidate_legs
sim_2019-02-09_2026-05-21_7bc84efae62c,2025-12-09,put_credit_spread,GLD,,,,16.93000030517578,,,,0.0,False,missing_candidate_legs
sim_2019-02-09_2026-05-21_7bc84efae62c,2025-12-10,short_straddle,GLD,,,,15.770000457763672,,,,0.0,False,missing_candidate_legs
sim_2019-02-09_2026-05-21_7bc84efae62c,2025-12-10,put_credit_spread,GLD,,,,15.770000457763672,,,,0.0,False,missing_candidate_legs
sim_2019-02-09_2026-05-21_7bc84efae62c,2025-12-11,short_straddle,GLD,,,,14.850000381469728,,,,0.0,False,missing_candidate_legs
sim_2019-02-09_2026-05-21_7bc84efae62c,2025-12-11,put_credit_spread,GLD,,,,14.850000381469728,,,,0.0,False,missing_candidate_legs
sim_2019-02-09_2026-05-21_7bc84efae62c,2025-12-12,short_straddle,GLD,,,,15.739999771118164,,,,0.0,False,missing_candidate_legs
sim_2019-02-09_2026-05-21_7bc84efae62c,2025-12-12,put_credit_spread,GLD,,,,15.739999771118164,,,,0.0,False,missing_candidate_legs
sim_2019-02-09_2026-05-21_7bc84efae62c,2025-12-15,short_straddle,GLD,,,,16.5,,,,0.0,False,missing_candidate_legs
sim_2019-02-09_2026-05-21_7bc84efae62c,2025-12-15,put_credit_spread,GLD,,,,16.5,,,,0.0,False,missing_candidate_legs
sim_2019-02-09_2026-05-21_7bc84efae62c,2025-12-16,short_straddle,GLD,,,,16.479999542236328,,,,0.0,False,missing_candidate_legs
sim_2019-02-09_2026-05-21_7bc84efae62c,2025-12-16,put_credit_spread,GLD,,,,16.479999542236328,,,,0.0,False,missing_candidate_legs
sim_2019-02-09_2026-05-21_7bc84efae62c,2025-12-17,short_straddle,GLD,,,,17.6200008392334,,,,0.0,False,missing_candidate_legs
sim_2019-02-09_2026-05-21_7bc84efae62c,2025-12-17,put_credit_spread,GLD,,,,17.6200008392334,,,,0.0,False,missing_candidate_legs
sim_2019-02-09_2026-05-21_7bc84efae62c,2025-12-18,short_straddle,GLD,,,,16.8700008392334,,,,0.0,False,missing_candidate_legs
sim_2019-02-09_2026-05-21_7bc84efae62c,2025-12-18,put_credit_spread,GLD,,,,16.8700008392334,,,,0.0,False,missing_candidate_legs
sim_2019-02-09_2026-05-21_7bc84efae62c,2025-12-19,short_straddle,GLD,,,,14.90999984741211,,,,0.0,False,missing_candidate_legs
sim_2019-02-09_2026-05-21_7bc84efae62c,2025-12-19,put_credit_spread,GLD,,,,14.90999984741211,,,,0.0,False,missing_candidate_legs
sim_2019-02-09_2026-05-21_7bc84efae62c,2025-12-22,short_straddle,GLD,,,,14.079999923706056,,,,0.0,False,missing_candidate_legs
sim_2019-02-09_2026-05-21_7bc84efae62c,2025-12-22,put_credit_spread,GLD,,,,14.079999923706056,,,,0.0,False,missing_candidate_legs
sim_2019-02-09_2026-05-21_7bc84efae62c,2025-12-23,short_straddle,GLD,,,,14.0,,,,0.0,False,missing_candidate_legs
sim_2019-02-09_2026-05-21_7bc84efae62c,2025-12-23,put_credit_spread,GLD,,,,14.0,,,,0.0,False,missing_candidate_legs
sim_2019-02-09_2026-05-21_7bc84efae62c,2025-12-24,short_straddle,GLD,,,,13.470000267028809,,,,0.0,False,missing_candidate_legs
sim_2019-02-09_2026-05-21_7bc84efae62c,2025-12-24,put_credit_spread,GLD,,,,13.470000267028809,,,,0.0,False,missing_candidate_legs
sim_2019-02-09_2026-05-21_7bc84efae62c,2025-12-26,short_straddle,GLD,,,,13.600000381469728,,,,0.0,False,missing_candidate_legs
sim_2019-02-09_2026-05-21_7bc84efae62c,2025-12-26,put_credit_spread,GLD,,,,13.600000381469728,,,,0.0,False,missing_candidate_legs
sim_2019-02-09_2026-05-21_7bc84efae62c,2025-12-29,short_straddle,GLD,,,,14.199999809265137,,,,0.0,False,missing_candidate_legs
sim_2019-02-09_2026-05-21_7bc84efae62c,2025-12-29,put_credit_spread,GLD,,,,14.199999809265137,,,,0.0,False,missing_candidate_legs
sim_2019-02-09_2026-05-21_7bc84efae62c,2025-12-30,short_straddle,GLD,,,,14.329999923706056,,,,0.0,False,missing_candidate_legs
sim_2019-02-09_2026-05-21_7bc84efae62c,2025-12-30,put_credit_spread,GLD,,,,14.329999923706056,,,,0.0,False,missing_candidate_legs
sim_2019-02-09_2026-05-21_7bc84efae62c,2025-12-31,short_straddle,GLD,,,,14.949999809265137,,,,0.0,False,missing_candidate_legs
sim_2019-02-09_2026-05-21_7bc84efae62c,2025-12-31,put_credit_spread,GLD,,,,14.949999809265137,,,,0.0,False,missing_candidate_legs
sim_2019-02-09_2026-05-21_7bc84efae62c,2026-01-02,short_straddle,GLD,,,,14.510000228881836,,,,0.0,False,missing_candidate_legs
sim_2019-02-09_2026-05-21_7bc84efae62c,2026-01-02,put_credit_spread,GLD,,,,14.510000228881836,,,,0.0,False,missing_candidate_legs
sim_2019-02-09_2026-05-21_7bc84efae62c,2026-01-05,short_straddle,GLD,,,,14.899999618530272,,,,0.0,False,missing_candidate_legs
sim_2019-02-09_2026-05-21_7bc84efae62c,2026-01-05,put_credit_spread,GLD,,,,14.899999618530272,,,,0.0,False,missing_candidate_legs
sim_2019-02-09_2026-05-21_7bc84efae62c,2026-01-06,short_straddle,GLD,,,,14.75,,,,0.0,False,missing_candidate_legs
sim_2019-02-09_2026-05-21_7bc84efae62c,2026-01-06,put_credit_spread,GLD,,,,14.75,,,,0.0,False,missing_candidate_legs
sim_2019-02-09_2026-05-21_7bc84efae62c,2026-01-07,short_straddle,GLD,,,,15.380000114440918,,,,0.0,False,missing_candidate_legs
sim_2019-02-09_2026-05-21_7bc84efae62c,2026-01-07,put_credit_spread,GLD,,,,15.380000114440918,,,,0.0,False,missing_candidate_legs
sim_2019-02-09_2026-05-21_7bc84efae62c,2026-01-08,short_straddle,GLD,,,,15.449999809265137,,,,0.0,False,missing_candidate_legs
sim_2019-02-09_2026-05-21_7bc84efae62c,2026-01-08,put_credit_spread,GLD,,,,15.449999809265137,,,,0.0,False,missing_candidate_legs
sim_2019-02-09_2026-05-21_7bc84efae62c,2026-01-09,short_straddle,GLD,,,,14.489999771118164,,,,0.0,False,missing_candidate_legs
sim_2019-02-09_2026-05-21_7bc84efae62c,2026-01-09,put_credit_spread,GLD,,,,14.489999771118164,,,,0.0,False,missing_candidate_legs
sim_2019-02-09_2026-05-21_7bc84efae62c,2026-01-12,short_straddle,GLD,,,,15.119999885559082,,,,0.0,False,missing_candidate_legs
sim_2019-02-09_2026-05-21_7bc84efae62c,2026-01-12,put_credit_spread,GLD,,,,15.119999885559082,,,,0.0,False,missing_candidate_legs
sim_2019-02-09_2026-05-21_7bc84efae62c,2026-01-13,short_straddle,GLD,,,,15.979999542236328,,,,0.0,False,missing_candidate_legs
sim_2019-02-09_2026-05-21_7bc84efae62c,2026-01-13,put_credit_spread,GLD,,,,15.979999542236328,,,,0.0,False,missing_candidate_legs
sim_2019-02-09_2026-05-21_7bc84efae62c,2026-01-14,short_straddle,GLD,,,,16.75,,,,0.0,False,missing_candidate_legs
sim_2019-02-09_2026-05-21_7bc84efae62c,2026-01-14,put_credit_spread,GLD,,,,16.75,,,,0.0,False,missing_candidate_legs
sim_2019-02-09_2026-05-21_7bc84efae62c,2026-01-15,short_straddle,GLD,,,,15.84000015258789,,,,0.0,False,missing_candidate_legs
sim_2019-02-09_2026-05-21_7bc84efae62c,2026-01-15,put_credit_spread,GLD,,,,15.84000015258789,,,,0.0,False,missing_candidate_legs
sim_2019-02-09_2026-05-21_7bc84efae62c,2026-01-16,short_straddle,GLD,,,,15.859999656677246,,,,0.0,False,missing_candidate_legs
sim_2019-02-09_2026-05-21_7bc84efae62c,2026-01-16,put_credit_spread,GLD,,,,15.859999656677246,,,,0.0,False,missing_candidate_legs
sim_2019-02-09_2026-05-21_7bc84efae62c,2026-01-20,short_straddle,GLD,,,,20.09000015258789,,,,0.0,False,missing_candidate_legs
sim_2019-02-09_2026-05-21_7bc84efae62c,2026-01-20,put_credit_spread,GLD,,,,20.09000015258789,,,,0.0,False,missing_candidate_legs
sim_2019-02-09_2026-05-21_7bc84efae62c,2026-01-21,short_straddle,GLD,,,,16.899999618530273,,,,0.0,False,missing_candidate_legs
sim_2019-02-09_2026-05-21_7bc84efae62c,2026-01-21,put_credit_spread,GLD,,,,16.899999618530273,,,,0.0,False,missing_candidate_legs
sim_2019-02-09_2026-05-21_7bc84efae62c,2026-01-22,short_straddle,GLD,,,,15.640000343322754,,,,0.0,False,missing_candidate_legs
sim_2019-02-09_2026-05-21_7bc84efae62c,2026-01-22,put_credit_spread,GLD,,,,15.640000343322754,,,,0.0,False,missing_candidate_legs
sim_2019-02-09_2026-05-21_7bc84efae62c,2026-01-23,short_straddle,GLD,,,,16.09000015258789,,,,0.0,False,missing_candidate_legs
sim_2019-02-09_2026-05-21_7bc84efae62c,2026-01-23,put_credit_spread,GLD,,,,16.09000015258789,,,,0.0,False,missing_candidate_legs
sim_2019-02-09_2026-05-21_7bc84efae62c,2026-01-26,short_straddle,GLD,,,,16.149999618530273,,,,0.0,False,missing_candidate_legs
sim_2019-02-09_2026-05-21_7bc84efae62c,2026-01-26,put_credit_spread,GLD,,,,16.149999618530273,,,,0.0,False,missing_candidate_legs
sim_2019-02-09_2026-05-21_7bc84efae62c,2026-01-27,short_straddle,GLD,,,,16.350000381469727,,,,0.0,False,missing_candidate_legs
sim_2019-02-09_2026-05-21_7bc84efae62c,2026-01-27,put_credit_spread,GLD,,,,16.350000381469727,,,,0.0,False,missing_candidate_legs
sim_2019-02-09_2026-05-21_7bc84efae62c,2026-01-28,short_straddle,GLD,,,,16.350000381469727,,,,0.0,False,missing_candidate_legs
sim_2019-02-09_2026-05-21_7bc84efae62c,2026-01-28,put_credit_spread,GLD,,,,16.350000381469727,,,,0.0,False,missing_candidate_legs
sim_2019-02-09_2026-05-21_7bc84efae62c,2026-01-29,short_straddle,GLD,,,,16.8799991607666,,,,0.0,False,missing_candidate_legs
sim_2019-02-09_2026-05-21_7bc84efae62c,2026-01-29,put_credit_spread,GLD,,,,16.8799991607666,,,,0.0,False,missing_candidate_legs
sim_2019-02-09_2026-05-21_7bc84efae62c,2026-01-30,short_straddle,GLD,,,,17.440000534057617,,,,0.0,False,missing_candidate_legs
sim_2019-02-09_2026-05-21_7bc84efae62c,2026-01-30,put_credit_spread,GLD,,,,17.440000534057617,,,,0.0,False,missing_candidate_legs
sim_2019-02-09_2026-05-21_7bc84efae62c,2026-02-02,short_straddle,GLD,,,,16.34000015258789,,,,0.0,False,missing_candidate_legs
sim_2019-02-09_2026-05-21_7bc84efae62c,2026-02-02,put_credit_spread,GLD,,,,16.34000015258789,,,,0.0,False,missing_candidate_legs
sim_2019-02-09_2026-05-21_7bc84efae62c,2026-02-03,short_straddle,GLD,,,,18.0,,,,0.0,False,missing_candidate_legs
sim_2019-02-09_2026-05-21_7bc84efae62c,2026-02-03,put_credit_spread,GLD,,,,18.0,,,,0.0,False,missing_candidate_legs
sim_2019-02-09_2026-05-21_7bc84efae62c,2026-02-04,short_straddle,GLD,,,,18.63999938964844,,,,0.0,False,missing_candidate_legs
sim_2019-02-09_2026-05-21_7bc84efae62c,2026-02-04,put_credit_spread,GLD,,,,18.63999938964844,,,,0.0,False,missing_candidate_legs
sim_2019-02-09_2026-05-21_7bc84efae62c,2026-02-05,short_straddle,GLD,,,,21.770000457763672,,,,0.0,False,missing_candidate_legs
sim_2019-02-09_2026-05-21_7bc84efae62c,2026-02-05,put_credit_spread,GLD,,,,21.770000457763672,,,,0.0,False,missing_candidate_legs
sim_2019-02-09_2026-05-21_7bc84efae62c,2026-02-06,short_straddle,GLD,,,,20.3700008392334,,,,0.0,False,missing_candidate_legs
sim_2019-02-09_2026-05-21_7bc84efae62c,2026-02-06,put_credit_spread,GLD,,,,20.3700008392334,,,,0.0,False,missing_candidate_legs
sim_2019-02-09_2026-05-21_7bc84efae62c,2026-02-09,short_straddle,GLD,,,,17.360000610351562,,,,0.0,False,missing_candidate_legs
sim_2019-02-09_2026-05-21_7bc84efae62c,2026-02-09,put_credit_spread,GLD,,,,17.360000610351562,,,,0.0,False,missing_candidate_legs
sim_2019-02-09_2026-05-21_7bc84efae62c,2026-02-10,short_straddle,GLD,,,,17.790000915527344,,,,0.0,False,missing_candidate_legs
sim_2019-02-09_2026-05-21_7bc84efae62c,2026-02-10,put_credit_spread,GLD,,,,17.790000915527344,,,,0.0,False,missing_candidate_legs
sim_2019-02-09_2026-05-21_7bc84efae62c,2026-02-11,short_straddle,GLD,,,,17.649999618530273,,,,0.0,False,missing_candidate_legs
sim_2019-02-09_2026-05-21_7bc84efae62c,2026-02-11,put_credit_spread,GLD,,,,17.649999618530273,,,,0.0,False,missing_candidate_legs
sim_2019-02-09_2026-05-21_7bc84efae62c,2026-02-12,short_straddle,GLD,,,,20.81999969482422,,,,0.0,False,missing_candidate_legs
sim_2019-02-09_2026-05-21_7bc84efae62c,2026-02-12,put_credit_spread,GLD,,,,20.81999969482422,,,,0.0,False,missing_candidate_legs
sim_2019-02-09_2026-05-21_7bc84efae62c,2026-02-13,short_straddle,GLD,,,,20.600000381469727,,,,0.0,False,missing_candidate_legs
sim_2019-02-09_2026-05-21_7bc84efae62c,2026-02-13,put_credit_spread,GLD,,,,20.600000381469727,,,,0.0,False,missing_candidate_legs
sim_2019-02-09_2026-05-21_7bc84efae62c,2026-02-17,short_straddle,GLD,,,,20.290000915527344,,,,0.0,False,missing_candidate_legs
sim_2019-02-09_2026-05-21_7bc84efae62c,2026-02-17,put_credit_spread,GLD,,,,20.290000915527344,,,,0.0,False,missing_candidate_legs
sim_2019-02-09_2026-05-21_7bc84efae62c,2026-02-18,short_straddle,GLD,,,,19.6200008392334,,,,0.0,False,missing_candidate_legs
sim_2019-02-09_2026-05-21_7bc84efae62c,2026-02-18,put_credit_spread,GLD,,,,19.6200008392334,,,,0.0,False,missing_candidate_legs
sim_2019-02-09_2026-05-21_7bc84efae62c,2026-02-19,short_straddle,GLD,,,,20.229999542236328,,,,0.0,False,missing_candidate_legs
sim_2019-02-09_2026-05-21_7bc84efae62c,2026-02-19,put_credit_spread,GLD,,,,20.229999542236328,,,,0.0,False,missing_candidate_legs
sim_2019-02-09_2026-05-21_7bc84efae62c,2026-02-20,short_straddle,GLD,,,,19.09000015258789,,,,0.0,False,missing_candidate_legs
sim_2019-02-09_2026-05-21_7bc84efae62c,2026-02-20,put_credit_spread,GLD,,,,19.09000015258789,,,,0.0,False,missing_candidate_legs
sim_2019-02-09_2026-05-21_7bc84efae62c,2026-02-23,short_straddle,GLD,,,,21.01000022888184,,,,0.0,False,missing_candidate_legs
sim_2019-02-09_2026-05-21_7bc84efae62c,2026-02-23,put_credit_spread,GLD,,,,21.01000022888184,,,,0.0,False,missing_candidate_legs
sim_2019-02-09_2026-05-21_7bc84efae62c,2026-02-24,short_straddle,GLD,,,,19.549999237060547,,,,0.0,False,missing_candidate_legs
sim_2019-02-09_2026-05-21_7bc84efae62c,2026-02-24,put_credit_spread,GLD,,,,19.549999237060547,,,,0.0,False,missing_candidate_legs
sim_2019-02-09_2026-05-21_7bc84efae62c,2026-02-25,short_straddle,GLD,,,,17.93000030517578,,,,0.0,False,missing_candidate_legs
sim_2019-02-09_2026-05-21_7bc84efae62c,2026-02-25,put_credit_spread,GLD,,,,17.93000030517578,,,,0.0,False,missing_candidate_legs
sim_2019-02-09_2026-05-21_7bc84efae62c,2026-02-26,short_straddle,GLD,,,,18.6299991607666,,,,0.0,False,missing_candidate_legs
sim_2019-02-09_2026-05-21_7bc84efae62c,2026-02-26,put_credit_spread,GLD,,,,18.6299991607666,,,,0.0,False,missing_candidate_legs
sim_2019-02-09_2026-05-21_7bc84efae62c,2026-02-27,short_straddle,GLD,,,,19.86000061035156,,,,0.0,False,missing_candidate_legs
sim_2019-02-09_2026-05-21_7bc84efae62c,2026-02-27,put_credit_spread,GLD,,,,19.86000061035156,,,,0.0,False,missing_candidate_legs
sim_2019-02-09_2026-05-21_7bc84efae62c,2026-03-02,short_straddle,GLD,,,,21.440000534057617,,,,0.0,False,missing_candidate_legs
sim_2019-02-09_2026-05-21_7bc84efae62c,2026-03-02,put_credit_spread,GLD,,,,21.440000534057617,,,,0.0,False,missing_candidate_legs
sim_2019-02-09_2026-05-21_7bc84efae62c,2026-03-03,short_straddle,GLD,,,,23.56999969482422,,,,0.0,False,missing_candidate_legs
sim_2019-02-09_2026-05-21_7bc84efae62c,2026-03-03,put_credit_spread,GLD,,,,23.56999969482422,,,,0.0,False,missing_candidate_legs
sim_2019-02-09_2026-05-21_7bc84efae62c,2026-03-04,short_straddle,GLD,,,,21.14999961853028,,,,0.0,False,missing_candidate_legs
sim_2019-02-09_2026-05-21_7bc84efae62c,2026-03-04,put_credit_spread,GLD,,,,21.14999961853028,,,,0.0,False,missing_candidate_legs
sim_2019-02-09_2026-05-21_7bc84efae62c,2026-03-05,short_straddle,GLD,,,,23.75,,,,0.0,False,missing_candidate_legs
sim_2019-02-09_2026-05-21_7bc84efae62c,2026-03-05,put_credit_spread,GLD,,,,23.75,,,,0.0,False,missing_candidate_legs
sim_2019-02-09_2026-05-21_7bc84efae62c,2026-03-06,short_straddle,GLD,,,,29.489999771118164,,,,0.0,False,missing_candidate_legs
sim_2019-02-09_2026-05-21_7bc84efae62c,2026-03-06,put_credit_spread,GLD,,,,29.489999771118164,,,,0.0,False,missing_candidate_legs
sim_2019-02-09_2026-05-21_7bc84efae62c,2026-03-09,short_straddle,GLD,,,,25.5,,,,0.0,False,missing_candidate_legs
sim_2019-02-09_2026-05-21_7bc84efae62c,2026-03-09,put_credit_spread,GLD,,,,25.5,,,,0.0,False,missing_candidate_legs
sim_2019-02-09_2026-05-21_7bc84efae62c,2026-03-10,short_straddle,GLD,,,,24.93000030517578,,,,0.0,False,missing_candidate_legs
sim_2019-02-09_2026-05-21_7bc84efae62c,2026-03-10,put_credit_spread,GLD,,,,24.93000030517578,,,,0.0,False,missing_candidate_legs
sim_2019-02-09_2026-05-21_7bc84efae62c,2026-03-11,short_straddle,GLD,,,,24.229999542236328,,,,0.0,False,missing_candidate_legs
sim_2019-02-09_2026-05-21_7bc84efae62c,2026-03-11,put_credit_spread,GLD,,,,24.229999542236328,,,,0.0,False,missing_candidate_legs
sim_2019-02-09_2026-05-21_7bc84efae62c,2026-03-12,short_straddle,GLD,,,,27.290000915527344,,,,0.0,False,missing_candidate_legs
sim_2019-02-09_2026-05-21_7bc84efae62c,2026-03-12,put_credit_spread,GLD,,,,27.290000915527344,,,,0.0,False,missing_candidate_legs
sim_2019-02-09_2026-05-21_7bc84efae62c,2026-03-13,short_straddle,GLD,,,,27.190000534057617,,,,0.0,False,missing_candidate_legs
sim_2019-02-09_2026-05-21_7bc84efae62c,2026-03-13,put_credit_spread,GLD,,,,27.190000534057617,,,,0.0,False,missing_candidate_legs
sim_2019-02-09_2026-05-21_7bc84efae62c,2026-03-16,short_straddle,GLD,,,,23.51000022888184,,,,0.0,False,missing_candidate_legs
sim_2019-02-09_2026-05-21_7bc84efae62c,2026-03-16,put_credit_spread,GLD,,,,23.51000022888184,,,,0.0,False,missing_candidate_legs
sim_2019-02-09_2026-05-21_7bc84efae62c,2026-03-17,short_straddle,GLD,,,,22.3700008392334,,,,0.0,False,missing_candidate_legs
sim_2019-02-09_2026-05-21_7bc84efae62c,2026-03-17,put_credit_spread,GLD,,,,22.3700008392334,,,,0.0,False,missing_candidate_legs
sim_2019-02-09_2026-05-21_7bc84efae62c,2026-03-18,short_straddle,GLD,,,,25.09000015258789,,,,0.0,False,missing_candidate_legs
sim_2019-02-09_2026-05-21_7bc84efae62c,2026-03-18,put_credit_spread,GLD,,,,25.09000015258789,,,,0.0,False,missing_candidate_legs
sim_2019-02-09_2026-05-21_7bc84efae62c,2026-03-19,short_straddle,GLD,,,,24.059999465942383,,,,0.0,False,missing_candidate_legs
sim_2019-02-09_2026-05-21_7bc84efae62c,2026-03-19,put_credit_spread,GLD,,,,24.059999465942383,,,,0.0,False,missing_candidate_legs
sim_2019-02-09_2026-05-21_7bc84efae62c,2026-03-20,short_straddle,GLD,,,,26.780000686645508,,,,0.0,False,missing_candidate_legs
sim_2019-02-09_2026-05-21_7bc84efae62c,2026-03-20,put_credit_spread,GLD,,,,26.780000686645508,,,,0.0,False,missing_candidate_legs
sim_2019-02-09_2026-05-21_7bc84efae62c,2026-03-23,short_straddle,GLD,,,,26.14999961853028,,,,0.0,False,missing_candidate_legs
sim_2019-02-09_2026-05-21_7bc84efae62c,2026-03-23,put_credit_spread,GLD,,,,26.14999961853028,,,,0.0,False,missing_candidate_legs
sim_2019-02-09_2026-05-21_7bc84efae62c,2026-03-24,short_straddle,GLD,,,,26.950000762939453,,,,0.0,False,missing_candidate_legs
sim_2019-02-09_2026-05-21_7bc84efae62c,2026-03-24,put_credit_spread,GLD,,,,26.950000762939453,,,,0.0,False,missing_candidate_legs
sim_2019-02-09_2026-05-21_7bc84efae62c,2026-03-25,short_straddle,GLD,,,,25.32999992370605,,,,0.0,False,missing_candidate_legs
sim_2019-02-09_2026-05-21_7bc84efae62c,2026-03-25,put_credit_spread,GLD,,,,25.32999992370605,,,,0.0,False,missing_candidate_legs
sim_2019-02-09_2026-05-21_7bc84efae62c,2026-03-26,short_straddle,GLD,,,,27.440000534057617,,,,0.0,False,missing_candidate_legs
sim_2019-02-09_2026-05-21_7bc84efae62c,2026-03-26,put_credit_spread,GLD,,,,27.440000534057617,,,,0.0,False,missing_candidate_legs
sim_2019-02-09_2026-05-21_7bc84efae62c,2026-03-27,short_straddle,GLD,,,,31.049999237060547,,,,0.0,False,missing_candidate_legs
sim_2019-02-09_2026-05-21_7bc84efae62c,2026-03-27,put_credit_spread,GLD,,,,31.049999237060547,,,,0.0,False,missing_candidate_legs
sim_2019-02-09_2026-05-21_7bc84efae62c,2026-03-30,short_straddle,GLD,,,,30.61000061035156,,,,0.0,False,missing_candidate_legs
sim_2019-02-09_2026-05-21_7bc84efae62c,2026-03-30,put_credit_spread,GLD,,,,30.61000061035156,,,,0.0,False,missing_candidate_legs
sim_2019-02-09_2026-05-21_7bc84efae62c,2026-03-31,short_straddle,GLD,,,,25.25,,,,0.0,False,missing_candidate_legs
sim_2019-02-09_2026-05-21_7bc84efae62c,2026-03-31,put_credit_spread,GLD,,,,25.25,,,,0.0,False,missing_candidate_legs
sim_2019-02-09_2026-05-21_7bc84efae62c,2026-04-01,short_straddle,GLD,,,,24.540000915527344,,,,0.0,False,missing_candidate_legs
sim_2019-02-09_2026-05-21_7bc84efae62c,2026-04-01,put_credit_spread,GLD,,,,24.540000915527344,,,,0.0,False,missing_candidate_legs
sim_2019-02-09_2026-05-21_7bc84efae62c,2026-04-02,short_straddle,GLD,,,,23.8700008392334,,,,0.0,False,missing_candidate_legs
sim_2019-02-09_2026-05-21_7bc84efae62c,2026-04-02,put_credit_spread,GLD,,,,23.8700008392334,,,,0.0,False,missing_candidate_legs
sim_2019-02-09_2026-05-21_7bc84efae62c,2026-04-06,short_straddle,GLD,,,,24.170000076293945,,,,0.0,False,missing_candidate_legs
sim_2019-02-09_2026-05-21_7bc84efae62c,2026-04-06,put_credit_spread,GLD,,,,24.170000076293945,,,,0.0,False,missing_candidate_legs
sim_2019-02-09_2026-05-21_7bc84efae62c,2026-04-07,short_straddle,GLD,,,,25.780000686645508,,,,0.0,False,missing_candidate_legs
sim_2019-02-09_2026-05-21_7bc84efae62c,2026-04-07,put_credit_spread,GLD,,,,25.780000686645508,,,,0.0,False,missing_candidate_legs
sim_2019-02-09_2026-05-21_7bc84efae62c,2026-04-08,short_straddle,GLD,,,,21.040000915527344,,,,0.0,False,missing_candidate_legs
sim_2019-02-09_2026-05-21_7bc84efae62c,2026-04-08,put_credit_spread,GLD,,,,21.040000915527344,,,,0.0,False,missing_candidate_legs
sim_2019-02-09_2026-05-21_7bc84efae62c,2026-04-09,short_straddle,GLD,,,,19.489999771118164,,,,0.0,False,missing_candidate_legs
sim_2019-02-09_2026-05-21_7bc84efae62c,2026-04-09,put_credit_spread,GLD,,,,19.489999771118164,,,,0.0,False,missing_candidate_legs
sim_2019-02-09_2026-05-21_7bc84efae62c,2026-04-10,short_straddle,GLD,,,,19.229999542236328,,,,0.0,False,missing_candidate_legs
sim_2019-02-09_2026-05-21_7bc84efae62c,2026-04-10,put_credit_spread,GLD,,,,19.229999542236328,,,,0.0,False,missing_candidate_legs
sim_2019-02-09_2026-05-21_7bc84efae62c,2026-04-13,short_straddle,GLD,,,,19.1200008392334,,,,0.0,False,missing_candidate_legs
sim_2019-02-09_2026-05-21_7bc84efae62c,2026-04-13,put_credit_spread,GLD,,,,19.1200008392334,,,,0.0,False,missing_candidate_legs
sim_2019-02-09_2026-05-21_7bc84efae62c,2026-04-14,short_straddle,GLD,,,,18.36000061035156,,,,0.0,False,missing_candidate_legs
sim_2019-02-09_2026-05-21_7bc84efae62c,2026-04-14,put_credit_spread,GLD,,,,18.36000061035156,,,,0.0,False,missing_candidate_legs
sim_2019-02-09_2026-05-21_7bc84efae62c,2026-04-15,short_straddle,GLD,,,,18.170000076293945,,,,0.0,False,missing_candidate_legs
sim_2019-02-09_2026-05-21_7bc84efae62c,2026-04-15,put_credit_spread,GLD,,,,18.170000076293945,,,,0.0,False,missing_candidate_legs
sim_2019-02-09_2026-05-21_7bc84efae62c,2026-04-16,short_straddle,GLD,,,,17.940000534057617,,,,0.0,False,missing_candidate_legs
sim_2019-02-09_2026-05-21_7bc84efae62c,2026-04-16,put_credit_spread,GLD,,,,17.940000534057617,,,,0.0,False,missing_candidate_legs
sim_2019-02-09_2026-05-21_7bc84efae62c,2026-04-17,short_straddle,GLD,,,,17.479999542236328,,,,0.0,False,missing_candidate_legs
sim_2019-02-09_2026-05-21_7bc84efae62c,2026-04-17,put_credit_spread,GLD,,,,17.479999542236328,,,,0.0,False,missing_candidate_legs
sim_2019-02-09_2026-05-21_7bc84efae62c,2026-04-20,short_straddle,GLD,,,,18.8700008392334,,,,0.0,False,missing_candidate_legs
sim_2019-02-09_2026-05-21_7bc84efae62c,2026-04-20,put_credit_spread,GLD,,,,18.8700008392334,,,,0.0,False,missing_candidate_legs
sim_2019-02-09_2026-05-21_7bc84efae62c,2026-04-21,short_straddle,GLD,,,,19.5,,,,0.0,False,missing_candidate_legs
sim_2019-02-09_2026-05-21_7bc84efae62c,2026-04-21,put_credit_spread,GLD,,,,19.5,,,,0.0,False,missing_candidate_legs
sim_2019-02-09_2026-05-21_7bc84efae62c,2026-04-22,short_straddle,GLD,,,,18.920000076293945,,,,0.0,False,missing_candidate_legs
sim_2019-02-09_2026-05-21_7bc84efae62c,2026-04-22,put_credit_spread,GLD,,,,18.920000076293945,,,,0.0,False,missing_candidate_legs
sim_2019-02-09_2026-05-21_7bc84efae62c,2026-04-23,short_straddle,GLD,,,,19.309999465942383,,,,0.0,False,missing_candidate_legs
sim_2019-02-09_2026-05-21_7bc84efae62c,2026-04-23,put_credit_spread,GLD,,,,19.309999465942383,,,,0.0,False,missing_candidate_legs
sim_2019-02-09_2026-05-21_7bc84efae62c,2026-04-24,short_straddle,GLD,,,,18.709999084472656,,,,0.0,False,missing_candidate_legs
sim_2019-02-09_2026-05-21_7bc84efae62c,2026-04-24,put_credit_spread,GLD,,,,18.709999084472656,,,,0.0,False,missing_candidate_legs
sim_2019-02-09_2026-05-21_7bc84efae62c,2026-04-27,short_straddle,GLD,,,,18.020000457763672,,,,0.0,False,missing_candidate_legs
sim_2019-02-09_2026-05-21_7bc84efae62c,2026-04-27,put_credit_spread,GLD,,,,18.020000457763672,,,,0.0,False,missing_candidate_legs
sim_2019-02-09_2026-05-21_7bc84efae62c,2026-04-28,short_straddle,GLD,,,,17.829999923706055,,,,0.0,False,missing_candidate_legs
sim_2019-02-09_2026-05-21_7bc84efae62c,2026-04-28,put_credit_spread,GLD,,,,17.829999923706055,,,,0.0,False,missing_candidate_legs
sim_2019-02-09_2026-05-21_7bc84efae62c,2026-04-29,short_straddle,GLD,,,,18.809999465942383,,,,0.0,False,missing_candidate_legs
sim_2019-02-09_2026-05-21_7bc84efae62c,2026-04-29,put_credit_spread,GLD,,,,18.809999465942383,,,,0.0,False,missing_candidate_legs
sim_2019-02-09_2026-05-21_7bc84efae62c,2026-04-30,short_straddle,GLD,,,,16.889999389648438,,,,0.0,False,missing_candidate_legs
sim_2019-02-09_2026-05-21_7bc84efae62c,2026-04-30,put_credit_spread,GLD,,,,16.889999389648438,,,,0.0,False,missing_candidate_legs
sim_2019-02-09_2026-05-21_7bc84efae62c,2026-05-01,short_straddle,GLD,,,,16.989999771118164,,,,0.0,False,missing_candidate_legs
sim_2019-02-09_2026-05-21_7bc84efae62c,2026-05-01,put_credit_spread,GLD,,,,16.989999771118164,,,,0.0,False,missing_candidate_legs
sim_2019-02-09_2026-05-21_7bc84efae62c,2026-05-04,short_straddle,GLD,,,,18.290000915527344,,,,0.0,False,missing_candidate_legs
sim_2019-02-09_2026-05-21_7bc84efae62c,2026-05-04,put_credit_spread,GLD,,,,18.290000915527344,,,,0.0,False,missing_candidate_legs
sim_2019-02-09_2026-05-21_7bc84efae62c,2026-05-05,short_straddle,GLD,,,,17.3799991607666,,,,0.0,False,missing_candidate_legs
sim_2019-02-09_2026-05-21_7bc84efae62c,2026-05-05,put_credit_spread,GLD,,,,17.3799991607666,,,,0.0,False,missing_candidate_legs
sim_2019-02-09_2026-05-21_7bc84efae62c,2026-05-06,short_straddle,GLD,,,,17.389999389648438,,,,0.0,False,missing_candidate_legs
sim_2019-02-09_2026-05-21_7bc84efae62c,2026-05-06,put_credit_spread,GLD,,,,17.389999389648438,,,,0.0,False,missing_candidate_legs
sim_2019-02-09_2026-05-21_7bc84efae62c,2026-05-07,short_straddle,GLD,,,,17.079999923706055,,,,0.0,False,missing_candidate_legs
sim_2019-02-09_2026-05-21_7bc84efae62c,2026-05-07,put_credit_spread,GLD,,,,17.079999923706055,,,,0.0,False,missing_candidate_legs
sim_2019-02-09_2026-05-21_7bc84efae62c,2026-05-08,short_straddle,GLD,,,,17.190000534057617,,,,0.0,False,missing_candidate_legs
sim_2019-02-09_2026-05-21_7bc84efae62c,2026-05-08,put_credit_spread,GLD,,,,17.190000534057617,,,,0.0,False,missing_candidate_legs
sim_2019-02-09_2026-05-21_7bc84efae62c,2026-05-11,short_straddle,GLD,,,,18.3799991607666,,,,0.0,False,missing_candidate_legs
sim_2019-02-09_2026-05-21_7bc84efae62c,2026-05-11,put_credit_spread,GLD,,,,18.3799991607666,,,,0.0,False,missing_candidate_legs
sim_2019-02-09_2026-05-21_7bc84efae62c,2026-05-12,short_straddle,GLD,,,,17.989999771118164,,,,0.0,False,missing_candidate_legs
sim_2019-02-09_2026-05-21_7bc84efae62c,2026-05-12,put_credit_spread,GLD,,,,17.989999771118164,,,,0.0,False,missing_candidate_legs
sim_2019-02-09_2026-05-21_7bc84efae62c,2026-05-13,short_straddle,GLD,,,,17.8700008392334,,,,0.0,False,missing_candidate_legs
sim_2019-02-09_2026-05-21_7bc84efae62c,2026-05-13,put_credit_spread,GLD,,,,17.8700008392334,,,,0.0,False,missing_candidate_legs
sim_2019-02-09_2026-05-21_7bc84efae62c,2026-05-14,short_straddle,GLD,,,,17.260000228881836,,,,0.0,False,missing_candidate_legs
sim_2019-02-09_2026-05-21_7bc84efae62c,2026-05-14,put_credit_spread,GLD,,,,17.260000228881836,,,,0.0,False,missing_candidate_legs
sim_2019-02-09_2026-05-21_7bc84efae62c,2026-05-15,short_straddle,GLD,,,,18.43000030517578,,,,0.0,False,missing_candidate_legs
sim_2019-02-09_2026-05-21_7bc84efae62c,2026-05-15,put_credit_spread,GLD,,,,18.43000030517578,,,,0.0,False,missing_candidate_legs
sim_2019-02-09_2026-05-21_7bc84efae62c,2026-05-18,short_straddle,GLD,,,,17.81999969482422,,,,0.0,False,missing_candidate_legs
sim_2019-02-09_2026-05-21_7bc84efae62c,2026-05-18,put_credit_spread,GLD,,,,17.81999969482422,,,,0.0,False,missing_candidate_legs
sim_2019-02-09_2026-05-21_7bc84efae62c,2026-05-19,short_straddle,GLD,,,,18.059999465942383,,,,0.0,False,missing_candidate_legs
sim_2019-02-09_2026-05-21_7bc84efae62c,2026-05-19,put_credit_spread,GLD,,,,18.059999465942383,,,,0.0,False,missing_candidate_legs
sim_2019-02-09_2026-05-21_7bc84efae62c,2026-05-20,short_straddle,GLD,,,,17.440000534057617,,,,0.0,False,missing_candidate_legs
sim_2019-02-09_2026-05-21_7bc84efae62c,2026-05-20,put_credit_spread,GLD,,,,17.440000534057617,,,,0.0,False,missing_candidate_legs
sim_2019-02-09_2026-05-21_7bc84efae62c,2026-05-21,short_straddle,GLD,,,,16.760000228881836,,,,0.0,False,missing_candidate_legs
sim_2019-02-09_2026-05-21_7bc84efae62c,2026-05-21,put_credit_spread,GLD,,,,16.760000228881836,,,,0.0,False,missing_candidate_legs
